INST_TYPE,CERT,NAME,CITY,STALP,ZIP,ADDRESS,asset_band,asset_musd,n_signals,score,signals,NW_RATIO,NW_RATIO_pct,DELINQ,NCO,LOAN_TO_SHARE,ROA,ROA_pct,EXP_RATIO,MEMBERS,asset_growth_yoy
Credit Union,15732,Communityamerica,Lenexa,KS,66285,P.O. Box 15950,$3B+,9019.6,7,125,credit_deterioration; weak_efficiency; rapid_growth; bsa_aml_scaling; near_10b_threshold; growth_accelerating; credit_turning,9.937,0.314,2.675,1.716,78.112,2.24,0.651,9.027,594689,1.588
Credit Union,24829,Hope,Jackson,MS,39202-3431,4 Old River Pl,$250M-$1B,881.4,9,112,excess_capital; credit_deterioration; weak_efficiency; funding_liquidity; rapid_growth; weak_profitability; bsa_aml_scaling; growth_accelerating; capital_building,16.184,0.957,1.957,2.027,99.74,0.055,0.039,10.782,49735,0.192
Credit Union,62983,802,Barre,VT,05641,Po Box 745,$250M-$1B,507.7,7,110,credit_deterioration; weak_efficiency; rapid_growth; bsa_aml_scaling; near_500m_audit; growth_accelerating; capital_building,12.54,0.757,1.502,0.69,88.43,2.276,0.764,8.849,41760,0.186
Credit Union,68244,First Financial,Albuquerque,NM,87125-0587,Po Box 25587,$1B-$3B,1126.6,7,108,credit_deterioration; weak_efficiency; rapid_growth; weak_profitability; bsa_aml_scaling; growth_accelerating; credit_turning,8.006,0.035,1.397,1.476,73.783,0.584,0.113,10.705,100171,0.139
Credit Union,68702,Addition Financial,Lake Mary,FL,32746,1000 Primera Blvd.,$3B+,3806.5,6,103,credit_deterioration; weak_efficiency; rapid_growth; bsa_aml_scaling; growth_accelerating; credit_turning,10.01,0.337,1.396,2.539,62.266,1.394,0.296,8.137,259247,0.299
Credit Union,24973,Arrowhead,Rancho Cucamong,CA,91729-9998,"Po Box 4100, Mail Code #100",$1B-$3B,2925.6,4,71,credit_deterioration; weak_efficiency; rapid_growth; bsa_aml_scaling,11.356,0.594,0.895,2.655,59.803,1.74,0.603,8.106,237006,0.133
Credit Union,14692,Onpath,Metairie,LA,70002-6053,3131 N. I-10 Service Rd. E.,$1B-$3B,1473.8,6,92,credit_deterioration; weak_efficiency; rapid_growth; bsa_aml_scaling; credit_turning; capital_building,10.038,0.31,1.347,2.3,99.468,1.475,0.461,9.486,98888,0.366
Credit Union,60608,Openland,League City,TX,77574,Po Box 9004,$250M-$1B,587.9,7,106,credit_deterioration; weak_efficiency; rapid_growth; near_500m_audit; growth_accelerating; credit_turning; capital_building,11.066,0.586,1.09,4.387,89.023,1.34,0.457,11.873,43893,0.112
Credit Union,62776,Sooper CU Dba Climb CU,Arvada,CO,80003,5005 W 60Th Ave,$250M-$1B,822.8,7,103,credit_deterioration; funding_liquidity; rapid_growth; bsa_aml_scaling; growth_accelerating; credit_turning; capital_building,11.632,0.657,1.395,1.494,99.249,2.904,0.896,7.893,42718,0.221
Credit Union,61844,Dfcu Financial,Dearborn,MI,48121,Po Box 6048,$3B+,8040.2,5,81,excess_capital; rapid_growth; bsa_aml_scaling; near_10b_threshold; growth_accelerating,12.633,0.811,0.63,0.168,43.032,3.042,0.911,3.658,242800,0.163
Credit Union,68671,Wings,Colorado Spring,CO,80935-5819,P.O. Box 15819,$3B+,19384.0,5,79,weak_efficiency; funding_liquidity; rapid_growth; bsa_aml_scaling; growth_accelerating,11.837,0.704,0.64,0.896,100.506,0.943,0.172,6.992,958216,0.88
Credit Union,23521,First Technology,San Jose,CA,95134-2118,"2890 Zanker Rd, Ste 120",$3B+,27875.9,6,93,credit_deterioration; rapid_growth; weak_profitability; bsa_aml_scaling; growth_accelerating; credit_turning,10.75,0.503,1.612,2.923,90.993,0.557,0.083,6.246,1870858,1.191
Credit Union,61797,Elga,Grand Blanc,MI,48439,6065 Grand Pointe Dr,$1B-$3B,2498.9,7,98,excess_capital; credit_deterioration; rapid_growth; bsa_aml_scaling; growth_accelerating; credit_turning; capital_building,17.802,0.965,1.378,1.407,79.371,1.963,0.713,7.024,117308,0.554
Credit Union,62426,Zeal,Livonia,MI,48152-2618,17250 Newburgh Road,$1B-$3B,1060.1,7,98,excess_capital; credit_deterioration; rapid_growth; bsa_aml_scaling; growth_accelerating; credit_turning; capital_building,19.815,0.984,1.505,1.941,84.184,5.584,1.0,6.113,69473,0.208
Credit Union,68445,Power Financial,Pembroke Pines,FL,33028,2020 Nw 150Th Avenue,$1B-$3B,1031.7,7,98,excess_capital; credit_deterioration; rapid_growth; bsa_aml_scaling; growth_accelerating; credit_turning; capital_building,13.586,0.842,3.35,0.765,84.677,1.614,0.548,5.296,34561,0.156
Credit Union,68600,Midflorida,Lakeland,FL,33801,129 S Kentucky Ave,$3B+,9790.7,5,81,rapid_growth; bsa_aml_scaling; near_10b_threshold; growth_accelerating; capital_building,10.689,0.491,0.464,0.844,90.94,2.55,0.781,5.484,499969,0.131
Credit Union,5561,Keesler,Biloxi,MS,39534-7001,P O Box 7001,$3B+,5301.6,7,95,excess_capital; weak_efficiency; rapid_growth; bsa_aml_scaling; growth_accelerating; credit_turning; capital_building,12.807,0.828,1.035,1.588,89.906,1.689,0.45,7.914,397213,0.218
Credit Union,62574,Meritrust,Broomfield,CO,80021-3440,360 Interlocken Blvd,$3B+,4142.0,5,74,weak_efficiency; rapid_growth; weak_profitability; bsa_aml_scaling; growth_accelerating,8.126,0.036,0.481,1.031,93.678,0.347,0.059,7.829,213283,1.317
Credit Union,66157,Credit Union 1,Anchorage,AK,99507,1941 Abbott Rd,$1B-$3B,1700.6,5,63,excess_capital; weak_efficiency; rapid_growth; bsa_aml_scaling; capital_building,14.248,0.884,1.008,1.202,96.42,2.351,0.813,8.41,112794,0.147
Credit Union,3130,Truity,Bartlesville,OK,74005-1358,P.O. Box 1358,$1B-$3B,1317.8,5,72,credit_deterioration; weak_efficiency; rapid_growth; weak_profitability; growth_accelerating,8.759,0.077,0.749,2.396,94.024,-0.142,0.023,8.051,76124,0.109
Credit Union,21971,CPM,North Charlesto,SC,29405,1066 E Montague Ave,$250M-$1B,759.3,5,72,credit_deterioration; weak_efficiency; rapid_growth; weak_profitability; credit_turning,8.897,0.175,1.922,4.376,73.56,0.236,0.064,8.837,67624,0.128
Credit Union,66924,Valleystar,Martinsville,VA,24115,Po Box 5511,$250M-$1B,503.4,5,72,credit_deterioration; weak_efficiency; weak_profitability; near_500m_audit; credit_turning,10.255,0.446,1.762,1.713,82.0,-2.099,0.004,10.181,34919,-0.105
Credit Union,24694,America First,Riverdale,UT,84405,"4774 South 1300 West, Building # 3",$3B+,25985.8,4,72,credit_deterioration; rapid_growth; bsa_aml_scaling; credit_turning,11.106,0.598,1.452,1.803,81.234,3.432,0.959,5.068,1588687,0.135
Credit Union,60497,Florida,Gainesville,FL,32627-5549,P.O. Box 5549,$1B-$3B,2811.1,5,77,credit_deterioration; rapid_growth; bsa_aml_scaling; credit_turning; capital_building,12.696,0.742,0.795,1.949,96.326,2.838,0.906,5.6,185862,0.156
Credit Union,22769,Quorum,Purchase,NY,10577-2587,"2500 Westchester Ave, Suite 113",$1B-$3B,1366.7,5,77,credit_deterioration; rapid_growth; bsa_aml_scaling; growth_accelerating; capital_building,9.853,0.258,1.743,0.856,95.745,3.545,0.968,5.962,79668,0.132
Credit Union,2157,Tucson,Tucson,AZ,85733-2435,Po Box 42435,$1B-$3B,1015.8,6,93,credit_deterioration; rapid_growth; bsa_aml_scaling; growth_accelerating; credit_turning; capital_building,10.937,0.516,1.43,4.343,62.727,1.786,0.632,7.213,52077,0.2
Credit Union,62801,West Community,O Fallon,MO,63368-8294,4161 Highway K,$250M-$1B,656.2,4,72,credit_deterioration; rapid_growth; bsa_aml_scaling; credit_turning,8.211,0.075,1.398,1.105,87.76,1.712,0.589,8.228,41912,0.326
Credit Union,24916,I.l.w.u.,Long Beach,CA,90807,P.O. Box 7629,$250M-$1B,607.5,4,72,rapid_growth; bsa_aml_scaling; near_500m_audit; growth_accelerating,9.564,0.289,0.886,0.592,74.065,2.329,0.804,7.27,30417,0.165
Credit Union,68689,Valley Financial,Billings,MT,59104,Po Box 20417,$250M-$1B,600.9,3,56,rapid_growth; bsa_aml_scaling; near_500m_audit,10.676,0.525,0.25,0.719,87.497,1.687,0.575,7.946,39267,0.136
Credit Union,24165,University Of Kentucky,Lexington,KY,40509,1730 Alysheba Way,$1B-$3B,1794.3,6,85,funding_liquidity; rapid_growth; weak_profitability; bsa_aml_scaling; growth_accelerating; credit_turning,10.906,0.506,0.967,0.933,110.594,0.568,0.103,7.427,121057,0.158
Credit Union,68727,Credit Union 1,Lombard,IL,60148-6176,"450 E 22Nd St Ste 250, Ste 250",$1B-$3B,2869.9,6,90,weak_efficiency; rapid_growth; bsa_aml_scaling; growth_accelerating; credit_turning; capital_building,9.57,0.206,1.35,1.08,80.135,3.122,0.935,8.253,172066,0.474
Credit Union,64166,Marion And Polk Schools,Salem,OR,97309,Po Box 12398,$1B-$3B,1851.2,6,90,weak_efficiency; rapid_growth; bsa_aml_scaling; growth_accelerating; credit_turning; capital_building,9.48,0.194,1.32,0.692,83.284,1.935,0.703,9.103,86785,0.261
Credit Union,68494,Frontwave,Oceanside,CA,92056,1278 Rocky Point Dr,$1B-$3B,1742.1,4,69,weak_efficiency; rapid_growth; bsa_aml_scaling; growth_accelerating,9.132,0.129,0.812,0.941,85.545,1.761,0.616,7.967,128682,0.185
Credit Union,97103,Alliance,Lubbock,TX,79424,6219 Spur 327,$1B-$3B,1116.8,5,85,weak_efficiency; rapid_growth; bsa_aml_scaling; growth_accelerating; credit_turning,10.896,0.503,1.074,1.339,95.627,1.432,0.452,9.028,82909,0.725
Credit Union,13919,Del-one,Dover,DE,19904-7790,270 Beiser Blvd,$250M-$1B,983.2,5,74,weak_efficiency; rapid_growth; bsa_aml_scaling; growth_accelerating; capital_building,10.794,0.554,0.635,1.277,84.025,1.239,0.425,9.322,106468,0.345
Credit Union,68215,Alero Financial,Elgin,IL,60123-1140,2075 Big Timber Rd,$250M-$1B,953.5,4,69,weak_efficiency; rapid_growth; bsa_aml_scaling; growth_accelerating,11.95,0.704,0.785,1.303,89.18,0.703,0.211,8.797,65426,0.14
Credit Union,4968,Inova,Elkhart,IN,46516,358 S Elkhart Ave,$250M-$1B,643.5,5,67,credit_deterioration; funding_liquidity; weak_profitability; near_500m_audit; credit_turning,8.358,0.1,0.939,1.988,114.899,0.35,0.093,7.461,47605,-0.051
Credit Union,60153,Municipal,New York,NY,10007-3107,22 Cortlandt St,$3B+,5178.2,6,88,credit_deterioration; weak_efficiency; rapid_growth; growth_accelerating; credit_turning; capital_building,11.314,0.633,1.658,1.794,75.092,2.805,0.846,7.093,651236,0.121
Credit Union,68374,Guardian,Prattville,AL,36066,1 Guardian Way,$1B-$3B,1274.5,5,83,credit_deterioration; weak_efficiency; rapid_growth; growth_accelerating; credit_turning,9.46,0.184,1.448,1.83,93.804,2.366,0.816,8.378,95671,0.126
Credit Union,11793,Embold,Oregon City,OR,97045,Po Box 2020,$250M-$1B,595.7,4,67,credit_deterioration; weak_efficiency; near_500m_audit; credit_turning,10.102,0.411,0.953,2.118,79.671,0.696,0.204,8.554,36483,-0.007
Credit Union,24470,Education First,Beaumont,TX,77706-6515,7025 Eastex Freeway,$250M-$1B,583.1,4,67,credit_deterioration; weak_efficiency; near_500m_audit; credit_turning,9.112,0.214,0.617,2.085,68.926,1.439,0.486,8.614,32567,-0.025
Credit Union,62905,Neighbors,Saint Louis,MO,63123-7804,6300 S Lindbergh Blvd,$250M-$1B,573.3,4,67,credit_deterioration; weak_efficiency; near_500m_audit; credit_turning,12.045,0.714,1.217,2.125,85.183,1.448,0.489,8.969,46271,0.036
Credit Union,8169,Soarion,San Antonio,TX,78212-0070,P.O. Box 120070,$250M-$1B,555.6,4,67,credit_deterioration; weak_efficiency; near_500m_audit; credit_turning,6.833,0.011,1.014,2.168,87.461,2.587,0.836,9.092,58757,-0.027
Credit Union,68439,Resource One,Dallas,TX,75266-0077,Po Box 660077,$250M-$1B,555.2,4,67,credit_deterioration; weak_efficiency; near_500m_audit; credit_turning,10.426,0.482,2.327,2.273,83.35,6.525,0.996,11.411,62847,-0.199
Credit Union,5134,Commonwealth One,Alexandria,VA,22304,Po Box 9997,$250M-$1B,501.7,4,67,credit_deterioration; weak_efficiency; near_500m_audit; credit_turning,8.299,0.096,1.293,2.309,84.063,1.97,0.661,9.221,30477,-0.077
Credit Union,64418,Veridian,Waterloo,IA,50704-6000,Po Box 6000,$3B+,9152.9,4,66,funding_liquidity; rapid_growth; near_10b_threshold; credit_turning,11.571,0.663,0.669,0.727,102.742,3.202,0.929,4.304,379914,0.103
Credit Union,1273,State Farm,Bloomington,IL,61710,"One State Farm Plaza, Sa-1",$3B+,5709.2,6,69,excess_capital; rapid_growth; weak_profitability; bsa_aml_scaling; growth_accelerating; capital_building,13.03,0.84,0.314,0.9,20.19,0.914,0.148,0.728,113388,0.159
Credit Union,24941,Gecu,El Paso,TX,79998,Po Box 20998,$3B+,4735.2,6,69,excess_capital; credit_deterioration; weak_efficiency; funding_liquidity; credit_turning; capital_building,13.22,0.858,0.998,2.402,100.037,2.764,0.822,7.704,441043,0.072
Credit Union,24003,Civic,Raleigh,NC,27609-7309,3600 Wake Forest Rd,$3B+,3071.0,5,64,credit_deterioration; weak_efficiency; funding_liquidity; weak_profitability; credit_turning,5.87,0.006,6.269,5.228,106.883,-6.144,0.006,9.382,336107,-0.162
Credit Union,1074,Farmers Insurance,Los Angeles,CA,90036,Po Box 36911,$1B-$3B,1329.9,5,64,credit_deterioration; weak_efficiency; funding_liquidity; weak_profitability; credit_turning,9.857,0.268,1.572,2.728,103.845,0.604,0.123,8.333,66499,-0.045
Credit Union,68315,Seattle Metropolitan,Seattle,WA,98134-1406,1910 1St Ave S,$1B-$3B,1169.7,6,69,credit_deterioration; weak_efficiency; funding_liquidity; weak_profitability; credit_turning; capital_building,11.497,0.616,0.63,2.125,107.299,0.073,0.035,8.446,46942,0.066
Credit Union,68430,Latino Community,Durham,NC,27709,Po Box 14647,$1B-$3B,1042.0,6,69,excess_capital; credit_deterioration; weak_efficiency; funding_liquidity; credit_turning; capital_building,24.231,0.994,1.807,1.137,118.483,1.557,0.506,9.102,124269,-0.014
Credit Union,2131,Primeway,Houston,TX,77052,Po Box 53088,$250M-$1B,735.7,6,69,credit_deterioration; weak_efficiency; funding_liquidity; weak_profitability; credit_turning; capital_building,12.81,0.789,1.329,1.572,97.344,0.215,0.057,8.665,48665,0.025
Credit Union,7688,Partners 1st,Fort Wayne,IN,46808,1330 Directors Row,$250M-$1B,545.8,4,48,weak_efficiency; funding_liquidity; weak_profitability; near_500m_audit,9.808,0.35,0.615,0.201,98.665,0.366,0.1,9.615,42068,0.028
Credit Union,63194,Idaho Central,Chubbuck,ID,83202,4400 Central Way,$3B+,15517.4,3,48,funding_liquidity; rapid_growth; bsa_aml_scaling,8.326,0.053,0.455,0.689,101.398,2.31,0.686,5.091,821866,0.169
Credit Union,24224,Rockland,Rockland,MA,02370,241 Union St,$3B+,3828.0,4,64,funding_liquidity; rapid_growth; bsa_aml_scaling; growth_accelerating,10.246,0.385,0.381,0.301,102.058,1.402,0.308,3.538,224919,0.147
Credit Union,10920,Arkansas,Little Rock,AR,72221,P.O. Box 24410,$3B+,3160.2,3,48,funding_liquidity; rapid_growth; bsa_aml_scaling,9.528,0.219,0.713,0.805,111.737,2.837,0.858,5.7,181808,0.139
Credit Union,66818,First Community,Houston,TX,77284-0129,Po Box 840129,$3B+,3074.9,4,64,funding_liquidity; rapid_growth; bsa_aml_scaling; credit_turning,7.982,0.03,0.393,0.972,118.4,1.697,0.456,6.551,189781,0.154
Credit Union,62172,Consumers,Oshtemo,MI,49077,P.O. Box 525,$1B-$3B,2892.6,4,64,funding_liquidity; rapid_growth; bsa_aml_scaling; growth_accelerating,9.36,0.165,0.396,0.472,106.372,2.41,0.826,6.771,155558,0.139
Credit Union,6775,Y-12,Oak Ridge,TN,37831,501 Lafayette Drive,$1B-$3B,2762.6,4,64,funding_liquidity; rapid_growth; bsa_aml_scaling; growth_accelerating,10.531,0.419,0.518,1.184,102.847,2.875,0.923,6.766,137984,0.195
Credit Union,61077,Seven Seventeen,Warren,OH,44483-2435,3181 Larchmont Ave Ne,$1B-$3B,2159.3,5,80,funding_liquidity; rapid_growth; bsa_aml_scaling; growth_accelerating; credit_turning,12.509,0.719,1.256,1.095,99.554,1.338,0.39,6.397,130533,0.19
Credit Union,61185,Leaders Credit Union,Jackson,TN,38305-3775,87 Murray Guard Dr Ste A,$1B-$3B,1405.6,4,64,funding_liquidity; rapid_growth; bsa_aml_scaling; credit_turning,10.709,0.461,0.64,1.294,102.563,2.753,0.894,7.551,94367,0.138
Credit Union,68657,Nutmeg State Financial,Rocky Hill,CT,06067,"500 Enterprise Dr Ste 4A, Po Box 66",$250M-$1B,916.5,4,64,funding_liquidity; rapid_growth; bsa_aml_scaling; growth_accelerating,11.931,0.696,0.746,0.651,97.531,1.071,0.35,7.33,66866,0.311
Credit Union,62339,Diversified Members,Detroit,MI,48207,1480 E Jefferson Ave,$250M-$1B,588.5,6,78,excess_capital; credit_deterioration; weak_profitability; near_500m_audit; growth_accelerating; credit_turning,14.707,0.911,1.735,1.805,57.497,0.102,0.05,8.356,30531,0.058
Credit Union,68225,Tech,Crown Point,IN,46307-9469,10110 Randolph St,$250M-$1B,599.0,4,62,credit_deterioration; funding_liquidity; near_500m_audit; credit_turning,9.097,0.204,1.449,0.401,97.406,0.703,0.207,8.246,39002,0.071
Credit Union,68632,Lafcu,Lansing,MI,48909-6188,P.O. Box 26188,$1B-$3B,1125.8,6,64,excess_capital; credit_deterioration; weak_efficiency; weak_profitability; credit_turning; capital_building,20.666,0.99,1.245,2.001,82.087,0.629,0.129,8.982,72706,-0.019
Credit Union,68359,Velocity,Austin,TX,78767,P O Box 1089,$1B-$3B,1089.9,5,59,excess_capital; credit_deterioration; weak_efficiency; weak_profitability; credit_turning,13.965,0.874,0.567,3.372,63.316,0.193,0.045,8.672,69112,0.048
Credit Union,68536,Genisys,Auburn Hills,MI,48326-2947,2100 Executive Hills Dr,$3B+,6556.4,5,75,excess_capital; rapid_growth; bsa_aml_scaling; growth_accelerating; credit_turning,15.471,0.97,1.095,1.174,98.888,3.408,0.953,3.455,296987,0.157
Credit Union,68187,Baxter,Vernon Hills,IL,60061-1533,340 N Milwaukee Ave,$3B+,6402.3,4,59,credit_deterioration; weak_efficiency; funding_liquidity; credit_turning,10.146,0.367,0.862,2.124,104.214,1.436,0.314,7.702,372377,0.036
Credit Union,60705,Texas Dow Employees,Houston,TX,77056,"2000 Post Oak Blvd, Ste 2100",$3B+,5018.9,5,64,credit_deterioration; weak_efficiency; funding_liquidity; credit_turning; capital_building,10.175,0.373,1.765,1.92,108.322,1.043,0.201,8.81,403290,0.031
Credit Union,24693,Goldenwest,Ogden,UT,84402,P O Box 1111,$3B+,4332.6,3,43,excess_capital; rapid_growth; bsa_aml_scaling,13.199,0.852,0.47,0.547,94.85,3.14,0.923,5.92,221793,0.157
Credit Union,65856,Oregon Community,Eugene,OR,97401,Po Box 77002,$3B+,3703.6,4,59,credit_deterioration; weak_efficiency; funding_liquidity; credit_turning,10.387,0.42,1.489,3.461,110.101,1.728,0.467,7.078,298481,0.018
Credit Union,66399,Harborstone,Tacoma,WA,98438,Po Box 4207,$3B+,3134.1,5,75,rapid_growth; weak_profitability; bsa_aml_scaling; growth_accelerating; credit_turning,9.341,0.195,1.078,1.671,93.506,0.102,0.024,6.832,121878,0.421
Credit Union,24964,Lighthouse,Dover,NH,03820,100 Lighthouse Dr,$1B-$3B,2220.7,3,43,weak_efficiency; funding_liquidity; rapid_growth,10.151,0.342,0.377,1.077,103.559,1.563,0.513,8.22,170052,0.121
Credit Union,9095,Hanscom,Hanscom Afb,MA,01731,1610 Eglin St,$1B-$3B,2176.3,6,80,rapid_growth; weak_profitability; bsa_aml_scaling; growth_accelerating; credit_turning; capital_building,10.466,0.403,0.508,0.305,87.128,0.668,0.142,6.839,97310,0.184
Credit Union,24688,Cyprus,West Jordan,UT,84084,Po Box 9002,$1B-$3B,2084.3,4,59,weak_efficiency; funding_liquidity; rapid_growth; growth_accelerating,12.422,0.713,0.405,1.401,104.077,1.306,0.377,8.201,163815,0.107
Credit Union,7217,Self Reliance Financial,New York,NY,10003-8302,108 2Nd Ave,$1B-$3B,2041.6,4,59,excess_capital; rapid_growth; bsa_aml_scaling; growth_accelerating,17.161,0.958,0.627,0.02,81.388,1.036,0.245,2.132,31640,0.415
Credit Union,7916,Neches,Port Neches,TX,77651,Po Box 1118,$1B-$3B,1229.4,4,59,excess_capital; rapid_growth; bsa_aml_scaling; growth_accelerating,14.657,0.897,0.199,0.941,87.998,4.272,0.997,7.397,83078,0.164
Credit Union,66752,Marine,La Crosse,WI,54601,300 2Nd St N Ste 400,$1B-$3B,1140.4,4,48,credit_deterioration; weak_efficiency; funding_liquidity; capital_building,12.191,0.681,2.259,1.0,106.167,1.609,0.539,11.843,75288,0.083
Credit Union,1409,Raiz,El Paso,TX,79936,12020 Rojas Dr,$1B-$3B,1094.4,3,43,credit_deterioration; weak_efficiency; funding_liquidity,10.208,0.358,0.948,2.233,100.975,2.102,0.748,8.781,78753,0.05
Credit Union,9292,Consolidated,Portland,OR,97232-2017,1033 Ne 6Th Ave,$250M-$1B,833.7,4,48,excess_capital; rapid_growth; bsa_aml_scaling; capital_building,15.315,0.936,0.269,0.116,75.323,2.264,0.754,5.708,38069,0.21
Credit Union,60059,O Bee,Lacey,WA,98509-5000,Po Box 5000,$250M-$1B,676.6,4,59,credit_deterioration; weak_efficiency; funding_liquidity; credit_turning,8.477,0.111,0.962,1.86,105.471,1.209,0.411,9.664,36634,0.062
Credit Union,23279,Michigan State University,East Lansing,MI,48823-8029,3777 West Rd,$3B+,8868.4,4,58,weak_efficiency; weak_profitability; near_10b_threshold; credit_turning,8.96,0.124,1.241,1.562,95.162,0.612,0.095,7.197,405979,0.076
Credit Union,7544,Redstone,Huntsville,AL,35893,220 Wynn Dr,$3B+,8590.6,5,63,excess_capital; weak_efficiency; near_10b_threshold; credit_turning; capital_building,13.863,0.888,0.699,1.926,49.325,2.753,0.817,7.377,539259,0.044
Credit Union,24984,Hudson Valley,Poughkeepsie,NY,12602-1071,P.O. Box 1071,$3B+,8052.1,3,42,weak_efficiency; weak_profitability; near_10b_threshold,10.556,0.45,0.596,1.095,70.069,0.273,0.053,7.484,391041,
Credit Union,61637,Capital,Bismarck,ND,58502,Po Box 2096,$250M-$1B,921.5,4,57,excess_capital; credit_deterioration; rapid_growth; credit_turning,13.087,0.807,1.796,0.285,94.255,2.434,0.821,6.84,32946,0.107
Credit Union,24421,Legacy Community,Birmingham,AL,35242-2994,100 Corporate Rdg Ste 200,$250M-$1B,727.2,6,78,excess_capital; credit_deterioration; rapid_growth; growth_accelerating; credit_turning; capital_building,13.281,0.825,1.638,0.611,67.585,1.686,0.571,6.299,39234,0.118
Credit Union,21751,Fedex Employees Credit Association,Memphis,TN,38132-2110,2731 S Nonconnah Blvd,$250M-$1B,641.1,5,62,excess_capital; credit_deterioration; near_500m_audit; credit_turning; capital_building,14.153,0.875,1.039,2.338,54.829,1.138,0.375,7.498,97220,0.026
Credit Union,2769,Securityplus,Baltimore,MD,21244,7135 Windsor Blvd,$250M-$1B,596.9,5,62,credit_deterioration; weak_profitability; near_500m_audit; credit_turning; capital_building,10.347,0.468,1.452,1.25,84.156,0.279,0.071,7.65,35966,0.034
Credit Union,24250,I-c,Fitchburg,MA,01420,300 Bemis Rd,$250M-$1B,583.0,4,57,rapid_growth; weak_profitability; near_500m_audit; credit_turning,8.235,0.082,0.938,0.912,88.237,-0.534,0.014,7.119,37756,0.106
Credit Union,5380,Spectra,Alexandria,VA,22312,5440 Cherokee Ave Ste 200,$250M-$1B,544.4,4,57,credit_deterioration; weak_profitability; near_500m_audit; credit_turning,8.674,0.146,1.855,1.171,73.59,0.032,0.036,6.642,31519,-0.08
Credit Union,61758,Western Cooperative,Williston,ND,58802-2237,Po Box 2237,$250M-$1B,522.2,5,62,excess_capital; credit_deterioration; near_500m_audit; credit_turning; capital_building,14.204,0.879,3.168,0.108,52.613,2.531,0.832,5.526,18383,0.058
Credit Union,8116,Teachers,Smithtown,NY,11787,Po Box 9005,$3B+,9915.4,3,56,credit_deterioration; near_10b_threshold; credit_turning,11.027,0.586,1.193,2.234,70.907,1.773,0.509,4.676,486565,0.004
Credit Union,66328,"Wright-patt Credit Union, Inc.",Beavercreek,OH,45431,3560 Pentagon Blvd,$3B+,9548.7,3,56,credit_deterioration; near_10b_threshold; credit_turning,11.323,0.651,1.095,2.143,83.698,2.272,0.657,5.935,527080,0.021
Credit Union,68437,Bellco,Greenwood Villa,CO,80111,"7600 E Orchard Rd, Ste 400N",$3B+,8549.0,2,40,credit_deterioration; near_10b_threshold,10.248,0.391,1.474,0.84,98.287,1.437,0.32,4.009,360569,0.002
Credit Union,24063,Founders,Lancaster,SC,29720,737 Plantation Rd,$3B+,5204.6,4,54,excess_capital; credit_deterioration; weak_efficiency; credit_turning,13.616,0.876,0.682,2.143,94.23,2.85,0.864,7.375,294048,0.067
Credit Union,60042,Washington State Employees,Olympia,WA,98507,Po Box Wsecu,$3B+,5088.8,4,54,credit_deterioration; weak_efficiency; weak_profitability; credit_turning,9.89,0.302,0.797,2.334,86.181,0.499,0.077,8.01,323382,-0.006
Credit Union,68271,Peak,Olympia,WA,98507,Po Box 718,$3B+,4247.2,5,59,credit_deterioration; weak_efficiency; weak_profitability; credit_turning; capital_building,11.315,0.639,1.22,2.828,91.895,0.57,0.089,7.954,267643,-0.011
Credit Union,196,Gte,Tampa,FL,33602,711 E Henderson Ave,$3B+,3117.2,5,59,credit_deterioration; weak_efficiency; weak_profitability; credit_turning; capital_building,10.85,0.538,1.078,2.07,99.389,0.496,0.071,8.355,232246,0.07
Credit Union,66327,Credit Union Of Texas,Allen,TX,75013-1305,P.O. Box 7000,$1B-$3B,2643.2,4,54,credit_deterioration; weak_efficiency; weak_profitability; credit_turning,8.13,0.045,1.592,2.638,87.502,0.109,0.039,10.308,183580,0.005
Credit Union,1941,Shell,Deer Park,TX,77536,Po Box 578,$1B-$3B,2051.7,6,75,excess_capital; credit_deterioration; weak_efficiency; growth_accelerating; credit_turning; capital_building,13.392,0.826,0.71,2.101,89.421,2.797,0.897,9.306,165469,0.076
Credit Union,68631,Orsa,Plymouth,MI,48170-1759,Po Box 8050,$1B-$3B,1473.3,4,54,credit_deterioration; weak_efficiency; weak_profitability; credit_turning,9.814,0.252,1.518,1.245,98.61,0.07,0.032,9.41,86714,-0.018
Credit Union,808,U.s. Eagle,Albuquerque,NM,87103,P.O. Box 129,$1B-$3B,1458.6,4,54,credit_deterioration; weak_efficiency; weak_profitability; credit_turning,7.799,0.016,6.91,2.129,78.971,-2.75,0.003,10.146,98817,-0.012
Credit Union,62848,Telhio,Columbus,OH,43216,Po Box 1298,$1B-$3B,1352.6,4,54,credit_deterioration; weak_efficiency; weak_profitability; credit_turning,9.645,0.219,2.012,0.724,93.231,0.17,0.042,8.379,68461,-0.013
Credit Union,66787,Municipal Empl.credit Union Of Balt,Baltimore,MD,21202,1 South St,$1B-$3B,1268.0,4,43,credit_deterioration; weak_efficiency; weak_profitability; capital_building,12.841,0.768,1.657,1.92,75.777,0.553,0.097,8.25,91110,0.01
Credit Union,68510,Community 1st,Ottumwa,IA,52501,1100 Hutchinson Ave,$1B-$3B,1104.8,5,59,credit_deterioration; weak_efficiency; weak_profitability; credit_turning; capital_building,10.501,0.413,3.142,2.091,93.403,0.616,0.126,8.451,72622,0.049
Credit Union,13605,Abnb,Chesapeake,VA,23320-2624,830 Greenbrier Cir,$250M-$1B,914.3,3,38,credit_deterioration; weak_efficiency; weak_profitability,7.951,0.068,0.611,2.868,88.619,0.069,0.046,9.542,75907,-0.033
Credit Union,62710,Pelican,Baton Rouge,LA,70835,P.O. Box 40088,$250M-$1B,885.2,4,54,credit_deterioration; weak_efficiency; weak_profitability; credit_turning,8.234,0.079,1.544,4.637,93.543,-0.445,0.021,15.446,90892,0.091
Credit Union,24989,Northern,Watertown,NY,13601-1958,138 Factory St,$250M-$1B,698.2,3,38,credit_deterioration; weak_efficiency; weak_profitability,10.195,0.436,1.317,0.659,91.45,0.299,0.079,10.459,45532,
Credit Union,65595,American 1,Jackson,MI,49201,718 E Michigan Ave,$250M-$1B,661.3,4,54,excess_capital; credit_deterioration; weak_efficiency; credit_turning,15.583,0.943,2.074,5.239,83.818,1.053,0.339,12.456,67470,-0.007
Credit Union,61159,Security,Grand Blanc,MI,48480-5255,P.O. Box 5255,$250M-$1B,653.2,5,59,credit_deterioration; weak_efficiency; weak_profitability; credit_turning; capital_building,9.767,0.339,0.798,1.84,88.046,0.535,0.146,9.586,53797,0.031
Credit Union,68682,My Community,Midland,TX,79701-1610,600 W Louisiana Ave,$250M-$1B,555.3,5,70,weak_efficiency; weak_profitability; near_500m_audit; growth_accelerating; credit_turning,10.29,0.461,1.236,1.723,93.181,0.541,0.15,11.77,44054,0.033
Credit Union,24948,Mutual,Vicksburg,MS,39181,Po Box 25,$250M-$1B,528.5,3,38,excess_capital; weak_efficiency; near_500m_audit,13.436,0.843,1.078,1.707,64.086,3.38,0.932,8.77,42917,0.085
Credit Union,61048,"Oucu Financial Credit Union, Inc.",Athens,OH,45701,944 E State St,$250M-$1B,526.8,5,59,weak_efficiency; weak_profitability; near_500m_audit; credit_turning; capital_building,11.488,0.621,1.175,0.897,91.137,-0.643,0.011,10.842,26348,0.012
Credit Union,2226,Sunwest,Glendale,AZ,85305-2224,5323 N 99Th Ave Ste 220,$250M-$1B,525.2,4,54,weak_efficiency; weak_profitability; near_500m_audit; credit_turning,10.973,0.575,0.478,1.134,74.42,0.38,0.107,8.954,43875,0.001
Credit Union,60239,Memphis City Employees,Memphis,TN,38115,2686 Mount Moriah Ter,$250M-$1B,502.5,3,38,excess_capital; weak_efficiency; near_500m_audit,14.475,0.893,0.625,1.098,63.053,1.095,0.361,9.286,44232,0.049
Credit Union,62514,Lake Michigan,Grand Rapids,MI,49501,Po Box 2848,$3B+,17260.7,3,54,rapid_growth; bsa_aml_scaling; growth_accelerating,11.268,0.621,0.35,0.328,92.756,2.36,0.74,4.463,536976,0.162
Credit Union,5797,Ornl,Oak Ridge,TN,37831,P.O. Box 365,$3B+,4972.2,2,38,rapid_growth; bsa_aml_scaling,11.008,0.574,0.623,1.452,98.83,2.299,0.675,5.552,234790,0.142
Credit Union,61315,Oneaz,Phoenix,AZ,85027-1261,2355 W Pinnacle Peak Rd,$3B+,4476.3,4,59,rapid_growth; bsa_aml_scaling; growth_accelerating; capital_building,9.868,0.29,0.655,0.88,76.531,2.325,0.716,6.425,245580,0.242
Credit Union,68660,Rogue,Medford,OR,97501,P. O. Box 4550,$3B+,4334.0,4,70,rapid_growth; bsa_aml_scaling; growth_accelerating; credit_turning,10.372,0.408,0.954,1.425,71.141,1.906,0.562,6.923,245187,0.161
Credit Union,10709,Utah Community,Provo,UT,84604,360 W 4800 N,$3B+,4044.8,2,38,rapid_growth; bsa_aml_scaling,10.142,0.361,0.378,0.627,95.153,3.065,0.917,4.535,270676,0.13
Credit Union,67290,Community First Credit Union Of Flo,Jacksonville,FL,32204,637 North Lee Street,$3B+,3212.7,4,70,rapid_growth; bsa_aml_scaling; growth_accelerating; credit_turning,12.258,0.763,0.63,1.766,85.185,1.761,0.497,6.128,194282,0.144
Credit Union,68239,Hapo Community,Richland,WA,99354,601 Williams Blvd,$1B-$3B,2985.5,4,59,rapid_growth; bsa_aml_scaling; growth_accelerating; capital_building,11.198,0.561,0.183,1.013,83.836,3.124,0.939,7.308,213072,0.248
Credit Union,20042,Franklin Mint,Chadds Ford,PA,19317,"5 Hillman Dr, Ste 100",$1B-$3B,2204.6,3,54,rapid_growth; bsa_aml_scaling; growth_accelerating,8.093,0.042,0.826,0.734,80.014,0.765,0.168,6.956,165339,0.151
Credit Union,97068,Adelfi,San Dimas,CA,91773-9001,Po Box 9001,$1B-$3B,1421.3,5,75,rapid_growth; bsa_aml_scaling; growth_accelerating; credit_turning; capital_building,12.851,0.771,0.873,1.045,84.577,2.06,0.739,7.003,53733,0.606
Credit Union,68485,American First,Brea,CA,92821-6322,6 Pointe Dr Ste 400,$1B-$3B,1369.2,3,54,rapid_growth; bsa_aml_scaling; growth_accelerating,10.087,0.323,0.158,0.556,98.553,1.593,0.526,4.353,51105,0.292
Credit Union,1717,Hawaiian Financial,Honolulu,HI,96817,1138 N King St,$1B-$3B,1125.7,2,38,rapid_growth; bsa_aml_scaling,11.721,0.639,0.537,0.02,58.664,1.51,0.481,3.695,51589,0.132
Credit Union,68723,Radiant,Gainesville,FL,32606-6563,4440 Nw 25Th Pl,$1B-$3B,1121.4,3,54,rapid_growth; bsa_aml_scaling; growth_accelerating,9.501,0.2,0.472,1.254,75.286,1.174,0.316,7.699,60489,0.252
Credit Union,63805,Christian Financial,Sterling Height,MI,48312,35100 Van Dyke Ave,$1B-$3B,1118.6,3,54,rapid_growth; bsa_aml_scaling; growth_accelerating,9.926,0.287,0.455,0.288,82.999,1.399,0.429,7.238,61542,0.198
Credit Union,17117,R.i.a.,Rock Island,IL,61204-4750,Po Box 4750,$250M-$1B,749.1,2,38,rapid_growth; bsa_aml_scaling,8.725,0.154,0.7,1.501,74.112,0.725,0.218,7.373,46841,0.178
Credit Union,61090,Sharefax,Cincinnati,OH,45245,604 Ivy Gateway,$250M-$1B,720.8,4,70,rapid_growth; bsa_aml_scaling; growth_accelerating; credit_turning,9.821,0.357,1.114,0.645,80.589,1.185,0.4,6.432,41170,0.377
Credit Union,68502,Copper State,Phoenix,AZ,85053,15458 N 28Th Ave,$250M-$1B,700.8,4,70,rapid_growth; bsa_aml_scaling; growth_accelerating; credit_turning,9.717,0.332,0.527,1.038,80.305,0.809,0.25,7.762,47991,0.136
Credit Union,1148,Coreplus,Norwich,CT,06360,202 Salem Tpke,$250M-$1B,676.5,4,59,rapid_growth; bsa_aml_scaling; growth_accelerating; capital_building,10.956,0.571,0.389,0.523,92.47,2.808,0.882,6.738,50091,0.902
Credit Union,68645,Suncoast,Tampa,FL,33610,6536 E Hillsborough Ave,$3B+,20779.0,5,73,credit_deterioration; rapid_growth; growth_accelerating; credit_turning; capital_building,10.119,0.349,0.919,2.688,88.751,1.74,0.479,4.851,1408203,0.1
Credit Union,13741,Beehive,Rexburg,ID,83440,Po Box 40,$250M-$1B,647.7,3,52,credit_deterioration; near_500m_audit; credit_turning,8.93,0.182,1.527,0.157,86.055,2.128,0.711,5.209,34013,0.046
Credit Union,67669,City,Dallas,TX,75228,8344 E R L Thornton Fwy Ste 400,$250M-$1B,629.8,4,57,credit_deterioration; near_500m_audit; credit_turning; capital_building,12.272,0.739,1.227,2.541,56.228,2.186,0.725,7.544,33260,-0.029
Credit Union,68664,Union Square,Wichita Falls,TX,76301,1401 Holliday,$250M-$1B,601.3,3,52,credit_deterioration; near_500m_audit; credit_turning,8.363,0.104,2.687,1.113,79.433,0.719,0.214,8.362,34065,-0.02
Credit Union,24313,Argent,Chesterfield,VA,23832,Post Office Box 72,$250M-$1B,571.8,4,57,rapid_growth; near_500m_audit; credit_turning; capital_building,9.165,0.221,0.75,0.945,64.784,1.972,0.664,6.766,35330,0.101
Credit Union,8550,Freedom Of Maryland,Bel Air,MD,21015,2019 Emmorton Rd,$250M-$1B,557.4,3,52,credit_deterioration; near_500m_audit; credit_turning,8.655,0.136,1.552,1.098,86.288,1.369,0.468,8.416,42688,-0.023
Credit Union,67841,City Of Boston,South Boston,MA,02127,455 West Broadway,$250M-$1B,544.5,3,52,credit_deterioration; near_500m_audit; credit_turning,9.066,0.196,1.951,0.692,78.895,0.776,0.243,6.22,31261,-0.014
Credit Union,68482,Coastlife,Corpus Christi,TX,78414,6810 Saratoga Blvd,$250M-$1B,519.7,3,52,credit_deterioration; near_500m_audit; credit_turning,11.659,0.661,0.891,3.288,73.196,0.861,0.261,7.072,34514,0.015
Credit Union,5547,Security First,Mcallen,TX,78502,P.O. Box 4829,$250M-$1B,516.6,4,57,credit_deterioration; near_500m_audit; credit_turning; capital_building,11.871,0.689,1.324,1.099,87.493,2.522,0.829,8.054,40600,-0.014
Credit Union,60,Levo,Sioux Falls,SD,57117-5735,Po Box 5735,$250M-$1B,516.0,3,52,credit_deterioration; near_500m_audit; credit_turning,11.497,0.632,1.487,1.926,72.292,1.529,0.518,8.237,32939,0.039
Credit Union,24384,Nizari Progressive,Sugar Land,TX,77478-3678,14090 Sw Freeway Suite 260,$250M-$1B,504.8,2,36,rapid_growth; near_500m_audit,9.168,0.225,0.162,0.203,79.083,2.732,0.857,4.286,19403,0.125
Credit Union,24831,Orion,Memphis,TN,38103,400 Monroe Ave,$1B-$3B,1301.0,5,40,excess_capital; weak_efficiency; funding_liquidity; weak_profitability; capital_building,18.421,0.971,0.554,1.022,110.578,0.207,0.048,8.268,70670,0.018
Credit Union,6178,A+,Austin,TX,78761-4867,Po Box 14867,$1B-$3B,2577.5,5,54,excess_capital; credit_deterioration; funding_liquidity; credit_turning; capital_building,13.675,0.852,2.077,3.173,100.379,1.785,0.629,7.28,191614,0.028
Credit Union,66258,Self-help,Durham,NC,27701-3227,301 W. Main St,$1B-$3B,2171.2,4,38,excess_capital; credit_deterioration; funding_liquidity; capital_building,24.513,0.997,1.975,0.411,120.63,2.306,0.806,5.51,101911,0.038
Credit Union,61093,Vibrant,Moline,IL,61265,Po Box 1550,$1B-$3B,1193.1,4,49,credit_deterioration; funding_liquidity; weak_profitability; credit_turning,8.036,0.039,1.586,1.436,100.098,0.464,0.081,5.544,69887,0.039
Credit Union,64171,University,Los Angeles,CA,90025,1500 S Sepulveda Blvd,$1B-$3B,1170.1,5,54,credit_deterioration; funding_liquidity; weak_profitability; credit_turning; capital_building,8.734,0.074,1.452,1.55,100.756,0.051,0.029,6.75,60212,0.017
Credit Union,24985,Heritage Financial,Middletown,NY,10941,25 Rykowski Lane,$250M-$1B,808.0,3,33,credit_deterioration; funding_liquidity; weak_profitability,10.264,0.45,1.614,1.031,99.06,0.466,0.129,7.593,58517,
Credit Union,60790,Town And Country,Minot,ND,58701-4473,615 S Broadway,$250M-$1B,771.1,3,33,excess_capital; credit_deterioration; funding_liquidity,13.058,0.8,1.629,0.087,101.97,1.859,0.625,7.393,26599,0.056
Credit Union,16410,Department Of Commerce,Washington,DC,20044,P.O. Box 14720,$250M-$1B,739.1,4,49,credit_deterioration; funding_liquidity; weak_profitability; credit_turning,5.414,0.004,1.746,3.262,96.962,0.174,0.054,5.862,28919,-0.084
Credit Union,67508,Members Choice,Houston,TX,77094-1395,18211 Katy Fwy,$250M-$1B,720.9,3,33,credit_deterioration; funding_liquidity; weak_profitability,7.832,0.05,0.77,1.942,96.746,0.298,0.075,8.197,45762,-0.031
Credit Union,20448,Proponent,Nutley,NJ,07110,"100 Metro Blvd, 4Th Floor",$250M-$1B,508.8,4,38,excess_capital; funding_liquidity; near_500m_audit; capital_building,14.495,0.9,1.225,0.597,95.316,1.181,0.393,7.763,18605,-0.013
Credit Union,68490,Vystar,Jacksonville,FL,32202-3433,76 S Laura St,$3B+,14274.0,3,49,credit_deterioration; weak_efficiency; credit_turning,8.709,0.089,1.249,2.077,95.997,0.956,0.183,7.061,1024058,0.02
Credit Union,7840,Truliant,Winston Salem,NC,27114-6000,Po Box 26000,$3B+,5615.2,3,49,credit_deterioration; weak_efficiency; credit_turning,10.186,0.379,0.901,2.623,93.692,2.443,0.763,7.772,328760,0.091
Credit Union,1367,University,Austin,TX,78766,Po Box 9350,$3B+,4269.3,4,54,credit_deterioration; weak_efficiency; credit_turning; capital_building,9.534,0.231,1.106,2.348,85.719,1.532,0.396,9.082,429865,0.024
Credit Union,68712,Valley Strong,Bakersfield,CA,93389-9506,P.O. Box 9506,$3B+,4084.6,3,49,credit_deterioration; weak_efficiency; credit_turning,9.271,0.178,1.936,1.564,79.19,1.531,0.391,7.4,240116,0.037
Credit Union,65644,Rivermark Community,Oregon City,OR,97045,14405 Meyers Rd,$3B+,3258.9,4,54,credit_deterioration; weak_efficiency; credit_turning; capital_building,10.775,0.515,1.722,4.24,77.003,1.445,0.331,7.896,176438,0.008
Credit Union,24979,Bayport,Newport News,VA,23606,"1 Bayport Way, Suite 350",$1B-$3B,2780.8,2,33,credit_deterioration; weak_efficiency,11.259,0.568,0.709,2.007,93.967,2.185,0.768,7.981,157891,
Credit Union,24969,Altura,Riverside,CA,92507-0906,2847 Campus Pkwy,$1B-$3B,2645.9,3,38,credit_deterioration; weak_efficiency; capital_building,11.174,0.555,0.646,2.182,75.047,1.412,0.432,8.698,219377,0.035
Credit Union,68228,Greater Nevada,Carson City,NV,89701,451 Eagle Station Ln,$1B-$3B,1681.6,3,49,credit_deterioration; weak_efficiency; credit_turning,3.502,0.003,3.98,2.76,81.475,1.478,0.465,8.39,89649,-0.027
Credit Union,24917,Cobalt,Papillion,NE,68046,7148 Towne Center Pkwy,$1B-$3B,1330.8,3,49,credit_deterioration; weak_efficiency; credit_turning,9.15,0.135,0.8,2.008,94.651,1.749,0.606,8.509,115139,0.008
Credit Union,68710,Sunmark,Albany,NY,12212-6370,Po Box 16370,$1B-$3B,1209.6,3,49,credit_deterioration; weak_efficiency; credit_turning,9.354,0.161,1.366,1.031,85.071,1.622,0.555,8.776,89171,0.023
Credit Union,64084,Mazuma,Overland Park,KS,66223,7260 W 135Th St,$1B-$3B,1070.2,3,49,credit_deterioration; weak_efficiency; credit_turning,10.642,0.458,1.378,2.074,90.168,2.051,0.732,8.359,75452,0.052
Credit Union,61365,4front,Traverse City,MI,49685,Po Box 795,$1B-$3B,1037.8,3,49,credit_deterioration; weak_efficiency; credit_turning,10.154,0.345,1.727,0.866,80.802,1.21,0.345,10.961,103869,0.013
Credit Union,68718,True Community,Jackson,MI,49202-2060,1100 Clinton Rd,$250M-$1B,955.0,3,49,credit_deterioration; weak_efficiency; credit_turning,11.586,0.65,1.586,2.396,86.664,2.179,0.721,10.185,82329,0.039
Credit Union,9759,Fortera,Clarksville,TN,37040-1620,2050 Lowes Dr,$250M-$1B,946.7,2,33,credit_deterioration; weak_efficiency,12.694,0.771,0.654,1.953,89.955,2.935,0.907,9.065,84582,0.048
Credit Union,62076,Members First,Midland,MI,48641-2165,Po Box 2165,$250M-$1B,905.4,3,49,credit_deterioration; weak_efficiency; credit_turning,9.214,0.239,0.652,2.122,82.613,1.433,0.482,9.576,67906,0.025
Credit Union,67465,Texas Bay,Houston,TX,77034,12611 Fuqua St,$250M-$1B,905.0,2,33,credit_deterioration; weak_efficiency,7.488,0.029,0.546,2.149,93.149,0.546,0.154,9.094,59863,0.036
Credit Union,63532,Atomic,Piketon,OH,45661,711 Beaver Creek Rd,$250M-$1B,855.4,2,33,weak_efficiency; rapid_growth,8.271,0.086,0.238,0.824,92.062,1.696,0.586,10.201,89256,0.113
Credit Union,68376,Frontier,Idaho Falls,ID,83403,Po Box 1865,$250M-$1B,821.6,4,65,weak_efficiency; rapid_growth; growth_accelerating; credit_turning,8.064,0.071,0.596,1.239,93.956,1.031,0.318,8.766,53628,0.128
Credit Union,68608,Texell,Temple,TX,76503,Po Box 983,$250M-$1B,801.0,2,33,credit_deterioration; weak_efficiency,10.481,0.489,0.597,1.988,89.549,2.63,0.846,9.378,53988,0.046
Credit Union,61759,Alliance Catholic,Farmington Hill,MI,48334,28800 Orchard Lake Rd,$250M-$1B,718.5,4,54,weak_efficiency; rapid_growth; growth_accelerating; capital_building,12.39,0.754,0.357,0.447,77.262,1.986,0.671,8.484,32841,0.115
Credit Union,62573,Rio Grande,Albuquerque,NM,87102-1478,1121 4Th St Nw,$250M-$1B,666.0,3,49,credit_deterioration; weak_efficiency; credit_turning,9.058,0.193,0.857,2.655,71.065,0.967,0.293,8.753,51348,0.005
Credit Union,60936,Adventure,Grand Rapids,MI,49518,P.O. Box 895,$250M-$1B,645.9,2,33,weak_efficiency; near_500m_audit,11.495,0.629,0.729,1.426,80.19,0.736,0.225,9.446,42876,0.007
Credit Union,20623,Johns Hopkins,Baltimore,MD,21224-5732,1501 S Clinton St Ste 1200,$250M-$1B,637.3,3,38,weak_efficiency; near_500m_audit; capital_building,12.697,0.775,0.649,0.677,62.544,1.301,0.443,8.976,46276,-0.0
Credit Union,8486,Town & Country,South Portland,ME,04116,Po Box 9420,$250M-$1B,621.2,2,33,weak_efficiency; near_500m_audit,8.494,0.118,0.349,0.35,90.965,0.673,0.196,8.865,38666,0.009
Credit Union,97084,Dupage,Naperville,IL,60567,P.O. Box 3930,$250M-$1B,600.2,3,38,weak_efficiency; near_500m_audit; capital_building,9.621,0.304,0.477,0.782,90.033,0.769,0.239,9.704,49845,0.054
Credit Union,63268,Ascentra,Bettendorf,IA,52722,Po Box 1107,$250M-$1B,596.0,3,49,weak_efficiency; near_500m_audit; credit_turning,10.159,0.425,0.76,0.951,81.778,1.061,0.343,10.549,43026,0.043
Credit Union,61068,People Driven,Southfield,MI,48033-6041,24333 Lahser Rd,$250M-$1B,520.0,3,49,weak_efficiency; near_500m_audit; credit_turning,10.06,0.407,0.573,1.408,86.753,1.432,0.475,8.914,25314,0.055
Credit Union,24927,"Credit Union Of New Jersey, A",Ewing,NJ,08628,1301 Parkway Ave,$250M-$1B,512.8,3,38,weak_efficiency; near_500m_audit; capital_building,10.271,0.454,0.927,1.421,89.69,3.683,0.971,9.882,39329,0.083
Credit Union,19401,Teg,Poughkeepsie,NY,12603,1 Commerce Street,$250M-$1B,506.5,2,33,weak_efficiency; near_500m_audit,8.993,0.189,0.518,0.881,87.584,2.031,0.682,8.901,35951,0.035
Credit Union,68465,Star One,Sunnyvale,CA,94088-3643,P.O. Box 3643,$3B+,9697.3,4,37,excess_capital; weak_profitability; near_10b_threshold; capital_building,14.061,0.911,0.131,0.071,80.473,0.245,0.047,2.101,134349,0.098
Credit Union,67190,Summit,Madison,WI,53708,Po Box 8046,$3B+,8522.2,4,64,funding_liquidity; near_10b_threshold; growth_accelerating; credit_turning,10.344,0.402,0.652,0.535,100.854,2.513,0.769,4.586,281962,0.094
Credit Union,24382,Credit Human,San Antonio,TX,78215,1703 Broadway,$3B+,4343.0,3,30,weak_efficiency; funding_liquidity; weak_profitability,7.353,0.018,1.09,1.402,108.04,0.216,0.041,7.596,259260,-0.009
Credit Union,1040,Capital Educators,Meridian,ID,83680,P.O. Box 570,$1B-$3B,1354.4,4,46,weak_efficiency; funding_liquidity; weak_profitability; credit_turning,8.407,0.061,1.027,1.418,100.955,0.58,0.11,8.202,99861,-0.104
Credit Union,9986,Rev,Charleston,SC,29423,Po Box 118000,$1B-$3B,1238.0,4,35,excess_capital; weak_efficiency; funding_liquidity; capital_building,13.748,0.858,0.567,0.472,106.301,0.888,0.203,8.823,66744,0.083
Credit Union,64778,Canvas,Lone Tree,CO,80124,9990 Park Meadows Drive,$3B+,5291.6,4,60,credit_deterioration; funding_liquidity; growth_accelerating; credit_turning,9.532,0.225,1.135,2.312,102.358,1.767,0.503,6.249,335110,0.095
Credit Union,1682,Liberty,Evansville,IN,47715-1967,4401 Theater Dr,$3B+,4837.9,3,44,funding_liquidity; rapid_growth; growth_accelerating,10.923,0.556,0.448,0.157,100.319,2.906,0.87,6.542,264855,0.103
Credit Union,66373,Whatcom Educational,Bellingham,WA,98227,Po Box 9750,$3B+,3397.5,4,60,funding_liquidity; rapid_growth; growth_accelerating; credit_turning,11.214,0.609,0.69,1.207,100.636,1.343,0.284,5.886,170493,0.112
Credit Union,5754,Andrews Federal Credit Union,Suitland,MD,20746,5711 Allentown Rd,$1B-$3B,2688.3,4,49,credit_deterioration; funding_liquidity; credit_turning; capital_building,10.622,0.445,1.505,0.659,102.305,0.822,0.184,5.984,162195,0.078
Credit Union,7361,Blue,Cheyenne,WY,82001,2401 E. Pershing Blvd,$1B-$3B,2309.6,3,44,credit_deterioration; funding_liquidity; credit_turning,8.25,0.048,1.046,2.123,106.206,1.03,0.242,6.502,144288,0.079
Credit Union,24034,Notre Dame,Notre Dame,IN,46556,P.O. Box 7878,$1B-$3B,1388.4,3,44,funding_liquidity; rapid_growth; credit_turning,11.003,0.526,0.595,0.643,100.074,1.515,0.487,7.788,70705,0.117
Credit Union,22128,Service 1st,Danville,PA,17821,"1985 Montour Blvd, Po Box 159",$250M-$1B,837.1,3,33,funding_liquidity; rapid_growth; capital_building,11.103,0.593,0.489,0.922,98.319,2.193,0.729,7.185,52842,0.121
Credit Union,9164,Carter,Springhill,LA,71075,Po Box 814,$250M-$1B,762.9,3,44,credit_deterioration; funding_liquidity; credit_turning,8.603,0.129,3.665,1.572,100.735,1.292,0.436,6.555,31384,0.014
Credit Union,64482,Uncle,Livermore,CA,94551-7301,2100 Las Positas Ct,$250M-$1B,716.1,3,44,credit_deterioration; funding_liquidity; credit_turning,8.28,0.089,0.598,2.225,94.783,0.584,0.171,7.982,36258,-0.075
Credit Union,67972,Resound,Nashville,TN,37212-0729,P.O. Box 120729,$250M-$1B,704.4,4,60,funding_liquidity; rapid_growth; growth_accelerating; credit_turning,10.614,0.514,0.685,0.797,95.858,2.172,0.718,6.198,50396,0.102
Credit Union,66983,Co-op,Black River Fal,WI,54615,Po Box 157,$250M-$1B,626.8,2,28,funding_liquidity; near_500m_audit,11.546,0.639,0.803,0.103,95.128,2.241,0.746,4.333,23862,0.098
Credit Union,19448,U. T.,Knoxville,TN,37950,P.O. Box 51848,$250M-$1B,553.9,2,28,funding_liquidity; near_500m_audit,9.683,0.318,0.188,0.568,95.164,0.903,0.279,7.17,25540,0.036
Credit Union,60721,Champion,Canton,NC,28716,Po Box 1389,$250M-$1B,551.9,3,33,funding_liquidity; near_500m_audit; capital_building,12.201,0.736,0.242,0.612,95.246,1.611,0.543,7.634,36206,-0.005
Credit Union,63133,University,Orono,ME,04473,15 Main St,$250M-$1B,538.5,2,28,funding_liquidity; near_500m_audit,9.367,0.261,0.608,0.346,100.111,1.082,0.354,8.158,29888,0.053
Credit Union,65378,Mid American,Wichita,KS,67209-1845,8404 W Kellogg Dr,$250M-$1B,531.9,3,44,funding_liquidity; near_500m_audit; growth_accelerating,8.941,0.186,0.471,1.101,110.589,1.328,0.45,7.015,47426,0.075
Credit Union,68579,Patelco,Dublin,CA,94568,3 Park Pl,$3B+,9770.0,3,43,weak_profitability; near_10b_threshold; credit_turning,10.492,0.444,1.031,1.164,86.278,0.814,0.142,4.674,542150,0.039
Credit Union,1999,Logix,Valencia,CA,91355-6019,27918 Franklin Pkwy,$3B+,9687.8,4,48,excess_capital; near_10b_threshold; credit_turning; capital_building,15.668,0.976,1.082,0.819,95.438,1.83,0.521,4.356,246291,0.011
Credit Union,61004,San Diego County,San Diego,CA,92121,6545 Sequence Dr,$3B+,9546.2,3,32,excess_capital; near_10b_threshold; capital_building,19.824,1.0,0.197,0.189,65.871,1.084,0.231,4.508,403306,0.026
Credit Union,62745,Onpoint Community,Portland,OR,97208,Po Box 3750,$3B+,9532.8,4,48,excess_capital; near_10b_threshold; credit_turning; capital_building,15.004,0.964,0.976,0.834,79.986,2.81,0.852,6.818,661823,-0.003
Credit Union,6694,Members 1st,Enola,PA,17025,5000 Marketplace Way,$3B+,8661.0,4,48,excess_capital; near_10b_threshold; credit_turning; capital_building,14.797,0.953,0.73,1.16,96.157,4.759,1.0,6.167,634162,0.045
Credit Union,61552,University Of Michigan,Ann Arbor,MI,48107,Po Box 7850,$1B-$3B,1454.0,4,46,weak_efficiency; funding_liquidity; credit_turning; capital_building,11.077,0.552,0.819,1.25,103.298,0.816,0.177,8.603,121042,0.042
Credit Union,2658,First Source,New Hartford,NY,13413-6207,4451 Commercial Dr,$1B-$3B,1120.7,2,25,weak_efficiency; funding_liquidity,10.159,0.348,1.034,1.617,105.864,1.702,0.584,8.322,64681,0.04
Credit Union,65078,Community Choice,Johnston,IA,50131,6163 Nw 86Th St,$250M-$1B,922.9,4,46,weak_efficiency; funding_liquidity; growth_accelerating; capital_building,12.739,0.779,0.57,0.613,94.939,3.057,0.918,9.534,53683,0.061
Credit Union,9373,"America's Credit Union, A",Dupont,WA,98327-5060,P.O. Box 5060,$250M-$1B,709.5,3,30,weak_efficiency; funding_liquidity; capital_building,10.621,0.518,0.317,0.651,99.044,1.131,0.371,8.514,29338,0.021
Credit Union,8111,Randolph-brooks,Universal City,TX,78148-2097,P.O. Box 2097,$3B+,19565.1,4,44,excess_capital; credit_deterioration; credit_turning; capital_building,13.418,0.87,1.267,1.522,82.375,2.948,0.888,5.263,1152532,0.046
Credit Union,24563,Esl,Rochester,NY,14604,225 Chestnut St,$3B+,10803.2,3,39,excess_capital; rapid_growth; growth_accelerating,16.401,0.982,0.905,1.661,74.239,4.522,0.994,5.145,485535,0.122
Credit Union,67928,Eecu,Fort Worth,TX,76102,1617 W 7Th St,$3B+,4875.0,3,28,excess_capital; rapid_growth; capital_building,12.696,0.822,0.451,0.556,93.094,3.202,0.935,3.935,307364,0.116
Credit Union,67390,Georgia's Own,Atlanta,GA,30348,P.O. Box 105205,$3B+,4217.5,3,39,credit_deterioration; weak_profitability; credit_turning,9.986,0.325,1.149,5.677,88.255,-2.238,0.012,6.667,240275,-0.017
Credit Union,66538,Connexus,Wausau,WI,54402,Po Box 8026,$3B+,4135.7,3,39,credit_deterioration; weak_profitability; credit_turning,7.201,0.012,1.892,4.047,91.261,0.124,0.03,6.063,417271,0.06
Credit Union,68428,Premier America,Chatsworth,CA,91311-6532,19867 Prairie St,$3B+,3319.4,2,23,credit_deterioration; weak_profitability,9.433,0.207,1.797,0.83,87.12,-1.251,0.018,6.202,124777,-0.0
Credit Union,1520,Tennessee Valley,Chattanooga,TN,37422-3967,Po Box 23967,$3B+,3258.1,4,44,excess_capital; rapid_growth; credit_turning; capital_building,14.749,0.947,0.77,0.615,87.748,3.019,0.905,6.414,181021,0.109
Credit Union,159,Three Rivers,Fort Wayne,IN,46801,Po Box 2573,$1B-$3B,2929.4,3,39,excess_capital; credit_deterioration; credit_turning,13.256,0.803,1.47,0.857,86.369,3.832,0.987,6.898,139191,0.08
Credit Union,24887,Ttcu,Tulsa,OK,74159-0999,Po Box 4999,$1B-$3B,2706.2,3,39,excess_capital; credit_deterioration; credit_turning,13.447,0.832,1.488,2.699,55.089,1.816,0.648,6.14,147634,0.055
Credit Union,7531,Hughes,Tucson,AZ,85734,Po Box 11900,$1B-$3B,2599.4,3,39,credit_deterioration; weak_profitability; credit_turning,8.862,0.094,2.276,5.709,88.849,0.239,0.061,6.229,191474,0.011
Credit Union,68576,Kitsap,Bremerton,WA,98337-5606,Po Box 990,$1B-$3B,2507.0,4,55,credit_deterioration; weak_profitability; growth_accelerating; credit_turning,8.348,0.055,0.787,2.695,88.727,0.642,0.132,6.934,166096,0.069
Credit Union,619,Lafayette,Rockville,MD,20852,2701 Tower Oaks Blvd,$1B-$3B,2078.7,3,39,credit_deterioration; weak_profitability; credit_turning,12.441,0.716,2.331,8.75,54.2,0.212,0.055,5.525,56729,0.034
Credit Union,68665,"Superior Credit Union, Inc",Lima,OH,45807,4230 Elida Rd,$1B-$3B,1964.1,4,44,excess_capital; rapid_growth; growth_accelerating; capital_building,15.203,0.903,0.196,0.049,76.503,3.685,0.984,5.015,101536,0.106
Credit Union,24957,Coasthills,Santa Maria,CA,93456,P. O. Box 8000,$1B-$3B,1766.2,3,39,credit_deterioration; weak_profitability; credit_turning,7.997,0.032,0.669,2.774,88.393,-0.038,0.026,7.393,84724,-0.005
Credit Union,24292,Northrop Grumman,Gardena,CA,90247,P.O. Box 47009,$1B-$3B,1645.4,3,39,credit_deterioration; weak_profitability; credit_turning,9.006,0.103,1.617,1.388,55.794,0.41,0.077,6.354,83767,0.031
Credit Union,24542,San Francisco,San Francisco,CA,94102-3120,770 Golden Gate Avenue,$1B-$3B,1627.9,4,44,excess_capital; rapid_growth; growth_accelerating; capital_building,13.287,0.813,0.152,0.265,69.142,2.249,0.794,5.265,52101,0.128
Credit Union,62969,Collins Community,Cedar Rapids,IA,52410-0500,P. O. Box 10500,$1B-$3B,1527.3,3,39,credit_deterioration; weak_profitability; credit_turning,7.778,0.013,2.474,0.652,85.543,-0.347,0.016,6.174,81267,-0.032
Credit Union,624,United States Senate,Alexandria,VA,22314-1691,1310 Braddock Pl,$1B-$3B,1486.8,3,39,credit_deterioration; weak_profitability; credit_turning,7.882,0.023,1.629,1.93,79.85,0.377,0.074,5.527,52712,-0.018
Credit Union,24824,S. C. State,Columbia,SC,29202,P.O. Box 726,$1B-$3B,1470.2,4,44,excess_capital; credit_deterioration; credit_turning; capital_building,15.566,0.919,0.821,2.012,70.197,4.121,0.994,6.357,94160,0.055
Credit Union,24931,Park,Louisville,KY,40299-2465,2515 Blankenbaker Pkwy,$1B-$3B,1429.8,4,44,excess_capital; credit_deterioration; credit_turning; capital_building,17.86,0.968,2.004,3.136,97.134,0.807,0.174,6.751,82105,0.05
Credit Union,68415,Southland,Los Alamitos,CA,90720-1303,P. O. Box 3003,$1B-$3B,1308.2,2,23,credit_deterioration; weak_profitability,8.511,0.065,1.478,1.297,82.707,0.645,0.135,6.054,70143,0.032
Credit Union,7835,Rize,El Monte,CA,91734-2317,Po Box 8017,$1B-$3B,1293.7,4,44,credit_deterioration; weak_profitability; credit_turning; capital_building,10.386,0.381,0.888,2.257,97.22,-0.561,0.006,7.858,87161,0.039
Credit Union,68302,Five Star,Dothan,AL,36302-2028,Po Box 2028,$1B-$3B,1261.2,3,39,excess_capital; credit_deterioration; credit_turning,13.822,0.865,1.501,1.059,79.2,2.171,0.765,7.928,68823,0.037
Credit Union,67208,Westby Co-op,Westby,WI,54667,P O Box 70,$1B-$3B,1023.9,3,39,excess_capital; credit_deterioration; credit_turning,15.635,0.923,1.435,0.471,83.764,2.457,0.855,6.058,41714,0.057
Credit Union,63932,1st Midamerica,Bethalto,IL,62010,731 E Bethalto Dr,$1B-$3B,1014.1,3,28,excess_capital; credit_deterioration; capital_building,13.335,0.816,2.012,0.516,98.869,2.431,0.842,7.737,64586,-0.02
Credit Union,5612,Altaone,Ridgecrest,CA,93556,Po Box 1209,$250M-$1B,967.2,2,23,credit_deterioration; weak_profitability,9.192,0.232,0.703,1.996,87.243,0.334,0.082,7.192,53422,0.016
Credit Union,24812,Westreet,Tulsa,OK,74101,Po Box 267,$250M-$1B,966.8,3,39,credit_deterioration; weak_profitability; credit_turning,9.554,0.286,2.768,1.3,84.417,0.341,0.089,7.728,61218,0.014
Credit Union,68223,Qualstar,Bothell,WA,98041-3050,Po Box 3050,$250M-$1B,939.3,4,44,excess_capital; credit_deterioration; credit_turning; capital_building,16.028,0.95,1.41,2.969,73.231,2.795,0.875,5.116,62877,0.075
Credit Union,9230,Certified,El Monte,CA,91731,4455 Arden Dr,$250M-$1B,925.3,3,28,excess_capital; credit_deterioration; capital_building,20.71,0.993,0.369,1.945,80.859,2.486,0.825,6.85,58130,0.033
Credit Union,9296,Sun Community,El Centro,CA,92243-2315,1068 Broadway Ave,$250M-$1B,895.6,4,44,credit_deterioration; weak_profitability; credit_turning; capital_building,8.397,0.107,0.247,3.461,84.311,-0.508,0.018,8.341,56001,0.089
Credit Union,18336,Communitywide,South Bend,IN,46619-3742,1555 W Western Ave,$250M-$1B,873.9,3,39,excess_capital; credit_deterioration; credit_turning,13.158,0.814,2.452,5.094,82.002,1.304,0.446,4.324,68779,0.031
Credit Union,24963,First South Financial,Bartlett,TN,38134,2723 Summer Oaks Dr,$250M-$1B,844.8,2,23,excess_capital; credit_deterioration,30.229,1.0,0.223,1.817,82.991,3.941,0.975,6.837,72208,0.053
Credit Union,68444,First,Chandler,AZ,85225,25 S Arizona Pl Ste 111,$250M-$1B,811.6,4,44,credit_deterioration; weak_profitability; credit_turning; capital_building,9.103,0.207,0.534,2.486,75.113,0.489,0.136,7.341,44684,0.059
Credit Union,14568,LA Capitol,Baton Rouge,LA,70821-3398,P.O. Box 3398,$250M-$1B,798.4,3,39,excess_capital; credit_deterioration; credit_turning,13.103,0.811,1.426,2.229,89.671,1.689,0.579,7.728,51535,0.028
Credit Union,68517,Verity,Seattle,WA,98133,11027 Meridian Ave N,$250M-$1B,786.5,3,39,credit_deterioration; weak_profitability; credit_turning,9.173,0.229,1.907,1.158,86.341,0.341,0.086,7.826,34368,0.022
Credit Union,66824,Freedom,Springfield,MA,01101-3009,Po Box 3009,$250M-$1B,764.0,3,39,excess_capital; credit_deterioration; credit_turning,14.261,0.886,1.812,0.103,84.637,1.148,0.379,6.577,31456,0.035
Credit Union,10866,Kinetic,Columbus,GA,31908-0818,P.O. Box 9818,$250M-$1B,664.6,4,44,excess_capital; credit_deterioration; credit_turning; capital_building,14.083,0.871,1.55,2.281,78.28,0.62,0.179,7.619,44849,0.081
Credit Union,66365,Align,Lowell,MA,01851,87 Hale St,$250M-$1B,650.9,3,39,credit_deterioration; weak_profitability; credit_turning,8.672,0.143,1.455,0.28,74.817,-0.905,0.007,7.242,26942,-0.002
Credit Union,67344,Insight,Winter Springs,FL,32708,270 Winding Hollow Blvd,$250M-$1B,629.1,4,44,weak_profitability; near_500m_audit; credit_turning; capital_building,10.148,0.421,1.133,1.412,65.183,-0.021,0.029,7.683,41917,-0.078
Credit Union,61741,Commonwealth Central,San Jose,CA,95138,5890 Silver Creek Valley Rd,$250M-$1B,624.9,3,28,excess_capital; near_500m_audit; capital_building,14.228,0.882,0.408,1.222,81.453,1.401,0.471,7.501,37635,0.013
Credit Union,61089,Homeland,Chillicothe,OH,45601,P O Box 1974,$250M-$1B,624.2,3,39,excess_capital; near_500m_audit; credit_turning,15.791,0.946,1.105,1.774,30.452,1.869,0.629,4.242,25697,0.048
Credit Union,67668,Floridacentral,Tampa,FL,33679-8605,P.O. Box 18605,$250M-$1B,621.8,2,23,weak_profitability; near_500m_audit,7.831,0.046,0.686,1.216,69.043,0.352,0.096,7.602,44253,0.022
Credit Union,62665,Central Willamette,Albany,OR,97321,Po Box 1899,$250M-$1B,617.6,4,44,excess_capital; near_500m_audit; credit_turning; capital_building,14.386,0.889,1.018,1.715,83.362,2.053,0.689,8.425,37367,0.023
Credit Union,68441,Excite,San Jose,CA,95125,265 Curtner Avenue,$250M-$1B,613.8,3,39,weak_profitability; near_500m_audit; credit_turning,6.895,0.014,0.54,1.754,80.355,0.055,0.043,8.319,42010,0.004
Credit Union,67611,Educators,Waco,TX,76702,P O Box 20728,$250M-$1B,609.5,3,28,excess_capital; near_500m_audit; capital_building,20.325,0.989,0.173,0.056,28.405,4.601,0.979,2.455,27329,0.052
Credit Union,15146,Dugood,Beaumont,TX,77726,Po Box 12899,$250M-$1B,609.4,3,28,excess_capital; near_500m_audit; capital_building,13.373,0.836,0.086,0.388,80.31,2.823,0.886,5.825,37923,0.074
Credit Union,61231,Financial Plus,Ottawa,IL,61350,800 Chestnut St.,$250M-$1B,607.4,2,23,excess_capital; near_500m_audit,13.24,0.821,0.452,0.755,75.976,2.956,0.911,7.275,46216,0.098
Credit Union,68572,Via Credit Union,Marion,IN,46953-5351,4505 S Adams St,$250M-$1B,604.4,4,44,excess_capital; near_500m_audit; credit_turning; capital_building,13.182,0.818,0.622,0.911,87.366,1.737,0.596,5.075,37548,0.045
Credit Union,60666,Sovita,Flint,MI,48532,Po Box 320830,$250M-$1B,592.0,3,28,excess_capital; near_500m_audit; capital_building,16.095,0.954,0.314,0.18,27.548,2.216,0.736,4.011,17583,0.063
Credit Union,68666,Transcend,Louisville,KY,40261-0303,P. O. Box 18303,$250M-$1B,588.3,2,23,excess_capital; near_500m_audit,13.368,0.832,0.129,0.357,90.998,2.385,0.811,5.554,50984,0.045
Credit Union,64441,Heartland,Springfield,IL,62704-6498,2213 W White Oaks Dr,$250M-$1B,573.7,3,28,excess_capital; near_500m_audit; capital_building,13.744,0.861,0.249,0.488,78.875,3.562,0.957,5.014,35845,0.086
Credit Union,7573,Arlington Community,Arlington,VA,22204-7070,Po Box 40070,$250M-$1B,537.8,2,23,weak_profitability; near_500m_audit,7.947,0.064,0.435,0.713,94.552,0.446,0.114,8.079,26132,0.016
Credit Union,8475,Otero,Alamogordo,NM,88311-2800,P.O. Box 2800,$250M-$1B,535.3,3,28,excess_capital; near_500m_audit; capital_building,15.538,0.939,0.257,1.159,55.548,3.445,0.95,5.572,33764,0.059
Credit Union,10933,Servu,Painted Post,NY,14870-1006,87 Victory Hwy,$250M-$1B,529.2,4,44,excess_capital; near_500m_audit; credit_turning; capital_building,14.831,0.918,0.469,0.393,86.132,2.795,0.879,6.761,43851,0.06
Credit Union,63757,Liberty First,Lincoln,NE,68503-3718,501 North 46Th,$250M-$1B,523.4,4,44,excess_capital; near_500m_audit; credit_turning; capital_building,15.077,0.929,0.79,0.51,91.375,3.508,0.954,8.247,36060,0.026
Credit Union,23494,Carolinas Telco,Charlotte,NC,28266,Po Box 668467,$250M-$1B,506.3,4,44,excess_capital; near_500m_audit; credit_turning; capital_building,15.061,0.921,0.907,1.135,69.505,1.05,0.336,7.023,31584,0.002
Credit Union,24202,Telcoe,Little Rock,AR,72203,Po Box 34200,$250M-$1B,503.4,2,23,excess_capital; near_500m_audit,20.213,0.986,0.117,0.049,37.009,1.608,0.539,2.59,23699,0.038
Credit Union,68713,Desert Financial,Phoenix,AZ,85034,148 N 48Th St,$3B+,9887.8,2,27,near_10b_threshold; capital_building,11.748,0.692,0.466,0.578,59.911,2.216,0.639,6.261,517794,0.09
Credit Union,64131,Pennsylvania State Employees,Harrisburg,PA,17106,Po Box 67013,$3B+,9653.7,3,43,near_10b_threshold; credit_turning; capital_building,11.852,0.716,0.754,1.671,83.999,3.952,0.988,4.726,547167,0.072
Credit Union,23957,American Airlines,Fort Worth,TX,76155,14050 Faa Blvd,$3B+,9496.0,2,27,near_10b_threshold; capital_building,11.681,0.68,0.604,0.919,66.538,1.813,0.515,3.39,374627,0.026
Credit Union,51,Broadview,Albany,NY,12205-1121,4 Winners Circle,$3B+,9360.7,2,27,near_10b_threshold; capital_building,8.795,0.112,0.803,0.573,83.217,1.268,0.254,6.627,516899,0.027
Credit Union,67297,Space Coast,Melbourne,FL,32940-7920,8045 N Wickham Rd,$3B+,9151.0,1,22,near_10b_threshold,11.414,0.657,0.803,1.542,97.096,1.573,0.408,5.892,705088,-0.001
Credit Union,66357,Delta Community,Atlanta,GA,30339-6419,3250 Riverwood Pkwy Se,$3B+,9121.3,2,27,near_10b_threshold; capital_building,12.585,0.799,0.222,0.594,83.683,2.339,0.728,6.494,547012,0.032
Credit Union,68448,Citizens Equity First,Peoria,IL,61656-1715,Po Box 1715,$3B+,8500.0,3,43,near_10b_threshold; credit_turning; capital_building,11.645,0.669,0.956,1.425,87.416,2.667,0.799,4.364,423526,0.04
Credit Union,68061,Solarity,Yakima,WA,98907,Po Box 2922,$250M-$1B,803.5,4,25,excess_capital; funding_liquidity; weak_profitability; capital_building,17.604,0.968,0.444,1.599,109.208,0.009,0.032,7.848,45534,-0.013
Credit Union,24962,Virginia,Richmond,VA,23225-9010,P.O. Box 90010,$3B+,7373.5,3,25,weak_efficiency; weak_profitability; capital_building,10.755,0.509,1.049,1.459,83.482,0.751,0.13,7.955,480100,0.054
Credit Union,24524,Tinker,Oklahoma City,OK,73145,Po Box 45750,$3B+,6119.2,4,41,excess_capital; weak_efficiency; credit_turning; capital_building,14.723,0.941,0.625,1.928,69.12,1.64,0.432,7.247,488459,-0.009
Credit Union,66584,California Coast,San Diego,CA,92150-2080,P.O. Box 502080,$3B+,3476.1,3,25,excess_capital; weak_efficiency; capital_building,13.915,0.893,0.261,0.361,78.226,2.325,0.71,7.516,211695,0.036
Credit Union,13242,Chartway,Virginia Beach,VA,23462-1752,5700 Cleveland St,$3B+,3228.5,3,36,weak_efficiency; weak_profitability; credit_turning,8.373,0.059,1.154,1.679,94.716,0.813,0.136,7.52,257809,0.029
Credit Union,1022,South Carolina,North Charlesto,SC,29419-9012,Po Box 190012,$1B-$3B,2586.1,4,41,excess_capital; weak_efficiency; credit_turning; capital_building,13.344,0.819,0.597,0.945,93.177,1.953,0.71,10.15,157780,0.029
Credit Union,24410,SRP,North Augusta,SC,29861,Po Box 6730,$1B-$3B,2087.2,3,25,excess_capital; weak_efficiency; capital_building,13.791,0.861,0.739,1.695,81.923,2.675,0.877,8.872,203074,0.057
Credit Union,60522,Michigan First,Lathrup Village,MI,48076,27000 Evergreen Road,$1B-$3B,1489.8,4,41,excess_capital; weak_efficiency; credit_turning; capital_building,15.798,0.932,1.143,1.894,97.424,1.176,0.326,13.727,160186,-0.017
Credit Union,2441,Amoco,Texas City,TX,77592,Po Box 889,$1B-$3B,1486.0,2,20,weak_efficiency; weak_profitability,9.202,0.142,0.933,1.43,93.162,0.714,0.148,8.431,96445,0.052
Credit Union,68716,Launch Credit Union,Merritt Island,FL,32952,300 S Plumosa St,$1B-$3B,1440.6,2,20,weak_efficiency; weak_profitability,9.321,0.152,0.953,0.982,96.688,0.577,0.106,8.849,87188,0.017
Credit Union,22458,Sharonview,Fort Mill,SC,29716,Po Box 2070,$1B-$3B,1328.2,3,36,weak_efficiency; weak_profitability; credit_turning,7.632,0.01,1.184,1.551,80.276,-0.467,0.01,8.173,81582,-0.015
Credit Union,67804,Vantage,Saint Charles,MO,63304-5616,19 Research Park Ct,$1B-$3B,1163.9,3,36,weak_efficiency; weak_profitability; credit_turning,7.827,0.019,0.587,1.423,80.285,0.692,0.145,10.072,68026,0.042
Credit Union,361,Spero Financial,Greenville,SC,29603,Po Box 10708,$250M-$1B,701.5,2,20,weak_efficiency; weak_profitability,8.296,0.093,0.944,1.588,94.197,0.233,0.061,8.608,45560,0.002
Credit Union,5536,Navy Federal Credit Union,Vienna,VA,22180,820 Follin Lane,$3B+,204364.3,2,34,credit_deterioration; credit_turning,11.648,0.675,1.575,4.705,84.405,2.764,0.828,6.649,15517448,0.066
Credit Union,66310,State Employees',Raleigh,NC,27603,119 N Salisbury St,$3B+,59971.3,3,39,credit_deterioration; credit_turning; capital_building,10.123,0.355,2.38,1.323,72.299,1.443,0.325,4.213,2998339,0.067
Credit Union,227,Pentagon,Mclean,VA,22102,7940 Jones Branch Dr,$3B+,29196.1,1,18,credit_deterioration,10.721,0.497,1.071,2.606,87.814,1.973,0.574,5.188,2751004,-0.027
Credit Union,24692,Mountain America,Sandy,UT,84091,P.O. Box 2331,$3B+,22854.4,2,34,credit_deterioration; credit_turning,9.547,0.237,1.303,2.409,92.419,1.746,0.485,6.778,1458467,0.061
Credit Union,4735,Fourleaf,Bethpage,NY,11714,899 So. Oyster Bay Road,$3B+,14423.9,2,34,credit_deterioration; credit_turning,8.994,0.13,2.228,1.117,87.875,1.154,0.237,4.691,527355,0.039
Credit Union,5913,Global,Anchorage,AK,99519-6613,Po Box 196613,$3B+,13003.6,3,50,credit_deterioration; growth_accelerating; credit_turning,9.699,0.254,1.425,1.155,93.332,0.955,0.178,6.625,808644,-0.004
Credit Union,60793,Redwood,Santa Rosa,CA,95406,Po Box 6104,$3B+,10704.2,2,23,rapid_growth; capital_building,12.414,0.787,0.722,1.463,91.374,2.671,0.805,4.595,423257,0.126
Credit Union,66751,Landmark,Brookfield,WI,53005-4220,555 S Executive Dr,$3B+,7905.1,1,18,rapid_growth,10.669,0.479,0.417,0.471,99.226,2.296,0.669,5.05,407868,0.108
Credit Union,66492,University Of Wisconsin,Madison,WI,53744,Po Box 44963,$3B+,6716.1,2,34,rapid_growth; growth_accelerating,9.21,0.166,0.476,1.195,81.135,2.213,0.627,6.59,396812,0.105
Credit Union,24921,Service,Portsmouth,NH,03801,3003 Lafayette Rd,$3B+,6700.6,3,39,credit_deterioration; credit_turning; capital_building,11.893,0.722,2.603,1.56,94.851,1.882,0.533,6.641,388968,0.091
Credit Union,68203,Spokane Teachers,Liberty Lake,WA,99019,1620 N Signal Dr,$3B+,6381.0,2,34,credit_deterioration; credit_turning,10.381,0.414,1.393,1.281,96.554,1.335,0.278,6.137,313593,0.007
Credit Union,1261,Langley,Newport News,VA,23606,721 Lakefront Cmns,$3B+,5624.5,2,34,credit_deterioration; credit_turning,9.247,0.172,1.321,2.207,95.079,1.526,0.373,5.62,408716,0.008
Credit Union,24362,Affinity Plus,Saint Paul,MN,55107-1420,175 W Lafayette Frontage Rd,$3B+,5045.9,2,34,rapid_growth; growth_accelerating,8.784,0.107,0.569,1.366,88.816,2.36,0.746,6.157,303111,0.123
Credit Union,2760,Jovia Financial,Westbury,NY,11590,1000 Corporate Dr,$3B+,4563.4,1,18,credit_deterioration,9.789,0.278,1.277,1.204,88.748,1.485,0.355,4.694,235404,0.007
Credit Union,66848,Covantage,Antigo,WI,54409,Po Box 107,$3B+,4206.5,3,50,credit_deterioration; growth_accelerating; credit_turning,9.768,0.266,1.278,0.456,97.572,2.373,0.751,4.459,186054,0.097
Credit Union,61503,Advia,Kalamazoo,MI,49009-9272,6400 W Main St,$3B+,4061.4,1,18,rapid_growth,9.733,0.26,0.699,0.918,97.191,2.2,0.621,5.592,189402,0.101
Credit Union,68391,Campus USA,Gainesville,FL,32614,Po Box 147029,$3B+,4043.8,2,34,rapid_growth; growth_accelerating,12.25,0.757,0.376,0.76,98.292,2.522,0.775,4.609,164703,0.107
Credit Union,17642,All IN,Daleville,AL,36322,Po Drawer 8,$3B+,3734.7,2,34,credit_deterioration; credit_turning,10.108,0.343,1.758,3.006,88.024,2.313,0.692,5.493,214129,0.045
Credit Union,68558,Vantage West,Tucson,AZ,85712-5735,2480 N. Arcadia Ave,$3B+,3336.3,2,34,credit_deterioration; credit_turning,10.323,0.396,0.842,2.967,89.416,1.552,0.402,6.837,217416,0.04
Credit Union,68433,Americu,Rome,NY,13440,1916 Black River Blvd,$3B+,3026.9,3,39,credit_deterioration; credit_turning; capital_building,9.563,0.243,1.885,1.893,96.765,1.372,0.29,6.389,210014,0.073
Credit Union,24970,Commonwealth,Frankfort,KY,40602-0978,Po Box 978,$1B-$3B,2917.9,1,18,rapid_growth,11.263,0.571,0.874,1.873,84.075,3.095,0.932,5.6,149646,0.109
Credit Union,1644,Corning,Corning,NY,14830-1050,Po Box 1450,$1B-$3B,2772.9,2,23,rapid_growth; capital_building,10.855,0.5,0.452,0.971,95.776,1.656,0.571,6.267,169336,0.103
Credit Union,9260,L & N,Louisville,KY,40229-1578,9115 Smyrna Pkwy,$1B-$3B,2647.9,1,18,rapid_growth,10.553,0.426,0.264,0.117,91.7,2.215,0.781,4.886,122957,0.1
Credit Union,24854,"Credit Union Of Colorado, A",Denver,CO,80217-5906,Po Box 5906,$1B-$3B,2632.6,2,34,credit_deterioration; credit_turning,10.44,0.394,0.735,2.086,77.165,1.057,0.258,7.362,171255,0.032
Credit Union,60806,Texans,Richardson,TX,75085-3912,Po Box 853912,$1B-$3B,2576.7,4,55,rapid_growth; growth_accelerating; credit_turning; capital_building,11.069,0.545,0.688,0.984,79.583,1.68,0.574,5.617,150417,0.103
Credit Union,60484,Associated Credit Union,Norcross,GA,30092-3107,6251 Crooked Creek Road,$1B-$3B,2547.8,3,39,rapid_growth; growth_accelerating; capital_building,13.025,0.787,0.303,1.086,84.868,1.432,0.448,7.278,172237,0.111
Credit Union,9589,Barksdale,Barksdale Afb,LA,71110-0009,Po Box 9,$1B-$3B,2461.8,2,34,credit_deterioration; credit_turning,8.964,0.1,1.914,2.346,61.88,1.236,0.355,7.062,160877,0.044
Credit Union,3454,Communication,Oklahoma City,OK,73116-1682,"4141 Nw Expressway, Suite 200",$1B-$3B,2384.4,3,50,credit_deterioration; growth_accelerating; credit_turning,11.831,0.652,1.239,3.133,77.49,2.057,0.735,4.715,134555,0.094
Credit Union,60337,I. H. Mississippi Valley,Moline,IL,61266,P.O. Box 1010,$1B-$3B,2296.3,2,34,credit_deterioration; credit_turning,9.086,0.119,0.856,2.089,93.471,2.228,0.784,6.996,149553,0.026
Credit Union,68434,Texas Trust,Mansfield,TX,76063,Po Box 2260,$1B-$3B,2112.7,2,34,credit_deterioration; credit_turning,10.549,0.423,0.945,2.222,91.134,1.201,0.339,6.241,136360,0.042
Credit Union,68577,Indiana University,Bloomington,IN,47402,Po Box 368,$1B-$3B,2092.3,3,50,rapid_growth; growth_accelerating; credit_turning,11.803,0.648,0.674,0.229,88.514,2.125,0.758,4.444,72046,0.104
Credit Union,9988,Safe,Sumter,SC,29151,P. O. Box 2008,$1B-$3B,1966.1,2,34,credit_deterioration; credit_turning,10.973,0.523,0.632,2.48,79.124,2.535,0.861,6.514,140414,0.043
Credit Union,66370,Scott,Edwardsville,IL,62025,101 Credit Union Way,$1B-$3B,1852.1,2,34,credit_deterioration; credit_turning,10.139,0.332,0.539,1.942,77.677,2.272,0.8,7.344,131312,0.027
Credit Union,23020,Publix Employees,Lakeland,FL,33802-1000,P.O. Box 1000,$1B-$3B,1800.2,2,34,rapid_growth; growth_accelerating,11.294,0.577,0.478,1.194,68.903,1.855,0.671,6.505,125683,0.116
Credit Union,7316,Pima,Tucson,AZ,85704-4223,6850 N Oracle Rd,$1B-$3B,1703.6,2,34,rapid_growth; growth_accelerating,9.404,0.171,0.561,0.843,78.327,2.386,0.823,5.081,75440,0.111
Credit Union,68646,Financial Plus,Flint,MI,48507-3263,G3381 Van Slyke Rd,$1B-$3B,1670.0,2,34,rapid_growth; growth_accelerating,11.706,0.635,0.484,1.347,89.563,1.795,0.635,7.283,81851,0.103
Credit Union,10174,Firstlight,El Paso,TX,79924,9983 Kenworthy St,$1B-$3B,1634.8,1,18,credit_deterioration,10.331,0.371,0.477,2.96,92.806,1.837,0.661,7.892,97419,0.028
Credit Union,24552,Noble,Fresno,CA,93720-1669,7 E River Park Pl E Ste 110,$1B-$3B,1506.7,3,50,rapid_growth; growth_accelerating; credit_turning,9.781,0.239,0.816,1.471,72.363,1.637,0.558,6.966,119198,0.122
Credit Union,64759,Del Norte,Los Alamos,NM,87544,Po Box 1180,$1B-$3B,1505.2,1,18,credit_deterioration,9.425,0.177,0.453,1.996,75.541,1.555,0.503,6.044,68538,0.081
Credit Union,68053,Sierra Central,Yuba City,CA,95993,1351 Harter Parkway,$1B-$3B,1504.3,1,18,credit_deterioration,10.005,0.3,0.552,2.007,74.511,1.414,0.435,5.879,86319,0.022
Credit Union,28,Centris,Omaha,NE,68144,13120 Pierce St,$1B-$3B,1492.1,2,34,credit_deterioration; credit_turning,9.353,0.158,1.529,2.819,95.873,1.457,0.458,7.795,130231,0.058
Credit Union,68458,Ventura County,Ventura,CA,93001,"2575 Vista Del Mar Dr, Suite 100",$1B-$3B,1473.2,3,39,credit_deterioration; credit_turning; capital_building,10.137,0.329,3.174,0.881,78.19,2.418,0.832,6.298,79535,0.022
Credit Union,12765,First Commonwealth,Lehigh Valley,PA,18002,Po Box 20450,$1B-$3B,1468.4,2,34,credit_deterioration; credit_turning,10.019,0.306,1.527,1.233,86.099,1.369,0.41,7.684,98474,0.036
Credit Union,68694,Gulf Winds,Pensacola,FL,32534-3145,220 E Nine Mile Rd,$1B-$3B,1362.7,1,18,rapid_growth,9.895,0.281,0.436,1.751,79.626,1.817,0.652,7.144,74541,0.125
Credit Union,8797,Wright Patman Congressional,Washington,DC,20026-3267,P O Box 23267,$1B-$3B,1290.1,3,39,credit_deterioration; credit_turning; capital_building,11.041,0.532,1.62,0.359,70.293,1.6,0.532,6.462,52232,0.022
Credit Union,65513,State Employees,Santa Fe,NM,87505,1611 Calle Lorca,$1B-$3B,1288.3,2,34,credit_deterioration; credit_turning,11.382,0.597,4.465,2.093,83.419,1.828,0.658,6.569,56434,-0.011
Credit Union,6011,Sidney,Sidney,NY,13838,42 Union St,$1B-$3B,1274.4,2,34,rapid_growth; growth_accelerating,10.501,0.41,0.849,1.138,90.062,2.456,0.852,6.811,75995,0.129
Credit Union,68301,First Commerce,Tallahassee,FL,32314,Po Box 6416,$1B-$3B,1237.8,1,18,rapid_growth,10.131,0.326,0.504,0.815,92.699,1.357,0.4,7.095,74967,0.103
Credit Union,68672,Crane,Odon,IN,47562,One West Gate Drive,$1B-$3B,1214.9,4,55,credit_deterioration; growth_accelerating; credit_turning; capital_building,12.782,0.748,1.689,0.529,82.779,2.858,0.916,5.574,68095,0.096
Credit Union,60216,Members Cooperative,Duluth,MN,55807,215 N 40Th Ave W,$1B-$3B,1163.6,2,34,credit_deterioration; credit_turning,10.798,0.481,1.485,0.773,97.836,2.113,0.752,7.07,60378,0.008
Credit Union,24405,Vermont,So Burlington,VT,05407-2147,Po Box 2147,$1B-$3B,1140.2,2,23,rapid_growth; capital_building,10.81,0.484,0.469,0.536,89.007,1.763,0.619,7.458,63532,0.127
Credit Union,67681,Neighborhood,Dallas,TX,75380-3476,Po Box 803476,$1B-$3B,1124.2,2,34,credit_deterioration; credit_turning,10.757,0.465,1.541,2.267,77.508,1.31,0.384,7.498,67059,-0.002
Credit Union,24986,Valley First,Modesto,CA,95353,Po Box 1411,$1B-$3B,1107.6,1,18,credit_deterioration,9.809,0.245,0.707,2.144,89.742,1.146,0.303,6.982,80982,
Credit Union,12977,Marine,Jacksonville,NC,28541-1551,P.O. Box 1551,$1B-$3B,1102.8,3,39,credit_deterioration; credit_turning; capital_building,10.424,0.39,1.357,3.641,87.013,1.151,0.306,7.24,76859,0.067
Credit Union,12199,Kirtland,Albuquerque,NM,87108,6440 Gibson Blvd Se,$1B-$3B,1101.0,2,34,credit_deterioration; credit_turning,12.397,0.71,0.794,1.947,75.294,1.087,0.268,6.238,50805,0.015
Credit Union,1829,HFS,Hilo,HI,96720-3828,632 Kinoole St,$1B-$3B,1098.6,2,34,credit_deterioration; credit_turning,9.322,0.155,1.408,1.222,48.796,1.924,0.694,5.019,56409,0.094
Credit Union,66353,Brazos Valley Schools,Katy,TX,77494,25525 Katy Mills Pkwy,$1B-$3B,1047.4,3,39,credit_deterioration; credit_turning; capital_building,10.63,0.452,1.324,2.079,46.6,2.2,0.774,6.075,64531,0.057
Credit Union,5924,Matanuska Valley,Palmer,AK,99645-6924,1020 S Bailey St,$250M-$1B,977.3,2,34,credit_deterioration; credit_turning,10.627,0.521,0.949,1.943,64.66,1.625,0.55,6.882,65721,0.0
Credit Union,61708,Arbor Financial,Kalamazoo,MI,49009-9404,1551 S 9Th St,$250M-$1B,899.0,3,39,credit_deterioration; credit_turning; capital_building,10.609,0.511,1.811,0.373,88.924,1.657,0.561,7.871,47138,-0.004
Credit Union,22157,Southwest Airlines,Dallas,TX,75235,Po Box 35708,$250M-$1B,860.9,3,39,credit_deterioration; credit_turning; capital_building,11.49,0.625,0.587,1.793,78.079,0.992,0.3,5.847,59070,0.044
Credit Union,14565,Maine Savings,Hampden,ME,04444,Po Box 347,$250M-$1B,858.1,2,34,credit_deterioration; credit_turning,7.909,0.057,1.686,0.946,84.765,1.297,0.439,8.137,43279,0.051
Credit Union,20194,Mid Minnesota,Baxter,MN,56425-8554,13283 Isle Dr,$250M-$1B,858.0,2,34,rapid_growth; growth_accelerating,9.295,0.246,0.433,0.486,92.283,2.304,0.786,8.45,68450,0.102
Credit Union,61823,Azura,Topeka,KS,66601-1128,Po Box 1128,$250M-$1B,851.9,2,34,credit_deterioration; credit_turning,10.28,0.457,0.746,2.113,76.893,1.105,0.364,8.437,59412,0.03
Credit Union,68505,Intouch,Plano,TX,75025-0169,Po Box 250169,$250M-$1B,837.4,2,34,credit_deterioration; credit_turning,8.91,0.179,1.376,1.227,88.882,1.949,0.654,7.806,71872,0.033
Credit Union,68062,America's Christian,Glendora,CA,91740-0808,Po Box 5100,$250M-$1B,819.8,3,50,rapid_growth; growth_accelerating; credit_turning,8.704,0.15,0.578,0.764,88.732,0.938,0.286,5.826,155301,0.116
Credit Union,11836,Bayer Heritage,New Martinsvill,WV,26155,788 N State Route 2,$250M-$1B,800.7,2,34,credit_deterioration; credit_turning,9.9,0.382,1.684,1.198,88.142,1.627,0.554,6.777,45056,0.035
Credit Union,7345,Caribe,San Juan,PR,00918-2404,195 Calle Oneill,$250M-$1B,799.9,1,18,credit_deterioration,12.039,0.711,0.49,2.882,88.082,7.076,1.0,4.534,64987,0.06
Credit Union,12443,Dover,Dover,DE,19904-2411,1075 Silver Lake Blvd,$250M-$1B,731.9,2,34,credit_deterioration; credit_turning,7.626,0.039,0.913,1.97,81.062,0.675,0.2,8.434,42742,0.038
Credit Union,11723,Cornerstone Community,Lockport,NY,14095-0830,Po Box 830,$250M-$1B,730.2,2,34,credit_deterioration; credit_turning,7.615,0.036,2.036,0.238,75.595,1.17,0.389,8.131,44239,0.033
Credit Union,68732,Innovations Financial,Panama City,FL,32406,P. O. Box 15529,$250M-$1B,696.1,1,18,rapid_growth,9.097,0.2,0.139,0.614,86.647,1.691,0.582,7.078,28108,0.122
Credit Union,6665,Financial Resources,Branchburg,NJ,08876-3594,3040 Us Highway 22 Bldg 2,$250M-$1B,659.0,3,39,credit_deterioration; credit_turning; capital_building,8.861,0.161,3.347,1.099,88.188,0.556,0.157,7.258,30848,0.062
Credit Union,7091,Metro CU,Omaha,NE,68139,P.O. Box 390696,$250M-$1B,646.4,2,23,near_500m_audit; capital_building,12.761,0.782,0.246,0.268,84.814,2.3,0.779,7.221,45352,0.072
Credit Union,68038,Evergreen,Portland,ME,04104,Po Box 1038,$250M-$1B,644.5,2,34,near_500m_audit; credit_turning,7.86,0.054,1.051,0.438,82.937,1.469,0.493,8.057,33294,0.068
Credit Union,62903,Partner Colorado,Arvada,CO,80001,P.O. Box 1346,$250M-$1B,643.6,1,18,near_500m_audit,9.392,0.264,0.452,0.965,78.872,0.745,0.229,6.529,36206,0.072
Credit Union,68609,Our Community,Shelton,WA,98584,Po Box 1670,$250M-$1B,638.3,2,23,near_500m_audit; capital_building,12.666,0.768,0.482,1.402,40.729,2.324,0.8,6.466,31656,0.029
Credit Union,15222,Coast360,Maite,GU,96910,450 Route 8,$250M-$1B,633.0,1,18,near_500m_audit,12.124,0.725,0.805,0.898,78.889,1.521,0.507,6.503,49838,0.064
Credit Union,22931,G.p.o.,New Hartford,NY,13413,4311 Middle Settlement Rd,$250M-$1B,629.8,2,23,near_500m_audit; capital_building,11.703,0.668,0.387,0.687,59.595,2.214,0.732,7.107,43619,0.085
Credit Union,67252,Emblem,Gadsden,AL,35902,P O Box 1400,$250M-$1B,627.6,1,18,near_500m_audit,11.293,0.611,0.634,0.46,85.984,2.299,0.775,6.751,29813,0.089
Credit Union,62038,Embers,Marquette,MI,49855,601 S Mcclellan Ave,$250M-$1B,621.8,1,18,near_500m_audit,12.069,0.718,0.644,0.182,75.14,2.122,0.707,6.903,33458,0.093
Credit Union,2876,National Police,Chicago,IL,60607,1407 W. Washington,$250M-$1B,620.7,1,18,near_500m_audit,8.864,0.164,0.766,1.09,58.479,1.222,0.418,5.98,42634,0.061
Credit Union,68667,Southpoint Financial,Sleepy Eye,MN,56085-4380,924 Main St E,$250M-$1B,608.9,1,18,near_500m_audit,11.169,0.6,0.169,0.362,86.803,1.538,0.521,6.489,34823,0.042
Credit Union,63639,Minnco,Cambridge,MN,55008,2215 3Rd Ave Ne,$250M-$1B,604.7,2,34,near_500m_audit; credit_turning,9.947,0.389,0.438,1.002,68.019,1.818,0.618,6.202,37209,0.064
Credit Union,3439,Fairmont,Fairmont,WV,26555-2139,Po Box 2139,$250M-$1B,603.1,2,23,near_500m_audit; capital_building,9.706,0.325,0.691,0.087,70.44,1.72,0.593,6.436,45768,0.069
Credit Union,60279,Siu,Carbondale,IL,62902,P.O. Box 2888,$250M-$1B,591.3,3,39,near_500m_audit; growth_accelerating; capital_building,11.558,0.643,0.902,1.193,75.345,2.332,0.807,6.536,46485,0.091
Credit Union,68661,Members Heritage,Lexington,KY,40511-1829,440 Park Pl,$250M-$1B,590.8,2,23,near_500m_audit; capital_building,12.389,0.75,0.919,0.523,72.895,1.361,0.464,6.5,55277,0.056
Credit Union,11674,Firelands,Bellevue,OH,44811,Po Box 8005,$250M-$1B,579.9,1,18,near_500m_audit,9.617,0.3,0.824,1.24,67.559,2.293,0.768,7.54,36716,0.099
Credit Union,2440,First New York,Albany,NY,12205,2 Wall Street,$250M-$1B,574.0,1,18,near_500m_audit,8.874,0.171,0.478,0.492,81.475,1.02,0.311,8.009,39264,0.094
Credit Union,68409,Cabrillo,San Diego,CA,92123,3710 Ruffin Rd,$250M-$1B,573.5,2,23,near_500m_audit; capital_building,9.493,0.279,0.923,1.142,80.727,0.91,0.282,7.405,30303,0.09
Credit Union,60457,Dutch Point,Wethersfield,CT,06109-1240,195 Silas Deane Hwy,$250M-$1B,565.4,1,18,near_500m_audit,10.552,0.5,0.122,0.404,63.865,2.017,0.679,5.702,24544,0.061
Credit Union,68638,The Southern,Fayetteville,GA,30214,Po Box 1509,$250M-$1B,560.2,2,23,near_500m_audit; capital_building,11.597,0.654,0.103,0.305,42.02,0.859,0.257,7.196,29763,0.022
Credit Union,15209,Call,Glen Allen,VA,23060-5505,4235 Innslake Dr Ste 110,$250M-$1B,557.1,2,23,near_500m_audit; capital_building,10.467,0.486,0.596,0.246,54.629,0.563,0.164,7.641,27508,0.03
Credit Union,15882,Desco,Portsmouth,OH,45662,P.O. Box 1546,$250M-$1B,550.7,2,23,near_500m_audit; capital_building,11.767,0.675,0.515,0.243,66.801,1.967,0.657,6.709,25044,0.068
Credit Union,68474,First U.s. Community,Sacramento,CA,95825,580 University Ave,$250M-$1B,547.9,1,18,near_500m_audit,11.948,0.7,0.916,1.195,74.53,0.644,0.182,6.252,27231,0.008
Credit Union,66678,Simplicity,Marshfield,WI,54449-1543,222 E Upham St,$250M-$1B,546.7,2,34,near_500m_audit; credit_turning,9.816,0.354,1.221,0.538,93.197,1.432,0.479,7.831,29138,0.053
Credit Union,1961,Pearl Hawaii,Waipahu,HI,96797,94-449 Ukee St,$250M-$1B,545.1,1,18,near_500m_audit,10.186,0.429,0.424,1.079,52.169,2.675,0.854,4.937,31649,0.093
Credit Union,19085,Pittsford,Pittsford,NY,14534,Po Box 346,$250M-$1B,542.3,2,23,near_500m_audit; capital_building,11.915,0.693,0.554,0.02,74.711,1.544,0.525,4.421,20966,0.008
Credit Union,67874,Champions First,Tallahassee,FL,32318,Po Box 182499,$250M-$1B,540.7,1,18,near_500m_audit,10.545,0.496,1.266,0.954,87.584,1.249,0.429,6.936,33076,0.076
Credit Union,19510,Lebanon,Lebanon,PA,17042,120 S 16Th St,$250M-$1B,539.7,1,18,near_500m_audit,9.87,0.364,0.611,0.99,86.694,2.744,0.868,6.568,36466,0.054
Credit Union,15394,Peake,Towson,MD,21204,23 W Susquehanna Ave,$250M-$1B,534.2,1,18,near_500m_audit,8.64,0.132,0.18,0.348,67.799,1.283,0.432,5.32,28648,0.033
Credit Union,10794,The County,Presque Isle,ME,04769,110 Carmichael St,$250M-$1B,529.8,2,23,near_500m_audit; capital_building,10.73,0.536,0.585,0.288,83.763,1.004,0.304,6.839,33128,0.084
Credit Union,68623,Revity,Granite City,IL,62040-4179,3970 Maryville Road,$250M-$1B,526.5,2,34,near_500m_audit; growth_accelerating,10.4,0.471,0.427,0.473,74.218,2.606,0.839,7.118,37037,0.052
Credit Union,67270,Westerly Community,Wakefield,RI,02879-2283,4979 Tower Hill Road,$250M-$1B,519.9,1,18,near_500m_audit,9.336,0.257,0.213,0.152,93.859,1.501,0.504,6.091,21855,0.032
Credit Union,66424,PCM,Green Bay,WI,54324-0500,Po Box 28500,$250M-$1B,514.6,1,18,near_500m_audit,10.524,0.493,0.615,0.344,87.505,1.918,0.646,3.687,15690,0.057
Credit Union,19116,Greenville,Greenville,SC,29609,1501 Wade Hampton Blvd,$250M-$1B,512.3,2,23,near_500m_audit; capital_building,11.033,0.582,0.497,0.644,81.499,1.871,0.632,8.228,35628,0.06
Credit Union,65088,Holy Rosary,Rochester,NH,03866-2078,Po Box 2078,$250M-$1B,508.0,2,23,near_500m_audit; capital_building,9.308,0.254,0.477,0.318,70.889,2.08,0.696,6.433,25358,0.095
Credit Union,97109,River Valley,Miamisburg,OH,45342,505 Earl Blvd,$250M-$1B,502.3,2,23,near_500m_audit; capital_building,12.013,0.707,0.484,0.621,89.749,1.801,0.604,6.416,26924,0.014
Credit Union,68615,Rally,Corpus Christi,TX,78468-1349,Po Box 81349,$3B+,4779.5,3,20,excess_capital; funding_liquidity; capital_building,14.022,0.905,0.751,2.029,105.002,2.323,0.704,6.196,241597,0.036
Credit Union,62049,Michigan Schools And Government,Clinton Townshi,MI,48038,40400 Garfield Road,$3B+,4410.5,2,15,excess_capital; funding_liquidity,12.627,0.805,0.61,0.543,103.017,2.931,0.876,4.195,163462,0.077
Credit Union,857,Affinity,Basking Ridge,NJ,07920-3849,73 Mountainview Blvd,$3B+,4351.8,2,15,funding_liquidity; weak_profitability,8.137,0.041,0.926,0.797,102.573,0.417,0.065,6.75,248891,0.053
Credit Union,68574,General Electric,Cincinnati,OH,45241-2523,10485 Reading Rd,$3B+,4213.0,3,31,funding_liquidity; weak_profitability; credit_turning,8.519,0.071,0.703,1.052,100.447,0.694,0.107,4.095,324004,-0.019
Credit Union,24077,Altra,Onalaska,WI,54650,1700 Oak Forest Dr,$3B+,3141.4,2,15,excess_capital; funding_liquidity,12.68,0.817,0.459,0.998,109.844,3.315,0.947,6.032,160726,0.045
Credit Union,24923,Workers,Littleton,MA,01460-1274,119 Russell St,$1B-$3B,2489.5,3,31,funding_liquidity; weak_profitability; credit_turning,10.055,0.313,0.811,1.305,104.489,-0.413,0.013,6.557,119940,0.022
Credit Union,2285,Advancial,Dallas,TX,75231-2319,10000 N Central Expy Ste 1400,$1B-$3B,2393.8,3,31,funding_liquidity; weak_profitability; credit_turning,7.975,0.029,1.327,1.489,105.348,0.496,0.084,6.823,142749,0.007
Credit Union,68248,Forum,Indianapolis,IN,46250,P.O. Box 50738,$1B-$3B,2314.7,3,20,excess_capital; funding_liquidity; capital_building,13.265,0.806,0.313,0.927,100.231,2.425,0.839,6.981,166087,0.03
Credit Union,67535,Datcu,Denton,TX,76202,Po Box 827,$1B-$3B,1785.1,3,20,excess_capital; funding_liquidity; capital_building,17.194,0.961,0.135,1.374,105.479,3.137,0.942,5.483,113275,0.035
Credit Union,24557,Webster First,Worcester,MA,01607-1733,"271 Greenwood St, P O Box 70505",$1B-$3B,1527.8,3,20,excess_capital; funding_liquidity; capital_building,19.664,0.981,0.405,0.106,125.488,3.524,0.965,4.793,85320,0.018
Credit Union,68681,Amplify,Austin,TX,78708,Po Box 85300,$1B-$3B,1260.1,3,20,funding_liquidity; weak_profitability; capital_building,10.842,0.497,0.705,0.123,102.328,-0.168,0.019,6.963,45844,0.004
Credit Union,24959,Harvard,Cambridge,MA,02138-5019,104 Mount Auburn St Ste4,$1B-$3B,1236.3,2,15,funding_liquidity; weak_profitability,8.81,0.084,1.13,0.88,109.09,0.563,0.1,5.744,59763,0.016
Credit Union,7608,Oceanair,Oxnard,CA,93036,2151 E. Gonzales Rd.,$250M-$1B,882.5,2,15,funding_liquidity; weak_profitability,7.436,0.025,0.478,0.377,109.2,0.241,0.068,6.518,26847,0.014
Credit Union,67541,Liberty Bay,Braintree,MA,02184-3909,300 Granite St Fl 3,$250M-$1B,827.4,2,15,excess_capital; funding_liquidity,15.063,0.925,0.24,0.074,108.923,1.068,0.346,4.893,21624,0.019
Credit Union,65861,The Peoples,Middletown,RI,02842,858 W Main Rd,$250M-$1B,811.2,2,15,funding_liquidity; weak_profitability,9.966,0.393,0.57,0.059,102.012,0.522,0.139,6.146,40885,0.015
Credit Union,9071,Direct,Needham,MA,02494,"50 Cabot St, Po Box 9123",$250M-$1B,794.7,2,15,funding_liquidity; weak_profitability,11.364,0.618,0.36,0.307,114.075,0.369,0.104,4.531,23736,0.008
Credit Union,66597,Polish National,Chicopee,MA,01020,923 Front Street,$250M-$1B,776.9,3,20,excess_capital; funding_liquidity; capital_building,13.581,0.85,0.172,-0.086,104.364,1.043,0.329,6.532,28682,0.026
Credit Union,65722,Freedom Northwest,Kamiah,ID,83536,Po Box 68,$250M-$1B,693.1,4,36,excess_capital; funding_liquidity; growth_accelerating; capital_building,13.403,0.839,0.606,0.051,115.741,4.912,0.986,3.227,13148,0.097
Credit Union,62604,Boeing Employees,Tukwila,WA,98168,12770 Gateway Dr S,$3B+,29622.8,2,20,weak_efficiency; capital_building,12.573,0.793,0.419,1.407,78.654,1.163,0.243,7.023,1594258,0.024
Credit Union,66703,Wescom Central,Pasadena,CA,91101,123 S Marengo Ave,$3B+,6600.3,1,15,weak_efficiency,7.905,0.024,0.426,0.771,80.69,0.938,0.166,7.069,264807,0.014
Credit Union,948,Nusenda,Albuquerque,NM,87198,Po Box 8530,$3B+,5020.8,2,31,weak_efficiency; credit_turning,9.028,0.142,0.786,1.201,78.338,1.526,0.379,7.583,299021,0.048
Credit Union,68730,Arizona Financial,Phoenix,AZ,85082,Po Box 60070,$3B+,3931.8,2,31,weak_efficiency; growth_accelerating,11.82,0.698,0.386,0.948,61.507,1.326,0.266,8.143,182056,0.078
Credit Union,9976,Grow Financial,Tampa,FL,33605,1242 E 5Th Ave Fl 4,$3B+,3916.1,2,20,weak_efficiency; capital_building,11.228,0.615,0.604,1.946,92.458,1.474,0.343,6.982,301785,0.036
Credit Union,68565,Elevations,Boulder,CO,80301,Po Box 9004,$3B+,3524.1,2,20,weak_efficiency; capital_building,11.726,0.686,0.486,0.22,99.64,1.993,0.58,8.074,181287,0.041
Credit Union,24438,Allegacy Financial,Winston Salem,NC,27114,Po Box 26043,$1B-$3B,2591.2,3,36,weak_efficiency; credit_turning; capital_building,11.439,0.606,0.649,0.432,93.587,2.191,0.771,9.502,187784,0.069
Credit Union,9007,Clearview,Moon Township,PA,15108,8805 University Blvd.,$1B-$3B,2180.3,3,36,weak_efficiency; credit_turning; capital_building,11.177,0.558,0.693,1.239,80.382,1.582,0.523,8.367,141031,0.012
Credit Union,64880,Community Choice,Farmington Hill,MI,48334-2502,31155 Northwestern Hwy,$1B-$3B,2115.9,3,47,weak_efficiency; growth_accelerating; credit_turning,9.516,0.203,0.752,1.242,87.308,2.708,0.884,8.449,115511,0.089
Credit Union,63004,Honor,Berrien Springs,MI,49103,8385 Edgewood Road,$1B-$3B,1883.5,3,36,weak_efficiency; credit_turning; capital_building,12.159,0.677,0.921,1.085,84.824,1.733,0.6,9.397,105352,0.052
Credit Union,62562,Credit Union One,Ferndale,MI,48220-1774,400 E. Nine Mile Road,$1B-$3B,1813.1,2,20,weak_efficiency; capital_building,11.288,0.574,0.418,0.632,82.489,2.366,0.819,8.251,107597,0.035
Credit Union,24808,Skyla,Charlotte,NC,28209,"3700 South Blvd, Suite 400",$1B-$3B,1665.1,2,31,weak_efficiency; credit_turning,9.606,0.21,1.315,1.572,93.008,1.122,0.287,8.865,113123,0.031
Credit Union,61755,Frankenmuth,Frankenmuth,MI,48734,Po Box 209,$1B-$3B,1586.7,2,31,weak_efficiency; credit_turning,10.018,0.303,1.189,0.859,82.269,2.687,0.881,9.066,78652,0.071
Credit Union,68605,First Service,Houston,TX,77094,Po Box 941914,$1B-$3B,1497.8,2,31,weak_efficiency; credit_turning,10.935,0.513,0.624,1.68,93.23,0.972,0.223,8.593,108888,0.054
Credit Union,63057,Listerhill,Sheffield,AL,35660,P.O. Box 566,$1B-$3B,1473.6,3,36,weak_efficiency; credit_turning; capital_building,11.058,0.539,0.62,0.632,83.272,1.5,0.477,8.762,91900,0.031
Credit Union,68421,Credit Union West,Glendale,AZ,85312,Po Box 7600,$1B-$3B,1452.8,1,15,weak_efficiency,10.498,0.406,0.382,1.884,93.985,1.157,0.31,7.987,99715,0.096
Credit Union,17623,Honda,Torrance,CA,90502-1368,19701 Hamilton Ave Ste 130,$1B-$3B,1197.4,1,15,weak_efficiency,9.287,0.148,0.342,0.457,89.979,0.841,0.187,8.17,60444,0.011
Credit Union,68628,Family Savings,Rainbow City,AL,35906-5932,205 Rescia Ave,$1B-$3B,1176.4,2,31,weak_efficiency; credit_turning,8.86,0.09,1.031,0.76,96.877,1.307,0.381,10.218,78572,0.037
Credit Union,66349,Salal,Seattle,WA,98115-2199,9706 4Th Ave Ne Ste 400,$1B-$3B,1161.3,2,31,weak_efficiency; credit_turning,9.185,0.139,0.596,1.491,93.751,1.121,0.284,9.42,63475,-0.0
Credit Union,24312,North Country,Burlington,VT,05406-4709,Po Box 64709,$1B-$3B,1135.9,1,15,weak_efficiency,9.724,0.232,1.087,0.866,91.254,1.642,0.565,7.933,79521,0.074
Credit Union,14676,Peach State,Lawrenceville,GA,30043-5883,1505 Lakes Pkwy Ste 100,$1B-$3B,1119.9,2,20,weak_efficiency; capital_building,9.05,0.106,0.324,0.612,74.928,1.608,0.535,8.218,76348,0.027
Credit Union,68643,Fivepoint,Nederland,TX,77627,3700 Skyline Dr,$1B-$3B,1116.5,1,15,weak_efficiency,8.783,0.081,0.759,1.51,88.543,0.904,0.206,8.879,58059,0.067
Credit Union,6885,People First,Allentown,PA,18101-2474,740 W Hamilton St Ste 300,$1B-$3B,1040.8,2,31,weak_efficiency; credit_turning,7.589,0.006,1.101,1.15,77.989,0.723,0.155,8.178,77902,0.08
Credit Union,16626,Heritage,Newburgh,IN,47630,8266 Bell Oaks Dr,$1B-$3B,1032.0,2,20,weak_efficiency; capital_building,12.347,0.706,0.333,0.628,83.953,1.86,0.677,8.297,64087,0.015
Credit Union,61447,Numark,Joliet,IL,60434,Po Box 2729,$250M-$1B,932.2,2,31,weak_efficiency; credit_turning,10.243,0.439,1.296,0.494,81.606,1.231,0.421,8.792,62044,0.069
Credit Union,68021,Community Resource,Baytown,TX,77522,Po Box 3181,$250M-$1B,929.5,1,15,weak_efficiency,11.022,0.579,0.466,0.962,88.868,2.881,0.893,10.342,58854,0.041
Credit Union,24742,Heritage Family,Rutland,VT,05701,26 Allen St,$250M-$1B,869.8,2,20,weak_efficiency; capital_building,12.079,0.721,0.86,1.182,85.875,1.99,0.675,9.22,54984,0.076
Credit Union,67927,Smart Financial,Houston,TX,77292,Po Box 920719,$250M-$1B,807.5,3,36,weak_efficiency; credit_turning; capital_building,11.84,0.682,1.163,1.075,83.655,2.403,0.818,8.801,58661,0.006
Credit Union,20258,Reliant Community,Sodus,NY,14551-0040,"10 Benton Pl, Po Box 40",$250M-$1B,788.4,1,15,weak_efficiency,9.568,0.293,0.363,0.451,76.495,1.808,0.607,8.704,49619,0.085
Credit Union,68683,Coosa Valley,Rome,GA,30165,2010 Redmond Cir Nw,$250M-$1B,765.9,1,15,weak_efficiency,9.206,0.236,0.615,1.05,89.407,2.164,0.714,9.459,51938,0.097
Credit Union,60583,University Of Illinois Community,Champaign,IL,61820,2201 S First St,$250M-$1B,765.5,3,36,weak_efficiency; credit_turning; capital_building,9.93,0.386,0.575,1.457,90.781,2.227,0.743,10.009,65320,0.089
Credit Union,63272,Granite State,Manchester,NH,03108,Po Box 6420,$250M-$1B,749.5,3,36,weak_efficiency; credit_turning; capital_building,9.876,0.368,0.49,0.805,78.62,2.222,0.739,9.267,53856,0.025
Credit Union,4015,Generations Community,San Antonio,TX,78279-1870,Po Box 791870,$250M-$1B,734.6,1,15,weak_efficiency,9.296,0.25,0.877,0.812,85.618,0.753,0.232,9.847,46880,-0.016
Credit Union,62881,Arizona Central,Phoenix,AZ,85061,Po Box 11650,$250M-$1B,733.4,2,31,weak_efficiency; credit_turning,8.794,0.157,0.965,1.072,94.455,1.022,0.314,8.6,46292,0.015
Credit Union,24945,Envista,Topeka,KS,66614-4528,3626 Sw Wanamaker Rd,$250M-$1B,693.4,1,15,weak_efficiency,10.769,0.546,0.313,0.867,90.922,2.114,0.704,9.227,49608,0.072
Credit Union,8554,First Financial Of Maryland,Sparks,MD,21152-9202,72 Loveton Cir,$1B-$3B,1432.4,3,26,excess_capital; weak_profitability; growth_accelerating,16.729,0.952,0.54,0.898,78.595,0.664,0.139,6.673,81365,0.082
Credit Union,11065,Security Service,San Antonio,TX,78269-1510,Po Box 691510,$3B+,14359.5,1,10,funding_liquidity,11.084,0.592,1.028,0.715,101.867,1.066,0.219,6.622,721020,0.024
Credit Union,60269,Greenstate,North Liberty,IA,52317,Po Box 800,$3B+,10946.9,2,26,funding_liquidity; credit_turning,9.025,0.136,1.241,0.879,107.729,1.078,0.225,5.218,359136,0.019
Credit Union,2099,Citadel,Exton,PA,19341,520 Eagleview Blvd,$3B+,6868.3,1,10,funding_liquidity,9.31,0.183,0.329,0.775,104.832,0.93,0.16,5.242,290591,0.075
Credit Union,62882,Navigant,Smithfield,RI,02917,1005 Douglas Pike,$3B+,4284.1,1,10,funding_liquidity,9.886,0.296,0.389,0.312,104.337,1.592,0.42,5.131,170520,0.075
Credit Union,67278,Coastal1,Pawtucket,RI,02861-2200,1200 Central Ave,$3B+,3491.7,1,10,funding_liquidity,10.631,0.462,0.217,0.123,108.528,1.458,0.337,3.592,145728,0.027
Credit Union,66731,Fox Communities,Appleton,WI,54913,2201 E Enterprise Ave,$3B+,3388.0,1,10,funding_liquidity,10.669,0.485,0.294,0.302,102.23,2.628,0.793,5.289,142543,0.075
Credit Union,17587,Usalliance,Rye,NY,10580,"411 Theodore Fremd Ave, Suite 350",$3B+,3353.4,1,10,funding_liquidity,8.271,0.047,0.836,0.641,115.963,1.332,0.272,3.746,195739,0.042
Credit Union,66865,Capital,Green Bay,WI,54306,Po Box 2526,$1B-$3B,2788.2,2,26,funding_liquidity; credit_turning,12.344,0.703,0.898,1.728,100.154,2.027,0.729,5.562,129276,0.026
Credit Union,68604,Magnifi Financial,Melrose,MN,56352,20 4Th Ave Se,$1B-$3B,2753.1,1,10,funding_liquidity,11.042,0.535,0.207,0.392,99.582,1.217,0.348,6.353,85513,0.096
Credit Union,67352,Jeanne D'arc,Lowell,MA,01854-3908,581 Merrimack St,$1B-$3B,2191.9,1,10,funding_liquidity,9.121,0.123,0.302,0.147,103.8,0.868,0.2,5.438,102484,-0.029
Credit Union,82794,Interra,Goshen,IN,46527-0727,Po Box 727,$1B-$3B,2069.3,1,10,funding_liquidity,9.132,0.132,0.16,0.186,105.161,1.61,0.542,6.995,90096,0.057
Credit Union,60062,Credit Union Of America,Wichita,KS,67201-7528,Po Box 47528,$1B-$3B,1850.5,1,10,funding_liquidity,12.691,0.739,0.639,1.105,100.052,2.449,0.845,7.076,107124,0.083
Credit Union,63829,ST. Mary's Bank,Manchester,NH,03102,200 Mcgregor St,$1B-$3B,1798.4,2,15,funding_liquidity; capital_building,9.961,0.294,0.305,0.275,100.261,1.97,0.716,6.545,104461,0.069
Credit Union,68353,Westmark,Idaho Falls,ID,83403,P.O. Box 2869,$1B-$3B,1655.9,2,26,funding_liquidity; growth_accelerating,7.963,0.026,0.302,1.1,104.321,0.922,0.21,6.22,84057,0.057
Credit Union,60103,First Community,Jamestown,ND,58402-2180,Po Box 2180,$1B-$3B,1526.9,2,26,funding_liquidity; growth_accelerating,12.335,0.694,0.611,0.109,100.18,1.694,0.577,5.752,46875,0.036
Credit Union,11316,Sandia Area,Albuquerque,NM,87185-0044,P.O. Box 18044,$1B-$3B,1426.0,1,10,funding_liquidity,11.438,0.603,0.15,0.509,99.807,2.422,0.835,4.68,71392,0.072
Credit Union,24223,Usf Federal Credit Union,Tampa,FL,33646-0017,Po Box 47989,$1B-$3B,1404.3,3,31,funding_liquidity; credit_turning; capital_building,10.621,0.442,0.768,1.792,101.138,0.722,0.152,6.956,80247,0.095
Credit Union,13,Efcu Financial,Baton Rouge,LA,70816-2218,3232 S Sherwood Forest Blvd,$1B-$3B,1291.3,1,10,funding_liquidity,9.718,0.229,0.381,0.626,102.27,1.814,0.645,5.295,73669,0.053
Credit Union,11111,Freedom First,Roanoke,VA,24019-3002,5240 Valleypark Dr,$1B-$3B,1256.9,1,10,funding_liquidity,10.564,0.435,0.483,0.326,106.458,1.105,0.274,7.067,63954,0.073
Credit Union,68735,Rave Financial,Beaumont,TX,77726,P.O. Box 12849,$1B-$3B,1225.8,2,26,funding_liquidity; growth_accelerating,12.819,0.755,0.574,1.064,104.27,1.39,0.423,7.759,87828,0.069
Credit Union,528,Utah First,Salt Lake City,UT,84111,200 E South Temple,$1B-$3B,1173.3,1,10,funding_liquidity,10.376,0.377,0.132,0.576,104.578,2.083,0.745,6.343,45913,0.084
Credit Union,62978,Ideal,Woodbury,MN,55125-9201,8499 Tamarack Rd,$1B-$3B,1068.6,1,10,funding_liquidity,10.822,0.49,0.785,1.204,99.494,1.123,0.29,7.033,48045,-0.016
Credit Union,67347,Brightstar,Fort Lauderdale,FL,33310-8966,Po Box 8966,$1B-$3B,1053.5,1,10,funding_liquidity,8.88,0.097,0.519,0.996,102.15,1.848,0.665,7.324,59988,0.095
Credit Union,66594,Greenwood,Warwick,RI,02886-3003,2700 Post Rd,$250M-$1B,957.3,1,10,funding_liquidity,9.676,0.314,0.478,0.465,100.158,2.107,0.7,4.665,59300,0.063
Credit Union,68748,Mid Oregon,Bend,OR,97701-7102,63088 18Th St,$250M-$1B,917.4,1,10,funding_liquidity,11.326,0.614,0.136,0.87,96.328,3.397,0.939,6.601,53382,
Credit Union,8218,Central One,Shrewsbury,MA,01545,714 Main St,$250M-$1B,872.1,2,26,funding_liquidity; credit_turning,9.724,0.336,0.682,0.284,96.641,1.181,0.396,6.347,39412,0.042
Credit Union,21930,Cinfed,Cincinnati,OH,45209,4801 Kennedy Avenue,$250M-$1B,863.2,3,31,funding_liquidity; growth_accelerating; capital_building,11.559,0.646,0.297,0.42,99.481,1.672,0.564,6.432,38852,0.076
Credit Union,11554,Family Trust,Rock Hill,SC,29731,Po Drawer 10233,$250M-$1B,805.4,2,15,funding_liquidity; capital_building,11.845,0.686,0.728,0.831,94.626,2.07,0.693,7.685,60145,0.057
Credit Union,66872,Kohler,Sheboygan,WI,53083-3329,5727 Superior Ave,$250M-$1B,776.4,2,15,funding_liquidity; capital_building,10.801,0.557,0.321,0.205,95.845,2.052,0.686,8.109,53417,0.037
Credit Union,63602,Corda,Cedar Rapids,IA,52402,3015 Blairs Ferry Rd Ne,$250M-$1B,776.3,3,42,funding_liquidity; growth_accelerating; credit_turning,9.536,0.282,0.658,0.912,111.203,1.335,0.454,6.703,27247,0.077
Credit Union,62031,Heartland,Hutchinson,KS,67504-1387,Po Box 1387,$250M-$1B,726.4,2,26,funding_liquidity; growth_accelerating,9.791,0.346,1.198,1.012,102.03,4.852,0.982,7.757,41350,0.089
Credit Union,340,Radifi,Jacksonville,FL,32232,Po Box 2357,$250M-$1B,715.2,2,26,funding_liquidity; growth_accelerating,9.581,0.296,0.447,1.337,98.005,1.203,0.407,7.303,41786,0.096
Credit Union,64203,Greater Iowa,Ames,IA,50010,1509 Baltimore Dr,$250M-$1B,715.1,3,31,funding_liquidity; credit_turning; capital_building,9.428,0.271,0.965,1.114,100.661,1.527,0.514,8.481,38111,0.055
Credit Union,68377,Mypoint,San Diego,CA,92123,9420 Farnham St,$250M-$1B,704.5,2,15,funding_liquidity; capital_building,8.547,0.121,0.266,0.219,105.107,0.603,0.175,6.595,28732,0.099
Credit Union,24780,Wasatch Peaks,Ogden,UT,84403-4304,4723 Harrison Blvd,$250M-$1B,658.4,2,26,funding_liquidity; growth_accelerating,10.571,0.504,0.1,0.25,101.093,1.585,0.536,6.06,32043,0.08
Credit Union,2551,Police & Fire,Philadelphia,PA,19107-2404,901 Arch St,$3B+,10229.3,2,10,excess_capital; capital_building,18.561,0.994,0.238,0.665,68.938,3.91,0.982,3.075,432372,0.047
Credit Union,68095,Eastman,Kingsport,TN,37662,P. O. Box 1989,$3B+,10171.4,2,10,excess_capital; capital_building,14.873,0.959,0.306,0.763,93.224,3.905,0.976,3.709,360016,0.069
Credit Union,5582,Bank Fund Staff,Washington,DC,20006,1725 I St Nw Ste 150,$3B+,7058.7,2,10,excess_capital; capital_building,13.643,0.882,0.424,0.171,62.826,2.048,0.609,3.42,105152,0.053
Credit Union,66642,Community First,Appleton,WI,54912-1487,Po Box 1487,$3B+,6839.3,2,10,excess_capital; capital_building,12.848,0.834,0.142,0.192,86.441,2.974,0.893,2.852,166721,0.098
Credit Union,4142,Kinecta,Manhattan Beach,CA,90266,1440 Rosecrans Ave,$3B+,6770.4,1,5,weak_profitability,8.684,0.083,0.459,0.997,94.568,0.65,0.101,4.902,225848,0.051
Credit Union,60520,Educational Employees,Fresno,CA,93755,P.O. Box 5242,$3B+,5365.3,3,26,excess_capital; growth_accelerating; capital_building,14.584,0.929,0.204,0.967,50.158,3.689,0.964,4.77,400296,0.075
Credit Union,8333,Tower,Laurel,MD,20725,Po Box 1280,$3B+,5002.8,2,10,excess_capital; capital_building,14.309,0.917,0.39,0.522,88.031,2.322,0.698,5.551,222073,0.06
Credit Union,68670,Robins Financial,Warner Robins,GA,31095-6849,Po Box 6849,$3B+,4972.2,2,10,excess_capital; capital_building,17.608,0.988,0.396,0.837,70.625,3.829,0.97,5.297,273627,0.056
Credit Union,7397,Ascend,Tullahoma,TN,37388,Po Box 1210,$3B+,4847.1,1,5,excess_capital,14.546,0.923,0.49,0.871,90.504,2.402,0.757,5.645,271555,0.058
Credit Union,5851,Sunward,Albuquerque,NM,87192-1040,P.O. Box 23040,$3B+,4597.2,1,5,weak_profitability,8.914,0.118,0.402,0.724,93.344,0.743,0.124,5.096,175688,0.061
Credit Union,5500,Northwest,Herndon,VA,20170,200 Spring St,$3B+,4564.5,3,26,weak_profitability; growth_accelerating; capital_building,11.842,0.71,0.389,0.454,87.425,0.733,0.118,6.497,266304,0.077
Credit Union,68383,Technology,San Jose,CA,95131-2018,2010 N 1St St,$3B+,4538.3,1,5,weak_profitability,11.321,0.645,0.573,1.538,93.168,0.214,0.036,4.387,172314,-0.007
Credit Union,66448,Educators,Racine,WI,53408-1040,P O Box 081040,$3B+,3985.6,3,26,excess_capital; credit_turning; capital_building,13.915,0.899,0.969,0.832,76.605,2.789,0.834,6.44,232579,0.097
Credit Union,62728,Southern Energy,Birmingham,AL,35203,750 17Th St N,$3B+,3598.1,2,10,excess_capital; capital_building,14.588,0.935,0.228,0.253,29.8,0.925,0.154,2.013,90996,0.006
Credit Union,64049,Dupaco Community,Dubuque,IA,52004-0179,Po Box 179,$3B+,3545.3,2,21,excess_capital; credit_turning,13.325,0.864,0.767,0.684,85.984,2.239,0.645,6.626,182155,-0.014
Credit Union,66364,Metro,Chelsea,MA,02150-1608,200 Revere Beach Pkwy,$3B+,3303.3,1,5,weak_profitability,9.183,0.16,0.622,0.308,99.63,0.7,0.112,4.511,218846,0.009
Credit Union,9788,Eglin,Fort Walton Bea,FL,32547-2530,838 Eglin Pkwy Ne,$3B+,3094.6,2,10,excess_capital; capital_building,13.063,0.846,0.35,0.941,34.876,2.345,0.734,4.5,121815,0.046
Credit Union,7000,Abound,Radcliff,KY,40159-0900,P.O. Box 900,$1B-$3B,2760.5,1,5,excess_capital,15.846,0.935,0.81,1.236,87.525,2.062,0.742,4.618,118683,0.094
Credit Union,68186,Columbia Community,Vancouver,WA,98666,P.O. Box 324,$1B-$3B,2592.3,3,26,excess_capital; credit_turning; capital_building,13.285,0.81,0.927,1.162,91.366,2.553,0.865,5.343,121930,0.043
Credit Union,4584,Austin Telco,Austin,TX,78759,11149 Research Blvd,$1B-$3B,2537.3,2,10,excess_capital; capital_building,14.041,0.881,0.355,0.517,87.95,1.191,0.329,4.506,94219,-0.003
Credit Union,67389,Center Parc,Atlanta,GA,30354,400 Porsche Avenue,$1B-$3B,2418.3,2,21,excess_capital; credit_turning,13.832,0.868,1.033,1.292,91.647,0.958,0.219,5.803,127515,-0.019
Credit Union,24802,Self-help,Durham,NC,27701,301 W Main Street,$1B-$3B,2409.5,3,26,excess_capital; growth_accelerating; capital_building,25.177,1.0,1.015,0.345,90.669,0.733,0.158,6.617,146774,0.058
Credit Union,68575,Max,Montgomery,AL,36124-4040,P.O. Box 244040,$1B-$3B,2379.3,2,10,excess_capital; capital_building,14.519,0.894,0.678,0.893,56.242,3.194,0.948,5.602,132648,0.057
Credit Union,68373,First Entertainment,Hollywood,CA,90068,6735 Forest Lawn Dr,$1B-$3B,2115.0,2,10,weak_profitability; capital_building,10.141,0.335,0.706,1.124,83.281,0.211,0.052,6.389,83732,-0.004
Credit Union,68394,Meriwest,San Jose,CA,95153-5353,P O Box 530953,$1B-$3B,2111.4,2,21,weak_profitability; credit_turning,9.123,0.126,0.811,1.287,93.354,0.226,0.058,5.431,75484,0.004
Credit Union,6681,Caltech Employees,La Canada,CA,91012,P.O. Box 11001,$1B-$3B,2096.4,1,5,weak_profitability,10.081,0.319,0.023,0.118,44.683,0.256,0.065,2.004,31491,-0.009
Credit Union,10754,Tyndall,Panama City,FL,32412,Po Box 59760,$1B-$3B,1921.2,2,10,excess_capital; capital_building,13.613,0.845,0.263,0.505,59.582,2.822,0.903,4.861,101178,-0.01
Credit Union,176,Educational,Miami,FL,33183-3825,7800 Sw 117Th Ave,$1B-$3B,1844.0,2,21,excess_capital; credit_turning,15.45,0.906,0.61,0.983,73.012,1.972,0.719,6.509,122426,0.057
Credit Union,2191,Fibre,Longview,WA,98632,P.O.Box 1234,$1B-$3B,1825.0,3,26,excess_capital; credit_turning; capital_building,13.652,0.848,0.962,0.972,82.085,1.857,0.674,7.518,120991,0.053
Credit Union,63440,Unitus Community,Tigard,OR,97224,7632 Sw Durham Rd,$1B-$3B,1809.6,1,5,weak_profitability,9.856,0.265,0.426,0.861,86.296,0.502,0.087,7.319,107990,0.056
Credit Union,82791,Beacon,Wabash,IN,46992,586 S Wabash St,$1B-$3B,1764.4,2,21,excess_capital; growth_accelerating,13.518,0.839,0.473,0.024,89.089,1.367,0.406,5.58,54434,0.027
Credit Union,24235,Operating Engineers Local Union #3,Livermore,CA,94551,P O Box 5073,$1B-$3B,1689.4,2,10,excess_capital; capital_building,15.482,0.913,0.595,0.665,60.264,3.555,0.971,5.864,123532,0.072
Credit Union,1454,Merck Employees,Rahway,NJ,07065-4607,126 E Lincoln Ave,$1B-$3B,1685.4,2,10,excess_capital; capital_building,15.45,0.91,0.295,0.027,18.317,1.539,0.5,1.013,23652,-0.08
Credit Union,65299,Keypoint,San Jose,CA,95131-1730,2150 Trade Zone Blvd,$1B-$3B,1654.3,1,5,weak_profitability,9.064,0.11,0.365,1.101,98.378,0.59,0.116,5.899,55581,0.036
Credit Union,5029,Red River Employees,Texarkana,TX,75505,Po Box 5909,$1B-$3B,1582.5,2,10,excess_capital; capital_building,13.862,0.871,0.936,1.301,89.547,2.32,0.81,7.296,126191,0.035
Credit Union,68322,Beginnings,Ithaca,NY,14850,1030 Craft Road,$1B-$3B,1538.8,2,10,excess_capital; capital_building,14.01,0.877,0.694,0.789,82.28,1.453,0.455,7.13,77622,0.071
Credit Union,13828,Allsouth,Columbia,SC,29201-2002,730 Elmwood Ave,$1B-$3B,1513.3,2,10,excess_capital; capital_building,19.604,0.977,0.413,0.851,65.372,3.453,0.958,6.829,119585,0.062
Credit Union,64896,Utilities Employees,Reading,PA,19612,P.O. Box 14864,$1B-$3B,1508.2,2,21,excess_capital; credit_turning,15.726,0.929,1.26,0.367,63.464,1.086,0.265,4.179,64317,0.016
Credit Union,68613,One Nevada,Las Vegas,NV,89121-1238,2645 S Mojave Rd,$1B-$3B,1502.7,2,10,excess_capital; capital_building,16.732,0.955,0.305,1.716,50.276,2.871,0.919,6.731,74555,-0.017
Credit Union,24748,Mayo Employees,Rochester,MN,55902,130 23Rd Ave Sw,$1B-$3B,1500.0,3,26,excess_capital; growth_accelerating; capital_building,14.898,0.9,0.05,0.043,55.325,3.593,0.977,3.699,76378,0.053
Credit Union,60275,Freedom,Warminster,PA,18974-4862,"626 Jacksonville Rd, Ste 250",$1B-$3B,1499.8,2,10,excess_capital; capital_building,13.365,0.823,0.814,1.372,59.92,1.922,0.69,4.021,60172,0.044
Credit Union,24899,Weokie,Oklahoma City,OK,73126,Box 26090,$1B-$3B,1499.0,3,26,excess_capital; credit_turning; capital_building,13.447,0.829,0.64,1.045,98.603,1.643,0.568,6.179,69632,0.033
Credit Union,1472,Palmetto Citizens,Columbia,SC,29250,P.O. Box 5846,$1B-$3B,1496.7,2,10,excess_capital; capital_building,13.48,0.835,1.11,1.596,69.315,2.972,0.929,7.68,87082,0.065
Credit Union,67761,East Texas Professional,Longview,TX,75608,Po Box 6750,$1B-$3B,1446.4,3,26,excess_capital; growth_accelerating; capital_building,19.391,0.974,0.411,0.77,84.927,3.563,0.974,5.715,104455,0.073
Credit Union,9229,Neighbors,Baton Rouge,LA,70821,Po Box 2831,$1B-$3B,1409.0,3,26,weak_profitability; credit_turning; capital_building,11.071,0.548,1.249,1.781,94.814,0.599,0.119,7.789,81187,0.056
Credit Union,24553,Los Angeles Police,Van Nuys,CA,91406,16150 Sherman Way,$1B-$3B,1387.4,1,5,weak_profitability,11.321,0.587,0.514,1.142,60.624,0.543,0.094,6.789,49395,0.035
Credit Union,68413,Pacific Service,Concord,CA,94520,"1355 Willow Way, Ste 200",$1B-$3B,1326.7,3,26,excess_capital; credit_turning; capital_building,15.544,0.916,0.346,1.169,90.556,1.517,0.494,7.066,70615,0.002
Credit Union,5648,Gulf Coast Educators,Pasadena,TX,77505,5953 Fairmont Pkwy,$1B-$3B,1268.5,3,26,excess_capital; credit_turning; capital_building,15.705,0.926,0.901,1.331,81.855,1.821,0.655,6.615,61167,0.034
Credit Union,61598,Safe 1,Bakersfield,CA,93311,1400 Mill Rock Way,$1B-$3B,1161.4,2,10,excess_capital; capital_building,16.029,0.939,0.372,0.797,92.424,3.478,0.961,5.155,90340,0.08
Credit Union,96071,Abbott Laboratories,Gurnee,IL,60031,325 Tri State Pkwy,$1B-$3B,1141.3,2,10,excess_capital; capital_building,14.491,0.89,0.115,0.321,62.625,1.909,0.681,3.948,32983,0.033
Credit Union,67132,Utah Power,Murray,UT,84121-2444,957 E 6600 S,$1B-$3B,1102.2,1,5,excess_capital,13.721,0.855,0.267,0.167,57.983,2.752,0.89,2.262,31115,0.07
Credit Union,60801,Blupeak,San Diego,CA,92121-4205,10120 Pacific Heights Blvd Ste 100,$1B-$3B,1093.2,2,21,weak_profitability; credit_turning,9.692,0.226,1.026,0.538,74.444,0.351,0.071,7.011,51375,-0.066
Credit Union,7448,1st Advantage,Newport News,VA,23609-0116,Po Box 2116,$1B-$3B,1088.2,2,10,excess_capital; capital_building,16.656,0.945,0.453,0.781,87.785,3.618,0.981,7.188,71651,0.054
Credit Union,60605,Family Security,Decatur,AL,35603,2204 Family Security Pl Sw,$1B-$3B,1088.2,3,26,excess_capital; credit_turning; capital_building,19.927,0.987,0.611,1.108,47.655,3.956,0.99,5.554,88825,0.064
Credit Union,60968,The Police,San Bruno,CA,94066,1250 Grundy Ln,$1B-$3B,1046.6,1,5,weak_profitability,12.339,0.7,0.895,0.593,57.692,0.35,0.068,6.979,37608,-0.019
Credit Union,67864,ST. Mary's,Marlborough,MA,01752,"46 Lizotte Dr., Po Box 729",$1B-$3B,1025.8,1,5,weak_profitability,11.689,0.629,0.078,0.135,88.518,0.51,0.09,5.685,57336,0.016
Credit Union,68678,Kellogg Community,Battle Creek,MI,49016,Po Box 140,$1B-$3B,1020.2,3,26,excess_capital; growth_accelerating; capital_building,16.724,0.948,0.411,1.109,85.091,2.878,0.926,5.283,50577,0.099
Credit Union,2357,Houston Police,Houston,TX,77007-7702,1600 Memorial Dr,$1B-$3B,1015.9,2,10,excess_capital; capital_building,16.415,0.942,0.701,1.916,53.475,2.238,0.787,4.486,33313,0.058
Credit Union,1427,Midwest America,Fort Wayne,IN,46825-5826,1104 Medical Park Dr,$1B-$3B,1003.3,2,21,excess_capital; credit_turning,14.44,0.887,0.897,0.932,92.189,2.289,0.803,6.742,52370,0.057
Credit Union,62542,Golden Plains,Garden City,KS,67846-6235,P.O. Box 459,$1B-$3B,1001.3,3,26,excess_capital; credit_turning; capital_building,13.211,0.8,1.058,1.703,92.933,1.761,0.613,5.93,90773,0.024
Credit Union,60509,TLC Community,Adrian,MI,49221,Po Box 927,$250M-$1B,950.2,1,5,excess_capital,14.48,0.896,0.139,0.262,60.473,2.309,0.793,5.599,47489,0.055
Credit Union,68503,First City,Pasadena,CA,91109-3727,Po Box 93727,$250M-$1B,948.5,2,10,excess_capital; capital_building,13.522,0.846,0.582,1.304,56.988,0.877,0.271,6.609,58155,0.018
Credit Union,67625,Schlumberger Employees,Sugar Land,TX,77478-3168,205 Industrial Blvd,$250M-$1B,935.8,2,10,excess_capital; capital_building,24.727,0.996,0.568,0.468,39.465,3.625,0.968,2.598,27234,0.033
Credit Union,3850,N C P D,Plainview,NY,11803-4992,777 Old Country Rd,$250M-$1B,908.8,2,10,excess_capital; capital_building,16.576,0.964,0.289,0.188,44.325,1.487,0.496,2.126,16390,0.016
Credit Union,66835,Day Air,Kettering,OH,45429,Po Box 292980,$250M-$1B,908.8,2,21,excess_capital; credit_turning,14.56,0.904,0.959,1.456,94.511,3.42,0.946,5.541,54544,0.045
Credit Union,96084,Boulder Dam,Boulder City,NV,89006-1530,Po Box 61530,$250M-$1B,871.5,2,10,excess_capital; capital_building,14.806,0.914,0.212,0.0,48.431,2.926,0.904,3.029,19941,0.022
Credit Union,22637,Ardent,Phila,PA,19102-1320,"1601 Cherry St, Ste 2000",$250M-$1B,869.3,1,5,weak_profitability,10.111,0.414,0.534,0.548,76.085,0.458,0.125,6.046,34369,-0.019
Credit Union,6248,Skyone,Hawthorne,CA,90250,14600 Aviation Blvd,$250M-$1B,863.3,1,5,weak_profitability,7.671,0.043,1.253,1.477,84.987,0.453,0.121,5.578,58939,-0.07
Credit Union,62641,Sacramento,Sacramento,CA,95812,P.O. Box 2351,$250M-$1B,858.3,3,26,excess_capital; growth_accelerating; capital_building,15.145,0.932,0.092,0.149,65.499,3.388,0.936,4.704,31497,0.078
Credit Union,12697,Complex Community,Odessa,TX,79762,4519 E 51St St,$250M-$1B,818.2,3,26,excess_capital; credit_turning; capital_building,13.795,0.864,0.59,1.712,70.72,2.925,0.9,7.186,44307,0.063
Credit Union,8822,Dover-phila,Dover,OH,44622-2061,129 Fillmore Ave,$250M-$1B,812.6,2,21,excess_capital; credit_turning,13.283,0.829,0.914,0.248,39.817,3.044,0.914,3.513,34310,0.076
Credit Union,63377,Maine State,Augusta,ME,04332-5659,P.O. Box 5659,$250M-$1B,805.9,2,21,weak_profitability; credit_turning,9.783,0.343,0.792,0.937,87.614,0.528,0.143,6.619,37842,0.071
Credit Union,24934,True Sky,Oklahoma City,OK,73126,P.O. Box 26406,$250M-$1B,778.4,2,21,weak_profitability; credit_turning,6.355,0.007,0.955,1.481,72.371,0.452,0.118,7.526,63806,-0.054
Credit Union,15672,Sea Comm,Massena,NY,13662,30 Stearns Street,$250M-$1B,777.3,2,10,excess_capital; capital_building,17.963,0.971,0.634,0.497,68.042,2.846,0.889,7.246,57059,0.022
Credit Union,17012,Profed,Fort Wayne,IN,46895-5466,Po Box 5466,$250M-$1B,763.5,2,10,excess_capital; capital_building,13.086,0.804,0.467,0.191,81.331,2.646,0.85,8.185,65160,0.047
Credit Union,62322,Oklahoma Central,Tulsa,OK,74105,4956 S Peoria Ave,$250M-$1B,760.2,2,10,excess_capital; capital_building,13.938,0.868,0.243,0.354,52.626,1.088,0.357,7.419,43241,0.068
Credit Union,24875,The First Financial,Pasadena,CA,91107-1560,2900 Bradley St,$250M-$1B,748.3,1,5,weak_profitability,7.009,0.018,0.662,1.627,54.853,0.488,0.132,7.378,33087,-0.004
Credit Union,24279,Gfa,Gardner,MA,01440-3703,229 Parker St,$250M-$1B,747.3,3,37,weak_profitability; growth_accelerating; credit_turning,9.161,0.218,0.753,0.578,81.877,-0.281,0.025,6.762,33661,0.052
Credit Union,3830,Mass. Institute Of Tech.,Lexington,MA,02421-3142,70 Westview St.,$250M-$1B,730.8,2,10,weak_profitability; capital_building,9.896,0.379,1.093,0.927,84.919,0.41,0.111,6.72,35749,0.032
Credit Union,67709,Quincy,Quincy,MA,02169-6714,100 Quincy Ave,$250M-$1B,729.4,3,26,excess_capital; credit_turning; capital_building,14.574,0.907,0.748,0.288,72.648,1.624,0.546,5.631,39827,0.029
Credit Union,65291,Armco,Butler,PA,16003-1589,P.O. Box 1589,$250M-$1B,719.5,2,21,excess_capital; credit_turning,13.656,0.857,0.547,0.138,82.527,1.92,0.65,5.557,44149,0.04
Credit Union,3264,First Choice America Community,Weirton,WV,26062,P.O. Box 762 Cove Station,$250M-$1B,713.9,2,10,excess_capital; capital_building,18.151,0.975,0.145,0.008,23.345,3.332,0.929,3.076,30588,0.055
Credit Union,24254,First Citizens',Fairhaven,MA,02719,200 Mill Rd Ste 100,$250M-$1B,705.9,3,26,excess_capital; credit_turning; capital_building,20.189,0.982,0.77,0.502,72.211,1.828,0.621,6.522,42583,0.029
Credit Union,6743,Abilene Teachers,Abilene,TX,79608,Po Box 5706,$250M-$1B,690.4,2,10,excess_capital; capital_building,18.821,0.979,0.313,0.649,75.944,5.126,0.989,8.091,57004,0.08
Credit Union,13345,First Peoples Community,Cumberland,MD,21501-1377,Po Box 1377,$250M-$1B,666.1,2,10,excess_capital; capital_building,13.614,0.854,0.527,0.294,86.101,2.274,0.761,6.401,34982,0.049
Credit Union,60105,Omni Community,Battle Creek,MI,49016,Po Box 1537,$250M-$1B,662.0,4,42,excess_capital; growth_accelerating; credit_turning; capital_building,16.321,0.961,0.746,1.753,66.919,3.412,0.943,8.388,47039,0.091
