INST_TYPE,CERT,NAME,CITY,STALP,ZIP,ADDRESS,n_signals,score,signals,FT_STATES,FT_ACTIVITIES,FT_BRANCHES,FT_DBA,FT_KNOWN,FT_FILED,ft_state_verified,FT_STATE_LICENSES
Fintech,90018687,Stripe Payments Company,South San Francisco,CA,94080,354 Oyster Point Blvd.,6,186,ft_national; ft_prepaid; ft_fullstack; ft_fx_crypto; ft_recent_filing; ft_state_verified,51,Money transmitter; Seller of prepaid access; Provider of prepaid access; Dealer in foreign exchange,0,,True,2026-04-06,True,FL; MA; MS; NC
Fintech,90021637,Wise Us Inc.,New York,NY,10010,"30 W 26Th St, 6Th Floor",5,178,ft_national; ft_prepaid; ft_fullstack; ft_fx_crypto; ft_state_verified,50,Money transmitter; Provider of prepaid access; Dealer in foreign exchange,0,,True,2024-12-17,True,FL; MA; NC
Fintech,90010373,Kraken Securities Inc.,New York,NY,10016,244 Madison Avenue Suite 1666,5,174,ft_national; ft_prepaid; ft_fullstack; ft_fx_crypto; ft_recent_filing,51,Issuer of traveler's checks; Seller of traveler's checks; Issuer of money orders; Seller of money orders; Check casher; Money transmitter; Seller of prepaid access; Dealer in foreign exchange,0,Kraken Securities Inc.,True,2025-11-26,False,
Fintech,90014353,Netspend Corporation,Austin,TX,78759,"10900 Stonelake Blvd, Suite 200-A",5,172,ft_national; ft_prepaid; ft_fullstack; ft_recent_filing; ft_state_verified,51,Issuer of money orders; Money transmitter; Provider of prepaid access,0,,True,2026-05-06,True,FL; MA; NC
Fintech,90015560,"Paypal Digital, Inc.",New York,NY,10014,117 Barrow Street,5,172,ft_national; ft_prepaid; ft_fullstack; ft_recent_filing; ft_state_verified,51,Money transmitter; Provider of prepaid access,0,,True,2025-12-10,True,MA
Fintech,90016510,Ramp Payments Corporation,New York,NY,10010,"28 West 23Rd Street, Floor 2",5,172,ft_national; ft_prepaid; ft_fullstack; ft_recent_filing; ft_state_verified,51,Money transmitter; Provider of prepaid access,0,,True,2025-11-03,True,FL; MS
Fintech,90021687,Worldremit Corp.,Boston,MA,'02134,"100 Hano St., Ste. 9",5,172,ft_national; ft_prepaid; ft_fullstack; ft_recent_filing; ft_state_verified,51,Money transmitter; Provider of prepaid access,0,"Sendwave, Zepz, Worldremit",True,2026-08-26,True,FL; MA
Fintech,90020607,Uphold Hq Inc.,San Francisco,CA,94105,"90 New Montgomery Street, Suite 412",5,172,ft_national; ft_prepaid; ft_fullstack; ft_recent_filing; ft_state_verified,50,Money transmitter; Provider of prepaid access,0,Uphold,True,2026-05-19,True,AK; FL
Fintech,90010318,Klarna Inc.,Columbus,OH,43215,800 N High St Suite #04121,4,164,ft_national; ft_prepaid; ft_fullstack; ft_state_verified,51,Money transmitter; Provider of prepaid access,0,,True,2025-01-30,True,FL; NC
Fintech,90013774,Moonpay Usa Llc,New York,NY,10013,"520 Broadway, 8Th Floor, Suite 800",4,164,ft_national; ft_prepaid; ft_fullstack; ft_state_verified,51,Money transmitter; Seller of prepaid access; Provider of prepaid access,0,,True,2025-06-02,True,FL; NC
Fintech,90015561,"Paypal, Inc.",San Jose,CA,95131,2211 North First Street,4,164,ft_national; ft_prepaid; ft_fullstack; ft_state_verified,51,Money transmitter; Provider of prepaid access,0,Braintree; Hyperwallet; Venmo; Xoom; Paylution;,True,2025-07-17,True,FL; MA
Fintech,90016727,"Remitly, Inc.",Seattle,WA,98101,"401 Union Street, Suite 1000",4,164,ft_national; ft_prepaid; ft_fullstack; ft_state_verified,51,Money transmitter; Provider of prepaid access,0,,True,2025-09-15,True,FL; MA; NC
Fintech,90016974,"Robinhood Money, Llc",Melo Park,CA,94025,85 Willow Rd,4,164,ft_national; ft_prepaid; ft_fullstack; ft_state_verified,51,Money transmitter; Provider of prepaid access,0,,True,2025-08-28,True,FL; MS; NC
Fintech,90004244,"Coinbase, Inc.",New York,NY,10010,One Madison Avenue Suites 2400 & 2500,4,164,ft_national; ft_prepaid; ft_fullstack; ft_state_verified,50,Money transmitter; Provider of prepaid access,0,,True,2024-11-01,True,FL; NC
Fintech,90015558,Payoneer Inc.,New York,NY,10007,195 Broadway Fl 27,4,164,ft_national; ft_prepaid; ft_fullstack; ft_state_verified,50,Money transmitter; Provider of prepaid access,0,,True,2024-12-13,True,AK; FL; NC
Fintech,90007886,"Gemini Trust Company, Llc",New York,NY,10010,"315 Park Avenue South, 16Th Floor",4,160,ft_national; ft_prepaid; ft_fullstack; ft_recent_filing,51,Money transmitter; Provider of prepaid access,0,"Gemini Exchange, Llc",True,2025-12-22,False,
Fintech,90014587,"Nium, Inc.",San Francisco,CA,94104,550 California Street; Suite 310,4,154,ft_national; ft_fx_crypto; ft_recent_filing; ft_state_verified,51,Money transmitter; Dealer in foreign exchange,0,Dba Instarem,True,2025-12-04,True,FL
Fintech,90008155,Gocardless Inc.,Austin,TX,78701,"111 Congress Avenue, Suite 500",4,150,ft_multistate; ft_fx_crypto; ft_recent_filing; ft_state_verified,14,Money transmitter; Dealer in foreign exchange,0,,True,2025-11-13,True,FL
Fintech,90015559,Payoneer U.S. Llc,New York,NY,10007,"195 Broadway, 27Th Floor",3,148,ft_prepaid; ft_fullstack; ft_stale_registration,1,Money transmitter; Provider of prepaid access,0,,True,2024-02-15,False,
Fintech,90008156,Gocardless Inc.,Austin,TX,78701,"111 Congress Avenue, Suite 500",3,142,ft_multistate; ft_fx_crypto; ft_state_verified,14,Money transmitter; Dealer in foreign exchange,0,,True,2024-11-06,True,FL
Fintech,90000617,"Affirm Payments, Llc",San Francisco,CA,94105,"221 Main St., 6Th Floor",3,140,ft_national; ft_recent_filing; ft_state_verified,51,Money transmitter,0,,True,2026-07-31,True,FL; MS; NC
Fintech,90002129,"Bakkt Financial Solutions I, Llc",Atlanta,GA,30305,"3280 Peachtree Rd Ne  Suites 07-128 , 07-130 & 07-132",3,140,ft_national; ft_recent_filing; ft_state_verified,51,Money transmitter,0,,True,2026-04-29,True,FL; NC
Fintech,90002501,"Bill.Com, Llc",San Jose,CA,95002,"6220 America Center Drive, Suite 100",3,140,ft_national; ft_recent_filing; ft_state_verified,51,Money transmitter,0,"Bdc Payment Services, Llc",True,2025-11-20,True,FL; MA; NC
Fintech,90004015,"Chime Payments, Inc.",San Francisco,CA,94111,101 California Street Suite 500,3,140,ft_national; ft_recent_filing; ft_state_verified,51,Money transmitter,0,,True,2025-10-31,True,FL; NC
Fintech,90005513,Dpayments Llc,Miami,FL,33131,"100 Se 2Nd St, Suite 3800",3,140,ft_national; ft_recent_filing; ft_state_verified,51,Money transmitter,0,"Deel (Certain Jurisdictions), Deel.Com (Certain Jurisdictions)",True,2026-08-07,True,FL; MA
Fintech,90006897,Expensify Payments Llc,Portland,OR,97204,401 Sw 5Th Ave.,3,140,ft_national; ft_recent_filing; ft_state_verified,51,Money transmitter,0,Expensify,True,2026-09-10,True,FL; MS
Fintech,90007258,Fireblocks Llc,Boston,MA,'02110,"101 Federal Street, Suite 1900",3,140,ft_national; ft_recent_filing; ft_state_verified,51,Money transmitter,0,Fireblocks Payments Services,True,2026-05-05,True,FL
Fintech,90012866,Melio Solutions Inc.,New York,NY,10003,124 East 14Th Street 15Th Floor,3,140,ft_national; ft_recent_filing; ft_state_verified,51,Money transmitter,0,,True,2025-12-12,True,FL
Fintech,90016885,"Rippling Payments, Inc.",San Francisco,CA,94104,"430 California Street, Fl 11",3,140,ft_national; ft_recent_filing; ft_state_verified,51,Money transmitter,0,,True,2025-10-16,True,FL; MS; NC
Fintech,90016973,"Robinhood Crypto, Llc",Menlo Park,CA,94025,85 Willow Rd,3,140,ft_national; ft_recent_filing; ft_state_verified,51,Money transmitter,0,,True,2026-05-06,True,FL
Fintech,90019050,Tabapay Payment Services Llc,Palo Alto,CA,94306,450 Cambridge Ave.,3,140,ft_national; ft_recent_filing; ft_state_verified,51,Money transmitter,0,,True,2026-03-19,True,AK; FL; MA; NC
Fintech,90021256,Visa Global Services Inc.,Foster City,CA,94404,"900 Metro Center Blvd, Mail Stop 1Z",3,140,ft_national; ft_recent_filing; ft_state_verified,51,Money transmitter,0,Currencycloud,True,2026-08-21,True,FL; MA; MS
Fintech,90022076,"Zap Solutions, Inc.",Chicago,IL,60601,"200 North Lasalle Street, Suite 2360",3,140,ft_national; ft_recent_filing; ft_state_verified,51,Money transmitter,0,Strike,True,2026-01-17,True,FL; MA
Fintech,90002595,Bitgo Technologies Llc,Sioux Falls,SD,57103,"101 S. Reid St, Suite 307, Office #9793",3,140,ft_national; ft_recent_filing; ft_state_verified,50,Money transmitter,0,,True,2026-08-03,True,FL
Fintech,90015408,"Pangea Usa, Llc",Chicago,IL,60604,175 W Jackson Blvs Ste 600,3,140,ft_national; ft_recent_filing; ft_state_verified,50,Money transmitter,0,"Pangea; Pangea Money Transfer; Cebuana Lhuillier Quikz, Powered By Pangea; Cebuana Lhuillier Quikz",True,2025-12-18,True,AK; FL
Fintech,90015580,"Payward Interactive, Inc.",Cheyenne,WY,82001,"106 E. Lincolnway, Fourth Floor",3,140,ft_national; ft_recent_filing; ft_state_verified,49,Money transmitter,0,Kraken,True,2026-08-11,True,FL; MS
Fintech,90003019,Brex Payments Llc,Salt Lake City,UT,84101,"650 S 500 W., Suite 300",3,140,ft_national; ft_recent_filing; ft_state_verified,45,Money transmitter,0,,True,2026-07-29,True,FL
Fintech,90002791,"Blockchain.Com, Inc",Dallas,TX,75219,"3500 Maple Ave, Suite 1550",3,140,ft_national; ft_recent_filing; ft_state_verified,44,Money transmitter,0,,True,2025-11-14,True,FL; NC
Fintech,90014839,Nuvei Us Llc,Scottsdale,AZ,85257,"1375 North Scottsdale Road, Suite 400",3,140,ft_national; ft_recent_filing; ft_state_verified,40,Money transmitter,0,,True,2026-03-12,True,FL; NC
Fintech,90016728,"Remitly Labs, Inc.",Seattle,WA,98101,"401 Union Street, Suite 1000",3,140,ft_prepaid; ft_fullstack; ft_recent_filing,1,Money transmitter; Provider of prepaid access,0,,True,2026-01-20,False,
Fintech,90020606,Uphold Digital Assets Us Inc.,New York,NY,10017,"529 5Th Avenue, Suite 900",3,140,ft_prepaid; ft_fullstack; ft_recent_filing,1,Money transmitter; Provider of prepaid access,0,Uphold,True,2026-06-04,False,
Fintech,90007473,Fortress Trust Llc,Las Vegas,NV,89135,"10845 Griffith Peak Dr., Ste 200A",2,136,ft_national; ft_stale_registration,41,Money transmitter,0,,True,2024-01-30,False,
Fintech,90018549,"Standard Custody & Trust Company, Llc",New York,NY,10011,"111 West 19Th Street, 6Th Floor",3,136,ft_multistate; ft_recent_filing; ft_state_verified,16,Money transmitter,0,Ripple Custody & Trust Co.,True,2025-12-05,True,MS
Fintech,90002128,"Bakkt Crypto Solutions, Llc",New York,NY,10006,"Convene One Liberty Plaza, 1 Liberty St., Ste. 305 & 306",2,132,ft_national; ft_state_verified,51,Money transmitter,0,,True,2025-08-15,True,MS
Fintech,90002648,"Bitpay, Inc.",Alpharetta,GA,30022,"10400 Old Alabama Rd Connector, Suite 400",2,132,ft_national; ft_state_verified,51,Money transmitter,0,,True,2025-07-23,True,AK; FL; MA; NC
Fintech,90013680,"Moneygram Payment Systems, Inc.",Minneapolis,MN,55416,"1550 Utica Avenue South, Suite 100",2,132,ft_national; ft_state_verified,51,Issuer of money orders; Seller of money orders; Money transmitter,1,Moneygram,True,2024-12-11,True,FL; MA; MS; NC
Fintech,90016883,Ripple Markets De Llc,San Francisco,CA,94111,600 Battery Street,2,132,ft_national; ft_state_verified,51,Money transmitter,0,,True,2024-12-03,True,FL; MS
Fintech,90004104,"Circle Internet Financial, Llc",Boston,MA,'02111,"1 Lincoln Street, Suite 31-113",2,132,ft_national; ft_state_verified,50,Money transmitter,0,,True,2024-12-19,True,FL; MA; MS; NC
Fintech,90004309,Coinme Inc.,Seattle,WA,98104,"255 S King St, Suite 800",2,132,ft_national; ft_state_verified,50,Money transmitter,0,Coinme,True,2025-08-07,True,FL; NC
Fintech,90000777,"Airwallex Us, Llc",San Francisco,CA,94105,"188 Spear Street, 9Th Floor",2,132,ft_national; ft_state_verified,49,Money transmitter,0,,True,2024-12-20,True,FL; NC
Fintech,90007259,"Fireblocks Trust Company, Llc",New York,NY,10001,"5 Pennsylvania Plaza, 23Rd Floor",2,128,ft_national; ft_recent_filing,51,Money transmitter,0,,True,2025-12-19,False,
Fintech,90008935,"Highnote Payments, Inc.",San Francisco,CA,94104,"350 Bush Street, 19Th Floor",2,128,ft_national; ft_recent_filing,51,Money transmitter,0,,True,2026-02-18,False,
Fintech,90016565,Rapyd Financial Technology Us Inc,Coral Gables,FL,33133,237 S Dixie Hwy Suite 436,2,128,ft_national; ft_recent_filing,51,Money transmitter,0,,True,2025-12-22,False,
Fintech,90017912,"Sezzle Holdings Iv, Inc.",Minneapolis,MN,55402,"700 Nicollet Mall, Suite 640",2,128,ft_national; ft_recent_filing,51,Money transmitter,0,,True,2026-06-04,False,
Fintech,90004243,Coinbase Fc Fund Llc,San Francisco,CA,94107,"1 Bluxome Street, Suite 405",2,122,ft_fx_crypto; ft_recent_filing,4,Money transmitter; Dealer in foreign exchange,0,,True,2026-09-13,False,
Fintech,90008566,"Gusto, Inc.",San Francisco,CA,94107,525 20Th Street,1,120,ft_national,51,Money transmitter,0,Gusto,True,2024-11-14,False,
Fintech,90015579,"Payward Financial, Inc. Dba Kraken Financial",Cheyenne,WY,82001,106 E. Lincolnway; 4Th Floor,1,120,ft_national,51,Money transmitter,0,Kraken Financial,True,2024-12-09,False,
Fintech,90021688,Worldremit (New Zealand) Limited,Boston,MA,'02134,"100 Hano St., Ste. 9",1,120,ft_national,51,Money transmitter,0,,True,2025-06-17,False,
Fintech,90002596,"Bitgo Trust Company, Inc.",Sioux Falls,SD,57108,"6216 Pinnacle Place, Suite #101",1,120,ft_national,48,Money transmitter,0,"Bitgo; Bitgo Financial Services, Inc.",True,2025-02-07,False,
Fintech,90005377,Dlocal Opco Us Inc.,San Francisco,CA,94103,981 Mission Street,2,120,ft_recent_filing; ft_state_verified,3,Money transmitter,0,,True,2026-08-14,True,FL
Fintech,90016884,Ripple Markets Wy Llc,Cheyenne,WY,82001,1821 Logan Ave,1,108,ft_recent_filing,2,Money transmitter,0,,True,2025-12-04,False,
Fintech,90004385,Colis/Juan,Henderson,TX,75652,103 Hwy 64,1,108,ft_recent_filing,1,Check casher; Money transmitter,2,Dba Panaderia El Buen Gusto,True,2026-06-30,False,
Fintech,90008379,"Green Dot Unlimited, Inc.",Los Angeles,CA,90037,4018 Broadway Pl,1,108,ft_recent_filing,1,Seller of money orders; Check casher; Money transmitter,0,Broadway Market & Liquor,True,2026-01-28,False,
Fintech,90008565,Gusto Express Llc,Waco,TX,76711,1513 S Valley Mills Dr,1,108,ft_recent_filing,1,Seller of money orders; Money transmitter,0,Gusto Express,True,2026-01-05,False,
Fintech,90001209,"American Express Travel Related Services Company,",New York,NY,10285,200 Vesey Street,6,86,ft_national; ft_prepaid; ft_fullstack; ft_fx_crypto; ft_recent_filing; ft_state_verified,51,Money transmitter; Seller of prepaid access; Provider of prepaid access; Dealer in foreign exchange,0,,False,2025-10-16,True,FL; MA; MS; NC
Fintech,90002653,Bitq Technologies Llc,Dover,DE,19901,8 The Green #5955,6,86,ft_national; ft_prepaid; ft_fullstack; ft_fx_crypto; ft_recent_filing; ft_state_verified,51,Issuer of traveler's checks; Seller of traveler's checks; Issuer of money orders; Seller of money orders; Check casher; Money transmitter; Seller of prepaid access; Dealer in foreign exchange,0,,False,2026-07-28,True,FL
Fintech,90004944,"Dandelion Payments, Inc.",Buena Park,CA,90621,"7000 Village Dr., Ste. 200",6,86,ft_national; ft_prepaid; ft_fullstack; ft_fx_crypto; ft_recent_filing; ft_state_verified,51,Issuer of money orders; Seller of money orders; Check casher; Money transmitter; Provider of prepaid access; Dealer in foreign exchange,257,"Ria Money Transfer, Xe Usa, Xe Money Transfer, Afex Money Express",False,2026-09-08,True,AK; FL; MA
Fintech,90016637,Realnet Payments Llc,Cincinnati,OH,45249,8500 Governors Hill Dr,6,86,ft_national; ft_prepaid; ft_fullstack; ft_fx_crypto; ft_recent_filing; ft_state_verified,51,Money transmitter; Seller of prepaid access; Provider of prepaid access; Dealer in foreign exchange,0,,False,2025-12-08,True,FL; NC
Fintech,90019046,"System Pay Services (Us), Inc.",San Francisco,CA,94158,"365 Toni Stone Xing, Floor 3",6,86,ft_national; ft_prepaid; ft_fullstack; ft_fx_crypto; ft_recent_filing; ft_state_verified,51,Money transmitter; Seller of prepaid access; Dealer in foreign exchange,0,,False,2025-12-23,True,FL; NC
Fintech,90000243,A16Z Crypto Foundation,Chicago,IL,60609,"1101 W 43Rd St, Chicago, Il",5,82,ft_national; ft_prepaid; ft_fullstack; ft_fx_crypto; ft_stale_registration,51,Issuer of traveler's checks; Seller of traveler's checks; Issuer of money orders; Seller of money orders; Check casher; Money transmitter; Seller of prepaid access; Dealer in foreign exchange,0,A16Z Crypto Foundation,False,2024-02-22,False,
Fintech,90000299,Aardvark Travel Llc,Rowland Heights,CA,91748,"17800 Colima Rd, Apt 621",5,82,ft_national; ft_prepaid; ft_fullstack; ft_fx_crypto; ft_stale_registration,51,Issuer of traveler's checks; Seller of traveler's checks; Issuer of money orders; Seller of money orders; Check casher; Money transmitter; Seller of prepaid access; Dealer in foreign exchange,0,,False,2024-04-06,False,
Fintech,90000306,A & A Services Mb Llc,Myrtle Beach,SC,29577,600 16Th Av N Suite #2,5,82,ft_national; ft_prepaid; ft_fullstack; ft_fx_crypto; ft_stale_registration,51,Issuer of traveler's checks; Seller of traveler's checks; Issuer of money orders; Seller of money orders; Check casher; Money transmitter; Seller of prepaid access; Dealer in foreign exchange,1,,False,2024-05-10,False,
Fintech,90000385,Abecoins,Nashville,TN,37211,2916 Louise Dr,5,82,ft_national; ft_prepaid; ft_fullstack; ft_fx_crypto; ft_stale_registration,51,Issuer of traveler's checks; Seller of traveler's checks; Issuer of money orders; Seller of money orders; Check casher; Money transmitter; Seller of prepaid access; Dealer in foreign exchange,1,,False,2024-04-26,False,
Fintech,90000414,Abs Investment Management Llc,Greenwich,CT,'06830,537 Steamboat Road,5,82,ft_national; ft_prepaid; ft_fullstack; ft_fx_crypto; ft_stale_registration,51,Issuer of traveler's checks; Seller of traveler's checks; Issuer of money orders; Seller of money orders; Check casher; Money transmitter; Seller of prepaid access; Dealer in foreign exchange,0,,False,2024-05-02,False,
Fintech,90000539,Adk Capital Inc,Seattle,WA,98121,2200 6Th Ave,5,82,ft_national; ft_prepaid; ft_fullstack; ft_fx_crypto; ft_stale_registration,51,Issuer of traveler's checks; Seller of traveler's checks; Issuer of money orders; Seller of money orders; Check casher; Money transmitter; Seller of prepaid access; Dealer in foreign exchange,0,,False,2024-05-07,False,
Fintech,90000573,Aegis Ai Llc,Aurora,CO,80014,2821 S Parker Rd,5,82,ft_national; ft_prepaid; ft_fullstack; ft_fx_crypto; ft_stale_registration,51,Issuer of traveler's checks; Seller of traveler's checks; Issuer of money orders; Seller of money orders; Check casher; Money transmitter; Seller of prepaid access; Dealer in foreign exchange,0,Aegis Ai Llc,False,2024-04-15,False,
Fintech,90000587,Aer Foundatn,Lake Saint Louis,MO,63367,1200 Lake Saint Louis Blvd,5,82,ft_national; ft_prepaid; ft_fullstack; ft_fx_crypto; ft_stale_registration,51,Issuer of traveler's checks; Seller of traveler's checks; Issuer of money orders; Seller of money orders; Check casher; Money transmitter; Seller of prepaid access; Dealer in foreign exchange,0,,False,2024-06-03,False,
Fintech,90000615,Affiliated Managers Group,Denver,CO,80202,1820 Lawrence St,5,82,ft_national; ft_prepaid; ft_fullstack; ft_fx_crypto; ft_stale_registration,51,Issuer of traveler's checks; Seller of traveler's checks; Issuer of money orders; Seller of money orders; Check casher; Money transmitter; Seller of prepaid access; Dealer in foreign exchange,0,,False,2024-01-29,False,
Fintech,90000616,Affiliated Managers Group,Denver,CO,80202,1820 Lawrence St,5,82,ft_national; ft_prepaid; ft_fullstack; ft_fx_crypto; ft_stale_registration,51,Issuer of traveler's checks; Seller of traveler's checks; Issuer of money orders; Seller of money orders; Check casher; Money transmitter; Seller of prepaid access; Dealer in foreign exchange,0,,False,2024-01-29,False,
Fintech,90000637,Agbit Technology Inc,Denver,CO,80202,1776 Curtis Street,5,82,ft_national; ft_prepaid; ft_fullstack; ft_fx_crypto; ft_stale_registration,51,Issuer of traveler's checks; Seller of traveler's checks; Issuer of money orders; Seller of money orders; Check casher; Money transmitter; Seller of prepaid access; Dealer in foreign exchange,0,,False,2024-05-08,False,
Fintech,90000664,Agpt Intelligence,Denver,CO,80202,"1801 Wewetta Street, Suite 1140",5,82,ft_national; ft_prepaid; ft_fullstack; ft_fx_crypto; ft_stale_registration,51,Issuer of traveler's checks; Seller of traveler's checks; Issuer of money orders; Seller of money orders; Check casher; Money transmitter; Seller of prepaid access; Dealer in foreign exchange,0,,False,2024-05-17,False,
Fintech,90000730,Aibasc Llc,Arlington,VA,22209,1100 Wilson Blvd,5,82,ft_national; ft_prepaid; ft_fullstack; ft_fx_crypto; ft_stale_registration,51,Issuer of traveler's checks; Seller of traveler's checks; Issuer of money orders; Seller of money orders; Check casher; Money transmitter; Seller of prepaid access; Dealer in foreign exchange,0,Aibasc Llc,False,2024-02-26,False,
Fintech,90000752,Aigpt Capital Foundation,Denver,CO,80202,1144 15Th St,5,82,ft_national; ft_prepaid; ft_fullstack; ft_fx_crypto; ft_stale_registration,51,Issuer of traveler's checks; Seller of traveler's checks; Issuer of money orders; Seller of money orders; Check casher; Money transmitter; Seller of prepaid access; Dealer in foreign exchange,0,,False,2024-03-06,False,
Fintech,90000848,Alaicoin Ltd,Corona,CA,92879,908 Brunswick Cir,5,82,ft_national; ft_prepaid; ft_fullstack; ft_fx_crypto; ft_stale_registration,51,Issuer of traveler's checks; Seller of traveler's checks; Issuer of money orders; Seller of money orders; Check casher; Money transmitter; Seller of prepaid access; Dealer in foreign exchange,0,,False,2024-06-06,False,
Fintech,90001070,Alphant Chat Llc,Denver,CO,80202,"515 17Th St, 18Th Floor",5,82,ft_national; ft_prepaid; ft_fullstack; ft_fx_crypto; ft_stale_registration,51,Issuer of traveler's checks; Seller of traveler's checks; Issuer of money orders; Seller of money orders; Check casher; Money transmitter; Seller of prepaid access; Dealer in foreign exchange,0,,False,2024-04-24,False,
Fintech,90001271,Amppo,Denver,CO,80202,1633 Welton Street 9Th Floor,5,82,ft_national; ft_prepaid; ft_fullstack; ft_fx_crypto; ft_stale_registration,51,Issuer of traveler's checks; Seller of traveler's checks; Issuer of money orders; Seller of money orders; Check casher; Money transmitter; Seller of prepaid access; Dealer in foreign exchange,0,,False,2024-04-09,False,
Fintech,90001445,Apexcoins Llc,Seattle,WA,98101,509 Olive Wy,5,82,ft_national; ft_prepaid; ft_fullstack; ft_fx_crypto; ft_stale_registration,51,Issuer of traveler's checks; Seller of traveler's checks; Issuer of money orders; Seller of money orders; Check casher; Money transmitter; Seller of prepaid access; Dealer in foreign exchange,0,Apexcoins Llc,False,2024-05-06,False,
Fintech,90001549,Arctic Intelligence Foundation Inc.,Brooklyn,NY,11217,"620 Atlantic Ave, Brooklyn, Ny 11217",5,82,ft_national; ft_prepaid; ft_fullstack; ft_fx_crypto; ft_stale_registration,51,Issuer of traveler's checks; Seller of traveler's checks; Issuer of money orders; Seller of money orders; Check casher; Money transmitter; Seller of prepaid access; Dealer in foreign exchange,0,Arctic Intelligence Foundation Inc.,False,2024-02-17,False,
Fintech,90001568,Argonaut Capital International Securities,Denver,CO,80203,1892 Lincoln St,5,82,ft_national; ft_prepaid; ft_fullstack; ft_fx_crypto; ft_stale_registration,51,Issuer of traveler's checks; Seller of traveler's checks; Issuer of money orders; Seller of money orders; Check casher; Money transmitter; Seller of prepaid access; Dealer in foreign exchange,0,,False,2024-03-26,False,
Fintech,90001592,Arithfi Inc.,Denver,CO,80202,1312 17Th Street Suite 600 Denver Co 80202,5,82,ft_national; ft_prepaid; ft_fullstack; ft_fx_crypto; ft_stale_registration,51,Issuer of traveler's checks; Seller of traveler's checks; Issuer of money orders; Seller of money orders; Check casher; Money transmitter; Seller of prepaid access; Dealer in foreign exchange,0,Arithfi Inc.,False,2024-03-07,False,
Fintech,90001603,Ark Capital Internet Technology Inc,Denver,CO,60609,1312 17Th Street Suite 962 Denver Co 80202,5,82,ft_national; ft_prepaid; ft_fullstack; ft_fx_crypto; ft_stale_registration,51,Issuer of traveler's checks; Seller of traveler's checks; Issuer of money orders; Seller of money orders; Check casher; Money transmitter; Seller of prepaid access; Dealer in foreign exchange,0,Ark Capital Internet Technology Inc,False,2024-03-22,False,
Fintech,90001759,Astratrade,Denver,CO,80202,1776 Curtis Street,5,82,ft_national; ft_prepaid; ft_fullstack; ft_fx_crypto; ft_stale_registration,51,Issuer of traveler's checks; Seller of traveler's checks; Issuer of money orders; Seller of money orders; Check casher; Money transmitter; Seller of prepaid access; Dealer in foreign exchange,0,,False,2024-06-11,False,
Fintech,90001763,Astrobit Tarcrypto Ltd.,New York,NY,10016,244 Madison Avenue Suite 1666,5,82,ft_national; ft_prepaid; ft_fullstack; ft_fx_crypto; ft_stale_registration,51,Issuer of traveler's checks; Seller of traveler's checks; Issuer of money orders; Seller of money orders; Check casher; Money transmitter; Seller of prepaid access; Dealer in foreign exchange,0,,False,2024-02-17,False,
Fintech,90001772,Atd International Group,New York,NY,10017,211 East 43Rd Street 9Th Floor,5,82,ft_national; ft_prepaid; ft_fullstack; ft_fx_crypto; ft_stale_registration,51,Issuer of traveler's checks; Seller of traveler's checks; Issuer of money orders; Seller of money orders; Check casher; Money transmitter; Seller of prepaid access; Dealer in foreign exchange,0,,False,2024-03-23,False,
Fintech,90001777,Ate Otc,New York,NY,60609,"20 W 38Th St. New York, Ny 10001",5,82,ft_national; ft_prepaid; ft_fullstack; ft_fx_crypto; ft_stale_registration,51,Issuer of traveler's checks; Seller of traveler's checks; Issuer of money orders; Seller of money orders; Check casher; Money transmitter; Seller of prepaid access; Dealer in foreign exchange,0,Ate Otc,False,2024-03-22,False,
Fintech,90001842,Aubo Inc.,New York,NY,10118,350 5Th Ave #6726,5,82,ft_national; ft_prepaid; ft_fullstack; ft_fx_crypto; ft_stale_registration,51,Issuer of traveler's checks; Seller of traveler's checks; Issuer of money orders; Seller of money orders; Check casher; Money transmitter; Seller of prepaid access; Dealer in foreign exchange,0,,False,2024-04-15,False,
Fintech,90001921,Avaclub,New York,CO,10041,200 Vesey Street,5,82,ft_national; ft_prepaid; ft_fullstack; ft_fx_crypto; ft_stale_registration,51,Issuer of traveler's checks; Seller of traveler's checks; Issuer of money orders; Seller of money orders; Check casher; Money transmitter; Seller of prepaid access; Dealer in foreign exchange,0,,False,2024-03-28,False,
Fintech,90001924,Avalon Coin Llc,Los Angeles,CA,90067,2000 Avenue Of The Stars,5,82,ft_national; ft_prepaid; ft_fullstack; ft_fx_crypto; ft_stale_registration,51,Issuer of traveler's checks; Seller of traveler's checks; Issuer of money orders; Seller of money orders; Check casher; Money transmitter; Seller of prepaid access; Dealer in foreign exchange,0,Avalon Coin Llc,False,2024-02-12,False,
Fintech,90002018,Axtree Llc,Newport Beach,CA,92660,4590 Macarthur Blvd,5,82,ft_national; ft_prepaid; ft_fullstack; ft_fx_crypto; ft_stale_registration,51,Issuer of traveler's checks; Seller of traveler's checks; Issuer of money orders; Seller of money orders; Check casher; Money transmitter; Seller of prepaid access; Dealer in foreign exchange,0,Axtree Llc,False,2024-02-26,False,
Fintech,90002119,Bajaj Smart Stock Trading,Denver,CO,80205,2098 Welton St,5,82,ft_national; ft_prepaid; ft_fullstack; ft_fx_crypto; ft_stale_registration,51,Issuer of traveler's checks; Seller of traveler's checks; Issuer of money orders; Seller of money orders; Check casher; Money transmitter; Seller of prepaid access; Dealer in foreign exchange,0,,False,2024-06-04,False,
Fintech,90002278,Beaconcto Inc.,Spokane,WA,99201,100 N Howard St Ste R,5,82,ft_national; ft_prepaid; ft_fullstack; ft_fx_crypto; ft_stale_registration,51,Issuer of traveler's checks; Seller of traveler's checks; Issuer of money orders; Seller of money orders; Check casher; Money transmitter; Seller of prepaid access; Dealer in foreign exchange,0,,False,2024-06-30,False,
Fintech,90002321,Belief Inc.,Denver,CO,80202,1312 17Th Street Suite 1361 Denver Co 80202,5,82,ft_national; ft_prepaid; ft_fullstack; ft_fx_crypto; ft_stale_registration,51,Issuer of traveler's checks; Seller of traveler's checks; Issuer of money orders; Seller of money orders; Check casher; Money transmitter; Seller of prepaid access; Dealer in foreign exchange,0,Belief Inc.,False,2024-02-19,False,
Fintech,90002395,Bessen Smart Digital Platform,Denver,CO,80222,"2000 S Colorado Blvd, Suite 224",5,82,ft_national; ft_prepaid; ft_fullstack; ft_fx_crypto; ft_stale_registration,51,Issuer of traveler's checks; Seller of traveler's checks; Issuer of money orders; Seller of money orders; Check casher; Money transmitter; Seller of prepaid access; Dealer in foreign exchange,0,,False,2024-06-07,False,
Fintech,90002404,Bestzcoin Inc,Springs,CO,80905,1414 S Wahsatch Ave Colorado Springs Co 80905,5,82,ft_national; ft_prepaid; ft_fullstack; ft_fx_crypto; ft_stale_registration,51,Issuer of traveler's checks; Seller of traveler's checks; Issuer of money orders; Seller of money orders; Check casher; Money transmitter; Seller of prepaid access; Dealer in foreign exchange,0,Bestzcoin Inc,False,2024-04-15,False,
Fintech,90002425,Beux Technology Inc,Denver,CO,80203,1730 Sherman St,5,82,ft_national; ft_prepaid; ft_fullstack; ft_fx_crypto; ft_stale_registration,51,Issuer of traveler's checks; Seller of traveler's checks; Issuer of money orders; Seller of money orders; Check casher; Money transmitter; Seller of prepaid access; Dealer in foreign exchange,0,,False,2024-05-27,False,
Fintech,90002429,Bfex,Denver,CO,80202,1670 Broadway,5,82,ft_national; ft_prepaid; ft_fullstack; ft_fx_crypto; ft_stale_registration,51,Issuer of traveler's checks; Seller of traveler's checks; Issuer of money orders; Seller of money orders; Check casher; Money transmitter; Seller of prepaid access; Dealer in foreign exchange,0,,False,2024-06-12,False,
Fintech,90002492,Bigt Foundatn,Chesterfield,MO,63017,400 Chesterfield Center,5,82,ft_national; ft_prepaid; ft_fullstack; ft_fx_crypto; ft_stale_registration,51,Issuer of traveler's checks; Seller of traveler's checks; Issuer of money orders; Seller of money orders; Check casher; Money transmitter; Seller of prepaid access; Dealer in foreign exchange,0,,False,2024-05-06,False,
Fintech,90002513,Binanda,Denver,CO,80202,1099 18Th St,5,82,ft_national; ft_prepaid; ft_fullstack; ft_fx_crypto; ft_stale_registration,51,Issuer of traveler's checks; Seller of traveler's checks; Issuer of money orders; Seller of money orders; Check casher; Money transmitter; Seller of prepaid access; Dealer in foreign exchange,0,,False,2024-04-23,False,
Fintech,90002519,Bingfi Inc,Denver,CO,80220,"825 Dahlia St, Unit 703",5,82,ft_national; ft_prepaid; ft_fullstack; ft_fx_crypto; ft_stale_registration,51,Issuer of traveler's checks; Seller of traveler's checks; Issuer of money orders; Seller of money orders; Check casher; Money transmitter; Seller of prepaid access; Dealer in foreign exchange,0,,False,2024-03-22,False,
Fintech,90002542,Bitage,Denver,CO,80202,555 17Th St,5,82,ft_national; ft_prepaid; ft_fullstack; ft_fx_crypto; ft_stale_registration,51,Issuer of traveler's checks; Seller of traveler's checks; Issuer of money orders; Seller of money orders; Check casher; Money transmitter; Seller of prepaid access; Dealer in foreign exchange,0,,False,2024-01-11,False,
Fintech,90002547,Bit Base World,Denver,CO,80202,1750 Wewatta St,5,82,ft_national; ft_prepaid; ft_fullstack; ft_fx_crypto; ft_stale_registration,51,Issuer of traveler's checks; Seller of traveler's checks; Issuer of money orders; Seller of money orders; Check casher; Money transmitter; Seller of prepaid access; Dealer in foreign exchange,0,,False,2024-01-18,False,
Fintech,90002557,Bitcoin Atm Pros Inc,Lewes,DE,19958,"16192 Coastal Highway,",5,82,ft_national; ft_prepaid; ft_fullstack; ft_fx_crypto; ft_stale_registration,51,Issuer of money orders; Seller of money orders; Check casher; Money transmitter; Seller of prepaid access; Provider of prepaid access; Dealer in foreign exchange,5,,False,2024-02-23,False,
Fintech,90002606,Bitic Exchange Limited,San Francisco,CA,94104,75 Leidesdorff St,5,82,ft_national; ft_prepaid; ft_fullstack; ft_fx_crypto; ft_stale_registration,51,Issuer of traveler's checks; Seller of traveler's checks; Issuer of money orders; Seller of money orders; Check casher; Money transmitter; Seller of prepaid access; Dealer in foreign exchange,0,,False,2024-05-13,False,
Fintech,90002607,Biticrypto Foundation,New York,NY,10118,"20 W 34Th St., New York, Ny",5,82,ft_national; ft_prepaid; ft_fullstack; ft_fx_crypto; ft_stale_registration,51,Issuer of traveler's checks; Seller of traveler's checks; Issuer of money orders; Seller of money orders; Check casher; Money transmitter; Seller of prepaid access; Dealer in foreign exchange,0,Biticrypto Foundation,False,2024-05-20,False,
Fintech,90002681,Bit Treasury Ltd.,New York City,NY,10001,127 West 30Th Street,5,82,ft_national; ft_prepaid; ft_fullstack; ft_fx_crypto; ft_stale_registration,51,Issuer of traveler's checks; Seller of traveler's checks; Issuer of money orders; Seller of money orders; Check casher; Money transmitter; Seller of prepaid access; Dealer in foreign exchange,0,,False,2024-05-30,False,
Fintech,90002703,Bivers,Los Angeles,CA,90015,"501 W Olympic Blvd, Unit 1712",5,82,ft_national; ft_prepaid; ft_fullstack; ft_fx_crypto; ft_stale_registration,51,Seller of traveler's checks; Issuer of money orders; Seller of money orders; Check casher; Money transmitter; Seller of prepaid access; Dealer in foreign exchange,0,,False,2024-04-29,False,
Fintech,90002709,Biytea Exchange Inc,Denver,CO,80202,1913 Champa St,5,82,ft_national; ft_prepaid; ft_fullstack; ft_fx_crypto; ft_stale_registration,51,Issuer of traveler's checks; Seller of traveler's checks; Issuer of money orders; Seller of money orders; Check casher; Money transmitter; Seller of prepaid access; Dealer in foreign exchange,0,,False,2024-02-18,False,
Fintech,90002713,Bizmym Llc,Denver,CO,80202,518 17Th St,5,82,ft_national; ft_prepaid; ft_fullstack; ft_fx_crypto; ft_stale_registration,51,Issuer of traveler's checks; Seller of traveler's checks; Issuer of money orders; Seller of money orders; Check casher; Money transmitter; Seller of prepaid access; Dealer in foreign exchange,0,Bizmym Llc,False,2024-03-31,False,
Fintech,90002744,Blackstone Group Asia Pacific Ltd,New York,NY,10022,601 Lexington Avenue,5,82,ft_national; ft_prepaid; ft_fullstack; ft_fx_crypto; ft_stale_registration,51,Issuer of traveler's checks; Seller of traveler's checks; Issuer of money orders; Seller of money orders; Check casher; Money transmitter; Seller of prepaid access; Dealer in foreign exchange,0,,False,2024-05-17,False,
Fintech,90002812,Block Shift Inc,Denver,CO,80202,1734 Lawrence St,5,82,ft_national; ft_prepaid; ft_fullstack; ft_fx_crypto; ft_stale_registration,51,Issuer of traveler's checks; Seller of traveler's checks; Issuer of money orders; Seller of money orders; Check casher; Money transmitter; Seller of prepaid access; Dealer in foreign exchange,0,,False,2024-06-13,False,
Fintech,90002838,Blue Fire Inc,Ankeny,IA,50021,627 Se Kensington Road,5,82,ft_national; ft_prepaid; ft_fullstack; ft_fx_crypto; ft_stale_registration,51,Issuer of traveler's checks; Seller of traveler's checks; Issuer of money orders; Seller of money orders; Check casher; Money transmitter; Seller of prepaid access; Dealer in foreign exchange,0,,False,2024-05-24,False,
Fintech,90002868,Bmo Capital Foundation,Denver,CO,80202,1704 Glenarm Pl,5,82,ft_national; ft_prepaid; ft_fullstack; ft_fx_crypto; ft_stale_registration,51,Issuer of traveler's checks; Seller of traveler's checks; Issuer of money orders; Seller of money orders; Check casher; Money transmitter; Seller of prepaid access; Dealer in foreign exchange,0,,False,2024-03-28,False,
Fintech,90002908,Boley Ltd.,New York,NY,60609,"20 W 38Th St. New York, Ny 10001",5,82,ft_national; ft_prepaid; ft_fullstack; ft_fx_crypto; ft_stale_registration,51,Issuer of traveler's checks; Seller of traveler's checks; Issuer of money orders; Seller of money orders; Check casher; Money transmitter; Seller of prepaid access; Dealer in foreign exchange,0,Boley Ltd.,False,2024-03-15,False,
Fintech,90002980,Brainwave Crypto Llc,Denver,CO,80202,1312 17Th St Unit Num 2955,5,82,ft_national; ft_prepaid; ft_fullstack; ft_fx_crypto; ft_stale_registration,51,Issuer of traveler's checks; Seller of traveler's checks; Issuer of money orders; Seller of money orders; Check casher; Money transmitter; Seller of prepaid access; Dealer in foreign exchange,0,,False,2024-02-07,False,
Fintech,90003052,Britishcapital,Denver,CO,80202,"1880 Arapahoe St, Unit 3645",5,82,ft_national; ft_prepaid; ft_fullstack; ft_fx_crypto; ft_stale_registration,51,Seller of traveler's checks; Issuer of money orders; Seller of money orders; Check casher; Money transmitter; Seller of prepaid access; Dealer in foreign exchange,0,,False,2024-06-27,False,
Fintech,90003109,Btcexcoin Inc.,Washington,DC,20024,800 Maine Ave Sw,5,82,ft_national; ft_prepaid; ft_fullstack; ft_fx_crypto; ft_stale_registration,51,Issuer of traveler's checks; Seller of traveler's checks; Issuer of money orders; Seller of money orders; Check casher; Money transmitter; Seller of prepaid access; Dealer in foreign exchange,0,,False,2024-05-29,False,
Fintech,90003133,Btirm Inc.,Boston,MA,'02110,175 Federal St,5,82,ft_national; ft_prepaid; ft_fullstack; ft_fx_crypto; ft_stale_registration,51,Issuer of traveler's checks; Seller of traveler's checks; Issuer of money orders; Seller of money orders; Check casher; Money transmitter; Seller of prepaid access; Dealer in foreign exchange,0,,False,2024-06-04,False,
Fintech,90003134,Btirm Inc.,Boston,MA,'02110,175 Federal St,5,82,ft_national; ft_prepaid; ft_fullstack; ft_fx_crypto; ft_stale_registration,51,Issuer of traveler's checks; Seller of traveler's checks; Issuer of money orders; Seller of money orders; Check casher; Money transmitter; Seller of prepaid access; Dealer in foreign exchange,0,,False,2024-06-04,False,
Fintech,90003228,Bybtc Capital Markets Ltd,New York,NY,10017,211 East 43Rd Street 9Th Floor,5,82,ft_national; ft_prepaid; ft_fullstack; ft_fx_crypto; ft_stale_registration,51,Issuer of traveler's checks; Seller of traveler's checks; Issuer of money orders; Seller of money orders; Check casher; Money transmitter; Seller of prepaid access; Dealer in foreign exchange,0,,False,2024-03-19,False,
Fintech,90003238,Byobcoin Foundation,Denver,CO,80231,"10200 E Girard Ave, Denver, Co",5,82,ft_national; ft_prepaid; ft_fullstack; ft_fx_crypto; ft_stale_registration,51,Issuer of traveler's checks; Seller of traveler's checks; Issuer of money orders; Seller of money orders; Check casher; Money transmitter; Seller of prepaid access; Dealer in foreign exchange,0,Byobcoin Foundation,False,2024-05-28,False,
Fintech,90003241,Bytecross Llc,Wahsington,DC,20005,1155 15Th St Nw,5,82,ft_national; ft_prepaid; ft_fullstack; ft_fx_crypto; ft_stale_registration,51,Issuer of traveler's checks; Seller of traveler's checks; Issuer of money orders; Seller of money orders; Check casher; Money transmitter; Seller of prepaid access; Dealer in foreign exchange,0,Bytecross Llc,False,2024-04-08,False,
Fintech,90003246,Bytesi Llc,Las Vegas,NV,89101,300 S 4Th St,5,82,ft_national; ft_prepaid; ft_fullstack; ft_fx_crypto; ft_stale_registration,51,Issuer of traveler's checks; Seller of traveler's checks; Issuer of money orders; Seller of money orders; Check casher; Money transmitter; Seller of prepaid access; Dealer in foreign exchange,0,Bytesi Llc,False,2024-01-15,False,
Fintech,90003390,Capitalvault Ltd,Spokane,WA,99201,100 N Howard St Ste R,5,82,ft_national; ft_prepaid; ft_fullstack; ft_fx_crypto; ft_stale_registration,51,Issuer of traveler's checks; Seller of traveler's checks; Issuer of money orders; Seller of money orders; Check casher; Money transmitter; Seller of prepaid access; Dealer in foreign exchange,0,,False,2024-03-21,False,
Fintech,90003686,Cat Markets,Denver,CO,80246,256 S.Cherry Street 10Th Floor,5,82,ft_national; ft_prepaid; ft_fullstack; ft_fx_crypto; ft_stale_registration,51,Issuer of traveler's checks; Seller of traveler's checks; Issuer of money orders; Seller of money orders; Check casher; Money transmitter; Seller of prepaid access; Dealer in foreign exchange,0,,False,2024-05-07,False,
Fintech,90003707,Cbex,Denver,CO,80202,"515 17Th St, 17Th Floor",5,82,ft_national; ft_prepaid; ft_fullstack; ft_fx_crypto; ft_stale_registration,51,Issuer of traveler's checks; Seller of traveler's checks; Issuer of money orders; Seller of money orders; Check casher; Money transmitter; Seller of prepaid access; Dealer in foreign exchange,0,,False,2024-04-28,False,
Fintech,90003821,Cexlbit Ltd.,New York,NY,10016,244 Madison Avenue Suite 1666,5,82,ft_national; ft_prepaid; ft_fullstack; ft_fx_crypto; ft_stale_registration,51,Issuer of traveler's checks; Seller of traveler's checks; Issuer of money orders; Seller of money orders; Check casher; Money transmitter; Seller of prepaid access; Dealer in foreign exchange,0,,False,2024-06-10,False,
Fintech,90003825,Cfg Ltd,Los Angeles,CA,90013,"408 S Spring St, Unit 708",5,82,ft_national; ft_prepaid; ft_fullstack; ft_fx_crypto; ft_stale_registration,51,Seller of traveler's checks; Issuer of money orders; Seller of money orders; Check casher; Money transmitter; Seller of prepaid access; Dealer in foreign exchange,0,,False,2024-02-05,False,
Fintech,90003856,Chainlion Tech Ltd,Albany,NY,12207,418 Broadway Ste R,5,82,ft_national; ft_prepaid; ft_fullstack; ft_fx_crypto; ft_stale_registration,51,Issuer of traveler's checks; Seller of traveler's checks; Issuer of money orders; Seller of money orders; Check casher; Money transmitter; Seller of prepaid access; Dealer in foreign exchange,0,,False,2024-04-19,False,
Fintech,90003898,Character Dev Llc,Denver,CO,80202,1312 17Th Street Suite 890,5,82,ft_national; ft_prepaid; ft_fullstack; ft_fx_crypto; ft_stale_registration,51,Issuer of traveler's checks; Seller of traveler's checks; Issuer of money orders; Seller of money orders; Check casher; Money transmitter; Seller of prepaid access; Dealer in foreign exchange,0,,False,2024-06-22,False,
Fintech,90003910,Chat-Fx Llc,Lakewood,CO,80228,215 Union Blvd,5,82,ft_national; ft_prepaid; ft_fullstack; ft_fx_crypto; ft_stale_registration,51,Issuer of traveler's checks; Seller of traveler's checks; Issuer of money orders; Seller of money orders; Check casher; Money transmitter; Seller of prepaid access; Dealer in foreign exchange,0,Chat-Fx Llc,False,2024-03-11,False,
Fintech,90004023,Chirobo,New York,NY,10036,"71 W 47Th St, Unit 46E",5,82,ft_national; ft_prepaid; ft_fullstack; ft_fx_crypto; ft_stale_registration,51,Issuer of traveler's checks; Seller of traveler's checks; Issuer of money orders; Seller of money orders; Check casher; Money transmitter; Seller of prepaid access; Dealer in foreign exchange,0,,False,2024-03-08,False,
Fintech,90004040,Chriborch,Atlanta,GA,60618,"5660 New Northside Drive, 6Rd Floor",5,82,ft_national; ft_prepaid; ft_fullstack; ft_fx_crypto; ft_stale_registration,51,Issuer of traveler's checks; Seller of traveler's checks; Issuer of money orders; Seller of money orders; Check casher; Money transmitter; Seller of prepaid access; Dealer in foreign exchange,0,,False,2024-06-05,False,
Fintech,90004105,Cirkor Inc.,Spokane,WA,99201,100 N Howard St Ste R,5,82,ft_national; ft_prepaid; ft_fullstack; ft_fx_crypto; ft_stale_registration,51,Issuer of traveler's checks; Seller of traveler's checks; Issuer of money orders; Seller of money orders; Check casher; Money transmitter; Seller of prepaid access; Dealer in foreign exchange,0,,False,2024-05-21,False,
Fintech,90004165,Clfcoin Inc.,New York,NY,10005,75 Wall St,5,82,ft_national; ft_prepaid; ft_fullstack; ft_fx_crypto; ft_stale_registration,51,Issuer of traveler's checks; Seller of traveler's checks; Issuer of money orders; Seller of money orders; Check casher; Money transmitter; Seller of prepaid access; Dealer in foreign exchange,0,,False,2024-03-28,False,
Fintech,90004193,Cmex Inc.,Chicago,IL,60606,30 South Wacker Drive,5,82,ft_national; ft_prepaid; ft_fullstack; ft_fx_crypto; ft_stale_registration,51,Issuer of traveler's checks; Seller of traveler's checks; Issuer of money orders; Seller of money orders; Check casher; Money transmitter; Seller of prepaid access; Dealer in foreign exchange,0,,False,2024-01-24,False,
Fintech,90004245,Coinbearer Inc.,Spokane,WA,99201,100 N Howard St Ste R,5,82,ft_national; ft_prepaid; ft_fullstack; ft_fx_crypto; ft_stale_registration,51,Issuer of traveler's checks; Seller of traveler's checks; Issuer of money orders; Seller of money orders; Check casher; Money transmitter; Seller of prepaid access; Dealer in foreign exchange,0,,False,2024-06-30,False,
Fintech,90004251,Coinbuik Ltd,Irvine,CA,92606,92 Corporate Park Ste C266,5,82,ft_national; ft_prepaid; ft_fullstack; ft_fx_crypto; ft_stale_registration,51,Issuer of traveler's checks; Seller of traveler's checks; Issuer of money orders; Seller of money orders; Check casher; Money transmitter; Seller of prepaid access; Dealer in foreign exchange,0,,False,2024-06-27,False,
Fintech,90004261,Coincitys,Denver,CO,80202,1461 Lawrence St,5,82,ft_national; ft_prepaid; ft_fullstack; ft_fx_crypto; ft_stale_registration,51,Issuer of traveler's checks; Seller of traveler's checks; Issuer of money orders; Seller of money orders; Check casher; Money transmitter; Seller of prepaid access; Dealer in foreign exchange,0,,False,2024-05-06,False,
Fintech,90004262,Coincoming Llc,Westminster,CO,80234,Adriel Robitaille Sole Mbr 14989 West 120Th Ave,5,82,ft_national; ft_prepaid; ft_fullstack; ft_fx_crypto; ft_stale_registration,51,Money transmitter; Seller of prepaid access; Dealer in foreign exchange,0,,False,2024-02-27,False,
Fintech,90004297,Coinkos Foundatn,St Louis,MO,63109,5850 Macklind Ave,5,82,ft_national; ft_prepaid; ft_fullstack; ft_fx_crypto; ft_stale_registration,51,Issuer of traveler's checks; Seller of traveler's checks; Issuer of money orders; Seller of money orders; Check casher; Money transmitter; Seller of prepaid access; Dealer in foreign exchange,0,,False,2024-06-12,False,
Fintech,90004317,Coinone,Denver,CO,80223,"2065 S Cherokee St, Unit 305",5,82,ft_national; ft_prepaid; ft_fullstack; ft_fx_crypto; ft_stale_registration,51,Seller of traveler's checks; Issuer of money orders; Seller of money orders; Check casher; Money transmitter; Seller of prepaid access; Dealer in foreign exchange,0,,False,2024-01-10,False,
Fintech,90004335,Coins Ex,Denver,CO,80202,1905 Lawrence St,5,82,ft_national; ft_prepaid; ft_fullstack; ft_fx_crypto; ft_stale_registration,51,Issuer of traveler's checks; Seller of traveler's checks; Issuer of money orders; Seller of money orders; Check casher; Money transmitter; Seller of prepaid access; Dealer in foreign exchange,0,,False,2024-07-01,False,
Fintech,90004362,Coin Win,Denver,CO,80202,555 17Th St,5,82,ft_national; ft_prepaid; ft_fullstack; ft_fx_crypto; ft_stale_registration,51,Issuer of traveler's checks; Seller of traveler's checks; Issuer of money orders; Seller of money orders; Check casher; Money transmitter; Seller of prepaid access; Dealer in foreign exchange,0,,False,2024-01-31,False,
Fintech,90004410,Comcast Foundation,Kansas City,MO,64133,6711 Manchester Ave,5,82,ft_national; ft_prepaid; ft_fullstack; ft_fx_crypto; ft_stale_registration,51,Issuer of traveler's checks; Seller of traveler's checks; Issuer of money orders; Seller of money orders; Check casher; Money transmitter; Seller of prepaid access; Dealer in foreign exchange,0,,False,2024-01-17,False,
Fintech,90004516,Coop Ltd.,New York,NY,10118,"20 W 34Th St., New York, Ny",5,82,ft_national; ft_prepaid; ft_fullstack; ft_fx_crypto; ft_stale_registration,51,Issuer of traveler's checks; Seller of traveler's checks; Issuer of money orders; Seller of money orders; Check casher; Money transmitter; Seller of prepaid access; Dealer in foreign exchange,0,Coop Ltd.,False,2024-05-07,False,
Fintech,90004540,Coro Exchange,Denver,CO,80202,1699 Welton St,5,82,ft_national; ft_prepaid; ft_fullstack; ft_fx_crypto; ft_stale_registration,51,Issuer of traveler's checks; Seller of traveler's checks; Issuer of money orders; Seller of money orders; Check casher; Money transmitter; Seller of prepaid access; Dealer in foreign exchange,0,,False,2024-02-19,False,
Fintech,90004687,Crown International Financial Holding Group,Saint Louis,MO,63105,"7733 Forsyth Blvd, Suite 1100",5,82,ft_national; ft_prepaid; ft_fullstack; ft_fx_crypto; ft_stale_registration,51,Issuer of traveler's checks; Seller of traveler's checks; Issuer of money orders; Seller of money orders; Check casher; Money transmitter; Seller of prepaid access; Dealer in foreign exchange,0,,False,2024-04-07,False,
Fintech,90004723,Cryptb Exchange Pte. Ltd.,Chicago,IL,60609,"1820 W 43Rd St, Chicago, Il",5,82,ft_national; ft_prepaid; ft_fullstack; ft_fx_crypto; ft_stale_registration,51,Issuer of traveler's checks; Seller of traveler's checks; Issuer of money orders; Seller of money orders; Check casher; Money transmitter; Seller of prepaid access; Dealer in foreign exchange,0,Cryptb Exchange Pte. Ltd.,False,2024-01-22,False,
Fintech,90004727,Cryptoainow Capital Foundation,Chicago,IL,60603,"100 S State St, Chicago, Il",5,82,ft_national; ft_prepaid; ft_fullstack; ft_fx_crypto; ft_stale_registration,51,Issuer of traveler's checks; Seller of traveler's checks; Issuer of money orders; Seller of money orders; Check casher; Money transmitter; Seller of prepaid access; Dealer in foreign exchange,0,Cryptoainow Capital Foundation,False,2024-05-07,False,
Fintech,90004736,Cryptocove Inc.,Spokane,WA,99201,100 N Howard St Ste R,5,82,ft_national; ft_prepaid; ft_fullstack; ft_fx_crypto; ft_stale_registration,51,Issuer of traveler's checks; Seller of traveler's checks; Issuer of money orders; Seller of money orders; Check casher; Money transmitter; Seller of prepaid access; Dealer in foreign exchange,0,,False,2024-03-03,False,
Fintech,90004752,Cryptomms Capital Foundation,New York,NY,10118,"20 W 34Th St., New York, Ny",5,82,ft_national; ft_prepaid; ft_fullstack; ft_fx_crypto; ft_stale_registration,51,Issuer of traveler's checks; Seller of traveler's checks; Issuer of money orders; Seller of money orders; Check casher; Money transmitter; Seller of prepaid access; Dealer in foreign exchange,0,Cryptomms Capital Foundation,False,2024-05-03,False,
Fintech,90004785,Crzcoin Technology Inc,Denver,CO,80204,"1255 Galapago St Denver, Co",5,82,ft_national; ft_prepaid; ft_fullstack; ft_fx_crypto; ft_stale_registration,51,Issuer of traveler's checks; Seller of traveler's checks; Issuer of money orders; Seller of money orders; Check casher; Money transmitter; Seller of prepaid access; Dealer in foreign exchange,0,Crzcoin Technology Inc,False,2024-04-19,False,
Fintech,90004851,Cvn Markets,Denver,CO,80246,211 S.Cherry Street 10Th Floor,5,82,ft_national; ft_prepaid; ft_fullstack; ft_fx_crypto; ft_stale_registration,51,Issuer of traveler's checks; Seller of traveler's checks; Issuer of money orders; Seller of money orders; Check casher; Money transmitter; Seller of prepaid access; Dealer in foreign exchange,0,,False,2024-05-07,False,
Fintech,90004854,Cxcai Llc,Washington,DC,20005,1101 Vermont Ave Nw,5,82,ft_national; ft_prepaid; ft_fullstack; ft_fx_crypto; ft_stale_registration,51,Issuer of traveler's checks; Seller of traveler's checks; Issuer of money orders; Seller of money orders; Check casher; Money transmitter; Seller of prepaid access; Dealer in foreign exchange,0,Cxcai Llc,False,2024-03-11,False,
Fintech,90004901,Cyuiy Technology Inc,Denver,CO,80202,1881 Curtis Street,5,82,ft_national; ft_prepaid; ft_fullstack; ft_fx_crypto; ft_stale_registration,51,Issuer of traveler's checks; Seller of traveler's checks; Issuer of money orders; Seller of money orders; Check casher; Money transmitter; Seller of prepaid access; Dealer in foreign exchange,0,,False,2024-06-25,False,
Fintech,90004970,Darler,Thornton,CO,80602,12784 Ulster Street,5,82,ft_national; ft_prepaid; ft_fullstack; ft_fx_crypto; ft_stale_registration,51,Issuer of traveler's checks; Seller of traveler's checks; Issuer of money orders; Seller of money orders; Check casher; Money transmitter; Seller of prepaid access; Dealer in foreign exchange,0,,False,2024-01-24,False,
Fintech,90005024,Dcg Asset Custody,Houston,IL,60605,"730 S Clark St, Unit 939",5,82,ft_national; ft_prepaid; ft_fullstack; ft_fx_crypto; ft_stale_registration,51,Seller of traveler's checks; Issuer of money orders; Seller of money orders; Check casher; Money transmitter; Seller of prepaid access; Dealer in foreign exchange,0,,False,2024-05-21,False,
Fintech,90005045,Debo Fintech Llc,Las Vegas,NV,89135,1980 Festival Plaza Dr,5,82,ft_national; ft_prepaid; ft_fullstack; ft_fx_crypto; ft_stale_registration,51,Issuer of traveler's checks; Seller of traveler's checks; Issuer of money orders; Seller of money orders; Check casher; Money transmitter; Seller of prepaid access; Dealer in foreign exchange,0,Debo Fintech Llc,False,2024-04-15,False,
Fintech,90005079,Dehub Capital Inc,Denver,CO,80203,1780 Grant St,5,82,ft_national; ft_prepaid; ft_fullstack; ft_fx_crypto; ft_stale_registration,51,Issuer of traveler's checks; Seller of traveler's checks; Issuer of money orders; Seller of money orders; Check casher; Money transmitter; Seller of prepaid access; Dealer in foreign exchange,0,,False,2024-06-06,False,
Fintech,90005095,Deleno Ifc International Financial Company,Spokane,WA,99201,100 N Howard St Ste R,5,82,ft_national; ft_prepaid; ft_fullstack; ft_fx_crypto; ft_stale_registration,51,Issuer of traveler's checks; Seller of traveler's checks; Issuer of money orders; Seller of money orders; Check casher; Money transmitter; Seller of prepaid access; Dealer in foreign exchange,0,,False,2024-04-02,False,
Fintech,90005155,Descartes Fintech Llc,Sheridan,WY,82801,30 N Gould St Ste N,5,82,ft_national; ft_prepaid; ft_fullstack; ft_fx_crypto; ft_stale_registration,51,Issuer of traveler's checks; Seller of traveler's checks; Issuer of money orders; Seller of money orders; Check casher; Money transmitter; Seller of prepaid access; Dealer in foreign exchange,0,,False,2024-06-11,False,
Fintech,90005173,Dexfly,Denver,CO,80202,1720 California St,5,82,ft_national; ft_prepaid; ft_fullstack; ft_fx_crypto; ft_stale_registration,51,Issuer of traveler's checks; Seller of traveler's checks; Issuer of money orders; Seller of money orders; Check casher; Money transmitter; Seller of prepaid access; Dealer in foreign exchange,0,,False,2024-04-30,False,
Fintech,90005187,Dfpco Foundatn,Clayton,MO,63105,"7733 Forsyth Boulevard, Suite 1100",5,82,ft_national; ft_prepaid; ft_fullstack; ft_fx_crypto; ft_stale_registration,51,Issuer of traveler's checks; Seller of traveler's checks; Issuer of money orders; Seller of money orders; Check casher; Money transmitter; Seller of prepaid access; Dealer in foreign exchange,0,,False,2024-04-15,False,
Fintech,90005208,Diag Ex Llc,Bahamas,NJ,'07901,"Sea Sky Lane, B201, Sandyport Dr, Nassau",5,82,ft_national; ft_prepaid; ft_fullstack; ft_fx_crypto; ft_stale_registration,51,Issuer of traveler's checks; Seller of traveler's checks; Issuer of money orders; Seller of money orders; Check casher; Money transmitter; Seller of prepaid access; Dealer in foreign exchange,0,Diag Ex Llc,False,2024-06-07,False,
Fintech,90005359,Dizitop Llc,Washington,DC,20005,1133 15Th St Nw,5,82,ft_national; ft_prepaid; ft_fullstack; ft_fx_crypto; ft_stale_registration,51,Issuer of traveler's checks; Seller of traveler's checks; Issuer of money orders; Seller of money orders; Check casher; Money transmitter; Seller of prepaid access; Dealer in foreign exchange,0,Dizitop Llc,False,2024-04-15,False,
Fintech,90005367,Dkbit Exchange Inc.,Chicago,IL,60609,"1101 W 43Rd St, Chicago, Il",5,82,ft_national; ft_prepaid; ft_fullstack; ft_fx_crypto; ft_stale_registration,51,Issuer of traveler's checks; Seller of traveler's checks; Issuer of money orders; Seller of money orders; Check casher; Money transmitter; Seller of prepaid access; Dealer in foreign exchange,0,Dkbit Exchange Inc.,False,2024-01-11,False,
Fintech,90005386,Dmcai  Llc,Washington,DC,20005,1101 Vermont Ave Nw,5,82,ft_national; ft_prepaid; ft_fullstack; ft_fx_crypto; ft_stale_registration,51,Issuer of traveler's checks; Seller of traveler's checks; Issuer of money orders; Seller of money orders; Check casher; Money transmitter; Seller of prepaid access; Dealer in foreign exchange,0,Dmcai  Llc,False,2024-02-12,False,
Fintech,90005417,Dokeg Quantity Llc,Denver,CO,80246,"South Tower, 720 S Colorado Blvd",5,82,ft_national; ft_prepaid; ft_fullstack; ft_fx_crypto; ft_stale_registration,51,Issuer of traveler's checks; Seller of traveler's checks; Issuer of money orders; Seller of money orders; Check casher; Money transmitter; Seller of prepaid access; Dealer in foreign exchange,0,Dokeg Quantity Llc,False,2024-01-09,False,
Fintech,90005420,Dolay Investment Fund Inc,Denver,CO,80202,1225 17Th St,5,82,ft_national; ft_prepaid; ft_fullstack; ft_fx_crypto; ft_stale_registration,51,Issuer of traveler's checks; Seller of traveler's checks; Issuer of money orders; Seller of money orders; Check casher; Money transmitter; Seller of prepaid access; Dealer in foreign exchange,0,,False,2024-07-01,False,
Fintech,90005430,Dolphin,Denver,CO,80202,1800 Larimer St,5,82,ft_national; ft_prepaid; ft_fullstack; ft_fx_crypto; ft_stale_registration,51,Issuer of traveler's checks; Seller of traveler's checks; Issuer of money orders; Seller of money orders; Check casher; Money transmitter; Seller of prepaid access; Dealer in foreign exchange,0,,False,2024-07-03,False,
Fintech,90005453,Donald,Denver,CO,80202,1549 California St,5,82,ft_national; ft_prepaid; ft_fullstack; ft_fx_crypto; ft_stale_registration,51,Issuer of traveler's checks; Seller of traveler's checks; Issuer of money orders; Seller of money orders; Check casher; Money transmitter; Seller of prepaid access; Dealer in foreign exchange,0,,False,2024-03-07,False,
Fintech,90005515,Dpei Inc,Denver,CO,80202,1312 17Th Street Suite 1402,5,82,ft_national; ft_prepaid; ft_fullstack; ft_fx_crypto; ft_stale_registration,51,Issuer of traveler's checks; Seller of traveler's checks; Issuer of money orders; Seller of money orders; Check casher; Money transmitter; Seller of prepaid access; Dealer in foreign exchange,0,,False,2024-05-19,False,
Fintech,90005516,Dpei Max Inc,Denver,CO,80202,1818 N Broadway,5,82,ft_national; ft_prepaid; ft_fullstack; ft_fx_crypto; ft_stale_registration,51,Issuer of traveler's checks; Seller of traveler's checks; Issuer of money orders; Seller of money orders; Check casher; Money transmitter; Seller of prepaid access; Dealer in foreign exchange,0,,False,2024-05-19,False,
Fintech,90005551,Dsj Exchange,Denver,CO,80202,1776 Curtis Street,5,82,ft_national; ft_prepaid; ft_fullstack; ft_fx_crypto; ft_stale_registration,51,Issuer of traveler's checks; Seller of traveler's checks; Issuer of money orders; Seller of money orders; Check casher; Money transmitter; Seller of prepaid access; Dealer in foreign exchange,0,,False,2024-05-12,False,
Fintech,90005644,Eagleeye Coin Ltd.,New York,NY,10016,244 Madison Avenue Suite 1666,5,82,ft_national; ft_prepaid; ft_fullstack; ft_fx_crypto; ft_stale_registration,51,Issuer of traveler's checks; Seller of traveler's checks; Issuer of money orders; Seller of money orders; Check casher; Money transmitter; Seller of prepaid access; Dealer in foreign exchange,0,,False,2024-02-17,False,
Fintech,90005686,Easy Trade Wallet,Sarasota,FL,34243,1129 Danny Dr,5,82,ft_national; ft_prepaid; ft_fullstack; ft_fx_crypto; ft_stale_registration,51,Money transmitter; Seller of prepaid access; Dealer in foreign exchange,1,,False,2024-04-01,False,
Fintech,90005730,Econext Ventures Inc.,Chicago,IL,60603,"100 S State St, Chicago, Il",5,82,ft_national; ft_prepaid; ft_fullstack; ft_fx_crypto; ft_stale_registration,51,Issuer of traveler's checks; Seller of traveler's checks; Issuer of money orders; Seller of money orders; Check casher; Money transmitter; Seller of prepaid access; Dealer in foreign exchange,0,Econext Ventures Inc.,False,2024-04-01,False,
Fintech,90005812,Eiencoin Ltd,New York,NY,11249,"25 Kent Ave, Brooklyn",5,82,ft_national; ft_prepaid; ft_fullstack; ft_fx_crypto; ft_stale_registration,51,Issuer of traveler's checks; Seller of traveler's checks; Issuer of money orders; Seller of money orders; Check casher; Money transmitter; Seller of prepaid access; Dealer in foreign exchange,0,,False,2024-01-12,False,
Fintech,90006450,Emporiki Crypto Llc,Boulder,CO,80302,"1942 Broadway Street, Ste 314C",5,82,ft_national; ft_prepaid; ft_fullstack; ft_fx_crypto; ft_stale_registration,51,Issuer of traveler's checks; Seller of traveler's checks; Issuer of money orders; Seller of money orders; Check casher; Money transmitter; Seller of prepaid access; Dealer in foreign exchange,0,,False,2024-02-26,False,
Fintech,90006473,Engbit Llc,Washington,DC,20005,1101 14Th St Nw,5,82,ft_national; ft_prepaid; ft_fullstack; ft_fx_crypto; ft_stale_registration,51,Issuer of traveler's checks; Seller of traveler's checks; Issuer of money orders; Seller of money orders; Check casher; Money transmitter; Seller of prepaid access; Dealer in foreign exchange,0,Engbit Llc,False,2024-03-04,False,
Fintech,90006784,Ethc Capital Foundation,Lakewood,CO,80226,"98 Wadsworth Blvd Num 127-3255, Lakewood, Co 80226, United States.",5,82,ft_national; ft_prepaid; ft_fullstack; ft_fx_crypto; ft_stale_registration,51,Issuer of traveler's checks; Seller of traveler's checks; Issuer of money orders; Seller of money orders; Check casher; Money transmitter; Seller of prepaid access; Dealer in foreign exchange,0,,False,2024-04-17,False,
Fintech,90006788,Ethergalaxy Inc.,Spokane,WA,99201,100 N Howard St Ste R,5,82,ft_national; ft_prepaid; ft_fullstack; ft_fx_crypto; ft_stale_registration,51,Issuer of traveler's checks; Seller of traveler's checks; Issuer of money orders; Seller of money orders; Check casher; Money transmitter; Seller of prepaid access; Dealer in foreign exchange,0,,False,2024-05-21,False,
Fintech,90006817,Eusiapay Limited,Chicago,IL,60609,"1101 W 43Rd St, Chicago, Il",5,82,ft_national; ft_prepaid; ft_fullstack; ft_fx_crypto; ft_stale_registration,51,Issuer of traveler's checks; Seller of traveler's checks; Issuer of money orders; Seller of money orders; Check casher; Money transmitter; Seller of prepaid access; Dealer in foreign exchange,0,Eusiapay Limited,False,2024-02-20,False,
Fintech,90006822,Evelve,Denver,CO,80202,1312 17Th Street Suite 1160,5,82,ft_national; ft_prepaid; ft_fullstack; ft_fx_crypto; ft_stale_registration,51,Seller of traveler's checks; Issuer of money orders; Seller of money orders; Check casher; Money transmitter; Seller of prepaid access; Dealer in foreign exchange,0,,False,2024-01-02,False,
Fintech,90006868,Ewm Foundatn,Chesterfield,MO,63017,1771 Heffington Dr,5,82,ft_national; ft_prepaid; ft_fullstack; ft_fx_crypto; ft_stale_registration,51,Issuer of traveler's checks; Seller of traveler's checks; Issuer of money orders; Seller of money orders; Check casher; Money transmitter; Seller of prepaid access; Dealer in foreign exchange,0,,False,2024-05-10,False,
Fintech,90006871,Exbt,Denver,CO,80202,58 E 18Th Ave,5,82,ft_national; ft_prepaid; ft_fullstack; ft_fx_crypto; ft_stale_registration,51,Issuer of traveler's checks; Seller of traveler's checks; Issuer of money orders; Seller of money orders; Check casher; Money transmitter; Seller of prepaid access; Dealer in foreign exchange,0,,False,2024-04-21,False,
Fintech,90006892,Exmoai,Denver,CO,80202,1733 Welton Street 9Th Floor,5,82,ft_national; ft_prepaid; ft_fullstack; ft_fx_crypto; ft_stale_registration,51,Issuer of traveler's checks; Seller of traveler's checks; Issuer of money orders; Seller of money orders; Check casher; Money transmitter; Seller of prepaid access; Dealer in foreign exchange,0,,False,2024-04-10,False,
Fintech,90007070,Fatnuts,Denver,CO,80202,37 E 18Th Ave,5,82,ft_national; ft_prepaid; ft_fullstack; ft_fx_crypto; ft_stale_registration,51,Issuer of traveler's checks; Seller of traveler's checks; Issuer of money orders; Seller of money orders; Check casher; Money transmitter; Seller of prepaid access; Dealer in foreign exchange,0,,False,2024-04-21,False,
Fintech,90007208,Findemachange Inc.,Denver,CO,80202,1725 Curtis Street,5,82,ft_national; ft_prepaid; ft_fullstack; ft_fx_crypto; ft_stale_registration,51,Issuer of traveler's checks; Seller of traveler's checks; Issuer of money orders; Seller of money orders; Check casher; Money transmitter; Seller of prepaid access; Dealer in foreign exchange,0,,False,2024-02-19,False,
Fintech,90007213,Finex Global Llc,Casper,WY,82609,"5830 E 2Nd St, Ste 7000 #12871",5,82,ft_national; ft_prepaid; ft_fullstack; ft_fx_crypto; ft_stale_registration,51,Money transmitter; Seller of prepaid access; Dealer in foreign exchange,1,,False,2024-01-04,False,
Fintech,90007217,Finfog Llc,Denver,CO,80202,600 17Th St,5,82,ft_national; ft_prepaid; ft_fullstack; ft_fx_crypto; ft_stale_registration,51,Issuer of traveler's checks; Seller of traveler's checks; Issuer of money orders; Seller of money orders; Check casher; Money transmitter; Seller of prepaid access; Dealer in foreign exchange,0,Finfog Llc,False,2024-01-18,False,
Fintech,90007428,Fonscoin Ltd,Diamond Bar,CA,91765,"324 S Diamond Bar Blvd, Unit Num717",5,82,ft_national; ft_prepaid; ft_fullstack; ft_fx_crypto; ft_stale_registration,51,Issuer of traveler's checks; Seller of traveler's checks; Issuer of money orders; Seller of money orders; Check casher; Money transmitter; Seller of prepaid access; Dealer in foreign exchange,0,,False,2024-03-13,False,
Fintech,90007459,Forster Fof Inc,Denver,CO,80238,8852 E 47Th Ave,5,82,ft_national; ft_prepaid; ft_fullstack; ft_fx_crypto; ft_stale_registration,51,Issuer of traveler's checks; Seller of traveler's checks; Issuer of money orders; Seller of money orders; Check casher; Money transmitter; Seller of prepaid access; Dealer in foreign exchange,0,,False,2024-06-13,False,
Fintech,90007490,Fosun Biopharmaceuticals,Denver,CO,80293,1703 Welton St,5,82,ft_national; ft_prepaid; ft_fullstack; ft_fx_crypto; ft_stale_registration,51,Issuer of traveler's checks; Seller of traveler's checks; Issuer of money orders; Seller of money orders; Check casher; Money transmitter; Seller of prepaid access; Dealer in foreign exchange,0,,False,2024-04-17,False,
Fintech,90007546,Fresh Fusion Limited,Newark,DE,19713,"200 Continental Dr Ste 401, Rm 434",5,82,ft_national; ft_prepaid; ft_fullstack; ft_fx_crypto; ft_stale_registration,51,Issuer of traveler's checks; Seller of traveler's checks; Issuer of money orders; Seller of money orders; Check casher; Money transmitter; Seller of prepaid access; Dealer in foreign exchange,0,,False,2024-05-14,False,
Fintech,90007615,Fusion Net Crypto Ltd,New York,NY,10017,369 Lexington Ave,5,82,ft_national; ft_prepaid; ft_fullstack; ft_fx_crypto; ft_stale_registration,51,Issuer of traveler's checks; Seller of traveler's checks; Issuer of money orders; Seller of money orders; Check casher; Money transmitter; Seller of prepaid access; Dealer in foreign exchange,0,,False,2024-05-27,False,
Fintech,90007626,Future Finance Research Institute Ltd,Diamond Bar,CA,91765,"324 S Diamond Bar Blvd, Unit Num717",5,82,ft_national; ft_prepaid; ft_fullstack; ft_fx_crypto; ft_stale_registration,51,Issuer of traveler's checks; Seller of traveler's checks; Issuer of money orders; Seller of money orders; Check casher; Money transmitter; Seller of prepaid access; Dealer in foreign exchange,0,,False,2024-03-19,False,
Fintech,90007639,Futuresynth Technologies Limited,Chicago,IL,60603,"100 S State St, Chicago, Il",5,82,ft_national; ft_prepaid; ft_fullstack; ft_fx_crypto; ft_stale_registration,51,Issuer of traveler's checks; Seller of traveler's checks; Issuer of money orders; Seller of money orders; Check casher; Money transmitter; Seller of prepaid access; Dealer in foreign exchange,0,Futuresynth Technologies Limited,False,2024-05-08,False,
Fintech,90007659,Fxgt Llc,Lakewood,CO,80228,215 Union Blvd,5,82,ft_national; ft_prepaid; ft_fullstack; ft_fx_crypto; ft_stale_registration,51,Issuer of traveler's checks; Seller of traveler's checks; Issuer of money orders; Seller of money orders; Check casher; Money transmitter; Seller of prepaid access; Dealer in foreign exchange,0,Fxgt Llc,False,2024-06-27,False,
Fintech,90007705,Galaxybit Tarcrypto Ltd.,New York,NY,10016,244 Madison Avenue Suite 1666,5,82,ft_national; ft_prepaid; ft_fullstack; ft_fx_crypto; ft_stale_registration,51,Issuer of traveler's checks; Seller of traveler's checks; Issuer of money orders; Seller of money orders; Check casher; Money transmitter; Seller of prepaid access; Dealer in foreign exchange,0,,False,2024-02-17,False,
Fintech,90007866,Gdqcoin Technology Inc,Denver,CO,80202,999 18Th St,5,82,ft_national; ft_prepaid; ft_fullstack; ft_fx_crypto; ft_stale_registration,51,Issuer of traveler's checks; Seller of traveler's checks; Issuer of money orders; Seller of money orders; Check casher; Money transmitter; Seller of prepaid access; Dealer in foreign exchange,0,,False,2024-06-28,False,
Fintech,90008006,Glable Inc,Boise,ID,83702,802 W Bannock St,5,82,ft_national; ft_prepaid; ft_fullstack; ft_fx_crypto; ft_stale_registration,51,Issuer of traveler's checks; Seller of traveler's checks; Issuer of money orders; Seller of money orders; Check casher; Money transmitter; Seller of prepaid access; Dealer in foreign exchange,0,,False,2024-05-27,False,
Fintech,90008075,Global Investment Group,Denver,CO,80202,1549 California St,5,82,ft_national; ft_prepaid; ft_fullstack; ft_fx_crypto; ft_stale_registration,51,Issuer of traveler's checks; Seller of traveler's checks; Issuer of money orders; Seller of money orders; Check casher; Money transmitter; Seller of prepaid access; Dealer in foreign exchange,0,,False,2024-05-13,False,
Fintech,90008090,Global One-Stop Trading Exchange,Denver,CO,80123,9888 W Belleview Ave,5,82,ft_national; ft_prepaid; ft_fullstack; ft_fx_crypto; ft_stale_registration,51,Issuer of traveler's checks; Seller of traveler's checks; Issuer of money orders; Seller of money orders; Check casher; Money transmitter; Seller of prepaid access; Dealer in foreign exchange,0,,False,2024-01-08,False,
Fintech,90008152,Gnw Ltd,Seattle,WA,98121,"2019 Boren Ave, Unit 612",5,82,ft_national; ft_prepaid; ft_fullstack; ft_fx_crypto; ft_stale_registration,51,Seller of traveler's checks; Issuer of money orders; Seller of money orders; Check casher; Money transmitter; Seller of prepaid access; Dealer in foreign exchange,0,,False,2024-03-06,False,
Fintech,90008172,Golddope.Com,New York,NY,10118,"20 W 34Th St., New York, Ny",5,82,ft_national; ft_prepaid; ft_fullstack; ft_fx_crypto; ft_stale_registration,51,Issuer of traveler's checks; Seller of traveler's checks; Issuer of money orders; Seller of money orders; Check casher; Money transmitter; Seller of prepaid access; Dealer in foreign exchange,0,Golddope.Com,False,2024-04-10,False,
Fintech,90008199,Goldkten.Com,New York,NY,10118,"20 W 34Th St., New York, Ny",5,82,ft_national; ft_prepaid; ft_fullstack; ft_fx_crypto; ft_stale_registration,51,Issuer of traveler's checks; Seller of traveler's checks; Issuer of money orders; Seller of money orders; Check casher; Money transmitter; Seller of prepaid access; Dealer in foreign exchange,0,Goldkten.Com,False,2024-06-11,False,
Fintech,90008212,Gold-Tether,"New York,",NY,60609,"20 W 34Th St. New York, Ny 10001",5,82,ft_national; ft_prepaid; ft_fullstack; ft_fx_crypto; ft_stale_registration,51,Issuer of traveler's checks; Seller of traveler's checks; Issuer of money orders; Seller of money orders; Check casher; Money transmitter; Seller of prepaid access; Dealer in foreign exchange,0,Gold-Tether,False,2024-03-04,False,
Fintech,90008214,Goldusd Technology Inc,Denver,CO,80202,1312 17Th Street Suite 1315 Denver Co 80202,5,82,ft_national; ft_prepaid; ft_fullstack; ft_fx_crypto; ft_stale_registration,51,Issuer of traveler's checks; Seller of traveler's checks; Issuer of money orders; Seller of money orders; Check casher; Money transmitter; Seller of prepaid access; Dealer in foreign exchange,0,Goldusd Technology Inc,False,2024-04-02,False,
Fintech,90008293,Goo Markets Llc,Washington,DC,20036,1130 Connecticut Ave Nw,5,82,ft_national; ft_prepaid; ft_fullstack; ft_fx_crypto; ft_stale_registration,51,Issuer of traveler's checks; Seller of traveler's checks; Issuer of money orders; Seller of money orders; Check casher; Money transmitter; Seller of prepaid access; Dealer in foreign exchange,0,Goo Markets Llc,False,2024-03-23,False,
Fintech,90008295,"Gopay Group Co., Ltd.",Arcadia,CA,91007,311 Sharon Rd.,5,82,ft_national; ft_prepaid; ft_fullstack; ft_fx_crypto; ft_stale_registration,51,Issuer of traveler's checks; Seller of traveler's checks; Issuer of money orders; Seller of money orders; Check casher; Money transmitter; Seller of prepaid access; Dealer in foreign exchange,0,,False,2024-01-23,False,
Fintech,90008428,Groinim,Denver,CO,80202,999 17Th St,5,82,ft_national; ft_prepaid; ft_fullstack; ft_fx_crypto; ft_stale_registration,51,Issuer of traveler's checks; Seller of traveler's checks; Issuer of money orders; Seller of money orders; Check casher; Money transmitter; Seller of prepaid access; Dealer in foreign exchange,0,,False,2024-04-30,False,
Fintech,90008429,Grokbit Investment Corporation,Denver,CO,80202,1312 17Th Street 2173 Pmb,5,82,ft_national; ft_prepaid; ft_fullstack; ft_fx_crypto; ft_stale_registration,51,Issuer of traveler's checks; Seller of traveler's checks; Issuer of money orders; Seller of money orders; Check casher; Money transmitter; Seller of prepaid access; Dealer in foreign exchange,0,,False,2024-01-18,False,
Fintech,90008616,Hackett/Rufus,Washington,DC,20005,1130 Connecticut Ave Nw,5,82,ft_national; ft_prepaid; ft_fullstack; ft_fx_crypto; ft_stale_registration,51,Issuer of traveler's checks; Seller of traveler's checks; Issuer of money orders; Seller of money orders; Check casher; Money transmitter; Seller of prepaid access; Dealer in foreign exchange,0,,False,2024-03-11,False,
Fintech,90008635,Haioo Inc.,Chicago,IL,60609,"1101 W 43Rd St, Chicago, Il",5,82,ft_national; ft_prepaid; ft_fullstack; ft_fx_crypto; ft_stale_registration,51,Issuer of traveler's checks; Seller of traveler's checks; Issuer of money orders; Seller of money orders; Check casher; Money transmitter; Seller of prepaid access; Dealer in foreign exchange,0,,False,2024-01-11,False,
Fintech,90008676,Hanlin Gj Ltd,New York,NY,10020,"1251 6Th Ave, Unit 2515",5,82,ft_national; ft_prepaid; ft_fullstack; ft_fx_crypto; ft_stale_registration,51,Seller of traveler's checks; Issuer of money orders; Seller of money orders; Check casher; Money transmitter; Seller of prepaid access; Dealer in foreign exchange,0,,False,2024-04-16,False,
Fintech,90008699,Hardwood Mining Inc,New York,NY,10022,390 Park Ave,5,82,ft_national; ft_prepaid; ft_fullstack; ft_fx_crypto; ft_stale_registration,51,Seller of traveler's checks; Issuer of money orders; Seller of money orders; Check casher; Money transmitter; Seller of prepaid access; Dealer in foreign exchange,0,,False,2024-04-08,False,
Fintech,90008752,Hbbcoin Foundation,Denver,CO,80202,1940 18Th St,5,82,ft_national; ft_prepaid; ft_fullstack; ft_fx_crypto; ft_stale_registration,51,Issuer of traveler's checks; Seller of traveler's checks; Issuer of money orders; Seller of money orders; Check casher; Money transmitter; Seller of prepaid access; Dealer in foreign exchange,0,,False,2024-01-22,False,
Fintech,90008791,Hello Llc,American Fork,UT,84003,193 W 100 S,5,82,ft_national; ft_prepaid; ft_fullstack; ft_fx_crypto; ft_stale_registration,51,Seller of traveler's checks; Issuer of money orders; Seller of money orders; Check casher; Money transmitter; Seller of prepaid access; Dealer in foreign exchange,0,,False,2024-05-01,False,
Fintech,90009008,"Hk Sunshine Fengze Electronic Commerce Co., Limite",Chicago,IL,60609,"1101 W 43Rd St, Chicago, Il",5,82,ft_national; ft_prepaid; ft_fullstack; ft_fx_crypto; ft_stale_registration,51,Issuer of traveler's checks; Seller of traveler's checks; Issuer of money orders; Seller of money orders; Check casher; Money transmitter; Seller of prepaid access; Dealer in foreign exchange,0,"Hk Sunshine Fengze Electronic Commerce Co., Limited",False,2024-03-28,False,
Fintech,90009011,Hla Securities Inc,Denver,CO,80123,9888 W Belleview Ave,5,82,ft_national; ft_prepaid; ft_fullstack; ft_fx_crypto; ft_stale_registration,51,Issuer of traveler's checks; Seller of traveler's checks; Issuer of money orders; Seller of money orders; Check casher; Money transmitter; Seller of prepaid access; Dealer in foreign exchange,0,,False,2024-06-18,False,
Fintech,90009013,Hm,New York,NY,10118,"20 W 34Th St., New York, Ny",5,82,ft_national; ft_prepaid; ft_fullstack; ft_fx_crypto; ft_stale_registration,51,Issuer of traveler's checks; Seller of traveler's checks; Issuer of money orders; Seller of money orders; Check casher; Money transmitter; Seller of prepaid access; Dealer in foreign exchange,0,Hm,False,2024-03-28,False,
Fintech,90009014,Hm3,New York,NY,10001,Albany,5,82,ft_national; ft_prepaid; ft_fullstack; ft_fx_crypto; ft_stale_registration,51,Money transmitter; Seller of prepaid access; Dealer in foreign exchange,0,Www.Hm3Fintech.Com,False,2024-05-10,False,
Fintech,90009020,Hm Inc.,New York,NY,10118,"20 W 34Th St., New York, Ny",5,82,ft_national; ft_prepaid; ft_fullstack; ft_fx_crypto; ft_stale_registration,51,Issuer of traveler's checks; Seller of traveler's checks; Issuer of money orders; Seller of money orders; Check casher; Money transmitter; Seller of prepaid access; Dealer in foreign exchange,0,Hm Inc.,False,2024-03-28,False,
Fintech,90009066,Hong Kong Kai Sa Tong Da International Trade Limit,Chicago,IL,60609,"1101 W 43Rd St, Chicago, Il",5,82,ft_national; ft_prepaid; ft_fullstack; ft_fx_crypto; ft_stale_registration,51,Issuer of traveler's checks; Seller of traveler's checks; Issuer of money orders; Seller of money orders; Check casher; Money transmitter; Seller of prepaid access; Dealer in foreign exchange,0,Hong Kong Kai Sa Tong Da International Trade Limited,False,2024-03-28,False,
Fintech,90009071,Hong Kong Ze Jun You International Trade Limited,Chicago,IL,60609,"1101 W 43Rd St, Chicago, Il",5,82,ft_national; ft_prepaid; ft_fullstack; ft_fx_crypto; ft_stale_registration,51,Issuer of traveler's checks; Seller of traveler's checks; Issuer of money orders; Seller of money orders; Check casher; Money transmitter; Seller of prepaid access; Dealer in foreign exchange,0,Hong Kong Ze Jun You International Trade Limited,False,2024-03-28,False,
Fintech,90009242,Iconic Fintech Solution Ltd,Seattle,WA,98103,7511 Greenwood Ave N,5,82,ft_national; ft_prepaid; ft_fullstack; ft_fx_crypto; ft_stale_registration,51,Issuer of traveler's checks; Seller of traveler's checks; Issuer of money orders; Seller of money orders; Check casher; Money transmitter; Seller of prepaid access; Dealer in foreign exchange,0,,False,2024-03-14,False,
Fintech,90009259,Idi.Cc,New York,NY,10118,"20 W 34Th St., New York, Ny",5,82,ft_national; ft_prepaid; ft_fullstack; ft_fx_crypto; ft_stale_registration,51,Issuer of traveler's checks; Seller of traveler's checks; Issuer of money orders; Seller of money orders; Check casher; Money transmitter; Seller of prepaid access; Dealer in foreign exchange,0,Idi.Cc,False,2024-06-23,False,
Fintech,90009369,Innovation International Group,Denver,CO,80202,1801 Wewetta Street,5,82,ft_national; ft_prepaid; ft_fullstack; ft_fx_crypto; ft_stale_registration,51,Issuer of traveler's checks; Seller of traveler's checks; Issuer of money orders; Seller of money orders; Check casher; Money transmitter; Seller of prepaid access; Dealer in foreign exchange,0,,False,2024-06-28,False,
Fintech,90009374,Inqubeta,Denver,CO,80202,1630 Welton Street 9Th Floor,5,82,ft_national; ft_prepaid; ft_fullstack; ft_fx_crypto; ft_stale_registration,51,Issuer of traveler's checks; Seller of traveler's checks; Issuer of money orders; Seller of money orders; Check casher; Money transmitter; Seller of prepaid access; Dealer in foreign exchange,0,,False,2024-03-07,False,
Fintech,90009378,Inscswap Inc,Chicago,IL,60609,"1101 W 43Rd St, Chicago, Il",5,82,ft_national; ft_prepaid; ft_fullstack; ft_fx_crypto; ft_stale_registration,51,Issuer of traveler's checks; Seller of traveler's checks; Issuer of money orders; Seller of money orders; Check casher; Money transmitter; Seller of prepaid access; Dealer in foreign exchange,0,Inscswap Inc,False,2024-01-19,False,
Fintech,90009383,Insightquant Ai,Denver,CO,80202,555 19Th St,5,82,ft_national; ft_prepaid; ft_fullstack; ft_fx_crypto; ft_stale_registration,51,Issuer of traveler's checks; Seller of traveler's checks; Issuer of money orders; Seller of money orders; Check casher; Money transmitter; Seller of prepaid access; Dealer in foreign exchange,0,,False,2024-06-25,False,
Fintech,90009404,Interactive Brokers Inc.,Denver,CO,80202,1801 California St,5,82,ft_national; ft_prepaid; ft_fullstack; ft_fx_crypto; ft_stale_registration,51,Issuer of traveler's checks; Seller of traveler's checks; Issuer of money orders; Seller of money orders; Check casher; Money transmitter; Seller of prepaid access; Dealer in foreign exchange,0,,False,2024-05-15,False,
Fintech,90009468,Invesco Fund Management Company,Denver,CO,80202,1312 17Th St Unit Num 2955,5,82,ft_national; ft_prepaid; ft_fullstack; ft_fx_crypto; ft_stale_registration,51,Issuer of traveler's checks; Seller of traveler's checks; Issuer of money orders; Seller of money orders; Check casher; Money transmitter; Seller of prepaid access; Dealer in foreign exchange,0,,False,2024-05-08,False,
Fintech,90009773,Jinchi Fund,Denver,CO,80202,1312 17Th Street 2173 Pmb,5,82,ft_national; ft_prepaid; ft_fullstack; ft_fx_crypto; ft_stale_registration,51,Issuer of traveler's checks; Seller of traveler's checks; Issuer of money orders; Seller of money orders; Check casher; Money transmitter; Seller of prepaid access; Dealer in foreign exchange,0,,False,2024-04-12,False,
Fintech,90009812,J.K Investment Club Inc,Lakewood,CO,80226,7350 West Alameda,5,82,ft_national; ft_prepaid; ft_fullstack; ft_fx_crypto; ft_stale_registration,51,Issuer of traveler's checks; Seller of traveler's checks; Issuer of money orders; Seller of money orders; Check casher; Money transmitter; Seller of prepaid access; Dealer in foreign exchange,0,,False,2024-01-08,False,
Fintech,90009952,Js Emporium,Nashville,TN,37211,2916 Louise Dr,5,82,ft_national; ft_prepaid; ft_fullstack; ft_fx_crypto; ft_stale_registration,51,Issuer of traveler's checks; Seller of traveler's checks; Issuer of money orders; Seller of money orders; Check casher; Money transmitter; Seller of prepaid access; Dealer in foreign exchange,1,,False,2024-03-27,False,
Fintech,90010050,K2 Exchange,Littleton,CO,80120,2679 W Main St.,5,82,ft_national; ft_prepaid; ft_fullstack; ft_fx_crypto; ft_stale_registration,51,Issuer of traveler's checks; Seller of traveler's checks; Issuer of money orders; Seller of money orders; Check casher; Money transmitter; Seller of prepaid access; Dealer in foreign exchange,0,,False,2024-03-18,False,
Fintech,90010170,Keepbit Exchange Inc,Denver,CO,80202,1312 17Th Street Suite 1160 Denver Co,5,82,ft_national; ft_prepaid; ft_fullstack; ft_fx_crypto; ft_stale_registration,51,Issuer of traveler's checks; Seller of traveler's checks; Issuer of money orders; Seller of money orders; Check casher; Money transmitter; Seller of prepaid access; Dealer in foreign exchange,0,Keepbit Exchange Inc,False,2024-04-02,False,
Fintech,90010276,Kinda Investment Inc,Denver,CO,80222,2000 S Colorado Blvd,5,82,ft_national; ft_prepaid; ft_fullstack; ft_fx_crypto; ft_stale_registration,51,Issuer of traveler's checks; Seller of traveler's checks; Issuer of money orders; Seller of money orders; Check casher; Money transmitter; Seller of prepaid access; Dealer in foreign exchange,0,,False,2024-05-17,False,
Fintech,90010339,Kntop Llc,Denver,CO,80203,1290 Broadway,5,82,ft_national; ft_prepaid; ft_fullstack; ft_fx_crypto; ft_stale_registration,51,Issuer of traveler's checks; Seller of traveler's checks; Issuer of money orders; Seller of money orders; Check casher; Money transmitter; Seller of prepaid access; Dealer in foreign exchange,0,Kntop Llc,False,2024-03-23,False,
Fintech,90010410,Ktbinvest Wisdom Capital Inc.,Ny,NY,10005,"75 Wall St New York, Ny 10005",5,82,ft_national; ft_prepaid; ft_fullstack; ft_fx_crypto; ft_stale_registration,51,Issuer of traveler's checks; Seller of traveler's checks; Issuer of money orders; Seller of money orders; Check casher; Money transmitter; Seller of prepaid access; Dealer in foreign exchange,0,Ktbinvest Wisdom Capital Inc.,False,2024-03-26,False,
Fintech,90011017,Landun Financial Research Institute Ltd,Diamond Bar,CA,91765,"324 S Diamond Bar Blvd, Unit Num717",5,82,ft_national; ft_prepaid; ft_fullstack; ft_fx_crypto; ft_stale_registration,51,Issuer of traveler's checks; Seller of traveler's checks; Issuer of money orders; Seller of money orders; Check casher; Money transmitter; Seller of prepaid access; Dealer in foreign exchange,0,,False,2024-03-19,False,
Fintech,90011198,Larnt Inc,Garden,NY,83714,9169 W State St Ste 2887,5,82,ft_national; ft_prepaid; ft_fullstack; ft_fx_crypto; ft_stale_registration,51,Issuer of traveler's checks; Seller of traveler's checks; Issuer of money orders; Seller of money orders; Check casher; Money transmitter; Seller of prepaid access; Dealer in foreign exchange,0,,False,2024-03-05,False,
Fintech,90011585,Lcp,Houston,TX,77004,"1615 Hermann Dr, Unit 1118",5,82,ft_national; ft_prepaid; ft_fullstack; ft_fx_crypto; ft_stale_registration,51,Seller of traveler's checks; Issuer of money orders; Seller of money orders; Check casher; Money transmitter; Seller of prepaid access; Dealer in foreign exchange,0,,False,2024-03-12,False,
Fintech,90011586,Lcp,Houston,TX,77004,"1615 Hermann Dr, Unit 1118",5,82,ft_national; ft_prepaid; ft_fullstack; ft_fx_crypto; ft_stale_registration,51,Seller of traveler's checks; Issuer of money orders; Seller of money orders; Check casher; Money transmitter; Seller of prepaid access; Dealer in foreign exchange,0,,False,2024-03-19,False,
Fintech,90011631,Legge,Seattle,WA,98121,300 Lenora St,5,82,ft_national; ft_prepaid; ft_fullstack; ft_fx_crypto; ft_stale_registration,51,Issuer of traveler's checks; Seller of traveler's checks; Issuer of money orders; Seller of money orders; Check casher; Money transmitter; Seller of prepaid access; Dealer in foreign exchange,0,,False,2024-07-03,False,
Fintech,90011651,Lencoin Tech Corp.,Spokane,WA,99201,100 N Howard St Ste R,5,82,ft_national; ft_prepaid; ft_fullstack; ft_fx_crypto; ft_stale_registration,51,Issuer of traveler's checks; Seller of traveler's checks; Issuer of money orders; Seller of money orders; Check casher; Money transmitter; Seller of prepaid access; Dealer in foreign exchange,0,,False,2024-04-10,False,
Fintech,90011703,Liberty Capital Inc Llc,Denver,CO,80264,1660 Lincoln St,5,82,ft_national; ft_prepaid; ft_fullstack; ft_fx_crypto; ft_stale_registration,51,Issuer of traveler's checks; Seller of traveler's checks; Issuer of money orders; Seller of money orders; Check casher; Money transmitter; Seller of prepaid access; Dealer in foreign exchange,0,Liberty Capital Inc Llc,False,2024-04-15,False,
Fintech,90011704,Libertycoin Inc.,New York,NY,10016,"244 Madison Avenue, Suite 1666",5,82,ft_national; ft_prepaid; ft_fullstack; ft_fx_crypto; ft_stale_registration,51,Issuer of traveler's checks; Seller of traveler's checks; Issuer of money orders; Seller of money orders; Check casher; Money transmitter; Seller of prepaid access; Dealer in foreign exchange,0,,False,2024-03-18,False,
Fintech,90011777,Lion-Kofu Asset Management Company,Denver,CO,80202,"600 17Th Street, Suite 2800",5,82,ft_national; ft_prepaid; ft_fullstack; ft_fx_crypto; ft_stale_registration,51,Issuer of traveler's checks; Seller of traveler's checks; Issuer of money orders; Seller of money orders; Check casher; Money transmitter; Seller of prepaid access; Dealer in foreign exchange,0,,False,2024-04-29,False,
Fintech,90011778,Lion Pay Limited,Louisville,KY,40202,"217 E Main St, Unit 203",5,82,ft_national; ft_prepaid; ft_fullstack; ft_fx_crypto; ft_stale_registration,51,Seller of traveler's checks; Issuer of money orders; Seller of money orders; Check casher; Money transmitter; Seller of prepaid access; Dealer in foreign exchange,0,,False,2024-02-28,False,
Fintech,90011785,Lisle Max Inc,Denver,CO,80202,1312 17Th Street Suite 1368 Denver Co,5,82,ft_national; ft_prepaid; ft_fullstack; ft_fx_crypto; ft_stale_registration,51,Issuer of traveler's checks; Seller of traveler's checks; Issuer of money orders; Seller of money orders; Check casher; Money transmitter; Seller of prepaid access; Dealer in foreign exchange,0,Lisle Max Inc,False,2024-04-01,False,
Fintech,90011871,London Agro-Safety Exchange Foundation,Denver,CO,80237,"4610 South Ulster Street, Suite 500",5,82,ft_national; ft_prepaid; ft_fullstack; ft_fx_crypto; ft_stale_registration,51,Issuer of traveler's checks; Seller of traveler's checks; Issuer of money orders; Seller of money orders; Check casher; Money transmitter; Seller of prepaid access; Dealer in foreign exchange,0,,False,2024-01-01,False,
Fintech,90012117,Loves Foundation,Miami,FL,33179,390 Ne 191St St Ste 8315 Miami Fl 33179,5,82,ft_national; ft_prepaid; ft_fullstack; ft_fx_crypto; ft_stale_registration,51,Issuer of traveler's checks; Seller of traveler's checks; Issuer of money orders; Seller of money orders; Check casher; Money transmitter; Seller of prepaid access; Dealer in foreign exchange,0,Loves Foundation,False,2024-05-11,False,
Fintech,90012159,Luckystarcrypto Ltd.,New York,NY,10016,244 Madison Avenue Suite 1666,5,82,ft_national; ft_prepaid; ft_fullstack; ft_fx_crypto; ft_stale_registration,51,Issuer of traveler's checks; Seller of traveler's checks; Issuer of money orders; Seller of money orders; Check casher; Money transmitter; Seller of prepaid access; Dealer in foreign exchange,0,,False,2024-02-17,False,
Fintech,90012260,Lyct Technology Inc,Denver,CO,80202,962 19Th St,5,82,ft_national; ft_prepaid; ft_fullstack; ft_fx_crypto; ft_stale_registration,51,Issuer of traveler's checks; Seller of traveler's checks; Issuer of money orders; Seller of money orders; Check casher; Money transmitter; Seller of prepaid access; Dealer in foreign exchange,0,,False,2024-04-22,False,
Fintech,90012312,Macy Technology Co Ltd,Des Moines,IA,50309,500 Locust St,5,82,ft_national; ft_prepaid; ft_fullstack; ft_fx_crypto; ft_stale_registration,51,Issuer of traveler's checks; Seller of traveler's checks; Issuer of money orders; Seller of money orders; Check casher; Money transmitter; Seller of prepaid access; Dealer in foreign exchange,0,,False,2024-05-27,False,
Fintech,90012392,Make A Difference Information Technology Inc,Denver,CO,80202,1795 Welton St,5,82,ft_national; ft_prepaid; ft_fullstack; ft_fx_crypto; ft_stale_registration,51,Issuer of traveler's checks; Seller of traveler's checks; Issuer of money orders; Seller of money orders; Check casher; Money transmitter; Seller of prepaid access; Dealer in foreign exchange,0,,False,2024-04-01,False,
Fintech,90012393,Make A Difference Information Technology Inc,Denver,CO,80202,1795 Welton St,5,82,ft_national; ft_prepaid; ft_fullstack; ft_fx_crypto; ft_stale_registration,51,Issuer of traveler's checks; Seller of traveler's checks; Issuer of money orders; Seller of money orders; Check casher; Money transmitter; Seller of prepaid access; Dealer in foreign exchange,0,,False,2024-03-21,False,
Fintech,90012407,Malcoin Tech Corp.,Spokane,WA,99201,100 N Howard St Ste R,5,82,ft_national; ft_prepaid; ft_fullstack; ft_fx_crypto; ft_stale_registration,51,Issuer of traveler's checks; Seller of traveler's checks; Issuer of money orders; Seller of money orders; Check casher; Money transmitter; Seller of prepaid access; Dealer in foreign exchange,0,,False,2024-05-06,False,
Fintech,90012423,Managed Global Securities Trade Ltd.,New York,NY,60609,"20 W 38Th St. New York, Ny 10001",5,82,ft_national; ft_prepaid; ft_fullstack; ft_fx_crypto; ft_stale_registration,51,Issuer of traveler's checks; Seller of traveler's checks; Issuer of money orders; Seller of money orders; Check casher; Money transmitter; Seller of prepaid access; Dealer in foreign exchange,0,Managed Global Securities Trade Ltd.,False,2024-03-05,False,
Fintech,90012651,Mascot Foundation,Denver,CO,80202,1312 17Th Street Suite 1402 Denver Co 80202,5,82,ft_national; ft_prepaid; ft_fullstack; ft_fx_crypto; ft_stale_registration,51,Issuer of traveler's checks; Seller of traveler's checks; Issuer of money orders; Seller of money orders; Check casher; Money transmitter; Seller of prepaid access; Dealer in foreign exchange,0,Mascot Foundation,False,2024-04-09,False,
Fintech,90012662,Mass Creation Ai Artificial Intelligence,Chicago,IL,60605,"730 S Clark St, Unit 1232",5,82,ft_national; ft_prepaid; ft_fullstack; ft_fx_crypto; ft_stale_registration,51,Issuer of traveler's checks; Seller of traveler's checks; Issuer of money orders; Seller of money orders; Check casher; Money transmitter; Seller of prepaid access; Dealer in foreign exchange,0,,False,2024-06-07,False,
Fintech,90012712,Maxima Capital Foundation,Denver,CO,80202,1905 Lawrence St,5,82,ft_national; ft_prepaid; ft_fullstack; ft_fx_crypto; ft_stale_registration,51,Issuer of traveler's checks; Seller of traveler's checks; Issuer of money orders; Seller of money orders; Check casher; Money transmitter; Seller of prepaid access; Dealer in foreign exchange,0,,False,2024-04-21,False,
Fintech,90012748,Mbp Exchange Investment Llc,Denver,CO,80203,1775 Sherman St,5,82,ft_national; ft_prepaid; ft_fullstack; ft_fx_crypto; ft_stale_registration,51,Issuer of traveler's checks; Seller of traveler's checks; Issuer of money orders; Seller of money orders; Check casher; Money transmitter; Seller of prepaid access; Dealer in foreign exchange,0,Mbp Exchange Investment Llc,False,2024-03-23,False,
Fintech,90012750,Mbtc Capital Foundation,Lakewood,CO,80226,"98 Wadsworth Blvd Num 127-3255, Lakewood, Co 80226, United States.",5,82,ft_national; ft_prepaid; ft_fullstack; ft_fx_crypto; ft_stale_registration,51,Issuer of traveler's checks; Seller of traveler's checks; Issuer of money orders; Seller of money orders; Check casher; Money transmitter; Seller of prepaid access; Dealer in foreign exchange,0,,False,2024-04-09,False,
Fintech,90012751,Mbtc Capital Foundation,Lakewood,CO,80226,"98 Wadsworth Blvd Num 127-3255, Lakewood, Co 80226, United States.",5,82,ft_national; ft_prepaid; ft_fullstack; ft_fx_crypto; ft_stale_registration,51,Issuer of traveler's checks; Seller of traveler's checks; Issuer of money orders; Seller of money orders; Check casher; Money transmitter; Seller of prepaid access; Dealer in foreign exchange,0,,False,2024-04-09,False,
Fintech,90013021,Meta Fire,Denver,CO,80206,"255 Saint Paul St, Unit 210",5,82,ft_national; ft_prepaid; ft_fullstack; ft_fx_crypto; ft_stale_registration,51,Issuer of traveler's checks; Seller of traveler's checks; Issuer of money orders; Seller of money orders; Check casher; Money transmitter; Seller of prepaid access; Dealer in foreign exchange,0,,False,2024-03-08,False,
Fintech,90013110,Mgtco Inc.,Denver,CO,80202,1905 Lawrence St,5,82,ft_national; ft_prepaid; ft_fullstack; ft_fx_crypto; ft_stale_registration,51,Issuer of traveler's checks; Seller of traveler's checks; Issuer of money orders; Seller of money orders; Check casher; Money transmitter; Seller of prepaid access; Dealer in foreign exchange,0,,False,2024-06-28,False,
Fintech,90013115,Mhb Foundatn,Chesterfield,MO,63017,400 Chesterfield Center,5,82,ft_national; ft_prepaid; ft_fullstack; ft_fx_crypto; ft_stale_registration,51,Issuer of traveler's checks; Seller of traveler's checks; Issuer of money orders; Seller of money orders; Check casher; Money transmitter; Seller of prepaid access; Dealer in foreign exchange,0,,False,2024-06-28,False,
Fintech,90013453,Mit,Denver,CO,18005,1312 17Th Street Suite 1802,5,82,ft_national; ft_prepaid; ft_fullstack; ft_fx_crypto; ft_stale_registration,51,Issuer of traveler's checks; Seller of traveler's checks; Issuer of money orders; Seller of money orders; Check casher; Money transmitter; Seller of prepaid access; Dealer in foreign exchange,0,Mit,False,2024-03-26,False,
Fintech,90013767,Moodex Ltd,Seattle,WA,98101,1208 Howell St,5,82,ft_national; ft_prepaid; ft_fullstack; ft_fx_crypto; ft_stale_registration,51,Seller of traveler's checks; Issuer of money orders; Seller of money orders; Check casher; Money transmitter; Seller of prepaid access; Dealer in foreign exchange,0,,False,2024-02-14,False,
Fintech,90013868,Mrb Foundatn,Chesterfield,MO,63017,1771 Heffington Dr,5,82,ft_national; ft_prepaid; ft_fullstack; ft_fx_crypto; ft_stale_registration,51,Issuer of traveler's checks; Seller of traveler's checks; Issuer of money orders; Seller of money orders; Check casher; Money transmitter; Seller of prepaid access; Dealer in foreign exchange,0,,False,2024-05-15,False,
Fintech,90013903,Msl Indonesia Advertising Ltd.,New York,NY,10118,"20 W 34Th St., New York, Ny",5,82,ft_national; ft_prepaid; ft_fullstack; ft_fx_crypto; ft_stale_registration,51,Issuer of traveler's checks; Seller of traveler's checks; Issuer of money orders; Seller of money orders; Check casher; Money transmitter; Seller of prepaid access; Dealer in foreign exchange,0,Msl Indonesia Advertising Ltd.,False,2024-06-04,False,
Fintech,90014398,New Born Foundation,Denver,CO,60609,1312 17Th Street Suite 1402,5,82,ft_national; ft_prepaid; ft_fullstack; ft_fx_crypto; ft_stale_registration,51,Seller of traveler's checks; Issuer of money orders; Seller of money orders; Check casher; Money transmitter; Seller of prepaid access; Dealer in foreign exchange,5,New Born Foundation,False,2024-03-26,False,
Fintech,90014553,Nhb,Denver,CO,80202,1900 16Th St Mall,5,82,ft_national; ft_prepaid; ft_fullstack; ft_fx_crypto; ft_stale_registration,51,Issuer of traveler's checks; Seller of traveler's checks; Issuer of money orders; Seller of money orders; Check casher; Money transmitter; Seller of prepaid access; Dealer in foreign exchange,0,,False,2024-04-23,False,
Fintech,90014581,Niteap,San Jose,CA,95131,2570 North First Street 2Nd Floor,5,82,ft_national; ft_prepaid; ft_fullstack; ft_fx_crypto; ft_stale_registration,51,Issuer of traveler's checks; Seller of traveler's checks; Issuer of money orders; Seller of money orders; Check casher; Money transmitter; Seller of prepaid access; Dealer in foreign exchange,0,,False,2024-06-07,False,
Fintech,90014599,Nk Market,Denver,CO,80246,202 S.Cherry Street 10Th Floor,5,82,ft_national; ft_prepaid; ft_fullstack; ft_fx_crypto; ft_stale_registration,51,Issuer of traveler's checks; Seller of traveler's checks; Issuer of money orders; Seller of money orders; Check casher; Money transmitter; Seller of prepaid access; Dealer in foreign exchange,0,,False,2024-05-07,False,
Fintech,90014641,Noobex Foundation,Denver,CO,80231,"10200 E Girard Ave, Denver, Co",5,82,ft_national; ft_prepaid; ft_fullstack; ft_fx_crypto; ft_stale_registration,51,Issuer of traveler's checks; Seller of traveler's checks; Issuer of money orders; Seller of money orders; Check casher; Money transmitter; Seller of prepaid access; Dealer in foreign exchange,0,Noobex Foundation,False,2024-05-25,False,
Fintech,90014704,Novabit Inc.,Spokane,WA,99201,100 N Howard St Ste R,5,82,ft_national; ft_prepaid; ft_fullstack; ft_fx_crypto; ft_stale_registration,51,Issuer of traveler's checks; Seller of traveler's checks; Issuer of money orders; Seller of money orders; Check casher; Money transmitter; Seller of prepaid access; Dealer in foreign exchange,0,,False,2024-05-21,False,
Fintech,90014865,Nyecoins Llc,Albuquerque,NM,87110,1209 Mountain Road Pl Ne Ste R,5,82,ft_national; ft_prepaid; ft_fullstack; ft_fx_crypto; ft_stale_registration,51,Issuer of traveler's checks; Seller of traveler's checks; Issuer of money orders; Seller of money orders; Check casher; Money transmitter; Seller of prepaid access; Dealer in foreign exchange,0,,False,2024-03-14,False,
Fintech,90014879,Oaktree Inc.,Chicago,IL,60609,"1101 W 43Rd St, Chicago, Il",5,82,ft_national; ft_prepaid; ft_fullstack; ft_fx_crypto; ft_stale_registration,51,Issuer of traveler's checks; Seller of traveler's checks; Issuer of money orders; Seller of money orders; Check casher; Money transmitter; Seller of prepaid access; Dealer in foreign exchange,0,Oaktree Inc.,False,2024-01-23,False,
Fintech,90015028,Omniinter Inc.,Denver,CO,80202,1225 17Th St,5,82,ft_national; ft_prepaid; ft_fullstack; ft_fx_crypto; ft_stale_registration,51,Issuer of traveler's checks; Seller of traveler's checks; Issuer of money orders; Seller of money orders; Check casher; Money transmitter; Seller of prepaid access; Dealer in foreign exchange,0,,False,2024-04-29,False,
Fintech,90015096,Opacoin Tech Corp.,Spokane,WA,99201,100 N Howard St Ste R,5,82,ft_national; ft_prepaid; ft_fullstack; ft_fx_crypto; ft_stale_registration,51,Issuer of traveler's checks; Seller of traveler's checks; Issuer of money orders; Seller of money orders; Check casher; Money transmitter; Seller of prepaid access; Dealer in foreign exchange,0,,False,2024-04-10,False,
Fintech,90015099,Openai-Etc Ltd.,New York,NY,10118,"20 W 34Th St., New York, Ny",5,82,ft_national; ft_prepaid; ft_fullstack; ft_fx_crypto; ft_stale_registration,51,Issuer of traveler's checks; Seller of traveler's checks; Issuer of money orders; Seller of money orders; Check casher; Money transmitter; Seller of prepaid access; Dealer in foreign exchange,0,Openai-Etc Ltd.,False,2024-04-12,False,
Fintech,90015110,Openvcc Solutions Inc,Denver,CO,80210,1150 S Saint Paul St,5,82,ft_national; ft_prepaid; ft_fullstack; ft_fx_crypto; ft_stale_registration,51,Issuer of traveler's checks; Seller of traveler's checks; Issuer of money orders; Seller of money orders; Check casher; Money transmitter; Seller of prepaid access; Dealer in foreign exchange,0,,False,2024-04-28,False,
Fintech,90015160,Oriental International Research Institute Ltd,Diamond Bar,CA,91765,"324 S Diamond Bar Blvd, Unit Num717",5,82,ft_national; ft_prepaid; ft_fullstack; ft_fx_crypto; ft_stale_registration,51,Issuer of traveler's checks; Seller of traveler's checks; Issuer of money orders; Seller of money orders; Check casher; Money transmitter; Seller of prepaid access; Dealer in foreign exchange,0,,False,2024-03-19,False,
Fintech,90015546,Paymier Technology Inc,Denver,CO,80209,3773 Cherry Creek North Drive,5,82,ft_national; ft_prepaid; ft_fullstack; ft_fx_crypto; ft_stale_registration,51,Issuer of traveler's checks; Seller of traveler's checks; Issuer of money orders; Seller of money orders; Check casher; Money transmitter; Seller of prepaid access; Dealer in foreign exchange,0,,False,2024-04-07,False,
Fintech,90015601,Pc Exchange,Denver,CO,80203,1780 Grant St,5,82,ft_national; ft_prepaid; ft_fullstack; ft_fx_crypto; ft_stale_registration,51,Issuer of traveler's checks; Seller of traveler's checks; Issuer of money orders; Seller of money orders; Check casher; Money transmitter; Seller of prepaid access; Dealer in foreign exchange,0,,False,2024-04-01,False,
Fintech,90015806,Pinnacle Finance Group Inc.,Denver,CO,80231,"10200 E Girard Ave, Denver, Co",5,82,ft_national; ft_prepaid; ft_fullstack; ft_fx_crypto; ft_stale_registration,51,Issuer of traveler's checks; Seller of traveler's checks; Issuer of money orders; Seller of money orders; Check casher; Money transmitter; Seller of prepaid access; Dealer in foreign exchange,0,Pinnacle Finance Group Inc.,False,2024-05-27,False,
Fintech,90015825,Pitrex Llc,Seattle,WA,98104,701 5Th Ave,5,82,ft_national; ft_prepaid; ft_fullstack; ft_fx_crypto; ft_stale_registration,51,Issuer of traveler's checks; Seller of traveler's checks; Issuer of money orders; Seller of money orders; Check casher; Money transmitter; Seller of prepaid access; Dealer in foreign exchange,0,Pitrex Llc,False,2024-01-09,False,
Fintech,90015900,Pluspay Inc,Denver,CO,80206,1800 Gaylord St,5,82,ft_national; ft_prepaid; ft_fullstack; ft_fx_crypto; ft_stale_registration,51,Issuer of traveler's checks; Seller of traveler's checks; Issuer of money orders; Seller of money orders; Check casher; Money transmitter; Seller of prepaid access; Dealer in foreign exchange,0,,False,2024-01-11,False,
Fintech,90015990,Powbit Inc.,Denver,CO,80202,1312 17Th Street Suite 890 Denver Co 80202,5,82,ft_national; ft_prepaid; ft_fullstack; ft_fx_crypto; ft_stale_registration,51,Issuer of traveler's checks; Seller of traveler's checks; Issuer of money orders; Seller of money orders; Check casher; Money transmitter; Seller of prepaid access; Dealer in foreign exchange,0,Powbit Inc.,False,2024-06-24,False,
Fintech,90015995,Poynex,Denver,CO,80202,1734 Lawrence S,5,82,ft_national; ft_prepaid; ft_fullstack; ft_fx_crypto; ft_stale_registration,51,Issuer of traveler's checks; Seller of traveler's checks; Issuer of money orders; Seller of money orders; Check casher; Money transmitter; Seller of prepaid access; Dealer in foreign exchange,0,,False,2024-04-21,False,
Fintech,90015999,Ppp Exchange Llc,Los Angeles,CA,90025,11766 Wilshire Blvd,5,82,ft_national; ft_prepaid; ft_fullstack; ft_fx_crypto; ft_stale_registration,51,Issuer of traveler's checks; Seller of traveler's checks; Issuer of money orders; Seller of money orders; Check casher; Money transmitter; Seller of prepaid access; Dealer in foreign exchange,0,Ppp Exchange Llc,False,2024-01-24,False,
Fintech,90016001,Ppsb Foundation,Denver,CO,80202,950 17Th St,5,82,ft_national; ft_prepaid; ft_fullstack; ft_fx_crypto; ft_stale_registration,51,Issuer of traveler's checks; Seller of traveler's checks; Issuer of money orders; Seller of money orders; Check casher; Money transmitter; Seller of prepaid access; Dealer in foreign exchange,0,,False,2024-04-14,False,
Fintech,90016248,Qnt Foundatn,Saint Louis,MO,63105,231 South Bemiston Avenue,5,82,ft_national; ft_prepaid; ft_fullstack; ft_fx_crypto; ft_stale_registration,51,Issuer of traveler's checks; Seller of traveler's checks; Issuer of money orders; Seller of money orders; Check casher; Money transmitter; Seller of prepaid access; Dealer in foreign exchange,0,,False,2024-05-08,False,
Fintech,90016261,Qs Yunchain Holdings Limited,New York,NY,10016,244 Madison Avenue Suite 1666,5,82,ft_national; ft_prepaid; ft_fullstack; ft_fx_crypto; ft_stale_registration,51,Issuer of traveler's checks; Seller of traveler's checks; Issuer of money orders; Seller of money orders; Check casher; Money transmitter; Seller of prepaid access; Dealer in foreign exchange,0,,False,2024-02-17,False,
Fintech,90016276,Quantcard Llc,Las Vegas,NV,89169,Hughes Center - 3960 Howard Hughes Parkway,5,82,ft_national; ft_prepaid; ft_fullstack; ft_fx_crypto; ft_stale_registration,51,Issuer of traveler's checks; Seller of traveler's checks; Issuer of money orders; Seller of money orders; Check casher; Money transmitter; Seller of prepaid access; Dealer in foreign exchange,0,Quantcard Llc,False,2024-02-17,False,
Fintech,90016293,Quantum Capital Partners Ltd.,New York,NY,10016,"244 Madison Avenue, Suite 1666",5,82,ft_national; ft_prepaid; ft_fullstack; ft_fx_crypto; ft_stale_registration,51,Issuer of traveler's checks; Seller of traveler's checks; Issuer of money orders; Seller of money orders; Check casher; Money transmitter; Seller of prepaid access; Dealer in foreign exchange,0,,False,2024-06-27,False,
Fintech,90016389,R9 Capital,Lake Saint Louis,MO,63367,1200 Lake Saint Louis Blvd,5,82,ft_national; ft_prepaid; ft_fullstack; ft_fx_crypto; ft_stale_registration,51,Issuer of traveler's checks; Seller of traveler's checks; Issuer of money orders; Seller of money orders; Check casher; Money transmitter; Seller of prepaid access; Dealer in foreign exchange,0,,False,2024-06-11,False,
Fintech,90016435,Raisegrid Llc,New York,NY,10065,667 Madison Ave,5,82,ft_national; ft_prepaid; ft_fullstack; ft_fx_crypto; ft_stale_registration,51,Issuer of traveler's checks; Seller of traveler's checks; Issuer of money orders; Seller of money orders; Check casher; Money transmitter; Seller of prepaid access; Dealer in foreign exchange,0,Raisegrid Llc,False,2024-04-15,False,
Fintech,90016595,Rayside Inc,Denver,CO,80202,1818 N Broadway,5,82,ft_national; ft_prepaid; ft_fullstack; ft_fx_crypto; ft_stale_registration,51,Issuer of traveler's checks; Seller of traveler's checks; Issuer of money orders; Seller of money orders; Check casher; Money transmitter; Seller of prepaid access; Dealer in foreign exchange,0,,False,2024-06-28,False,
Fintech,90016605,Rba Capital Foundation,Denver,CO,80202,"1312 17Th Street, Unit Num 2955, Denver, Co 80202, United States.",5,82,ft_national; ft_prepaid; ft_fullstack; ft_fx_crypto; ft_stale_registration,51,Issuer of traveler's checks; Seller of traveler's checks; Issuer of money orders; Seller of money orders; Check casher; Money transmitter; Seller of prepaid access; Dealer in foreign exchange,0,,False,2024-05-28,False,
Fintech,90016834,Rich Fintech Llc,Denver,CO,80202,1312 17Th Street 2173 Pmb,5,82,ft_national; ft_prepaid; ft_fullstack; ft_fx_crypto; ft_stale_registration,51,Issuer of traveler's checks; Seller of traveler's checks; Issuer of money orders; Seller of money orders; Check casher; Money transmitter; Seller of prepaid access; Dealer in foreign exchange,0,,False,2024-02-01,False,
Fintech,90016994,Rocky Gift Card Inc,Boulder,CO,80302,1942 Broadway St Ste 314C,5,82,ft_national; ft_prepaid; ft_fullstack; ft_fx_crypto; ft_stale_registration,51,Issuer of traveler's checks; Seller of traveler's checks; Issuer of money orders; Seller of money orders; Check casher; Money transmitter; Seller of prepaid access; Dealer in foreign exchange,0,,False,2024-06-03,False,
Fintech,90017121,Rossup Securities Llc,San Francisco,CA,94104,550 California St,5,82,ft_national; ft_prepaid; ft_fullstack; ft_fx_crypto; ft_stale_registration,51,Issuer of traveler's checks; Seller of traveler's checks; Issuer of money orders; Seller of money orders; Check casher; Money transmitter; Seller of prepaid access; Dealer in foreign exchange,0,Rossup Securities Llc,False,2024-03-31,False,
Fintech,90017221,Rushgrid Inc.,Los Angeles,CA,90039,3154 Glendale Blvd Suite 1097,5,82,ft_national; ft_prepaid; ft_fullstack; ft_fx_crypto; ft_stale_registration,51,Issuer of traveler's checks; Seller of traveler's checks; Issuer of money orders; Seller of money orders; Check casher; Money transmitter; Seller of prepaid access; Dealer in foreign exchange,0,Rushgrid Inc.,False,2024-06-07,False,
Fintech,90017531,Sandverse Inc,Denver,CO,80202,1312 17Th Street Suite 1315 Denver Co,5,82,ft_national; ft_prepaid; ft_fullstack; ft_fx_crypto; ft_stale_registration,51,Issuer of traveler's checks; Seller of traveler's checks; Issuer of money orders; Seller of money orders; Check casher; Money transmitter; Seller of prepaid access; Dealer in foreign exchange,0,Sandverse Inc,False,2024-04-02,False,
Fintech,90017688,Sbdc Foundatn,St Louis,MO,63116,3800 Gravois Ave,5,82,ft_national; ft_prepaid; ft_fullstack; ft_fx_crypto; ft_stale_registration,51,Issuer of traveler's checks; Seller of traveler's checks; Issuer of money orders; Seller of money orders; Check casher; Money transmitter; Seller of prepaid access; Dealer in foreign exchange,0,,False,2024-06-03,False,
Fintech,90017712,Sc Mobile Terminal 6,Chicago,IL,60609,"1101 W 43Rd St, Chicago, Il",5,82,ft_national; ft_prepaid; ft_fullstack; ft_fx_crypto; ft_stale_registration,51,Issuer of traveler's checks; Seller of traveler's checks; Issuer of money orders; Seller of money orders; Check casher; Money transmitter; Seller of prepaid access; Dealer in foreign exchange,0,Sc Mobile Terminal 6,False,2024-02-17,False,
Fintech,90017728,Scycoin,Denver,CO,80203,"960 N Grant St, Unit 1021",5,82,ft_national; ft_prepaid; ft_fullstack; ft_fx_crypto; ft_stale_registration,51,Seller of traveler's checks; Issuer of money orders; Seller of money orders; Check casher; Money transmitter; Seller of prepaid access; Dealer in foreign exchange,0,,False,2024-01-23,False,
Fintech,90017743,Seandar Inc,New York,NY,10006,2350 Vesey Street,5,82,ft_national; ft_prepaid; ft_fullstack; ft_fx_crypto; ft_stale_registration,51,Issuer of traveler's checks; Seller of traveler's checks; Issuer of money orders; Seller of money orders; Check casher; Money transmitter; Seller of prepaid access; Dealer in foreign exchange,0,,False,2024-05-03,False,
Fintech,90017814,Senxax Fintech Company,Denver,CO,80202,1312 17Th St Unit Num 2955,5,82,ft_national; ft_prepaid; ft_fullstack; ft_fx_crypto; ft_stale_registration,51,Issuer of traveler's checks; Seller of traveler's checks; Issuer of money orders; Seller of money orders; Check casher; Money transmitter; Seller of prepaid access; Dealer in foreign exchange,0,,False,2024-01-25,False,
Fintech,90018004,Shinelinke Llc,Denver,CO,80202,1272 18Th Street,5,82,ft_national; ft_prepaid; ft_fullstack; ft_fx_crypto; ft_stale_registration,51,Issuer of traveler's checks; Seller of traveler's checks; Issuer of money orders; Seller of money orders; Check casher; Money transmitter; Seller of prepaid access; Dealer in foreign exchange,0,Shinelinke Llc,False,2024-05-11,False,
Fintech,90018070,Shun Tung Hui Goldsmiths Inc,New York,NY,10020,"1251 6Th Ave, Unit 2205",5,82,ft_national; ft_prepaid; ft_fullstack; ft_fx_crypto; ft_stale_registration,51,Seller of traveler's checks; Issuer of money orders; Seller of money orders; Check casher; Money transmitter; Seller of prepaid access; Dealer in foreign exchange,0,,False,2024-04-16,False,
Fintech,90018085,Siemi Technology Limited,New York,NY,10118,"20 W 34Th St., New York, Ny",5,82,ft_national; ft_prepaid; ft_fullstack; ft_fx_crypto; ft_stale_registration,51,Issuer of traveler's checks; Seller of traveler's checks; Issuer of money orders; Seller of money orders; Check casher; Money transmitter; Seller of prepaid access; Dealer in foreign exchange,0,Siemi Technology Limited,False,2024-04-29,False,
Fintech,90018127,Silver Lake Virtual Capital Foundation,Denver,CO,80202,370 17Th St,5,82,ft_national; ft_prepaid; ft_fullstack; ft_fx_crypto; ft_stale_registration,51,Issuer of traveler's checks; Seller of traveler's checks; Issuer of money orders; Seller of money orders; Check casher; Money transmitter; Seller of prepaid access; Dealer in foreign exchange,0,,False,2024-06-20,False,
Fintech,90018186,Sk Markets,Denver,CO,80202,1589 Welton Street 9Th Floor,5,82,ft_national; ft_prepaid; ft_fullstack; ft_fx_crypto; ft_stale_registration,51,Issuer of traveler's checks; Seller of traveler's checks; Issuer of money orders; Seller of money orders; Check casher; Money transmitter; Seller of prepaid access; Dealer in foreign exchange,0,,False,2024-04-17,False,
Fintech,90018212,Skyrim Capital Inc.,Chicago,IL,60609,"1101 W 43Rd St, Chicago, Il",5,82,ft_national; ft_prepaid; ft_fullstack; ft_fx_crypto; ft_stale_registration,51,Issuer of traveler's checks; Seller of traveler's checks; Issuer of money orders; Seller of money orders; Check casher; Money transmitter; Seller of prepaid access; Dealer in foreign exchange,0,Skyrim Capital Inc.,False,2024-01-11,False,
Fintech,90018241,Smartfund( Eu ),Denver,CO,80202,1630 Welton Street 9Th Floor,5,82,ft_national; ft_prepaid; ft_fullstack; ft_fx_crypto; ft_stale_registration,51,Issuer of traveler's checks; Seller of traveler's checks; Issuer of money orders; Seller of money orders; Check casher; Money transmitter; Seller of prepaid access; Dealer in foreign exchange,0,Www.Smartfund-Eu.Com,False,2024-07-04,False,
Fintech,90018243,Smart Investment Pioneer Inc,Denver,CO,80203,151 E 19Th Ave,5,82,ft_national; ft_prepaid; ft_fullstack; ft_fx_crypto; ft_stale_registration,51,Issuer of traveler's checks; Seller of traveler's checks; Issuer of money orders; Seller of money orders; Check casher; Money transmitter; Seller of prepaid access; Dealer in foreign exchange,0,,False,2024-06-05,False,
Fintech,90018244,Smar Tlnquiry,Houston,TX,77002,"409 Travis St, Unit 2112",5,82,ft_national; ft_prepaid; ft_fullstack; ft_fx_crypto; ft_stale_registration,51,Seller of traveler's checks; Issuer of money orders; Seller of money orders; Check casher; Money transmitter; Seller of prepaid access; Dealer in foreign exchange,0,,False,2024-05-13,False,
Fintech,90018246,Smartquant Exchange,Denver,CO,80202,1312 17Th Street Suite 1386 Denver Co 80202,5,82,ft_national; ft_prepaid; ft_fullstack; ft_fx_crypto; ft_stale_registration,51,Issuer of traveler's checks; Seller of traveler's checks; Issuer of money orders; Seller of money orders; Check casher; Money transmitter; Seller of prepaid access; Dealer in foreign exchange,0,Smartquant Exchange,False,2024-06-19,False,
Fintech,90018257,Smatl Capital Foundation,Denver,CO,80202,1647 California St,5,82,ft_national; ft_prepaid; ft_fullstack; ft_fx_crypto; ft_stale_registration,51,Issuer of traveler's checks; Seller of traveler's checks; Issuer of money orders; Seller of money orders; Check casher; Money transmitter; Seller of prepaid access; Dealer in foreign exchange,0,,False,2024-02-28,False,
Fintech,90018310,Soaex Exchange,Denver,CO,80203,498 E 17Th Ave,5,82,ft_national; ft_prepaid; ft_fullstack; ft_fx_crypto; ft_stale_registration,51,Issuer of traveler's checks; Seller of traveler's checks; Issuer of money orders; Seller of money orders; Check casher; Money transmitter; Seller of prepaid access; Dealer in foreign exchange,0,,False,2024-01-28,False,
Fintech,90018396,Sora  Foundation,Denver,CO,80202,1312 17Th Street Suite 1135 Denver Co 80202,5,82,ft_national; ft_prepaid; ft_fullstack; ft_fx_crypto; ft_stale_registration,51,Issuer of traveler's checks; Seller of traveler's checks; Issuer of money orders; Seller of money orders; Check casher; Money transmitter; Seller of prepaid access; Dealer in foreign exchange,0,Sora  Foundation,False,2024-02-20,False,
Fintech,90018485,Sportswave Technology Limited,Des Moines,IA,50309,309 Locust St,5,82,ft_national; ft_prepaid; ft_fullstack; ft_fx_crypto; ft_stale_registration,51,Issuer of traveler's checks; Seller of traveler's checks; Issuer of money orders; Seller of money orders; Check casher; Money transmitter; Seller of prepaid access; Dealer in foreign exchange,0,,False,2024-05-28,False,
Fintech,90018649,Stmgbit Inc.,Boston,MA,'02111,One Financial Center,5,82,ft_national; ft_prepaid; ft_fullstack; ft_fx_crypto; ft_stale_registration,51,Issuer of traveler's checks; Seller of traveler's checks; Issuer of money orders; Seller of money orders; Check casher; Money transmitter; Seller of prepaid access; Dealer in foreign exchange,0,,False,2024-06-13,False,
Fintech,90018652,Stockopia Technology Inc,Denver,CO,80202,1312 17Th Street Suite 1335 Denver Co 80202,5,82,ft_national; ft_prepaid; ft_fullstack; ft_fx_crypto; ft_stale_registration,51,Issuer of traveler's checks; Seller of traveler's checks; Issuer of money orders; Seller of money orders; Check casher; Money transmitter; Seller of prepaid access; Dealer in foreign exchange,0,Stockopia Technology Inc,False,2024-04-02,False,
Fintech,90018685,Strikechain Inc.,Spokane,WA,99201,100 N Howard St Ste R,5,82,ft_national; ft_prepaid; ft_fullstack; ft_fx_crypto; ft_stale_registration,51,Issuer of traveler's checks; Seller of traveler's checks; Issuer of money orders; Seller of money orders; Check casher; Money transmitter; Seller of prepaid access; Dealer in foreign exchange,0,,False,2024-05-21,False,
Fintech,90018760,Sun/Lin,Nashville,TN,37211,2916 Louise Drive,5,82,ft_national; ft_prepaid; ft_fullstack; ft_fx_crypto; ft_stale_registration,51,Issuer of traveler's checks; Seller of traveler's checks; Issuer of money orders; Seller of money orders; Check casher; Money transmitter; Seller of prepaid access; Dealer in foreign exchange,1,,False,2024-04-17,False,
Fintech,90018765,Sunnday Inc,Denver,CO,80202,1242 17Th St Denver Co 80202,5,82,ft_national; ft_prepaid; ft_fullstack; ft_fx_crypto; ft_stale_registration,51,Issuer of traveler's checks; Seller of traveler's checks; Issuer of money orders; Seller of money orders; Check casher; Money transmitter; Seller of prepaid access; Dealer in foreign exchange,0,Sunnday Inc,False,2024-03-07,False,
Fintech,90019217,Tech Brokerage Asset Alliance Llc,Aurora,CO,80011,14707 E 2Nd Ave,5,82,ft_national; ft_prepaid; ft_fullstack; ft_fx_crypto; ft_stale_registration,51,Issuer of traveler's checks; Seller of traveler's checks; Issuer of money orders; Seller of money orders; Check casher; Money transmitter; Seller of prepaid access; Dealer in foreign exchange,0,Tech Brokerage Asset Alliance Llc,False,2024-06-27,False,
Fintech,90019223,Techstars Inc.,Chicago,IL,60609,"2010 W 43Rd St, Chicago, Il",5,82,ft_national; ft_prepaid; ft_fullstack; ft_fx_crypto; ft_stale_registration,51,Issuer of traveler's checks; Seller of traveler's checks; Issuer of money orders; Seller of money orders; Check casher; Money transmitter; Seller of prepaid access; Dealer in foreign exchange,0,Techstars Inc.,False,2024-02-22,False,
Fintech,90019277,Termirex Foundation,Denver,CO,80231,"10200 E Girard Ave, Denver, Co",5,82,ft_national; ft_prepaid; ft_fullstack; ft_fx_crypto; ft_stale_registration,51,Issuer of traveler's checks; Seller of traveler's checks; Issuer of money orders; Seller of money orders; Check casher; Money transmitter; Seller of prepaid access; Dealer in foreign exchange,0,Termirex Foundation,False,2024-05-20,False,
Fintech,90019293,Tether-Xaut,New York,NY,10118,"20 W 34Th St., New York, Ny",5,82,ft_national; ft_prepaid; ft_fullstack; ft_fx_crypto; ft_stale_registration,51,Issuer of traveler's checks; Seller of traveler's checks; Issuer of money orders; Seller of money orders; Check casher; Money transmitter; Seller of prepaid access; Dealer in foreign exchange,0,Tether-Xaut,False,2024-06-23,False,
Fintech,90019939,Tikaist Inc,Denver,CO,80202,1312 17Th Street Suite 1160,5,82,ft_national; ft_prepaid; ft_fullstack; ft_fx_crypto; ft_stale_registration,51,Issuer of traveler's checks; Seller of traveler's checks; Issuer of money orders; Seller of money orders; Check casher; Money transmitter; Seller of prepaid access; Dealer in foreign exchange,0,,False,2024-01-08,False,
Fintech,90019962,Tio Capital Foundation,Denver,CO,80202,110 16Th St Mall,5,82,ft_national; ft_prepaid; ft_fullstack; ft_fx_crypto; ft_stale_registration,51,Issuer of traveler's checks; Seller of traveler's checks; Issuer of money orders; Seller of money orders; Check casher; Money transmitter; Seller of prepaid access; Dealer in foreign exchange,0,,False,2024-04-02,False,
Fintech,90020005,Tnegcoin Global Cryptocurrency Investment Foundati,Chicago,IL,60609,"1101 W 43Rd St, Chicago, Il",5,82,ft_national; ft_prepaid; ft_fullstack; ft_fx_crypto; ft_stale_registration,51,Issuer of traveler's checks; Seller of traveler's checks; Issuer of money orders; Seller of money orders; Check casher; Money transmitter; Seller of prepaid access; Dealer in foreign exchange,0,Tnegcoin Global Cryptocurrency Investment Foundation Inc,False,2024-02-21,False,
Fintech,90020029,Tokenindaex Ltd.,New York,NY,10019,3 Columbus Cir,5,82,ft_national; ft_prepaid; ft_fullstack; ft_fx_crypto; ft_stale_registration,51,Issuer of traveler's checks; Seller of traveler's checks; Issuer of money orders; Seller of money orders; Check casher; Money transmitter; Seller of prepaid access; Dealer in foreign exchange,0,,False,2024-04-22,False,
Fintech,90020084,Torch Securities Capital Foundation,Denver,CO,80293,601 17Th St,5,82,ft_national; ft_prepaid; ft_fullstack; ft_fx_crypto; ft_stale_registration,51,Issuer of traveler's checks; Seller of traveler's checks; Issuer of money orders; Seller of money orders; Check casher; Money transmitter; Seller of prepaid access; Dealer in foreign exchange,0,,False,2024-03-06,False,
Fintech,90020184,Tradesphere,Denver,CO,80202,1720 California St,5,82,ft_national; ft_prepaid; ft_fullstack; ft_fx_crypto; ft_stale_registration,51,Issuer of traveler's checks; Seller of traveler's checks; Issuer of money orders; Seller of money orders; Check casher; Money transmitter; Seller of prepaid access; Dealer in foreign exchange,0,,False,2024-06-25,False,
Fintech,90020293,Tron Genesis Cloud Mining,Denver,CO,80202,950 17Th St,5,82,ft_national; ft_prepaid; ft_fullstack; ft_fx_crypto; ft_stale_registration,51,Issuer of traveler's checks; Seller of traveler's checks; Issuer of money orders; Seller of money orders; Check casher; Money transmitter; Seller of prepaid access; Dealer in foreign exchange,0,,False,2024-06-26,False,
Fintech,90020344,Ts Artficial Intelligence Inc.,New York,NY,10036,242 W 41St St,5,82,ft_national; ft_prepaid; ft_fullstack; ft_fx_crypto; ft_stale_registration,51,Seller of traveler's checks; Issuer of money orders; Seller of money orders; Check casher; Money transmitter; Seller of prepaid access; Dealer in foreign exchange,0,,False,2024-04-17,False,
Fintech,90020345,Ts Artficial Lntelligence Inc.,New York,NY,10036,242 W 41St St,5,82,ft_national; ft_prepaid; ft_fullstack; ft_fx_crypto; ft_stale_registration,51,Issuer of traveler's checks; Seller of traveler's checks; Issuer of money orders; Seller of money orders; Check casher; Money transmitter; Seller of prepaid access; Dealer in foreign exchange,0,,False,2024-04-10,False,
Fintech,90020358,Ttqp Foundation Ltd,Chicago,IL,60609,"1101 W 43Rd St, Chicago, Il",5,82,ft_national; ft_prepaid; ft_fullstack; ft_fx_crypto; ft_stale_registration,51,Issuer of traveler's checks; Seller of traveler's checks; Issuer of money orders; Seller of money orders; Check casher; Money transmitter; Seller of prepaid access; Dealer in foreign exchange,0,Ttqp Foundation Ltd,False,2024-02-21,False,
Fintech,90020386,Turing Quant Inc.,New York,NY,10022,"725 5Th Ave, Unit 2526",5,82,ft_national; ft_prepaid; ft_fullstack; ft_fx_crypto; ft_stale_registration,51,Seller of traveler's checks; Issuer of money orders; Seller of money orders; Check casher; Money transmitter; Seller of prepaid access; Dealer in foreign exchange,0,,False,2024-05-01,False,
Fintech,90020388,Turkdex,Denver,CO,80205,2020 Arapahoe St,5,82,ft_national; ft_prepaid; ft_fullstack; ft_fx_crypto; ft_stale_registration,51,Issuer of traveler's checks; Seller of traveler's checks; Issuer of money orders; Seller of money orders; Check casher; Money transmitter; Seller of prepaid access; Dealer in foreign exchange,0,,False,2024-04-14,False,
Fintech,90020402,Tuxai Llc,Las Vegas,NV,89106,"Molasky Corporate Centre, 100 City Parkway",5,82,ft_national; ft_prepaid; ft_fullstack; ft_fx_crypto; ft_stale_registration,51,Issuer of traveler's checks; Seller of traveler's checks; Issuer of money orders; Seller of money orders; Check casher; Money transmitter; Seller of prepaid access; Dealer in foreign exchange,0,Tuxai Llc,False,2024-01-09,False,
Fintech,90020433,Tx Exchange,Denver,CO,80222,2000 S Colorado Blvd,5,82,ft_national; ft_prepaid; ft_fullstack; ft_fx_crypto; ft_stale_registration,51,Issuer of traveler's checks; Seller of traveler's checks; Issuer of money orders; Seller of money orders; Check casher; Money transmitter; Seller of prepaid access; Dealer in foreign exchange,0,,False,2024-04-14,False,
Fintech,90020452,Ubex,Denver,CO,80202,1720 California St,5,82,ft_national; ft_prepaid; ft_fullstack; ft_fx_crypto; ft_stale_registration,51,Issuer of traveler's checks; Seller of traveler's checks; Issuer of money orders; Seller of money orders; Check casher; Money transmitter; Seller of prepaid access; Dealer in foreign exchange,0,,False,2024-05-14,False,
Fintech,90020485,Uletter Foundation,Denver,CO,80202,1225 17Th St,5,82,ft_national; ft_prepaid; ft_fullstack; ft_fx_crypto; ft_stale_registration,51,Issuer of traveler's checks; Seller of traveler's checks; Issuer of money orders; Seller of money orders; Check casher; Money transmitter; Seller of prepaid access; Dealer in foreign exchange,0,,False,2024-04-22,False,
Fintech,90020530,Union Maga Inc,Denver,CO,80202,1312 17Th Street Suite 1308,5,82,ft_national; ft_prepaid; ft_fullstack; ft_fx_crypto; ft_stale_registration,51,Issuer of traveler's checks; Seller of traveler's checks; Issuer of money orders; Seller of money orders; Check casher; Money transmitter; Seller of prepaid access; Dealer in foreign exchange,0,,False,2024-05-19,False,
Fintech,90020602,Upbit,Denver,CO,80211,"2501 W 26Th Ave, Unit 625",5,82,ft_national; ft_prepaid; ft_fullstack; ft_fx_crypto; ft_stale_registration,51,Seller of traveler's checks; Issuer of money orders; Seller of money orders; Check casher; Money transmitter; Seller of prepaid access; Dealer in foreign exchange,0,,False,2024-03-19,False,
Fintech,90020604,Upfly Exchange Inc,Aurora,CO,80015,6037 S Winnipeg Street,5,82,ft_national; ft_prepaid; ft_fullstack; ft_fx_crypto; ft_stale_registration,51,Issuer of traveler's checks; Seller of traveler's checks; Issuer of money orders; Seller of money orders; Check casher; Money transmitter; Seller of prepaid access; Dealer in foreign exchange,0,,False,2024-02-21,False,
Fintech,90020609,"Uplift Technology Co., Limited",Chicago,IL,60603,"100 S State St, Chicago, Il",5,82,ft_national; ft_prepaid; ft_fullstack; ft_fx_crypto; ft_stale_registration,51,Issuer of traveler's checks; Seller of traveler's checks; Issuer of money orders; Seller of money orders; Check casher; Money transmitter; Seller of prepaid access; Dealer in foreign exchange,0,"Uplift Technology Co., Limited",False,2024-04-19,False,
Fintech,90020640,Usa Data Center Llc,Houston,TX,77025,"3903 Bellaire Blvd ,Ste E",5,82,ft_national; ft_prepaid; ft_fullstack; ft_fx_crypto; ft_stale_registration,51,Money transmitter; Seller of prepaid access; Dealer in foreign exchange,0,,False,2024-02-28,False,
Fintech,90020654,Usdetf,Washington,DC,20037,"1255 22Nd St Nw, Unit 318",5,82,ft_national; ft_prepaid; ft_fullstack; ft_fx_crypto; ft_stale_registration,51,Issuer of traveler's checks; Seller of traveler's checks; Issuer of money orders; Seller of money orders; Check casher; Money transmitter; Seller of prepaid access; Dealer in foreign exchange,0,,False,2024-03-08,False,
Fintech,90020667,Ushpp Llc,Washington,DC,20005,600 13Th St Nw,5,82,ft_national; ft_prepaid; ft_fullstack; ft_fx_crypto; ft_stale_registration,51,Issuer of traveler's checks; Seller of traveler's checks; Issuer of money orders; Seller of money orders; Check casher; Money transmitter; Seller of prepaid access; Dealer in foreign exchange,0,Ushpp Llc,False,2024-06-13,False,
Fintech,90020689,Uthmix,Denver,CO,80202,1144 15Th St,5,82,ft_national; ft_prepaid; ft_fullstack; ft_fx_crypto; ft_stale_registration,51,Issuer of traveler's checks; Seller of traveler's checks; Issuer of money orders; Seller of money orders; Check casher; Money transmitter; Seller of prepaid access; Dealer in foreign exchange,0,,False,2024-04-30,False,
Fintech,90020813,Vanguard Capital Foundation,New York,NY,10118,"20 W 34Th St., New York, Ny",5,82,ft_national; ft_prepaid; ft_fullstack; ft_fx_crypto; ft_stale_registration,51,Issuer of traveler's checks; Seller of traveler's checks; Issuer of money orders; Seller of money orders; Check casher; Money transmitter; Seller of prepaid access; Dealer in foreign exchange,0,Vanguard Capital Foundation,False,2024-04-15,False,
Fintech,90020926,Vatcion,Denver,CO,80202,1888 Welton Street 9Th Floor,5,82,ft_national; ft_prepaid; ft_fullstack; ft_fx_crypto; ft_stale_registration,51,Issuer of traveler's checks; Seller of traveler's checks; Issuer of money orders; Seller of money orders; Check casher; Money transmitter; Seller of prepaid access; Dealer in foreign exchange,0,,False,2024-04-17,False,
Fintech,90021021,Velo Inc,Boulder,CO,80302,1942 Broadway St Ste 314C,5,82,ft_national; ft_prepaid; ft_fullstack; ft_fx_crypto; ft_stale_registration,51,Issuer of traveler's checks; Seller of traveler's checks; Issuer of money orders; Seller of money orders; Check casher; Money transmitter; Seller of prepaid access; Dealer in foreign exchange,0,,False,2024-05-14,False,
Fintech,90021135,Vgn Foundatn,Clayton,MO,63105,231 South Bemiston Avenue,5,82,ft_national; ft_prepaid; ft_fullstack; ft_fx_crypto; ft_stale_registration,51,Issuer of traveler's checks; Seller of traveler's checks; Issuer of money orders; Seller of money orders; Check casher; Money transmitter; Seller of prepaid access; Dealer in foreign exchange,0,,False,2024-06-28,False,
Fintech,90021169,Vicyn Capital Investment Group,Lithia Springs,GA,30122,4819 Layton Dr,5,82,ft_national; ft_prepaid; ft_fullstack; ft_fx_crypto; ft_stale_registration,51,Issuer of traveler's checks; Seller of traveler's checks; Issuer of money orders; Seller of money orders; Check casher; Money transmitter; Seller of prepaid access; Dealer in foreign exchange,0,,False,2024-01-29,False,
Fintech,90021231,Violet Flame Inc,Cheyenne,WY,82001,400 W Lincolnway Ste 120,5,82,ft_national; ft_prepaid; ft_fullstack; ft_fx_crypto; ft_stale_registration,51,Issuer of traveler's checks; Seller of traveler's checks; Issuer of money orders; Seller of money orders; Check casher; Money transmitter; Seller of prepaid access; Dealer in foreign exchange,0,,False,2024-03-12,False,
Fintech,90021304,Voidmetrix Llc,New York,NY,10019,521 W 57Th St,5,82,ft_national; ft_prepaid; ft_fullstack; ft_fx_crypto; ft_stale_registration,51,Issuer of traveler's checks; Seller of traveler's checks; Issuer of money orders; Seller of money orders; Check casher; Money transmitter; Seller of prepaid access; Dealer in foreign exchange,0,Voidmetrix Llc,False,2024-06-27,False,
Fintech,90021306,Volanss,Denver,CO,80202,1763 Lawrence St,5,82,ft_national; ft_prepaid; ft_fullstack; ft_fx_crypto; ft_stale_registration,51,Issuer of traveler's checks; Seller of traveler's checks; Issuer of money orders; Seller of money orders; Check casher; Money transmitter; Seller of prepaid access; Dealer in foreign exchange,0,,False,2024-01-28,False,
Fintech,90021362,Vvct Inc.,Chicago,IL,60609,"12165 W 43Rd St, Chicago, Il",5,82,ft_national; ft_prepaid; ft_fullstack; ft_fx_crypto; ft_stale_registration,51,Issuer of traveler's checks; Seller of traveler's checks; Issuer of money orders; Seller of money orders; Check casher; Money transmitter; Seller of prepaid access; Dealer in foreign exchange,0,Vvct Inc.,False,2024-02-17,False,
Fintech,90021365,Vvs,Los Angeles,CA,90015,"501 W Olympic Blvd, Unit 1822",5,82,ft_national; ft_prepaid; ft_fullstack; ft_fx_crypto; ft_stale_registration,51,Seller of traveler's checks; Issuer of money orders; Seller of money orders; Check casher; Money transmitter; Seller of prepaid access; Dealer in foreign exchange,0,,False,2024-05-07,False,
Fintech,90021385,Wanan Group Ltd,New York,NY,60609,"20 W 38Th St. New York, Ny 10001",5,82,ft_national; ft_prepaid; ft_fullstack; ft_fx_crypto; ft_stale_registration,51,Issuer of traveler's checks; Seller of traveler's checks; Issuer of money orders; Seller of money orders; Check casher; Money transmitter; Seller of prepaid access; Dealer in foreign exchange,0,Wanan Group Ltd,False,2024-03-21,False,
Fintech,90021386,Wanan Insurance Ltd,New York,NY,60609,"20 W 38Th St. New York, Ny 10001",5,82,ft_national; ft_prepaid; ft_fullstack; ft_fx_crypto; ft_stale_registration,51,Issuer of traveler's checks; Seller of traveler's checks; Issuer of money orders; Seller of money orders; Check casher; Money transmitter; Seller of prepaid access; Dealer in foreign exchange,0,Wanan Insurance Ltd,False,2024-03-21,False,
Fintech,90021445,Wealthfims Inc,Denver,CO,80203,1780 Grant St,5,82,ft_national; ft_prepaid; ft_fullstack; ft_fx_crypto; ft_stale_registration,51,Issuer of traveler's checks; Seller of traveler's checks; Issuer of money orders; Seller of money orders; Check casher; Money transmitter; Seller of prepaid access; Dealer in foreign exchange,0,,False,2024-06-03,False,
Fintech,90021462,Webbcoin Trust,Denver,CO,80202,555 19Th St,5,82,ft_national; ft_prepaid; ft_fullstack; ft_fx_crypto; ft_stale_registration,51,Issuer of traveler's checks; Seller of traveler's checks; Issuer of money orders; Seller of money orders; Check casher; Money transmitter; Seller of prepaid access; Dealer in foreign exchange,0,,False,2024-06-23,False,
Fintech,90021463,Webbcoin Trust Webbcoin Trust Webbcoin Trust,Denver,CO,80202,555 19Th St,5,82,ft_national; ft_prepaid; ft_fullstack; ft_fx_crypto; ft_stale_registration,51,Issuer of traveler's checks; Seller of traveler's checks; Issuer of money orders; Seller of money orders; Check casher; Money transmitter; Seller of prepaid access; Dealer in foreign exchange,0,,False,2024-06-19,False,
Fintech,90021495,Wesson Ai Ltd,Las Vegas,NV,89101,353 E Bonneville Ave Unit 7529,5,82,ft_national; ft_prepaid; ft_fullstack; ft_fx_crypto; ft_stale_registration,51,Seller of traveler's checks; Issuer of money orders; Seller of money orders; Check casher; Money transmitter; Seller of prepaid access; Dealer in foreign exchange,0,,False,2024-06-04,False,
Fintech,90021539,Whalecrypt,Denver,CO,80202,1955 Arapahoe St,5,82,ft_national; ft_prepaid; ft_fullstack; ft_fx_crypto; ft_stale_registration,51,Issuer of traveler's checks; Seller of traveler's checks; Issuer of money orders; Seller of money orders; Check casher; Money transmitter; Seller of prepaid access; Dealer in foreign exchange,0,,False,2024-01-29,False,
Fintech,90021578,Wilma Financial Institute Ltd,Pasadena,CA,91101,385 East Colorado Boulevard,5,82,ft_national; ft_prepaid; ft_fullstack; ft_fx_crypto; ft_stale_registration,51,Issuer of traveler's checks; Seller of traveler's checks; Issuer of money orders; Seller of money orders; Check casher; Money transmitter; Seller of prepaid access; Dealer in foreign exchange,0,,False,2024-03-28,False,
Fintech,90021606,Winnacoin Ltd,Diamond Bar,CA,91765,"324 S Diamond Bar Blvd, Unit Num717",5,82,ft_national; ft_prepaid; ft_fullstack; ft_fx_crypto; ft_stale_registration,51,Issuer of traveler's checks; Seller of traveler's checks; Issuer of money orders; Seller of money orders; Check casher; Money transmitter; Seller of prepaid access; Dealer in foreign exchange,0,,False,2024-03-28,False,
Fintech,90021610,Winning Ltd,Los Angeles,CA,90071,"515 South Flower Street, 18Th And 19Th Floors",5,82,ft_national; ft_prepaid; ft_fullstack; ft_fx_crypto; ft_stale_registration,51,Issuer of traveler's checks; Seller of traveler's checks; Issuer of money orders; Seller of money orders; Check casher; Money transmitter; Seller of prepaid access; Dealer in foreign exchange,0,,False,2024-06-05,False,
Fintech,90021620,Wirego Technology Corp,Albany,NY,12207,"418 Broadway, Ste R",5,82,ft_national; ft_prepaid; ft_fullstack; ft_fx_crypto; ft_stale_registration,51,Issuer of traveler's checks; Seller of traveler's checks; Issuer of money orders; Seller of money orders; Check casher; Money transmitter; Seller of prepaid access; Dealer in foreign exchange,0,,False,2024-01-11,False,
Fintech,90021636,Wise Ai Foundation Inc,Denver,CO,80202,1818 N Broadway,5,82,ft_national; ft_prepaid; ft_fullstack; ft_fx_crypto; ft_stale_registration,51,Issuer of traveler's checks; Seller of traveler's checks; Issuer of money orders; Seller of money orders; Check casher; Money transmitter; Seller of prepaid access; Dealer in foreign exchange,0,,False,2024-02-06,False,
Fintech,90021684,World Pay One Inc,Denver,CO,80202,999 18Th St,5,82,ft_national; ft_prepaid; ft_fullstack; ft_fx_crypto; ft_stale_registration,51,Issuer of traveler's checks; Seller of traveler's checks; Issuer of money orders; Seller of money orders; Check casher; Money transmitter; Seller of prepaid access; Dealer in foreign exchange,0,,False,2024-04-08,False,
Fintech,90021685,World Pay One Inc,Denver,CO,80202,999 18Th St,5,82,ft_national; ft_prepaid; ft_fullstack; ft_fx_crypto; ft_stale_registration,51,Issuer of traveler's checks; Seller of traveler's checks; Issuer of money orders; Seller of money orders; Check casher; Money transmitter; Seller of prepaid access; Dealer in foreign exchange,0,,False,2024-04-01,False,
Fintech,90021817,Xnetpay Service Llc,Albany,NY,12207,418 Broadway Ste R,5,82,ft_national; ft_prepaid; ft_fullstack; ft_fx_crypto; ft_stale_registration,51,Issuer of traveler's checks; Seller of traveler's checks; Issuer of money orders; Seller of money orders; Check casher; Money transmitter; Seller of prepaid access; Dealer in foreign exchange,0,,False,2024-04-17,False,
Fintech,90021818,Xnor Technology Ltd,Seattle,WA,98121,2126 8Th Ave,5,82,ft_national; ft_prepaid; ft_fullstack; ft_fx_crypto; ft_stale_registration,51,Seller of traveler's checks; Issuer of money orders; Seller of money orders; Check casher; Money transmitter; Seller of prepaid access; Dealer in foreign exchange,0,,False,2024-02-05,False,
Fintech,90021825,Xone,New York,NY,10008,200 Vesey Street,5,82,ft_national; ft_prepaid; ft_fullstack; ft_fx_crypto; ft_stale_registration,51,Issuer of traveler's checks; Seller of traveler's checks; Issuer of money orders; Seller of money orders; Check casher; Money transmitter; Seller of prepaid access; Dealer in foreign exchange,0,,False,2024-05-02,False,
Fintech,90021828,Xoo Foundation,Lakewood,CO,80226,98 Wadsworth Blvd Num 127-3255,5,82,ft_national; ft_prepaid; ft_fullstack; ft_fx_crypto; ft_stale_registration,51,Issuer of traveler's checks; Seller of traveler's checks; Issuer of money orders; Seller of money orders; Check casher; Money transmitter; Seller of prepaid access; Dealer in foreign exchange,0,,False,2024-04-22,False,
Fintech,90021868,Xu Exchange,Denver,CO,80205,2020 Arapahoe St,5,82,ft_national; ft_prepaid; ft_fullstack; ft_fx_crypto; ft_stale_registration,51,Issuer of traveler's checks; Seller of traveler's checks; Issuer of money orders; Seller of money orders; Check casher; Money transmitter; Seller of prepaid access; Dealer in foreign exchange,0,,False,2024-04-14,False,
Fintech,90021942,Ye Peak Llc,New York,NY,10007,250 Greenwich St,5,82,ft_national; ft_prepaid; ft_fullstack; ft_fx_crypto; ft_stale_registration,51,Issuer of traveler's checks; Seller of traveler's checks; Issuer of money orders; Seller of money orders; Check casher; Money transmitter; Seller of prepaid access; Dealer in foreign exchange,0,Ye Peak Llc,False,2024-05-06,False,
Fintech,90021964,Yiptg Llc,Las Vegas,NV,89101,300 S 4Th St,5,82,ft_national; ft_prepaid; ft_fullstack; ft_fx_crypto; ft_stale_registration,51,Issuer of traveler's checks; Seller of traveler's checks; Issuer of money orders; Seller of money orders; Check casher; Money transmitter; Seller of prepaid access; Dealer in foreign exchange,0,Yiptg Llc,False,2024-01-09,False,
Fintech,90021972,Ymcoin Ltd,Los Angeles,CA,90036,5670 Wilshire Boulevard,5,82,ft_national; ft_prepaid; ft_fullstack; ft_fx_crypto; ft_stale_registration,51,Issuer of traveler's checks; Seller of traveler's checks; Issuer of money orders; Seller of money orders; Check casher; Money transmitter; Seller of prepaid access; Dealer in foreign exchange,0,,False,2024-06-05,False,
Fintech,90021979,Yocbit,Denver,CO,80202,1776 Curtis Street,5,82,ft_national; ft_prepaid; ft_fullstack; ft_fx_crypto; ft_stale_registration,51,Issuer of traveler's checks; Seller of traveler's checks; Issuer of money orders; Seller of money orders; Check casher; Money transmitter; Seller of prepaid access; Dealer in foreign exchange,0,,False,2024-04-30,False,
Fintech,90022029,Yunxing International Platform,Denver,CO,80202,950 17Th St,5,82,ft_national; ft_prepaid; ft_fullstack; ft_fx_crypto; ft_stale_registration,51,Issuer of traveler's checks; Seller of traveler's checks; Issuer of money orders; Seller of money orders; Check casher; Money transmitter; Seller of prepaid access; Dealer in foreign exchange,0,,False,2024-06-28,False,
Fintech,90022103,"Zegid Platforms, Inc.",Wilmington,DE,19801,800 N King Street Suite 304,5,82,ft_national; ft_prepaid; ft_fullstack; ft_fx_crypto; ft_stale_registration,51,Money transmitter; Seller of prepaid access; Dealer in foreign exchange,0,,False,2024-03-09,False,
Fintech,90022112,Zencoin Globalcryptocurrency Investment Foundation,Denver,CO,80202,1001 18Th St,5,82,ft_national; ft_prepaid; ft_fullstack; ft_fx_crypto; ft_stale_registration,51,Issuer of traveler's checks; Seller of traveler's checks; Issuer of money orders; Seller of money orders; Check casher; Money transmitter; Seller of prepaid access; Dealer in foreign exchange,0,,False,2024-03-30,False,
Fintech,90022142,Zero Carbon Future (Hong Kong) Carbon Emissions Tr,Denver,CO,80202,1600 Broadway,5,82,ft_national; ft_prepaid; ft_fullstack; ft_fx_crypto; ft_stale_registration,51,Issuer of traveler's checks; Seller of traveler's checks; Issuer of money orders; Seller of money orders; Check casher; Money transmitter; Seller of prepaid access; Dealer in foreign exchange,0,,False,2024-05-21,False,
Fintech,90022163,Zgbithumb Digital Assets Stock Investment Group Lt,Denver,CO,80203,"901 N Sherman St, Unit 820",5,82,ft_national; ft_prepaid; ft_fullstack; ft_fx_crypto; ft_stale_registration,51,Seller of traveler's checks; Issuer of money orders; Seller of money orders; Check casher; Money transmitter; Seller of prepaid access; Dealer in foreign exchange,0,,False,2024-01-02,False,
Fintech,90022191,Zigmund Inc.,Chicago,IL,60609,"2450 W 43Rd St, Chicago, Il",5,82,ft_national; ft_prepaid; ft_fullstack; ft_fx_crypto; ft_stale_registration,51,Issuer of traveler's checks; Seller of traveler's checks; Issuer of money orders; Seller of money orders; Check casher; Money transmitter; Seller of prepaid access; Dealer in foreign exchange,0,Zigmund Inc.,False,2024-02-02,False,
Fintech,90022219,Zobest Llc,Brooklyn,NY,11201,141 Willoughby St,5,82,ft_national; ft_prepaid; ft_fullstack; ft_fx_crypto; ft_stale_registration,51,Issuer of traveler's checks; Seller of traveler's checks; Issuer of money orders; Seller of money orders; Check casher; Money transmitter; Seller of prepaid access; Dealer in foreign exchange,0,Zobest Llc,False,2024-06-27,False,
Fintech,90022233,Zookey Technology Inc.,Ny,NY,10013,188 Grand St,5,82,ft_national; ft_prepaid; ft_fullstack; ft_fx_crypto; ft_stale_registration,51,Issuer of traveler's checks; Seller of traveler's checks; Issuer of money orders; Seller of money orders; Check casher; Money transmitter; Seller of prepaid access; Dealer in foreign exchange,0,,False,2024-05-06,False,
Fintech,90000001,0Bo,Denver,CO,80202,"6360 S Fiddlers Green Cir, Greenwood Village, Co 80111, United States",5,74,ft_national; ft_prepaid; ft_fullstack; ft_fx_crypto; ft_recent_filing,51,Issuer of traveler's checks; Seller of traveler's checks; Issuer of money orders; Seller of money orders; Check casher; Money transmitter; Seller of prepaid access; Dealer in foreign exchange,0,,False,2025-12-24,False,
Fintech,90000002,0 Degree Exchange Inc,Denver,CO,80202,"1670 Broadway, Denver, Co 80202 Usa",5,74,ft_national; ft_prepaid; ft_fullstack; ft_fx_crypto; ft_recent_filing,51,Issuer of traveler's checks; Seller of traveler's checks; Issuer of money orders; Seller of money orders; Check casher; Money transmitter; Seller of prepaid access; Dealer in foreign exchange,0,,False,2025-12-26,False,
Fintech,90000003,0Q Crypto Fintech Foundation,Colorado Springs,CO,80918,5142 N Academy Blvd Unit #4180,5,74,ft_national; ft_prepaid; ft_fullstack; ft_fx_crypto; ft_recent_filing,51,Issuer of traveler's checks; Seller of traveler's checks; Issuer of money orders; Seller of money orders; Check casher; Money transmitter; Seller of prepaid access; Dealer in foreign exchange,0,,False,2025-10-17,False,
Fintech,90000042,168Stoneex Ltd,San Francisco,CA,94105,55 Steuart St,5,74,ft_national; ft_prepaid; ft_fullstack; ft_fx_crypto; ft_recent_filing,51,Seller of traveler's checks; Issuer of money orders; Seller of money orders; Check casher; Money transmitter; Seller of prepaid access; Dealer in foreign exchange,0,,False,2025-12-30,False,
Fintech,90000045,180X Ltd,San Francisco,CA,94105,401 Harrison St,5,74,ft_national; ft_prepaid; ft_fullstack; ft_fx_crypto; ft_recent_filing,51,Seller of traveler's checks; Issuer of money orders; Seller of money orders; Check casher; Money transmitter; Seller of prepaid access; Dealer in foreign exchange,0,,False,2025-12-12,False,
Fintech,90000121,3D Foundation,Denver,CO,80207,3401 Quebec St,5,74,ft_national; ft_prepaid; ft_fullstack; ft_fx_crypto; ft_recent_filing,51,Issuer of traveler's checks; Seller of traveler's checks; Issuer of money orders; Seller of money orders; Check casher; Money transmitter; Seller of prepaid access; Dealer in foreign exchange,0,,False,2025-11-09,False,
Fintech,90000125,3G Capital Management Llc,Denver,CO,80203,1500 N Grant St Ste R,5,74,ft_national; ft_prepaid; ft_fullstack; ft_fx_crypto; ft_recent_filing,51,Issuer of traveler's checks; Seller of traveler's checks; Issuer of money orders; Seller of money orders; Check casher; Money transmitter; Seller of prepaid access; Dealer in foreign exchange,0,,False,2026-04-17,False,
Fintech,90000133,3Nx  Capital,Denver,CO,80203,"1500 N. Grant St, Ste R",5,74,ft_national; ft_prepaid; ft_fullstack; ft_fx_crypto; ft_recent_filing,51,Issuer of traveler's checks; Seller of traveler's checks; Issuer of money orders; Seller of money orders; Check casher; Money transmitter; Seller of prepaid access; Dealer in foreign exchange,0,,False,2026-01-09,False,
Fintech,90000150,4M Exchange Inc,Sheridan,WY,82801,30 N Gould St Ste R,5,74,ft_national; ft_prepaid; ft_fullstack; ft_fx_crypto; ft_recent_filing,51,Seller of traveler's checks; Issuer of money orders; Seller of money orders; Check casher; Money transmitter; Seller of prepaid access; Dealer in foreign exchange,0,,False,2026-05-10,False,
Fintech,90000156,5173Pay Technologies Llc,Sheridan,WY,82801,30 N Gould St Ste N,5,74,ft_national; ft_prepaid; ft_fullstack; ft_fx_crypto; ft_recent_filing,51,Issuer of traveler's checks; Seller of traveler's checks; Issuer of money orders; Seller of money orders; Check casher; Money transmitter; Seller of prepaid access; Dealer in foreign exchange,0,,False,2026-08-28,False,
Fintech,90000222,8Gexchange Inc,Denver,CO,80203,1500 N Grant St Ste R,5,74,ft_national; ft_prepaid; ft_fullstack; ft_fx_crypto; ft_recent_filing,51,Issuer of traveler's checks; Seller of traveler's checks; Issuer of money orders; Seller of money orders; Check casher; Money transmitter; Seller of prepaid access; Dealer in foreign exchange,0,,False,2026-08-07,False,
Fintech,90000229,91 Foundation,Colorado Springs,CO,80906,6510 S Academy Blvd Ste A 642,5,74,ft_national; ft_prepaid; ft_fullstack; ft_fx_crypto; ft_recent_filing,51,Issuer of traveler's checks; Seller of traveler's checks; Issuer of money orders; Seller of money orders; Check casher; Money transmitter; Seller of prepaid access; Dealer in foreign exchange,0,,False,2026-08-18,False,
Fintech,90000241,9Mx Group Inc,Denver,CO,80202,1312 17Th St Unit Num-2955,5,74,ft_national; ft_prepaid; ft_fullstack; ft_fx_crypto; ft_recent_filing,51,Issuer of traveler's checks; Seller of traveler's checks; Issuer of money orders; Seller of money orders; Check casher; Money transmitter; Seller of prepaid access; Dealer in foreign exchange,0,,False,2026-03-10,False,
Fintech,90000315,Abacus Financial Services Ag Inc,Denver,CO,80203,1500 N Grant St Ste R,5,74,ft_national; ft_prepaid; ft_fullstack; ft_fx_crypto; ft_recent_filing,51,Issuer of traveler's checks; Seller of traveler's checks; Issuer of money orders; Seller of money orders; Check casher; Money transmitter; Seller of prepaid access; Dealer in foreign exchange,0,,False,2026-01-14,False,
Fintech,90000407,Abrdnx Global Llc,Denver,CO,80202,1560 Broadway,5,74,ft_national; ft_prepaid; ft_fullstack; ft_fx_crypto; ft_recent_filing,51,Issuer of traveler's checks; Seller of traveler's checks; Issuer of money orders; Seller of money orders; Check casher; Money transmitter; Seller of prepaid access; Dealer in foreign exchange,0,,False,2025-10-15,False,
Fintech,90000450,Accuty Global Inc.,Colorado Springs,CO,80903,90 S Cascade Ave,5,74,ft_national; ft_prepaid; ft_fullstack; ft_fx_crypto; ft_recent_filing,51,Issuer of traveler's checks; Seller of traveler's checks; Issuer of money orders; Seller of money orders; Check casher; Money transmitter; Seller of prepaid access; Dealer in foreign exchange,0,Accuty Global,False,2025-11-22,False,
Fintech,90000455,Acenix Investment Alliance Ltd,Tukwila,WA,98168,14900 Interurban Ave S,5,74,ft_national; ft_prepaid; ft_fullstack; ft_fx_crypto; ft_recent_filing,51,Issuer of traveler's checks; Seller of traveler's checks; Issuer of money orders; Seller of money orders; Check casher; Money transmitter; Seller of prepaid access; Dealer in foreign exchange,0,,False,2025-10-10,False,
Fintech,90000491,A&C Technology Llc,Berthoud,CO,80513,1711 Vantage Pkwy,5,74,ft_national; ft_prepaid; ft_fullstack; ft_fx_crypto; ft_recent_filing,51,Seller of traveler's checks; Issuer of money orders; Seller of money orders; Check casher; Money transmitter; Seller of prepaid access; Dealer in foreign exchange,0,,False,2026-07-26,False,
Fintech,90000540,Adlerberg Capital Llc,Golden,CO,80401,14143 Denver West Parkway Suite 190,5,74,ft_national; ft_prepaid; ft_fullstack; ft_fx_crypto; ft_recent_filing,51,Issuer of traveler's checks; Seller of traveler's checks; Issuer of money orders; Seller of money orders; Check casher; Money transmitter; Seller of prepaid access; Dealer in foreign exchange,0,Adlerberg Capital Llc,False,2026-08-30,False,
Fintech,90000554,Adscs Digital Assets Ltd,San Francisco,CA,94105,535 Mission St,5,74,ft_national; ft_prepaid; ft_fullstack; ft_fx_crypto; ft_recent_filing,51,Issuer of traveler's checks; Seller of traveler's checks; Issuer of money orders; Seller of money orders; Check casher; Money transmitter; Seller of prepaid access; Dealer in foreign exchange,0,,False,2026-04-03,False,
Fintech,90000561,Advanced Quant Strategy Global Llc,Denver,CO,80224,1428 S Krameria St,5,74,ft_national; ft_prepaid; ft_fullstack; ft_fx_crypto; ft_recent_filing,51,Issuer of traveler's checks; Seller of traveler's checks; Issuer of money orders; Seller of money orders; Check casher; Money transmitter; Seller of prepaid access; Dealer in foreign exchange,0,,False,2026-05-25,False,
Fintech,90000596,Aether Fintech Inc.,New York,NY,10005,95 Wall St,5,74,ft_national; ft_prepaid; ft_fullstack; ft_fx_crypto; ft_recent_filing,51,Issuer of traveler's checks; Seller of traveler's checks; Issuer of money orders; Seller of money orders; Check casher; Money transmitter; Seller of prepaid access; Dealer in foreign exchange,0,,False,2025-10-12,False,
Fintech,90000598,Aetheris Cryptotech Global Ltd.,Houston,TX,77002,500 Dallas St,5,74,ft_national; ft_prepaid; ft_fullstack; ft_fx_crypto; ft_recent_filing,51,Seller of traveler's checks; Issuer of money orders; Seller of money orders; Check casher; Money transmitter; Seller of prepaid access; Dealer in foreign exchange,0,,False,2026-03-26,False,
Fintech,90000602,Aetheriumx Foundation Inc.,Denver,CO,80202,1521 Blake St Ste 47009,5,74,ft_national; ft_prepaid; ft_fullstack; ft_fx_crypto; ft_recent_filing,51,Issuer of traveler's checks; Seller of traveler's checks; Issuer of money orders; Seller of money orders; Check casher; Money transmitter; Seller of prepaid access; Dealer in foreign exchange,0,Aetheriumx Foundation Inc.,False,2026-03-03,False,
Fintech,90000603,Aetherlink Inc.,Denver,CO,80202,1312 17Th Street Suite 623,5,74,ft_national; ft_prepaid; ft_fullstack; ft_fx_crypto; ft_recent_filing,51,Issuer of traveler's checks; Seller of traveler's checks; Issuer of money orders; Seller of money orders; Check casher; Money transmitter; Seller of prepaid access; Dealer in foreign exchange,0,Aetherlink Inc.,False,2025-10-18,False,
Fintech,90000607,Aethr Labs Inc.,Denver,CO,80202,"600 17Th St Suite 2800, Denver, Co 80202, United States",5,74,ft_national; ft_prepaid; ft_fullstack; ft_fx_crypto; ft_recent_filing,51,Issuer of traveler's checks; Seller of traveler's checks; Issuer of money orders; Seller of money orders; Check casher; Money transmitter; Seller of prepaid access; Dealer in foreign exchange,0,,False,2026-05-18,False,
Fintech,90000608,Aetos Capital Inc,Denver,CO,80203,1500 N Grant St Ste R,5,74,ft_national; ft_prepaid; ft_fullstack; ft_fx_crypto; ft_recent_filing,51,Issuer of traveler's checks; Seller of traveler's checks; Issuer of money orders; Seller of money orders; Check casher; Money transmitter; Seller of prepaid access; Dealer in foreign exchange,0,,False,2025-12-09,False,
Fintech,90000611,Aex Cyber,Denver,CO,80202,1312 17Th Street Suite 1226,5,74,ft_national; ft_prepaid; ft_fullstack; ft_fx_crypto; ft_recent_filing,51,Issuer of traveler's checks; Seller of traveler's checks; Issuer of money orders; Seller of money orders; Check casher; Money transmitter; Seller of prepaid access; Dealer in foreign exchange,0,Aex Cyber,False,2025-11-10,False,
Fintech,90000642,Agentquant Inc,"Denver,",CO,80202,"410 17Th St, Denver, Co 80202, Us",5,74,ft_national; ft_prepaid; ft_fullstack; ft_fx_crypto; ft_recent_filing,51,Issuer of traveler's checks; Seller of traveler's checks; Issuer of money orders; Seller of money orders; Check casher; Money transmitter; Seller of prepaid access; Dealer in foreign exchange,0,,False,2026-08-10,False,
Fintech,90000657,Agiverse Inc.,Dover,DE,19904,1111B S Governors Ave Ste 20353,5,74,ft_national; ft_prepaid; ft_fullstack; ft_fx_crypto; ft_recent_filing,51,Issuer of traveler's checks; Seller of traveler's checks; Issuer of money orders; Seller of money orders; Check casher; Money transmitter; Seller of prepaid access; Dealer in foreign exchange,0,,False,2026-09-23,False,
Fintech,90000666,Agrimind Technologies Inc.,Denver,CO,80202,1312 17Th Street Unit #2023,5,74,ft_national; ft_prepaid; ft_fullstack; ft_fx_crypto; ft_recent_filing,51,Issuer of traveler's checks; Seller of traveler's checks; Issuer of money orders; Seller of money orders; Check casher; Money transmitter; Seller of prepaid access; Dealer in foreign exchange,0,,False,2026-09-02,False,
Fintech,90000667,Agroeco Discovery Tours Llc,Sacramento,CA,95815,1651 Response Rd,5,74,ft_national; ft_prepaid; ft_fullstack; ft_fx_crypto; ft_recent_filing,51,Issuer of traveler's checks; Seller of traveler's checks; Issuer of money orders; Seller of money orders; Check casher; Money transmitter; Seller of prepaid access; Dealer in foreign exchange,0,,False,2026-01-18,False,
Fintech,90000734,Aica Group Limited,San Francisco,CA,94111,50 California Street,5,74,ft_national; ft_prepaid; ft_fullstack; ft_fx_crypto; ft_recent_filing,51,Issuer of traveler's checks; Seller of traveler's checks; Issuer of money orders; Seller of money orders; Check casher; Money transmitter; Seller of prepaid access; Dealer in foreign exchange,0,,False,2025-10-25,False,
Fintech,90000740,Ai Defi Foundation,Denver,CO,80211,"1500 N Grant St Ste R, Denver, Co 80203, Us",5,74,ft_national; ft_prepaid; ft_fullstack; ft_fx_crypto; ft_recent_filing,51,Issuer of traveler's checks; Seller of traveler's checks; Issuer of money orders; Seller of money orders; Check casher; Money transmitter; Seller of prepaid access; Dealer in foreign exchange,0,,False,2026-01-08,False,
Fintech,90000755,Ailytis International Investment & Fintech Inc.,Houston,TX,77002,700 Milam St,5,74,ft_national; ft_prepaid; ft_fullstack; ft_fx_crypto; ft_recent_filing,51,Seller of traveler's checks; Issuer of money orders; Seller of money orders; Check casher; Money transmitter; Seller of prepaid access; Dealer in foreign exchange,0,,False,2025-10-12,False,
Fintech,90000757,Aimash Group Inc,Denver,CO,80203,1500 N Grant St Ste R,5,74,ft_national; ft_prepaid; ft_fullstack; ft_fx_crypto; ft_recent_filing,51,Issuer of traveler's checks; Seller of traveler's checks; Issuer of money orders; Seller of money orders; Check casher; Money transmitter; Seller of prepaid access; Dealer in foreign exchange,0,,False,2026-05-24,False,
Fintech,90000773,Airn Ai Resource Technology Llc,Denver,CO,80216,3900 Elati St,5,74,ft_national; ft_prepaid; ft_fullstack; ft_fx_crypto; ft_recent_filing,51,Issuer of traveler's checks; Seller of traveler's checks; Issuer of money orders; Seller of money orders; Check casher; Money transmitter; Seller of prepaid access; Dealer in foreign exchange,0,Airn Ai Resource Technology Llc,False,2026-06-18,False,
Fintech,90000774,Air Quantum Transaction Inc.,Denver,CO,80231,"10200 E Girard Ave, Denver, Co",5,74,ft_national; ft_prepaid; ft_fullstack; ft_fx_crypto; ft_recent_filing,51,Issuer of traveler's checks; Seller of traveler's checks; Issuer of money orders; Seller of money orders; Check casher; Money transmitter; Seller of prepaid access; Dealer in foreign exchange,0,Air Quantum Transaction Inc.,False,2025-11-27,False,
Fintech,90000780,Aister Global Inc,Cripple Creek,CO,80813,501 S Second St,5,74,ft_national; ft_prepaid; ft_fullstack; ft_fx_crypto; ft_recent_filing,51,Issuer of traveler's checks; Seller of traveler's checks; Issuer of money orders; Seller of money orders; Check casher; Money transmitter; Seller of prepaid access; Dealer in foreign exchange,0,,False,2026-08-25,False,
Fintech,90000781,Aisteria Global Inc,Denver,CO,80203,1500 N Grant St Ste R,5,74,ft_national; ft_prepaid; ft_fullstack; ft_fx_crypto; ft_recent_filing,51,Issuer of traveler's checks; Seller of traveler's checks; Issuer of money orders; Seller of money orders; Check casher; Money transmitter; Seller of prepaid access; Dealer in foreign exchange,0,,False,2026-09-02,False,
Fintech,90000784,Aistrat Llc,Denver,CO,80202,1900 Lawrence St,5,74,ft_national; ft_prepaid; ft_fullstack; ft_fx_crypto; ft_recent_filing,51,Issuer of traveler's checks; Seller of traveler's checks; Issuer of money orders; Seller of money orders; Check casher; Money transmitter; Seller of prepaid access; Dealer in foreign exchange,0,Aistrat Llc,False,2026-05-10,False,
Fintech,90000795,Aiultra Inc.,Denver,CO,80202,1800 Larimer St,5,74,ft_national; ft_prepaid; ft_fullstack; ft_fx_crypto; ft_recent_filing,51,Issuer of traveler's checks; Seller of traveler's checks; Issuer of money orders; Seller of money orders; Check casher; Money transmitter; Seller of prepaid access; Dealer in foreign exchange,0,Aiultra,False,2025-10-25,False,
Fintech,90000802,Aix,Denver,CO,80264,1660 Lincoln Street,5,74,ft_national; ft_prepaid; ft_fullstack; ft_fx_crypto; ft_recent_filing,51,Issuer of traveler's checks; Seller of traveler's checks; Issuer of money orders; Seller of money orders; Check casher; Money transmitter; Seller of prepaid access; Dealer in foreign exchange,0,,False,2026-03-29,False,
Fintech,90000804,Aixebit Inc.,Irvine,CA,92618,100 Spectrum Center Dr,5,74,ft_national; ft_prepaid; ft_fullstack; ft_fx_crypto; ft_recent_filing,51,Issuer of traveler's checks; Seller of traveler's checks; Issuer of money orders; Seller of money orders; Check casher; Money transmitter; Seller of prepaid access; Dealer in foreign exchange,0,,False,2025-11-04,False,
Fintech,90000905,Aldwych Securities Inc,Denver,CO,80202,"1670 Broadway, Denver, Co 80202, Us",5,74,ft_national; ft_prepaid; ft_fullstack; ft_fx_crypto; ft_recent_filing,51,Issuer of traveler's checks; Seller of traveler's checks; Issuer of money orders; Seller of money orders; Check casher; Money transmitter; Seller of prepaid access; Dealer in foreign exchange,0,,False,2026-01-11,False,
Fintech,90000909,Alegrapay Llc,Kalispell,MT,59901,1001 S. Main St. # 11962,5,74,ft_national; ft_prepaid; ft_fullstack; ft_fx_crypto; ft_recent_filing,51,Issuer of traveler's checks; Seller of traveler's checks; Issuer of money orders; Seller of money orders; Check casher; Money transmitter; Seller of prepaid access; Dealer in foreign exchange,0,,False,2025-11-18,False,
Fintech,90000946,Algreat.Com,Denver,CO,80202,1312 17Th St Unit Num-2955,5,74,ft_national; ft_prepaid; ft_fullstack; ft_fx_crypto; ft_recent_filing,51,Issuer of traveler's checks; Seller of traveler's checks; Issuer of money orders; Seller of money orders; Check casher; Money transmitter; Seller of prepaid access; Dealer in foreign exchange,0,,False,2025-10-07,False,
Fintech,90000993,Allbuypay Inc.,Albany,NY,12207,"418 Broadway,Ste R,",5,74,ft_national; ft_prepaid; ft_fullstack; ft_fx_crypto; ft_recent_filing,51,Issuer of traveler's checks; Seller of traveler's checks; Issuer of money orders; Seller of money orders; Check casher; Money transmitter; Seller of prepaid access; Dealer in foreign exchange,0,,False,2025-12-11,False,
Fintech,90001007,Alliancex Inc,Denver,CO,80202,1630 Welton Street Suite 201,5,74,ft_national; ft_prepaid; ft_fullstack; ft_fx_crypto; ft_recent_filing,51,Issuer of traveler's checks; Seller of traveler's checks; Issuer of money orders; Seller of money orders; Check casher; Money transmitter; Seller of prepaid access; Dealer in foreign exchange,0,Alliancex Inc,False,2025-11-13,False,
Fintech,90001077,Alphatradfi Inc,Denver,CO,80222,1660 S Albion St,5,74,ft_national; ft_prepaid; ft_fullstack; ft_fx_crypto; ft_recent_filing,51,Issuer of traveler's checks; Seller of traveler's checks; Issuer of money orders; Seller of money orders; Check casher; Money transmitter; Seller of prepaid access; Dealer in foreign exchange,0,Alphatradfi Inc,False,2026-07-06,False,
Fintech,90001080,Alpha Wealth Management Inc.,Denver,CO,80211,"600 17Th St Suite 2800, Denver, Co 80202",5,74,ft_national; ft_prepaid; ft_fullstack; ft_fx_crypto; ft_recent_filing,51,Issuer of traveler's checks; Seller of traveler's checks; Issuer of money orders; Seller of money orders; Check casher; Money transmitter; Seller of prepaid access; Dealer in foreign exchange,0,,False,2025-11-17,False,
Fintech,90001105,Altb Foundation,New York,NY,10019,1330 6Th Ave,5,74,ft_national; ft_prepaid; ft_fullstack; ft_fx_crypto; ft_recent_filing,51,Seller of traveler's checks; Issuer of money orders; Seller of money orders; Check casher; Money transmitter; Seller of prepaid access; Dealer in foreign exchange,0,,False,2026-01-26,False,
Fintech,90001109,Altiora Markets Inc,Lakewood,CO,80226,7655 W Mississippi Ave Ste 150,5,74,ft_national; ft_prepaid; ft_fullstack; ft_fx_crypto; ft_recent_filing,51,Issuer of traveler's checks; Seller of traveler's checks; Issuer of money orders; Seller of money orders; Check casher; Money transmitter; Seller of prepaid access; Dealer in foreign exchange,0,Altiora Markets Inc,False,2026-08-19,False,
Fintech,90001191,Ambitop Cognitive Inc,Denver,CO,80202,"1144 15Th St, Denver, Co 80202",5,74,ft_national; ft_prepaid; ft_fullstack; ft_fx_crypto; ft_recent_filing,51,Issuer of traveler's checks; Seller of traveler's checks; Issuer of money orders; Seller of money orders; Check casher; Money transmitter; Seller of prepaid access; Dealer in foreign exchange,0,,False,2026-09-14,False,
Fintech,90001202,American Agricultural Commodity Exchange Inc,Denver,CO,80216,400 W 48Th Ave,5,74,ft_national; ft_prepaid; ft_fullstack; ft_fx_crypto; ft_recent_filing,51,Issuer of traveler's checks; Seller of traveler's checks; Issuer of money orders; Seller of money orders; Check casher; Money transmitter; Seller of prepaid access; Dealer in foreign exchange,0,,False,2026-04-23,False,
Fintech,90001203,American Ai Future Foundation,Denver,CO,80123,9878 W Belleview Ave,5,74,ft_national; ft_prepaid; ft_fullstack; ft_fx_crypto; ft_recent_filing,51,Issuer of traveler's checks; Seller of traveler's checks; Issuer of money orders; Seller of money orders; Check casher; Money transmitter; Seller of prepaid access; Dealer in foreign exchange,0,American Ai Future Foundation,False,2025-10-29,False,
Fintech,90001204,American Blockchain Technology Association,Sheridan,WY,82801,30 N Gould St Ste R,5,74,ft_national; ft_prepaid; ft_fullstack; ft_fx_crypto; ft_recent_filing,51,Issuer of traveler's checks; Seller of traveler's checks; Issuer of money orders; Seller of money orders; Check casher; Money transmitter; Seller of prepaid access; Dealer in foreign exchange,0,,False,2026-07-08,False,
Fintech,90001309,Anbiex Inc.,Denver,CO,80202,1312 17Th Street Suite 1162,5,74,ft_national; ft_prepaid; ft_fullstack; ft_fx_crypto; ft_recent_filing,51,Issuer of traveler's checks; Seller of traveler's checks; Issuer of money orders; Seller of money orders; Check casher; Money transmitter; Seller of prepaid access; Dealer in foreign exchange,0,Anbiex Inc.,False,2025-10-22,False,
Fintech,90001310,Anbiex Inc.,Denver,CO,80202,1312 17Th Street Suite 1162,5,74,ft_national; ft_prepaid; ft_fullstack; ft_fx_crypto; ft_recent_filing,51,Issuer of traveler's checks; Seller of traveler's checks; Issuer of money orders; Seller of money orders; Check casher; Money transmitter; Seller of prepaid access; Dealer in foreign exchange,0,Anbiex Inc.,False,2025-10-24,False,
Fintech,90001323,Andes Green Power Inc.,New York,NY,10004,"85 Broad St, New York, Ny 10004",5,74,ft_national; ft_prepaid; ft_fullstack; ft_fx_crypto; ft_recent_filing,51,Issuer of traveler's checks; Seller of traveler's checks; Issuer of money orders; Seller of money orders; Check casher; Money transmitter; Seller of prepaid access; Dealer in foreign exchange,0,,False,2026-08-05,False,
Fintech,90001338,Andx Inc,Petersburg,FL,33702,"7901 4Th St N, Ste 300, St. Petersburg, Fl 33702",5,74,ft_national; ft_prepaid; ft_fullstack; ft_fx_crypto; ft_recent_filing,51,Issuer of traveler's checks; Seller of traveler's checks; Issuer of money orders; Seller of money orders; Check casher; Money transmitter; Seller of prepaid access; Dealer in foreign exchange,0,,False,2026-09-16,False,
Fintech,90001364,Anglo American Inc.,Denver,CO,80231,"10200 E Girard Ave, Denver, Co",5,74,ft_national; ft_prepaid; ft_fullstack; ft_fx_crypto; ft_recent_filing,51,Issuer of traveler's checks; Seller of traveler's checks; Issuer of money orders; Seller of money orders; Check casher; Money transmitter; Seller of prepaid access; Dealer in foreign exchange,0,Anglo American Inc.,False,2026-06-02,False,
Fintech,90001413,Ant Quant Capital Limited,New York,NY,10017,383 Madison Ave,5,74,ft_national; ft_prepaid; ft_fullstack; ft_fx_crypto; ft_recent_filing,51,Issuer of traveler's checks; Seller of traveler's checks; Issuer of money orders; Seller of money orders; Check casher; Money transmitter; Seller of prepaid access; Dealer in foreign exchange,0,Ant Quant Capital Limited,False,2026-08-23,False,
Fintech,90001444,Apex Capital Group Llc,Aurora,CO,80014,3190 South Vaughn Way,5,74,ft_national; ft_prepaid; ft_fullstack; ft_fx_crypto; ft_recent_filing,51,Issuer of traveler's checks; Seller of traveler's checks; Issuer of money orders; Seller of money orders; Check casher; Money transmitter; Seller of prepaid access; Dealer in foreign exchange,0,Apex Capital Group Llc,False,2026-07-21,False,
Fintech,90001448,Apex Digital Exchange Inc.,Denver,CO,80224,2121 S Oneida St,5,74,ft_national; ft_prepaid; ft_fullstack; ft_fx_crypto; ft_recent_filing,51,Issuer of traveler's checks; Seller of traveler's checks; Issuer of money orders; Seller of money orders; Check casher; Money transmitter; Seller of prepaid access; Dealer in foreign exchange,0,Apex Digital Exchange Inc.,False,2026-08-31,False,
Fintech,90001462,Apex Horizon Capital Llc,Denver,CO,80202,"999 18Th Street, Suite 3000",5,74,ft_national; ft_prepaid; ft_fullstack; ft_fx_crypto; ft_recent_filing,51,Issuer of traveler's checks; Seller of traveler's checks; Issuer of money orders; Seller of money orders; Check casher; Money transmitter; Seller of prepaid access; Dealer in foreign exchange,0,,False,2026-06-18,False,
Fintech,90001464,Apexis Group,Denver,CO,80211,"1500 N Grant St Ste R, Denver, Co 80203, Us",5,74,ft_national; ft_prepaid; ft_fullstack; ft_fx_crypto; ft_recent_filing,51,Issuer of traveler's checks; Seller of traveler's checks; Issuer of money orders; Seller of money orders; Check casher; Money transmitter; Seller of prepaid access; Dealer in foreign exchange,0,,False,2026-02-06,False,
Fintech,90001468,Apexon Exchange,Boulder,CO,80302,"942 Broadway St., #314C,",5,74,ft_national; ft_prepaid; ft_fullstack; ft_fx_crypto; ft_recent_filing,51,Money transmitter; Seller of prepaid access; Dealer in foreign exchange,1,,False,2026-01-11,False,
Fintech,90001471,Apex Software Support Services Inc,Denver,CO,80202,1670 Broadway,5,74,ft_national; ft_prepaid; ft_fullstack; ft_fx_crypto; ft_recent_filing,51,Issuer of traveler's checks; Seller of traveler's checks; Issuer of money orders; Seller of money orders; Check casher; Money transmitter; Seller of prepaid access; Dealer in foreign exchange,0,Apex Software Support Services Inc,False,2026-04-01,False,
Fintech,90001478,Apl Genesis Ltd,Palo Alto,CA,94301,"228 Hamilton Avenue, 3Rd Floor",5,74,ft_national; ft_prepaid; ft_fullstack; ft_fx_crypto; ft_recent_filing,51,Issuer of traveler's checks; Seller of traveler's checks; Issuer of money orders; Seller of money orders; Check casher; Money transmitter; Seller of prepaid access; Dealer in foreign exchange,0,,False,2025-11-19,False,
Fintech,90001485,Apollo Ltd,Palo Alto,CA,94301,228 Hamilton Avenue 3Rd Floor,5,74,ft_national; ft_prepaid; ft_fullstack; ft_fx_crypto; ft_recent_filing,51,Issuer of traveler's checks; Seller of traveler's checks; Issuer of money orders; Seller of money orders; Check casher; Money transmitter; Seller of prepaid access; Dealer in foreign exchange,0,,False,2025-11-06,False,
Fintech,90001486,Apollo Web3 Foundation,Boulder,CO,80303,4770 Baseline Rd Suite 200,5,74,ft_national; ft_prepaid; ft_fullstack; ft_fx_crypto; ft_recent_filing,51,Issuer of traveler's checks; Seller of traveler's checks; Issuer of money orders; Seller of money orders; Check casher; Money transmitter; Seller of prepaid access; Dealer in foreign exchange,0,,False,2026-03-12,False,
Fintech,90001496,Apri Foundation Inc,Arvada,CO,80403,6275 Joyce Dr 2/F,5,74,ft_national; ft_prepaid; ft_fullstack; ft_fx_crypto; ft_recent_filing,51,Issuer of traveler's checks; Seller of traveler's checks; Issuer of money orders; Seller of money orders; Check casher; Money transmitter; Seller of prepaid access; Dealer in foreign exchange,0,,False,2026-07-22,False,
Fintech,90001506,"Aqr Capital Management, Llc",Louisville,KY,40202,401 S 4Th St,5,74,ft_national; ft_prepaid; ft_fullstack; ft_fx_crypto; ft_recent_filing,51,Issuer of traveler's checks; Seller of traveler's checks; Issuer of money orders; Seller of money orders; Check casher; Money transmitter; Seller of prepaid access; Dealer in foreign exchange,0,"Aqr Capital Management, Llc",False,2026-01-26,False,
Fintech,90001507,"Aqr Capital Management, Llc",Louisville,KY,40202,401 S 4Th St,5,74,ft_national; ft_prepaid; ft_fullstack; ft_fx_crypto; ft_recent_filing,51,Issuer of traveler's checks; Seller of traveler's checks; Issuer of money orders; Seller of money orders; Check casher; Money transmitter; Seller of prepaid access; Dealer in foreign exchange,0,"Aqr Capital Management, Llc",False,2026-01-26,False,
Fintech,90001534,Arcadia Network Inc,Denver,CO,80202,1521 Blake St Ste 47009,5,74,ft_national; ft_prepaid; ft_fullstack; ft_fx_crypto; ft_recent_filing,51,Issuer of traveler's checks; Seller of traveler's checks; Issuer of money orders; Seller of money orders; Check casher; Money transmitter; Seller of prepaid access; Dealer in foreign exchange,0,,False,2026-03-07,False,
Fintech,90001535,Arcax Ltd,New York,NY,10172,277 Park Ave,5,74,ft_national; ft_prepaid; ft_fullstack; ft_fx_crypto; ft_recent_filing,51,Issuer of traveler's checks; Seller of traveler's checks; Issuer of money orders; Seller of money orders; Check casher; Money transmitter; Seller of prepaid access; Dealer in foreign exchange,0,,False,2025-10-11,False,
Fintech,90001537,Archemetric Capital Partners Pte. Ltd.,New York,NY,10022,590 Madison Ave,5,74,ft_national; ft_prepaid; ft_fullstack; ft_fx_crypto; ft_recent_filing,51,Seller of traveler's checks; Issuer of money orders; Seller of money orders; Check casher; Money transmitter; Seller of prepaid access; Dealer in foreign exchange,0,,False,2025-11-27,False,
Fintech,90001552,Ardenx Inc.,Albany,NY,12204,350 Northern Blvd Ste 324-1331,5,74,ft_national; ft_prepaid; ft_fullstack; ft_fx_crypto; ft_recent_filing,51,Issuer of traveler's checks; Seller of traveler's checks; Issuer of money orders; Seller of money orders; Check casher; Money transmitter; Seller of prepaid access; Dealer in foreign exchange,0,,False,2025-11-20,False,
Fintech,90001567,Argent Vale Capital Inc.,New York,NY,10158,605 3Rd Ave,5,74,ft_national; ft_prepaid; ft_fullstack; ft_fx_crypto; ft_recent_filing,51,Issuer of traveler's checks; Seller of traveler's checks; Issuer of money orders; Seller of money orders; Check casher; Money transmitter; Seller of prepaid access; Dealer in foreign exchange,0,Argent Vale Capital,False,2026-08-14,False,
Fintech,90001580,Aridesert Llc,Colorado Springs,CO,80906,6510 S Academy Blvd Ste A 642,5,74,ft_national; ft_prepaid; ft_fullstack; ft_fx_crypto; ft_recent_filing,51,Issuer of traveler's checks; Seller of traveler's checks; Issuer of money orders; Seller of money orders; Check casher; Money transmitter; Seller of prepaid access; Dealer in foreign exchange,0,,False,2026-01-20,False,
Fintech,90001601,Arkana Labs Llc,Denver,CO,80211,"1500 N Grant St Ste R, Denver, Co 80203, Us",5,74,ft_national; ft_prepaid; ft_fullstack; ft_fx_crypto; ft_recent_filing,51,Issuer of traveler's checks; Seller of traveler's checks; Issuer of money orders; Seller of money orders; Check casher; Money transmitter; Seller of prepaid access; Dealer in foreign exchange,0,Arkana Labs,False,2026-04-02,False,
Fintech,90001618,Arla Vita Inc.,Denver,CO,80202,1225 17Th St,5,74,ft_national; ft_prepaid; ft_fullstack; ft_fx_crypto; ft_recent_filing,51,Issuer of traveler's checks; Seller of traveler's checks; Issuer of money orders; Seller of money orders; Check casher; Money transmitter; Seller of prepaid access; Dealer in foreign exchange,0,Arla Vita,False,2026-08-12,False,
Fintech,90001660,Art Exchange Inc.,Denver,CO,80202,1001 17Th Street,5,74,ft_national; ft_prepaid; ft_fullstack; ft_fx_crypto; ft_recent_filing,51,Issuer of traveler's checks; Seller of traveler's checks; Issuer of money orders; Seller of money orders; Check casher; Money transmitter; Seller of prepaid access; Dealer in foreign exchange,0,Art Exchange Inc.,False,2026-07-23,False,
Fintech,90001698,"Asenath Technology, Llc",Denver,CO,80202,"1801 Broadway, Denver, Co 80202",5,74,ft_national; ft_prepaid; ft_fullstack; ft_fx_crypto; ft_recent_filing,51,Issuer of traveler's checks; Seller of traveler's checks; Issuer of money orders; Seller of money orders; Check casher; Money transmitter; Seller of prepaid access; Dealer in foreign exchange,0,,False,2026-08-09,False,
Fintech,90001726,A & Sons Communications Technology Llc,Denver,CO,80249,5548 Halifax Ct,5,74,ft_national; ft_prepaid; ft_fullstack; ft_fx_crypto; ft_recent_filing,51,Seller of traveler's checks; Issuer of money orders; Seller of money orders; Check casher; Money transmitter; Seller of prepaid access; Dealer in foreign exchange,0,,False,2026-07-16,False,
Fintech,90001731,Aspirant Trade Inc,Denver,CO,80203,"925 Lincoln St, Denver, Co 80203, Us",5,74,ft_national; ft_prepaid; ft_fullstack; ft_fx_crypto; ft_recent_filing,51,Issuer of traveler's checks; Seller of traveler's checks; Issuer of money orders; Seller of money orders; Check casher; Money transmitter; Seller of prepaid access; Dealer in foreign exchange,0,,False,2026-02-28,False,
Fintech,90001747,Astermont Inc.,Denver,CO,80202,633 17Th St,5,74,ft_national; ft_prepaid; ft_fullstack; ft_fx_crypto; ft_recent_filing,51,Issuer of traveler's checks; Seller of traveler's checks; Issuer of money orders; Seller of money orders; Check casher; Money transmitter; Seller of prepaid access; Dealer in foreign exchange,0,Astermont,False,2025-10-13,False,
Fintech,90001751,Astracrypt Ltd,New York City,NY,10010,16 Madison Square W,5,74,ft_national; ft_prepaid; ft_fullstack; ft_fx_crypto; ft_recent_filing,51,Issuer of traveler's checks; Seller of traveler's checks; Issuer of money orders; Seller of money orders; Check casher; Money transmitter; Seller of prepaid access; Dealer in foreign exchange,0,,False,2025-12-05,False,
Fintech,90001752,Astra Digital Capital Inc,"Denver,",CO,80203,"1500 N Grant St Ste R, Denver, Co 80203, Us",5,74,ft_national; ft_prepaid; ft_fullstack; ft_fx_crypto; ft_recent_filing,51,Issuer of traveler's checks; Seller of traveler's checks; Issuer of money orders; Seller of money orders; Check casher; Money transmitter; Seller of prepaid access; Dealer in foreign exchange,0,,False,2025-12-09,False,
Fintech,90001753,Astraen Exchange,Houston,TX,77002,1001 Fannin St,5,74,ft_national; ft_prepaid; ft_fullstack; ft_fx_crypto; ft_recent_filing,51,Seller of traveler's checks; Issuer of money orders; Seller of money orders; Check casher; Money transmitter; Seller of prepaid access; Dealer in foreign exchange,0,,False,2025-10-24,False,
Fintech,90001756,Astralai Quantitative Technologies Inc,Denver,CO,80211,"1500 N Grant St Ste R, Denver, Co 80203, Us",5,74,ft_national; ft_prepaid; ft_fullstack; ft_fx_crypto; ft_recent_filing,51,Issuer of traveler's checks; Seller of traveler's checks; Issuer of money orders; Seller of money orders; Check casher; Money transmitter; Seller of prepaid access; Dealer in foreign exchange,0,,False,2025-11-04,False,
Fintech,90001758,Astralx Inc.,New York,NY,10004,"85 Broad St, New York, Ny 10004",5,74,ft_national; ft_prepaid; ft_fullstack; ft_fx_crypto; ft_recent_filing,51,Issuer of traveler's checks; Seller of traveler's checks; Issuer of money orders; Seller of money orders; Check casher; Money transmitter; Seller of prepaid access; Dealer in foreign exchange,0,,False,2026-08-21,False,
Fintech,90001765,"Astroflux Capital, Inc.",Denver,CO,80202,1630 Welton Street,5,74,ft_national; ft_prepaid; ft_fullstack; ft_fx_crypto; ft_recent_filing,51,Issuer of traveler's checks; Seller of traveler's checks; Issuer of money orders; Seller of money orders; Check casher; Money transmitter; Seller of prepaid access; Dealer in foreign exchange,0,"Astroflux Capital, Inc.",False,2026-07-13,False,
Fintech,90001767,Astrum Ai,Denver,CO,80202,1630 Welton Street,5,74,ft_national; ft_prepaid; ft_fullstack; ft_fx_crypto; ft_recent_filing,51,Issuer of traveler's checks; Seller of traveler's checks; Issuer of money orders; Seller of money orders; Check casher; Money transmitter; Seller of prepaid access; Dealer in foreign exchange,0,,False,2025-12-08,False,
Fintech,90001795,Atlas Capital Ex Inc.,New York,NY,10017,575 5Th Ave,5,74,ft_national; ft_prepaid; ft_fullstack; ft_fx_crypto; ft_recent_filing,51,Issuer of traveler's checks; Seller of traveler's checks; Issuer of money orders; Seller of money orders; Check casher; Money transmitter; Seller of prepaid access; Dealer in foreign exchange,0,Atlas Capital,False,2026-06-07,False,
Fintech,90001800,Atlas Exchange Llc,Denver,CO,80203,1580 N Logan St Ste 660 #30327,5,74,ft_national; ft_prepaid; ft_fullstack; ft_fx_crypto; ft_recent_filing,51,Seller of traveler's checks; Issuer of money orders; Seller of money orders; Check casher; Money transmitter; Seller of prepaid access; Dealer in foreign exchange,0,,False,2025-12-18,False,
Fintech,90001811,Atlasx Capital Ltd.,New York,NY,10006,111 Broadway Num703,5,74,ft_national; ft_prepaid; ft_fullstack; ft_fx_crypto; ft_recent_filing,51,Issuer of traveler's checks; Seller of traveler's checks; Issuer of money orders; Seller of money orders; Check casher; Money transmitter; Seller of prepaid access; Dealer in foreign exchange,0,,False,2026-04-11,False,
Fintech,90001815,Atmbtc Internet Technology Inc,San Francisco,CA,94105,1 Market St,5,74,ft_national; ft_prepaid; ft_fullstack; ft_fx_crypto; ft_recent_filing,51,Seller of traveler's checks; Issuer of money orders; Seller of money orders; Check casher; Money transmitter; Seller of prepaid access; Dealer in foreign exchange,0,,False,2026-02-19,False,
Fintech,90001832,Atrish Investment Alliance Ltd,Kirkland,WA,98033,4020 Lake Washington Blvd Ne Ste 210,5,74,ft_national; ft_prepaid; ft_fullstack; ft_fx_crypto; ft_recent_filing,51,Issuer of traveler's checks; Seller of traveler's checks; Issuer of money orders; Seller of money orders; Check casher; Money transmitter; Seller of prepaid access; Dealer in foreign exchange,0,,False,2025-10-10,False,
Fintech,90001843,Audian Global Llc,Lewes,DE,19958,16192 Coastal Hwy St,5,74,ft_national; ft_prepaid; ft_fullstack; ft_fx_crypto; ft_recent_filing,51,Issuer of traveler's checks; Seller of traveler's checks; Issuer of money orders; Seller of money orders; Check casher; Money transmitter; Seller of prepaid access; Dealer in foreign exchange,0,,False,2026-04-16,False,
Fintech,90001848,Aura Diamond Group Inc.,Albany,NY,12207,418 Broadway Ste R,5,74,ft_national; ft_prepaid; ft_fullstack; ft_fx_crypto; ft_recent_filing,51,Issuer of traveler's checks; Seller of traveler's checks; Issuer of money orders; Seller of money orders; Check casher; Money transmitter; Seller of prepaid access; Dealer in foreign exchange,0,,False,2025-11-18,False,
Fintech,90001850,Aurapact Inc.,Albany,NY,12207,418 Broadway Ste R,5,74,ft_national; ft_prepaid; ft_fullstack; ft_fx_crypto; ft_recent_filing,51,Seller of traveler's checks; Issuer of money orders; Seller of money orders; Check casher; Money transmitter; Seller of prepaid access; Dealer in foreign exchange,0,,False,2026-07-08,False,
Fintech,90001860,Auren Securities Inc.,Denver,CO,80202,1312 17Th Street Suite 347,5,74,ft_national; ft_prepaid; ft_fullstack; ft_fx_crypto; ft_recent_filing,51,Issuer of traveler's checks; Seller of traveler's checks; Issuer of money orders; Seller of money orders; Check casher; Money transmitter; Seller of prepaid access; Dealer in foreign exchange,0,Auren Securities Inc.,False,2025-11-24,False,
Fintech,90001864,Aureum Exchange Inc,Denver,CO,80202,1999 Broadway,5,74,ft_national; ft_prepaid; ft_fullstack; ft_fx_crypto; ft_recent_filing,51,Issuer of traveler's checks; Seller of traveler's checks; Issuer of money orders; Seller of money orders; Check casher; Money transmitter; Seller of prepaid access; Dealer in foreign exchange,0,Aureum Exchange Inc,False,2026-05-28,False,
Fintech,90001867,Aureus Pay Llc,Kalispell,MT,59901,1001 S. Main St. #12007,5,74,ft_national; ft_prepaid; ft_fullstack; ft_fx_crypto; ft_recent_filing,51,Money transmitter; Seller of prepaid access; Dealer in foreign exchange,0,,False,2025-11-26,False,
Fintech,90001868,Aurevia Technologies Inc,Dover,DE,19901,8 The Green Ste R,5,74,ft_national; ft_prepaid; ft_fullstack; ft_fx_crypto; ft_recent_filing,51,Issuer of traveler's checks; Seller of traveler's checks; Issuer of money orders; Seller of money orders; Check casher; Money transmitter; Seller of prepaid access; Dealer in foreign exchange,0,,False,2026-08-26,False,
Fintech,90001872,Aurex Exchange,Denver,CO,80202,1312 17Th Street Suite 818,5,74,ft_national; ft_prepaid; ft_fullstack; ft_fx_crypto; ft_recent_filing,51,Issuer of traveler's checks; Seller of traveler's checks; Issuer of money orders; Seller of money orders; Check casher; Money transmitter; Seller of prepaid access; Dealer in foreign exchange,0,Aurex Exchange,False,2025-11-16,False,
Fintech,90001876,Auricgate Global Inc.,New York,NY,10038,59 Maiden Ln,5,74,ft_national; ft_prepaid; ft_fullstack; ft_fx_crypto; ft_recent_filing,51,Issuer of traveler's checks; Seller of traveler's checks; Issuer of money orders; Seller of money orders; Check casher; Money transmitter; Seller of prepaid access; Dealer in foreign exchange,0,Auricgate Global,False,2025-12-01,False,
Fintech,90001879,Aurora Archipelago Inc,Denver,CO,80221,7669 Pecos Street,5,74,ft_national; ft_prepaid; ft_fullstack; ft_fx_crypto; ft_recent_filing,51,Issuer of traveler's checks; Seller of traveler's checks; Issuer of money orders; Seller of money orders; Check casher; Money transmitter; Seller of prepaid access; Dealer in foreign exchange,0,,False,2025-12-19,False,
Fintech,90001884,Aurora Chain Inc,Dover,DE,19901,"8 The Green Suite B, Dover, De 19901",5,74,ft_national; ft_prepaid; ft_fullstack; ft_fx_crypto; ft_recent_filing,51,Issuer of traveler's checks; Seller of traveler's checks; Issuer of money orders; Seller of money orders; Check casher; Money transmitter; Seller of prepaid access; Dealer in foreign exchange,0,,False,2026-06-17,False,
Fintech,90001885,Aurora Chain Trading Center Inc,Los Angeles,CA,90071,515 Flower St,5,74,ft_national; ft_prepaid; ft_fullstack; ft_fx_crypto; ft_recent_filing,51,Issuer of traveler's checks; Seller of traveler's checks; Issuer of money orders; Seller of money orders; Check casher; Money transmitter; Seller of prepaid access; Dealer in foreign exchange,0,,False,2026-04-20,False,
Fintech,90001890,Aurora Markets Llc,Denver,CO,80203,1500 N Grant St Ste R,5,74,ft_national; ft_prepaid; ft_fullstack; ft_fx_crypto; ft_recent_filing,51,Issuer of traveler's checks; Seller of traveler's checks; Issuer of money orders; Seller of money orders; Check casher; Money transmitter; Seller of prepaid access; Dealer in foreign exchange,0,,False,2026-03-01,False,
Fintech,90001897,Aurum Capital Management Inc.,New York,NY,10018,1430 Broadway,5,74,ft_national; ft_prepaid; ft_fullstack; ft_fx_crypto; ft_recent_filing,51,Issuer of traveler's checks; Seller of traveler's checks; Issuer of money orders; Seller of money orders; Check casher; Money transmitter; Seller of prepaid access; Dealer in foreign exchange,0,Aurum Capital Management,False,2025-11-20,False,
Fintech,90001899,Aurum Harbor Global Digital Assets Inc.,Denver,CO,80231,7535 E Hampden Ave,5,74,ft_national; ft_prepaid; ft_fullstack; ft_fx_crypto; ft_recent_filing,51,Issuer of traveler's checks; Seller of traveler's checks; Issuer of money orders; Seller of money orders; Check casher; Money transmitter; Seller of prepaid access; Dealer in foreign exchange,0,Aurum Harbor Global Digital Assets Inc.,False,2026-07-01,False,
Fintech,90001918,Auvrax Technologies Inc,Denver,CO,80203,1500 N Grant St Ste M,5,74,ft_national; ft_prepaid; ft_fullstack; ft_fx_crypto; ft_recent_filing,51,Issuer of traveler's checks; Seller of traveler's checks; Issuer of money orders; Seller of money orders; Check casher; Money transmitter; Seller of prepaid access; Dealer in foreign exchange,0,,False,2026-03-09,False,
Fintech,90001919,Aux Exchange,Denver,CO,80202,1560 Broadway,5,74,ft_national; ft_prepaid; ft_fullstack; ft_fx_crypto; ft_recent_filing,51,Issuer of traveler's checks; Seller of traveler's checks; Issuer of money orders; Seller of money orders; Check casher; Money transmitter; Seller of prepaid access; Dealer in foreign exchange,0,,False,2025-10-27,False,
Fintech,90001922,Avalcoin.Inc,Denver,CO,80202,370 17Th St,5,74,ft_national; ft_prepaid; ft_fullstack; ft_fx_crypto; ft_recent_filing,51,Issuer of traveler's checks; Seller of traveler's checks; Issuer of money orders; Seller of money orders; Check casher; Money transmitter; Seller of prepaid access; Dealer in foreign exchange,0,Avalcoin.Inc,False,2026-07-30,False,
Fintech,90001941,Av Commonedge Inc,Denver,CO,80202,"410 17Th St, Denver, Co 80202, United States",5,74,ft_national; ft_prepaid; ft_fullstack; ft_fx_crypto; ft_recent_filing,51,Issuer of traveler's checks; Seller of traveler's checks; Issuer of money orders; Seller of money orders; Check casher; Money transmitter; Seller of prepaid access; Dealer in foreign exchange,0,,False,2026-08-11,False,
Fintech,90001943,Avebit Foundation,Denver,CO,80290,1700 Broadway,5,74,ft_national; ft_prepaid; ft_fullstack; ft_fx_crypto; ft_recent_filing,51,Issuer of traveler's checks; Seller of traveler's checks; Issuer of money orders; Seller of money orders; Check casher; Money transmitter; Seller of prepaid access; Dealer in foreign exchange,0,Avebit Foundation,False,2026-04-03,False,
Fintech,90001950,Ave Technologies Support Inc.,Denver,CO,80237,7900 E Union Ave,5,74,ft_national; ft_prepaid; ft_fullstack; ft_fx_crypto; ft_recent_filing,51,Issuer of traveler's checks; Seller of traveler's checks; Issuer of money orders; Seller of money orders; Check casher; Money transmitter; Seller of prepaid access; Dealer in foreign exchange,0,Ave Technologies Support Inc.,False,2026-04-13,False,
Fintech,90001964,Avinter Pershing Inc,Houston,TX,77002,1001 Louisiana St,5,74,ft_national; ft_prepaid; ft_fullstack; ft_fx_crypto; ft_recent_filing,51,Seller of traveler's checks; Issuer of money orders; Seller of money orders; Check casher; Money transmitter; Seller of prepaid access; Dealer in foreign exchange,0,,False,2025-11-13,False,
Fintech,90001965,Avinter Pershing Inc,Denver,CO,10017,600 17Th St,5,74,ft_national; ft_prepaid; ft_fullstack; ft_fx_crypto; ft_recent_filing,51,Seller of traveler's checks; Issuer of money orders; Seller of money orders; Check casher; Money transmitter; Seller of prepaid access; Dealer in foreign exchange,0,,False,2025-11-06,False,
Fintech,90001988,Axel Capital Inc,Denver,CO,80202,"1670 Broadway, Denver, Co 80202, Us",5,74,ft_national; ft_prepaid; ft_fullstack; ft_fx_crypto; ft_recent_filing,51,Issuer of traveler's checks; Seller of traveler's checks; Issuer of money orders; Seller of money orders; Check casher; Money transmitter; Seller of prepaid access; Dealer in foreign exchange,0,,False,2026-02-28,False,
Fintech,90001990,Axevor Inc,"Denver,",CO,80202,"1670 Broadway, Denver, Co 80202, United States",5,74,ft_national; ft_prepaid; ft_fullstack; ft_fx_crypto; ft_recent_filing,51,Issuer of traveler's checks; Seller of traveler's checks; Issuer of money orders; Seller of money orders; Check casher; Money transmitter; Seller of prepaid access; Dealer in foreign exchange,0,,False,2026-01-06,False,
Fintech,90001994,Axiomera Markets Llc,Denver,CO,80202,1001 17Th Street Suite 1100,5,74,ft_national; ft_prepaid; ft_fullstack; ft_fx_crypto; ft_recent_filing,51,Issuer of traveler's checks; Seller of traveler's checks; Issuer of money orders; Seller of money orders; Check casher; Money transmitter; Seller of prepaid access; Dealer in foreign exchange,0,Axiomera Markets Llc,False,2026-07-31,False,
Fintech,90001995,Axiom Flow Markets Corp.,Denver,CO,80202,1099 18Th St,5,74,ft_national; ft_prepaid; ft_fullstack; ft_fx_crypto; ft_recent_filing,51,Seller of traveler's checks; Issuer of money orders; Seller of money orders; Check casher; Money transmitter; Seller of prepaid access; Dealer in foreign exchange,0,,False,2026-03-06,False,
Fintech,90001996,Axion Exchange Inc,"Denver,",CO,80211,"1500 N Grant St Ste R, Denver, Co 80203, Us",5,74,ft_national; ft_prepaid; ft_fullstack; ft_fx_crypto; ft_recent_filing,51,Issuer of traveler's checks; Seller of traveler's checks; Issuer of money orders; Seller of money orders; Check casher; Money transmitter; Seller of prepaid access; Dealer in foreign exchange,0,,False,2025-11-26,False,
Fintech,90001999,Axionx Inc.,Los Angeles,CA,90071,515 Flower St,5,74,ft_national; ft_prepaid; ft_fullstack; ft_fx_crypto; ft_recent_filing,51,Issuer of traveler's checks; Seller of traveler's checks; Issuer of money orders; Seller of money orders; Check casher; Money transmitter; Seller of prepaid access; Dealer in foreign exchange,0,Axionx,False,2025-11-25,False,
Fintech,90002003,Axispay Inc.,Denver,CO,80202,1200 17Th St,5,74,ft_national; ft_prepaid; ft_fullstack; ft_fx_crypto; ft_recent_filing,51,Seller of traveler's checks; Issuer of money orders; Seller of money orders; Check casher; Money transmitter; Seller of prepaid access; Dealer in foreign exchange,0,,False,2026-04-01,False,
Fintech,90002005,Axispoly Limited,Louisville,KY,40291,6844 Bardstown Rd Suite 799,5,74,ft_national; ft_prepaid; ft_fullstack; ft_fx_crypto; ft_recent_filing,51,Issuer of traveler's checks; Seller of traveler's checks; Issuer of money orders; Seller of money orders; Check casher; Money transmitter; Seller of prepaid access; Dealer in foreign exchange,0,Axispoly Limited,False,2026-09-02,False,
Fintech,90002010,"Axon Networks, Inc.",Denver,CO,80202,1521 Blake St Ste 47009,5,74,ft_national; ft_prepaid; ft_fullstack; ft_fx_crypto; ft_recent_filing,51,Issuer of traveler's checks; Seller of traveler's checks; Issuer of money orders; Seller of money orders; Check casher; Money transmitter; Seller of prepaid access; Dealer in foreign exchange,0,"Axon Networks, Inc.",False,2026-04-14,False,
Fintech,90002053,Az Soft Global,Denver,CO,80202,1670 Broadway,5,74,ft_national; ft_prepaid; ft_fullstack; ft_fx_crypto; ft_recent_filing,51,Issuer of traveler's checks; Seller of traveler's checks; Issuer of money orders; Seller of money orders; Check casher; Money transmitter; Seller of prepaid access; Dealer in foreign exchange,0,,False,2026-01-08,False,
Fintech,90002118,Bain Capital Llc,Saint Louis,MO,63105,222 S Meramec Ave Suite 202,5,74,ft_national; ft_prepaid; ft_fullstack; ft_fx_crypto; ft_recent_filing,51,Issuer of traveler's checks; Seller of traveler's checks; Issuer of money orders; Seller of money orders; Check casher; Money transmitter; Seller of prepaid access; Dealer in foreign exchange,0,,False,2026-06-22,False,
Fintech,90002137,Balyasny Asset Management Llc,Chesterfield,MO,63017,400 Chesterfield Center,5,74,ft_national; ft_prepaid; ft_fullstack; ft_fx_crypto; ft_recent_filing,51,Issuer of traveler's checks; Seller of traveler's checks; Issuer of money orders; Seller of money orders; Check casher; Money transmitter; Seller of prepaid access; Dealer in foreign exchange,0,,False,2026-03-25,False,
Fintech,90002207,Basenix Capital Markets Inc,Denver,CO,80203,"1500 N Grant St, Ste R,",5,74,ft_national; ft_prepaid; ft_fullstack; ft_fx_crypto; ft_recent_filing,51,Issuer of traveler's checks; Seller of traveler's checks; Issuer of money orders; Seller of money orders; Check casher; Money transmitter; Seller of prepaid access; Dealer in foreign exchange,0,,False,2026-05-16,False,
Fintech,90002225,Bavrea Ltd,Spokane,WA,99201,"422 W Riverside Ave, Spokane",5,74,ft_national; ft_prepaid; ft_fullstack; ft_fx_crypto; ft_recent_filing,51,Issuer of traveler's checks; Seller of traveler's checks; Issuer of money orders; Seller of money orders; Check casher; Money transmitter; Seller of prepaid access; Dealer in foreign exchange,0,,False,2025-11-10,False,
Fintech,90002255,Bca Pro Finance Ltd,New York,NY,10001,400 W 33Rd St,5,74,ft_national; ft_prepaid; ft_fullstack; ft_fx_crypto; ft_recent_filing,51,Seller of traveler's checks; Issuer of money orders; Seller of money orders; Check casher; Money transmitter; Seller of prepaid access; Dealer in foreign exchange,0,,False,2026-03-06,False,
Fintech,90002312,Beichen Strategic Capital Llc,Denver,CO,80237,7900 E Union Ave,5,74,ft_national; ft_prepaid; ft_fullstack; ft_fx_crypto; ft_recent_filing,51,Issuer of traveler's checks; Seller of traveler's checks; Issuer of money orders; Seller of money orders; Check casher; Money transmitter; Seller of prepaid access; Dealer in foreign exchange,0,Beichen Strategic Capital Llc,False,2026-04-19,False,
Fintech,90002313,"Beijing Sky Saga Capital Management Co., Inc",Denver,CO,80203,1580 N Logan Street,5,74,ft_national; ft_prepaid; ft_fullstack; ft_fx_crypto; ft_recent_filing,51,Issuer of traveler's checks; Seller of traveler's checks; Issuer of money orders; Seller of money orders; Check casher; Money transmitter; Seller of prepaid access; Dealer in foreign exchange,0,"Beijing Sky Saga Capital Management Co., Inc",False,2026-08-05,False,
Fintech,90002372,Benthorne Scholastic Of Finance Llc,San Francisco,CA,94111,100 Pine St,5,74,ft_national; ft_prepaid; ft_fullstack; ft_fx_crypto; ft_recent_filing,51,Seller of traveler's checks; Issuer of money orders; Seller of money orders; Check casher; Money transmitter; Seller of prepaid access; Dealer in foreign exchange,0,,False,2026-03-31,False,
Fintech,90002405,Beta Creative Technology Inc.,New York,NY,10010,54 West 21St Street,5,74,ft_national; ft_prepaid; ft_fullstack; ft_fx_crypto; ft_recent_filing,51,Issuer of traveler's checks; Seller of traveler's checks; Issuer of money orders; Seller of money orders; Check casher; Money transmitter; Seller of prepaid access; Dealer in foreign exchange,0,Beta Creative Technology Inc.,False,2026-07-10,False,
Fintech,90002421,Betterment Asset Management Inc.,New York,NY,10005,205 Broadway,5,74,ft_national; ft_prepaid; ft_fullstack; ft_fx_crypto; ft_recent_filing,51,Issuer of traveler's checks; Seller of traveler's checks; Issuer of money orders; Seller of money orders; Check casher; Money transmitter; Seller of prepaid access; Dealer in foreign exchange,0,Betterment Asset Management Inc.,False,2025-11-15,False,
Fintech,90002463,Bidssignal Ltd,New York,NY,10065,"667 Madison Ave, New York, Ny 10065",5,74,ft_national; ft_prepaid; ft_fullstack; ft_fx_crypto; ft_recent_filing,51,Issuer of traveler's checks; Seller of traveler's checks; Issuer of money orders; Seller of money orders; Check casher; Money transmitter; Seller of prepaid access; Dealer in foreign exchange,0,,False,2026-07-30,False,
Fintech,90002466,Biftx Global Exchange Inc,Denver,CO,80202,110 16Th Street Suite 1460,5,74,ft_national; ft_prepaid; ft_fullstack; ft_fx_crypto; ft_recent_filing,51,Issuer of traveler's checks; Seller of traveler's checks; Issuer of money orders; Seller of money orders; Check casher; Money transmitter; Seller of prepaid access; Dealer in foreign exchange,0,,False,2026-08-25,False,
Fintech,90002479,Big Forest Llc,Denver,CO,80202,110 16Th Street Suite 1460,5,74,ft_national; ft_prepaid; ft_fullstack; ft_fx_crypto; ft_recent_filing,51,Issuer of traveler's checks; Seller of traveler's checks; Issuer of money orders; Seller of money orders; Check casher; Money transmitter; Seller of prepaid access; Dealer in foreign exchange,0,,False,2026-09-24,False,
Fintech,90002495,Bihe Digital Currency Exchange Inc,Beverly Hills,CA,90212,9701 Wilshire Blvd,5,74,ft_national; ft_prepaid; ft_fullstack; ft_fx_crypto; ft_recent_filing,51,Issuer of traveler's checks; Seller of traveler's checks; Issuer of money orders; Seller of money orders; Check casher; Money transmitter; Seller of prepaid access; Dealer in foreign exchange,0,Bihe Digital Currency Exchange Inc,False,2026-09-16,False,
Fintech,90002515,Binb Global Exchange Inc,Boulder,CO,80303,749 Meadow Glen Dr,5,74,ft_national; ft_prepaid; ft_fullstack; ft_fx_crypto; ft_recent_filing,51,Issuer of traveler's checks; Seller of traveler's checks; Issuer of money orders; Seller of money orders; Check casher; Money transmitter; Seller of prepaid access; Dealer in foreign exchange,0,,False,2025-12-18,False,
Fintech,90002525,Binvo Global Crypto Financial Technologies Inc.,"Denver,",CO,80823,"1500 N Grant St, Ste R,",5,74,ft_national; ft_prepaid; ft_fullstack; ft_fx_crypto; ft_recent_filing,51,Issuer of traveler's checks; Seller of traveler's checks; Issuer of money orders; Seller of money orders; Check casher; Money transmitter; Seller of prepaid access; Dealer in foreign exchange,0,,False,2026-07-28,False,
Fintech,90002543,Bitage Development Llc,Denver,CO,80203,1500 N Grant St Ste N,5,74,ft_national; ft_prepaid; ft_fullstack; ft_fx_crypto; ft_recent_filing,51,Seller of traveler's checks; Issuer of money orders; Seller of money orders; Check casher; Money transmitter; Seller of prepaid access; Dealer in foreign exchange,0,,False,2026-08-18,False,
Fintech,90002554,Bitcdx Inc,New York,NY,10065,667 Madison Ave,5,74,ft_national; ft_prepaid; ft_fullstack; ft_fx_crypto; ft_recent_filing,51,Issuer of traveler's checks; Seller of traveler's checks; Issuer of money orders; Seller of money orders; Check casher; Money transmitter; Seller of prepaid access; Dealer in foreign exchange,0,,False,2025-10-24,False,
Fintech,90002556,Bitchar. Inc,Denver,CO,80290,1700 Broadway Suite 1820,5,74,ft_national; ft_prepaid; ft_fullstack; ft_fx_crypto; ft_recent_filing,51,Issuer of traveler's checks; Seller of traveler's checks; Issuer of money orders; Seller of money orders; Check casher; Money transmitter; Seller of prepaid access; Dealer in foreign exchange,0,,False,2026-05-10,False,
Fintech,90002579,Bitevolv Strategic Investment Group Inc.,New York,NY,10012,50 E 43Rd St,5,74,ft_national; ft_prepaid; ft_fullstack; ft_fx_crypto; ft_recent_filing,51,Seller of traveler's checks; Issuer of money orders; Seller of money orders; Check casher; Money transmitter; Seller of prepaid access; Dealer in foreign exchange,0,,False,2025-10-30,False,
Fintech,90002593,Bitgoai Digital Quant Technologies Inc,Denver,CO,80203,"1500 N Grant St, Ste R,",5,74,ft_national; ft_prepaid; ft_fullstack; ft_fx_crypto; ft_recent_filing,51,Issuer of traveler's checks; Seller of traveler's checks; Issuer of money orders; Seller of money orders; Check casher; Money transmitter; Seller of prepaid access; Dealer in foreign exchange,0,,False,2026-06-24,False,
Fintech,90002594,Bitgoo Global Inc,Sheridan,WY,82801,30 N Gould St Ste R,5,74,ft_national; ft_prepaid; ft_fullstack; ft_fx_crypto; ft_recent_filing,51,Seller of traveler's checks; Issuer of money orders; Seller of money orders; Check casher; Money transmitter; Seller of prepaid access; Dealer in foreign exchange,0,,False,2026-01-28,False,
Fintech,90002598,Bitgrid Financial Technology Llc,Aurora,CO,80202,"2821-2851 S Parker Rd, Aurora, Co 80014, Us",5,74,ft_national; ft_prepaid; ft_fullstack; ft_fx_crypto; ft_recent_filing,51,Issuer of traveler's checks; Seller of traveler's checks; Issuer of money orders; Seller of money orders; Check casher; Money transmitter; Seller of prepaid access; Dealer in foreign exchange,0,,False,2026-02-24,False,
Fintech,90002600,Bitguana (United States Of America) Llc,Kalispell,MT,59901,1001 S Main St Ste 49,5,74,ft_national; ft_prepaid; ft_fullstack; ft_fx_crypto; ft_recent_filing,51,Money transmitter; Seller of prepaid access; Dealer in foreign exchange,0,Bitguana Pay,False,2026-07-03,False,
Fintech,90002635,Bitnex Inc,Denver,CO,80216,3900 Elati St,5,74,ft_national; ft_prepaid; ft_fullstack; ft_fx_crypto; ft_recent_filing,51,Issuer of traveler's checks; Seller of traveler's checks; Issuer of money orders; Seller of money orders; Check casher; Money transmitter; Seller of prepaid access; Dealer in foreign exchange,0,Bitnex Inc,False,2026-06-25,False,
Fintech,90002639,Bitoky Global Crypto Network Inc.,Denver,CO,80222,2000 S Colorado Blvd,5,74,ft_national; ft_prepaid; ft_fullstack; ft_fx_crypto; ft_recent_filing,51,Issuer of traveler's checks; Seller of traveler's checks; Issuer of money orders; Seller of money orders; Check casher; Money transmitter; Seller of prepaid access; Dealer in foreign exchange,0,,False,2026-01-05,False,
Fintech,90002646,Bitpanda Capital Markets Inc.,Denver,CO,80202,1625 Broadway,5,74,ft_national; ft_prepaid; ft_fullstack; ft_fx_crypto; ft_recent_filing,51,Seller of traveler's checks; Issuer of money orders; Seller of money orders; Check casher; Money transmitter; Seller of prepaid access; Dealer in foreign exchange,0,,False,2026-03-02,False,
Fintech,90002649,Bitpie Tp Tron Inc.,Denver,CO,80202,1312 17Th Street Suite 2210,5,74,ft_national; ft_prepaid; ft_fullstack; ft_fx_crypto; ft_recent_filing,51,Issuer of traveler's checks; Seller of traveler's checks; Issuer of money orders; Seller of money orders; Check casher; Money transmitter; Seller of prepaid access; Dealer in foreign exchange,0,Bitpie Tp Tron Inc.,False,2026-03-12,False,
Fintech,90002654,Bit Quant Pro Exchange Llc,Aurora,CO,80014,3190 South Vaughn Way,5,74,ft_national; ft_prepaid; ft_fullstack; ft_fx_crypto; ft_recent_filing,51,Issuer of traveler's checks; Seller of traveler's checks; Issuer of money orders; Seller of money orders; Check casher; Money transmitter; Seller of prepaid access; Dealer in foreign exchange,0,,False,2025-12-05,False,
Fintech,90002666,Bitsky Group Inc,"Denver,",CO,80211,"1500 N Grant St Ste R, Denver, Co 80203, Us",5,74,ft_national; ft_prepaid; ft_fullstack; ft_fx_crypto; ft_recent_filing,51,Issuer of traveler's checks; Seller of traveler's checks; Issuer of money orders; Seller of money orders; Check casher; Money transmitter; Seller of prepaid access; Dealer in foreign exchange,0,,False,2025-12-03,False,
Fintech,90002708,Biyou Exchange Inc,Denver,CO,80222,4155 E Jewell Ave,5,74,ft_national; ft_prepaid; ft_fullstack; ft_fx_crypto; ft_recent_filing,51,Issuer of traveler's checks; Seller of traveler's checks; Issuer of money orders; Seller of money orders; Check casher; Money transmitter; Seller of prepaid access; Dealer in foreign exchange,0,,False,2025-10-14,False,
Fintech,90002725,Bko Aether Tech & Design Studio Inc.,Denver,CO,80202,410 17Th St Ste 1300,5,74,ft_national; ft_prepaid; ft_fullstack; ft_fx_crypto; ft_recent_filing,51,Seller of traveler's checks; Issuer of money orders; Seller of money orders; Check casher; Money transmitter; Seller of prepaid access; Dealer in foreign exchange,0,,False,2026-08-03,False,
Fintech,90002726,Bkocoin,Denver,CO,80202,410 17Th St Ste 1300,5,74,ft_national; ft_prepaid; ft_fullstack; ft_fx_crypto; ft_recent_filing,51,Seller of traveler's checks; Issuer of money orders; Seller of money orders; Check casher; Money transmitter; Seller of prepaid access; Dealer in foreign exchange,0,,False,2026-08-04,False,
Fintech,90002729,Bk Share Advertising Inc,Denver,CO,80202,1630 Welton St,5,74,ft_national; ft_prepaid; ft_fullstack; ft_fx_crypto; ft_recent_filing,51,Issuer of traveler's checks; Seller of traveler's checks; Issuer of money orders; Seller of money orders; Check casher; Money transmitter; Seller of prepaid access; Dealer in foreign exchange,0,Bk Share Advertising Inc,False,2026-08-12,False,
Fintech,90002745,Blacktower Ai Inc,Denver,CO,80202,"1144 15Th Street, Suite 2200",5,74,ft_national; ft_prepaid; ft_fullstack; ft_fx_crypto; ft_recent_filing,51,Issuer of traveler's checks; Seller of traveler's checks; Issuer of money orders; Seller of money orders; Check casher; Money transmitter; Seller of prepaid access; Dealer in foreign exchange,0,Blacktower Ai Inc  Blacktower-Ai.Com,False,2026-07-26,False,
Fintech,90002762,Blaze Market Foundation,Denver,CO,80203,"1500 N Grant St, Ste R,",5,74,ft_national; ft_prepaid; ft_fullstack; ft_fx_crypto; ft_recent_filing,51,Issuer of traveler's checks; Seller of traveler's checks; Issuer of money orders; Seller of money orders; Check casher; Money transmitter; Seller of prepaid access; Dealer in foreign exchange,0,,False,2026-05-10,False,
Fintech,90002763,Blaze Pay Inc,Harrisonville,MO,64701,2820 E Rock Haven Rd,5,74,ft_national; ft_prepaid; ft_fullstack; ft_fx_crypto; ft_recent_filing,51,Issuer of traveler's checks; Seller of traveler's checks; Issuer of money orders; Seller of money orders; Check casher; Money transmitter; Seller of prepaid access; Dealer in foreign exchange,0,,False,2026-09-02,False,
Fintech,90002777,Blidata Inc,Colorado Springs,CO,80920,155 Kelly Johnson Blvd Suite 588,5,74,ft_national; ft_prepaid; ft_fullstack; ft_fx_crypto; ft_recent_filing,51,Issuer of traveler's checks; Seller of traveler's checks; Issuer of money orders; Seller of money orders; Check casher; Money transmitter; Seller of prepaid access; Dealer in foreign exchange,0,,False,2026-09-17,False,
Fintech,90002781,Blink Wave Cultural Media Inc.,New York,NY,10118,"20 W 34Th St., New York, Ny",5,74,ft_national; ft_prepaid; ft_fullstack; ft_fx_crypto; ft_recent_filing,51,Issuer of traveler's checks; Seller of traveler's checks; Issuer of money orders; Seller of money orders; Check casher; Money transmitter; Seller of prepaid access; Dealer in foreign exchange,0,Blink Wave Cultural Media Inc.,False,2026-07-12,False,
Fintech,90002787,Blk Argentina Office Company,Denver,CO,80202,1312 17Th Street #692,5,74,ft_national; ft_prepaid; ft_fullstack; ft_fx_crypto; ft_recent_filing,51,Issuer of traveler's checks; Seller of traveler's checks; Issuer of money orders; Seller of money orders; Check casher; Money transmitter; Seller of prepaid access; Dealer in foreign exchange,0,,False,2026-06-23,False,
Fintech,90002801,Block Frontier Ltd,Diamond Bar,CA,91765,324 S Diamond Bar Blvd Unit Num717,5,74,ft_national; ft_prepaid; ft_fullstack; ft_fx_crypto; ft_recent_filing,51,Issuer of traveler's checks; Seller of traveler's checks; Issuer of money orders; Seller of money orders; Check casher; Money transmitter; Seller of prepaid access; Dealer in foreign exchange,0,,False,2026-03-10,False,
Fintech,90002809,Blockquantix Inc,New York,NY,10005,60 Wall St,5,74,ft_national; ft_prepaid; ft_fullstack; ft_fx_crypto; ft_recent_filing,51,Issuer of traveler's checks; Seller of traveler's checks; Issuer of money orders; Seller of money orders; Check casher; Money transmitter; Seller of prepaid access; Dealer in foreign exchange,0,Blockquantix Inc,False,2026-01-03,False,
Fintech,90002829,Bltlz Internet Technology Inc,New York,NY,10011,101 W 24 St,5,74,ft_national; ft_prepaid; ft_fullstack; ft_fx_crypto; ft_recent_filing,51,Seller of traveler's checks; Issuer of money orders; Seller of money orders; Check casher; Money transmitter; Seller of prepaid access; Dealer in foreign exchange,0,,False,2025-11-17,False,
Fintech,90002831,Blue Apple X Inc,New York,NY,10007,"277 Park Ave, New York, Ny 10172  Usa",5,74,ft_national; ft_prepaid; ft_fullstack; ft_fx_crypto; ft_recent_filing,51,Issuer of traveler's checks; Seller of traveler's checks; Issuer of money orders; Seller of money orders; Check casher; Money transmitter; Seller of prepaid access; Dealer in foreign exchange,0,,False,2025-12-24,False,
Fintech,90002832,Blue Core Securities Inc.,New York,NY,10022,645 Fifth Ave,5,74,ft_national; ft_prepaid; ft_fullstack; ft_fx_crypto; ft_recent_filing,51,Issuer of traveler's checks; Seller of traveler's checks; Issuer of money orders; Seller of money orders; Check casher; Money transmitter; Seller of prepaid access; Dealer in foreign exchange,0,Blue Core Securities,False,2025-11-30,False,
Fintech,90002842,Bluemount Holdings Foundation Inc.,Denver,CO,80202,1312 17Th Street Suite 1161,5,74,ft_national; ft_prepaid; ft_fullstack; ft_fx_crypto; ft_recent_filing,51,Issuer of traveler's checks; Seller of traveler's checks; Issuer of money orders; Seller of money orders; Check casher; Money transmitter; Seller of prepaid access; Dealer in foreign exchange,0,Bluemount Holdings Foundation Inc.,False,2025-12-01,False,
Fintech,90002843,Bluemount Holdings Foundation Inc.,Denver,CO,80202,1312 17Th Street Suite 1160,5,74,ft_national; ft_prepaid; ft_fullstack; ft_fx_crypto; ft_recent_filing,51,Issuer of traveler's checks; Seller of traveler's checks; Issuer of money orders; Seller of money orders; Check casher; Money transmitter; Seller of prepaid access; Dealer in foreign exchange,0,Bluemount Holdings Foundation Inc.,False,2025-11-30,False,
Fintech,90002847,Blue Owl Capital Inc,Denver,CO,80202,"410 17Th St, Denver, 80202 Usa",5,74,ft_national; ft_prepaid; ft_fullstack; ft_fx_crypto; ft_recent_filing,51,Issuer of traveler's checks; Seller of traveler's checks; Issuer of money orders; Seller of money orders; Check casher; Money transmitter; Seller of prepaid access; Dealer in foreign exchange,0,,False,2026-08-12,False,
Fintech,90002851,Bluerock Capital Partners,New York,NY,10019,825 8Th Ave,5,74,ft_national; ft_prepaid; ft_fullstack; ft_fx_crypto; ft_recent_filing,51,Seller of traveler's checks; Issuer of money orders; Seller of money orders; Check casher; Money transmitter; Seller of prepaid access; Dealer in foreign exchange,0,,False,2025-10-11,False,
Fintech,90002854,Bluestone Capital Inc.,New York,NY,10016,244 Madison Avenue Suite 1666,5,74,ft_national; ft_prepaid; ft_fullstack; ft_fx_crypto; ft_recent_filing,51,Issuer of traveler's checks; Seller of traveler's checks; Issuer of money orders; Seller of money orders; Check casher; Money transmitter; Seller of prepaid access; Dealer in foreign exchange,0,,False,2026-08-31,False,
Fintech,90002855,Bluestone Quant Capital Inc.,New York,NY,10118,350 5Th Ave,5,74,ft_national; ft_prepaid; ft_fullstack; ft_fx_crypto; ft_recent_filing,51,Issuer of traveler's checks; Seller of traveler's checks; Issuer of money orders; Seller of money orders; Check casher; Money transmitter; Seller of prepaid access; Dealer in foreign exchange,0,Bluestone Quant Capital Inc.,False,2026-09-04,False,
Fintech,90002856,Blue Whale Ai,Denver,CO,80203,"1500 N Grant St, Ste R",5,74,ft_national; ft_prepaid; ft_fullstack; ft_fx_crypto; ft_recent_filing,51,Issuer of traveler's checks; Seller of traveler's checks; Issuer of money orders; Seller of money orders; Check casher; Money transmitter; Seller of prepaid access; Dealer in foreign exchange,0,,False,2026-05-06,False,
Fintech,90002872,Bmup Multi-Asset Institute Inc,Seattle,WA,98101,1201 3Rd Ave,5,74,ft_national; ft_prepaid; ft_fullstack; ft_fx_crypto; ft_recent_filing,51,Issuer of traveler's checks; Seller of traveler's checks; Issuer of money orders; Seller of money orders; Check casher; Money transmitter; Seller of prepaid access; Dealer in foreign exchange,0,,False,2026-03-31,False,
Fintech,90002875,Bnbforge Inc,Denver,CO,80203,1500 N Grant St Ste R,5,74,ft_national; ft_prepaid; ft_fullstack; ft_fx_crypto; ft_recent_filing,51,Issuer of traveler's checks; Seller of traveler's checks; Issuer of money orders; Seller of money orders; Check casher; Money transmitter; Seller of prepaid access; Dealer in foreign exchange,0,,False,2026-05-22,False,
Fintech,90002890,Bodalong Technology Inc.,Denver,CO,80202,1312 17Th Street Suite 716,5,74,ft_national; ft_prepaid; ft_fullstack; ft_fx_crypto; ft_recent_filing,51,Issuer of traveler's checks; Seller of traveler's checks; Issuer of money orders; Seller of money orders; Check casher; Money transmitter; Seller of prepaid access; Dealer in foreign exchange,0,Bodalong Technology Inc.,False,2026-08-18,False,
Fintech,90002900,Bohr Life Inc,Denver,CO,80203,1500 N Grant St Ste R,5,74,ft_national; ft_prepaid; ft_fullstack; ft_fx_crypto; ft_recent_filing,51,Issuer of traveler's checks; Seller of traveler's checks; Issuer of money orders; Seller of money orders; Check casher; Money transmitter; Seller of prepaid access; Dealer in foreign exchange,0,,False,2026-01-14,False,
Fintech,90002901,Bohr Technologies Inc,Denver,CO,80203,1500 N Grant St Ste R,5,74,ft_national; ft_prepaid; ft_fullstack; ft_fx_crypto; ft_recent_filing,51,Issuer of traveler's checks; Seller of traveler's checks; Issuer of money orders; Seller of money orders; Check casher; Money transmitter; Seller of prepaid access; Dealer in foreign exchange,0,,False,2025-12-16,False,
Fintech,90002937,Boryra Strategic Capital Inc,Denver,CO,80202,"600 17Th St Suite 2800, Denver, Co 80202, Us",5,74,ft_national; ft_prepaid; ft_fullstack; ft_fx_crypto; ft_recent_filing,51,Issuer of traveler's checks; Seller of traveler's checks; Issuer of money orders; Seller of money orders; Check casher; Money transmitter; Seller of prepaid access; Dealer in foreign exchange,0,,False,2026-05-12,False,
Fintech,90002938,Borzen Asset Management Inc,Denver,CO,80202,"1144 15Th St, Denver, Co 80202",5,74,ft_national; ft_prepaid; ft_fullstack; ft_fx_crypto; ft_recent_filing,51,Issuer of traveler's checks; Seller of traveler's checks; Issuer of money orders; Seller of money orders; Check casher; Money transmitter; Seller of prepaid access; Dealer in foreign exchange,0,,False,2026-06-04,False,
Fintech,90002941,Boss Wallet Inc.,Denver,CO,80203,1500 N Grant St Ste R,5,74,ft_national; ft_prepaid; ft_fullstack; ft_fx_crypto; ft_recent_filing,51,Issuer of traveler's checks; Seller of traveler's checks; Issuer of money orders; Seller of money orders; Check casher; Money transmitter; Seller of prepaid access; Dealer in foreign exchange,0,,False,2026-08-15,False,
Fintech,90002942,Bosswe Pay Inc.,"Sheridan,",WY,82801,30 N Gould St Ste R,5,74,ft_national; ft_prepaid; ft_fullstack; ft_fx_crypto; ft_recent_filing,51,Issuer of traveler's checks; Seller of traveler's checks; Issuer of money orders; Seller of money orders; Check casher; Money transmitter; Seller of prepaid access; Dealer in foreign exchange,0,,False,2026-07-06,False,
Fintech,90002960,Bovo Global Labs Inc.,Denver,CO,80246,950 S Cherry St Ste 208,5,74,ft_national; ft_prepaid; ft_fullstack; ft_fx_crypto; ft_recent_filing,51,Issuer of traveler's checks; Seller of traveler's checks; Issuer of money orders; Seller of money orders; Check casher; Money transmitter; Seller of prepaid access; Dealer in foreign exchange,0,,False,2025-10-29,False,
Fintech,90002963,Boyi Capital Inc.,New York,NY,10007,150 Greenwich Street,5,74,ft_national; ft_prepaid; ft_fullstack; ft_fx_crypto; ft_recent_filing,51,Issuer of traveler's checks; Seller of traveler's checks; Issuer of money orders; Seller of money orders; Check casher; Money transmitter; Seller of prepaid access; Dealer in foreign exchange,0,Boyi Capital,False,2025-11-09,False,
Fintech,90002973,Bqc Exchange Inc,Denver,CO,80203,1500 N Grant St Ste R,5,74,ft_national; ft_prepaid; ft_fullstack; ft_fx_crypto; ft_recent_filing,51,Issuer of traveler's checks; Seller of traveler's checks; Issuer of money orders; Seller of money orders; Check casher; Money transmitter; Seller of prepaid access; Dealer in foreign exchange,0,,False,2026-03-31,False,
Fintech,90003016,Breeding Pulsewave Software Llc,Bowling Green,KY,42101,126 State St,5,74,ft_national; ft_prepaid; ft_fullstack; ft_fx_crypto; ft_recent_filing,51,Issuer of traveler's checks; Seller of traveler's checks; Issuer of money orders; Seller of money orders; Check casher; Money transmitter; Seller of prepaid access; Dealer in foreign exchange,0,,False,2026-05-09,False,
Fintech,90003059,Britt Technology Inc.,Houston,TX,77063,3119 Moontide Ln,5,74,ft_national; ft_prepaid; ft_fullstack; ft_fx_crypto; ft_recent_filing,51,Issuer of traveler's checks; Seller of traveler's checks; Issuer of money orders; Seller of money orders; Check casher; Money transmitter; Seller of prepaid access; Dealer in foreign exchange,0,,False,2025-12-17,False,
Fintech,90003111,Btclov Foundation,Denver,CO,80222,2000 S. Colorado Blvd.,5,74,ft_national; ft_prepaid; ft_fullstack; ft_fx_crypto; ft_recent_filing,51,Issuer of traveler's checks; Seller of traveler's checks; Issuer of money orders; Seller of money orders; Check casher; Money transmitter; Seller of prepaid access; Dealer in foreign exchange,0,,False,2026-04-16,False,
Fintech,90003116,Btcooc Foundation,Denver,CO,80237,7900 E Union Ave,5,74,ft_national; ft_prepaid; ft_fullstack; ft_fx_crypto; ft_recent_filing,51,Issuer of traveler's checks; Seller of traveler's checks; Issuer of money orders; Seller of money orders; Check casher; Money transmitter; Seller of prepaid access; Dealer in foreign exchange,0,,False,2026-05-13,False,
Fintech,90003129,Bt Exchange,Denver,CO,80202,1694 Wewatta St,5,74,ft_national; ft_prepaid; ft_fullstack; ft_fx_crypto; ft_recent_filing,51,Issuer of traveler's checks; Seller of traveler's checks; Issuer of money orders; Seller of money orders; Check casher; Money transmitter; Seller of prepaid access; Dealer in foreign exchange,0,,False,2025-11-09,False,
Fintech,90003138,Btwzz Inc,Colorado Springs,CO,80920,1755 Telstar Drive,5,74,ft_national; ft_prepaid; ft_fullstack; ft_fx_crypto; ft_recent_filing,51,Issuer of traveler's checks; Seller of traveler's checks; Issuer of money orders; Seller of money orders; Check casher; Money transmitter; Seller of prepaid access; Dealer in foreign exchange,0,,False,2026-01-09,False,
Fintech,90003151,Buda Financial Inc,Denver,CO,80202,600 17Th St Suite 2800,5,74,ft_national; ft_prepaid; ft_fullstack; ft_fx_crypto; ft_recent_filing,51,Issuer of traveler's checks; Seller of traveler's checks; Issuer of money orders; Seller of money orders; Check casher; Money transmitter; Seller of prepaid access; Dealer in foreign exchange,0,,False,2025-11-25,False,
Fintech,90003165,Buiex Inc,Denver,CO,80202,1521 Blake St Ste 47009,5,74,ft_national; ft_prepaid; ft_fullstack; ft_fx_crypto; ft_recent_filing,51,Issuer of traveler's checks; Seller of traveler's checks; Issuer of money orders; Seller of money orders; Check casher; Money transmitter; Seller of prepaid access; Dealer in foreign exchange,0,Buiex Inc,False,2025-11-08,False,
Fintech,90003171,Bullishplan  Inc.,New York,NY,10065,"667 Madison Ave, New York, Ny 10065",5,74,ft_national; ft_prepaid; ft_fullstack; ft_fx_crypto; ft_recent_filing,51,Issuer of traveler's checks; Seller of traveler's checks; Issuer of money orders; Seller of money orders; Check casher; Money transmitter; Seller of prepaid access; Dealer in foreign exchange,0,,False,2026-06-05,False,
Fintech,90003200,Buvei Llc,Dover,DE,19901,8 The Green Ste R,5,74,ft_national; ft_prepaid; ft_fullstack; ft_fx_crypto; ft_recent_filing,51,Issuer of traveler's checks; Seller of traveler's checks; Issuer of money orders; Seller of money orders; Check casher; Money transmitter; Seller of prepaid access; Dealer in foreign exchange,0,,False,2026-07-10,False,
Fintech,90003201,Buxc Global Digital Exchange Inc,Sheridan,WY,82801,30 N Gould St Ste R,5,74,ft_national; ft_prepaid; ft_fullstack; ft_fx_crypto; ft_recent_filing,51,Issuer of traveler's checks; Seller of traveler's checks; Issuer of money orders; Seller of money orders; Check casher; Money transmitter; Seller of prepaid access; Dealer in foreign exchange,0,,False,2025-12-05,False,
Fintech,90003211,Buzipay Inc,Denver,CO,80203,1500 N Grant St Ste R,5,74,ft_national; ft_prepaid; ft_fullstack; ft_fx_crypto; ft_recent_filing,51,Issuer of traveler's checks; Seller of traveler's checks; Issuer of money orders; Seller of money orders; Check casher; Money transmitter; Seller of prepaid access; Dealer in foreign exchange,0,,False,2026-06-08,False,
Fintech,90003218,Bwjc Cortex Inc,San Francisco,CA,94105,1 Market Street,5,74,ft_national; ft_prepaid; ft_fullstack; ft_fx_crypto; ft_recent_filing,51,Issuer of traveler's checks; Seller of traveler's checks; Issuer of money orders; Seller of money orders; Check casher; Money transmitter; Seller of prepaid access; Dealer in foreign exchange,0,,False,2026-07-10,False,
Fintech,90003223,Bxdd Global Exchange Holdings Inc,Denver,CO,80203,"1500 N Grant St, Ste R,",5,74,ft_national; ft_prepaid; ft_fullstack; ft_fx_crypto; ft_recent_filing,51,Issuer of traveler's checks; Seller of traveler's checks; Issuer of money orders; Seller of money orders; Check casher; Money transmitter; Seller of prepaid access; Dealer in foreign exchange,0,,False,2026-06-09,False,
Fintech,90003255,C9 Global Exchange Inc,"Denver,",CO,80211,"1500 N Grant St Ste R, Denver, Co 80203, Us",5,74,ft_national; ft_prepaid; ft_fullstack; ft_fx_crypto; ft_recent_filing,51,Issuer of traveler's checks; Seller of traveler's checks; Issuer of money orders; Seller of money orders; Check casher; Money transmitter; Seller of prepaid access; Dealer in foreign exchange,0,,False,2025-12-03,False,
Fintech,90003270,Cactus Tech Ltd.,New York,NY,10005,99 Wall St Ste 2226,5,74,ft_national; ft_prepaid; ft_fullstack; ft_fx_crypto; ft_recent_filing,51,Issuer of traveler's checks; Seller of traveler's checks; Issuer of money orders; Seller of money orders; Check casher; Money transmitter; Seller of prepaid access; Dealer in foreign exchange,0,,False,2026-03-17,False,
Fintech,90003272,Caelumstar Inc,Denver,CO,80203,"1500 N Grant St Unit 323, Denver, Co 80203",5,74,ft_national; ft_prepaid; ft_fullstack; ft_fx_crypto; ft_recent_filing,51,Issuer of traveler's checks; Seller of traveler's checks; Issuer of money orders; Seller of money orders; Check casher; Money transmitter; Seller of prepaid access; Dealer in foreign exchange,0,,False,2026-05-13,False,
Fintech,90003277,Cafinx Inc,Wheat Ridge,CO,80033,4205 Ammons St,5,74,ft_national; ft_prepaid; ft_fullstack; ft_fx_crypto; ft_recent_filing,51,Issuer of traveler's checks; Seller of traveler's checks; Issuer of money orders; Seller of money orders; Check casher; Money transmitter; Seller of prepaid access; Dealer in foreign exchange,0,,False,2026-06-09,False,
Fintech,90003284,Caishen Foundation,Colorado Springs,CO,80903,"102 S Tejon St Downtown, Suite 1100",5,74,ft_national; ft_prepaid; ft_fullstack; ft_fx_crypto; ft_recent_filing,51,Issuer of traveler's checks; Seller of traveler's checks; Issuer of money orders; Seller of money orders; Check casher; Money transmitter; Seller of prepaid access; Dealer in foreign exchange,0,,False,2025-10-24,False,
Fintech,90003301,Calfex. Inc,Denver,CO,80202,1521 Blake St Ste 47009,5,74,ft_national; ft_prepaid; ft_fullstack; ft_fx_crypto; ft_recent_filing,51,Issuer of traveler's checks; Seller of traveler's checks; Issuer of money orders; Seller of money orders; Check casher; Money transmitter; Seller of prepaid access; Dealer in foreign exchange,0,,False,2025-11-19,False,
Fintech,90003309,California Kingboss Limited,Los Angeles,CA,90039,3154 Glendale Blvd Suite 1035,5,74,ft_national; ft_prepaid; ft_fullstack; ft_fx_crypto; ft_recent_filing,51,Issuer of traveler's checks; Seller of traveler's checks; Issuer of money orders; Seller of money orders; Check casher; Money transmitter; Seller of prepaid access; Dealer in foreign exchange,0,California Kingboss Limited,False,2025-10-08,False,
Fintech,90003359,Cane River Capital & Trading Llc,Natchez,LA,71456,707 Highway 484,5,74,ft_national; ft_prepaid; ft_fullstack; ft_fx_crypto; ft_recent_filing,51,Issuer of traveler's checks; Seller of traveler's checks; Issuer of money orders; Seller of money orders; Check casher; Money transmitter; Seller of prepaid access; Dealer in foreign exchange,1,,False,2025-10-12,False,
Fintech,90003368,"Cantilever Fund I, L.P.",Wilmington,DE,19808,251 Little Falls Drive,5,74,ft_national; ft_prepaid; ft_fullstack; ft_fx_crypto; ft_recent_filing,51,Issuer of traveler's checks; Seller of traveler's checks; Issuer of money orders; Seller of money orders; Check casher; Money transmitter; Seller of prepaid access; Dealer in foreign exchange,0,,False,2025-10-30,False,
Fintech,90003373,Cantor Fitzgerald Inc.,Denver,CO,80231,"10200 E Girard Ave, Denver, Co",5,74,ft_national; ft_prepaid; ft_fullstack; ft_fx_crypto; ft_recent_filing,51,Issuer of traveler's checks; Seller of traveler's checks; Issuer of money orders; Seller of money orders; Check casher; Money transmitter; Seller of prepaid access; Dealer in foreign exchange,0,Cantor Fitzgerald Inc.,False,2025-10-13,False,
Fintech,90003383,Capital Group Quantitative Investments Llc,Denver,CO,80290,1700 Broadway,5,74,ft_national; ft_prepaid; ft_fullstack; ft_fx_crypto; ft_recent_filing,51,Seller of traveler's checks; Issuer of money orders; Seller of money orders; Check casher; Money transmitter; Seller of prepaid access; Dealer in foreign exchange,0,,False,2026-09-03,False,
Fintech,90003388,Capital Revolution Assets Inc.,New York,NY,10167,245 Park Ave,5,74,ft_national; ft_prepaid; ft_fullstack; ft_fx_crypto; ft_recent_filing,51,Issuer of traveler's checks; Seller of traveler's checks; Issuer of money orders; Seller of money orders; Check casher; Money transmitter; Seller of prepaid access; Dealer in foreign exchange,0,Capital Revolution Assets,False,2026-02-08,False,
Fintech,90003436,"Carlston Co, Inc.",Cheyenne,WY,82001,1021 E Lincolnway Unit 1488,5,74,ft_national; ft_prepaid; ft_fullstack; ft_fx_crypto; ft_recent_filing,51,Seller of traveler's checks; Issuer of money orders; Seller of money orders; Check casher; Money transmitter; Seller of prepaid access; Dealer in foreign exchange,0,,False,2026-04-20,False,
Fintech,90003437,Carlylese Inc.,Englewood,CO,80112,10333 E Dry Creek Rd,5,74,ft_national; ft_prepaid; ft_fullstack; ft_fx_crypto; ft_recent_filing,51,Issuer of traveler's checks; Seller of traveler's checks; Issuer of money orders; Seller of money orders; Check casher; Money transmitter; Seller of prepaid access; Dealer in foreign exchange,0,Carlylese,False,2026-04-27,False,
Fintech,90003438,Carmel Global Capital Inc.,New York,NY,10016,244 Madison Avenue Suite 1307,5,74,ft_national; ft_prepaid; ft_fullstack; ft_fx_crypto; ft_recent_filing,51,Issuer of traveler's checks; Seller of traveler's checks; Issuer of money orders; Seller of money orders; Check casher; Money transmitter; Seller of prepaid access; Dealer in foreign exchange,0,Carmel Global Capital Inc.,False,2026-09-14,False,
Fintech,90003572,Casder Institute Of Wealth Inc.,New York,NY,10036,1 Bryant Park,5,74,ft_national; ft_prepaid; ft_fullstack; ft_fx_crypto; ft_recent_filing,51,Issuer of traveler's checks; Seller of traveler's checks; Issuer of money orders; Seller of money orders; Check casher; Money transmitter; Seller of prepaid access; Dealer in foreign exchange,0,Casder Institute Of Wealth,False,2025-10-22,False,
Fintech,90003619,Casppay Inc,Denver,CO,80202,"110 16Th Street, Suite 1460",5,74,ft_national; ft_prepaid; ft_fullstack; ft_fx_crypto; ft_recent_filing,51,Issuer of traveler's checks; Seller of traveler's checks; Issuer of money orders; Seller of money orders; Check casher; Money transmitter; Seller of prepaid access; Dealer in foreign exchange,0,,False,2025-12-13,False,
Fintech,90003696,Cavexon Ltd,New York,NY,80211,"277 Park Ave, New York, Ny 10172",5,74,ft_national; ft_prepaid; ft_fullstack; ft_fx_crypto; ft_recent_filing,51,Issuer of traveler's checks; Seller of traveler's checks; Issuer of money orders; Seller of money orders; Check casher; Money transmitter; Seller of prepaid access; Dealer in foreign exchange,0,,False,2025-11-20,False,
Fintech,90003697,Cavoraq Supermarket Inc.,New York,NY,10065,"667 Madison Ave, New York, Ny 10065",5,74,ft_national; ft_prepaid; ft_fullstack; ft_fx_crypto; ft_recent_filing,51,Issuer of traveler's checks; Seller of traveler's checks; Issuer of money orders; Seller of money orders; Check casher; Money transmitter; Seller of prepaid access; Dealer in foreign exchange,0,,False,2026-09-06,False,
Fintech,90003704,Cbcc Exchange Foundation,Denver,CO,80231,7535 East Hampden Avenue,5,74,ft_national; ft_prepaid; ft_fullstack; ft_fx_crypto; ft_recent_filing,51,Issuer of traveler's checks; Seller of traveler's checks; Issuer of money orders; Seller of money orders; Check casher; Money transmitter; Seller of prepaid access; Dealer in foreign exchange,0,,False,2025-10-10,False,
Fintech,90003715,Cbtis Global Inc,Denver,CO,80203,1500 N Grant St Ste R,5,74,ft_national; ft_prepaid; ft_fullstack; ft_fx_crypto; ft_recent_filing,51,Issuer of traveler's checks; Seller of traveler's checks; Issuer of money orders; Seller of money orders; Check casher; Money transmitter; Seller of prepaid access; Dealer in foreign exchange,0,,False,2025-10-29,False,
Fintech,90003733,Cddil Inc.,New York,NY,10172,"277 Park Ave, New York, Ny 10172",5,74,ft_national; ft_prepaid; ft_fullstack; ft_fx_crypto; ft_recent_filing,51,Issuer of traveler's checks; Seller of traveler's checks; Issuer of money orders; Seller of money orders; Check casher; Money transmitter; Seller of prepaid access; Dealer in foreign exchange,0,,False,2026-07-27,False,
Fintech,90003748,Celestialmind Ai Systems Inc.,Glendale,CA,91204,600 W Broadway,5,74,ft_national; ft_prepaid; ft_fullstack; ft_fx_crypto; ft_recent_filing,51,Issuer of traveler's checks; Seller of traveler's checks; Issuer of money orders; Seller of money orders; Check casher; Money transmitter; Seller of prepaid access; Dealer in foreign exchange,0,,False,2025-11-04,False,
Fintech,90003799,Cercano Zambezi Private Equity L.P.,Bellevue,WA,98004,500 108Th Avenue Ne Suite 1100,5,74,ft_national; ft_prepaid; ft_fullstack; ft_fx_crypto; ft_recent_filing,51,Issuer of traveler's checks; Seller of traveler's checks; Issuer of money orders; Seller of money orders; Check casher; Money transmitter; Seller of prepaid access; Dealer in foreign exchange,0,,False,2025-11-30,False,
Fintech,90003836,Cgm Copyright Management Inc,Los Angeles,CA,90067,"2049 Century Park East, Los Angeles, Ca 90067",5,74,ft_national; ft_prepaid; ft_fullstack; ft_fx_crypto; ft_recent_filing,51,Issuer of traveler's checks; Seller of traveler's checks; Issuer of money orders; Seller of money orders; Check casher; Money transmitter; Seller of prepaid access; Dealer in foreign exchange,0,,False,2025-12-03,False,
Fintech,90003849,Chainbase Foundation Ltd,Dover,DE,19901,"8 The Green, Ste A",5,74,ft_national; ft_prepaid; ft_fullstack; ft_fx_crypto; ft_recent_filing,51,Issuer of traveler's checks; Seller of traveler's checks; Issuer of money orders; Seller of money orders; Check casher; Money transmitter; Seller of prepaid access; Dealer in foreign exchange,0,,False,2025-10-28,False,
Fintech,90003853,Chainguard Technologies Inc,Denver,CO,80237,7900 E Union Ave # 1100,5,74,ft_national; ft_prepaid; ft_fullstack; ft_fx_crypto; ft_recent_filing,51,Issuer of traveler's checks; Seller of traveler's checks; Issuer of money orders; Seller of money orders; Check casher; Money transmitter; Seller of prepaid access; Dealer in foreign exchange,0,,False,2025-11-28,False,
Fintech,90003855,Chain Link,Denver,CO,80290,1777 Lincoln St,5,74,ft_national; ft_prepaid; ft_fullstack; ft_fx_crypto; ft_recent_filing,51,Issuer of traveler's checks; Seller of traveler's checks; Issuer of money orders; Seller of money orders; Check casher; Money transmitter; Seller of prepaid access; Dealer in foreign exchange,0,,False,2025-11-21,False,
Fintech,90003857,Chainlion Tech Ltd.,Albany,NY,12207,418 Broadway Ste R,5,74,ft_national; ft_prepaid; ft_fullstack; ft_fx_crypto; ft_recent_filing,51,Issuer of traveler's checks; Seller of traveler's checks; Issuer of money orders; Seller of money orders; Check casher; Money transmitter; Seller of prepaid access; Dealer in foreign exchange,0,,False,2026-08-31,False,
Fintech,90003861,Chainpulse Inc,New York,NY,10006,"45 Broadway, New York, Ny 10006  Usa",5,74,ft_national; ft_prepaid; ft_fullstack; ft_fx_crypto; ft_recent_filing,51,Issuer of traveler's checks; Seller of traveler's checks; Issuer of money orders; Seller of money orders; Check casher; Money transmitter; Seller of prepaid access; Dealer in foreign exchange,0,,False,2025-12-15,False,
Fintech,90003865,Chaintrust Digital Custody Services Inc,Denver,CO,80211,"1500 N Grant St Ste R, Denver, Co 80203, Us",5,74,ft_national; ft_prepaid; ft_fullstack; ft_fx_crypto; ft_recent_filing,51,Issuer of traveler's checks; Seller of traveler's checks; Issuer of money orders; Seller of money orders; Check casher; Money transmitter; Seller of prepaid access; Dealer in foreign exchange,0,,False,2026-01-28,False,
Fintech,90003925,Chbit Global Digital Exchange Inc.,New York,NY,10017,200 Park Ave,5,74,ft_national; ft_prepaid; ft_fullstack; ft_fx_crypto; ft_recent_filing,51,Seller of traveler's checks; Issuer of money orders; Seller of money orders; Check casher; Money transmitter; Seller of prepaid access; Dealer in foreign exchange,0,,False,2025-10-30,False,
Fintech,90003981,Chemery Inc.,New York,NY,10023,1995 Broadway Ste 600,5,74,ft_national; ft_prepaid; ft_fullstack; ft_fx_crypto; ft_recent_filing,51,Issuer of traveler's checks; Seller of traveler's checks; Issuer of money orders; Seller of money orders; Check casher; Money transmitter; Seller of prepaid access; Dealer in foreign exchange,0,,False,2026-04-23,False,
Fintech,90003988,Chengsheng Capital Llc,Denver,CO,80203,1500 N Grant St Ste R,5,74,ft_national; ft_prepaid; ft_fullstack; ft_fx_crypto; ft_recent_filing,51,Issuer of traveler's checks; Seller of traveler's checks; Issuer of money orders; Seller of money orders; Check casher; Money transmitter; Seller of prepaid access; Dealer in foreign exchange,0,,False,2026-04-08,False,
Fintech,90004012,Chili Technology Inc,Denver,CO,80203,1500 N Grant St Ste R,5,74,ft_national; ft_prepaid; ft_fullstack; ft_fx_crypto; ft_recent_filing,51,Issuer of traveler's checks; Seller of traveler's checks; Issuer of money orders; Seller of money orders; Check casher; Money transmitter; Seller of prepaid access; Dealer in foreign exchange,0,Chili Technology Inc,False,2026-09-03,False,
Fintech,90004049,Chronotech Ai Inc.,California,CA,94301,"228 Hamilton Avenue 3Rd Floor Palo Alto, Ca 94301",5,74,ft_national; ft_prepaid; ft_fullstack; ft_fx_crypto; ft_recent_filing,51,Issuer of traveler's checks; Seller of traveler's checks; Issuer of money orders; Seller of money orders; Check casher; Money transmitter; Seller of prepaid access; Dealer in foreign exchange,0,,False,2026-06-11,False,
Fintech,90004145,Claw Vision Inc,Denver,CO,80203,"1500 N Grant St Ste R, Denver, Co 80203, Us",5,74,ft_national; ft_prepaid; ft_fullstack; ft_fx_crypto; ft_recent_filing,51,Issuer of traveler's checks; Seller of traveler's checks; Issuer of money orders; Seller of money orders; Check casher; Money transmitter; Seller of prepaid access; Dealer in foreign exchange,0,,False,2026-05-07,False,
Fintech,90004167,Clifford Strategy Club Inc.,New York,NY,10020,1251 6Th Ave Ste 2300,5,74,ft_national; ft_prepaid; ft_fullstack; ft_fx_crypto; ft_recent_filing,51,Seller of traveler's checks; Issuer of money orders; Seller of money orders; Check casher; Money transmitter; Seller of prepaid access; Dealer in foreign exchange,0,,False,2026-09-15,False,
Fintech,90004169,Clink Technology Inc,Dover,DE,19901,8 The Green Ste A,5,74,ft_national; ft_prepaid; ft_fullstack; ft_fx_crypto; ft_recent_filing,51,Issuer of traveler's checks; Seller of traveler's checks; Issuer of money orders; Seller of money orders; Check casher; Money transmitter; Seller of prepaid access; Dealer in foreign exchange,0,Clink Technology Inc,False,2026-04-03,False,
Fintech,90004171,Clipspayment Inc,Denver,CO,80202,1521 Blake St Ste 47010,5,74,ft_national; ft_prepaid; ft_fullstack; ft_fx_crypto; ft_recent_filing,51,Issuer of traveler's checks; Seller of traveler's checks; Issuer of money orders; Seller of money orders; Check casher; Money transmitter; Seller of prepaid access; Dealer in foreign exchange,0,,False,2025-11-24,False,
Fintech,90004188,Cmc Usmarkets Ltd.,Brooklyn,NY,11201,44 Court Street Suite 1217,5,74,ft_national; ft_prepaid; ft_fullstack; ft_fx_crypto; ft_recent_filing,51,Issuer of traveler's checks; Seller of traveler's checks; Issuer of money orders; Seller of money orders; Check casher; Money transmitter; Seller of prepaid access; Dealer in foreign exchange,0,,False,2025-12-16,False,
Fintech,90004202,Cnc Investment Management Company,Denver,CO,80237,7900 East Union Avenue,5,74,ft_national; ft_prepaid; ft_fullstack; ft_fx_crypto; ft_recent_filing,51,Issuer of traveler's checks; Seller of traveler's checks; Issuer of money orders; Seller of money orders; Check casher; Money transmitter; Seller of prepaid access; Dealer in foreign exchange,0,,False,2025-10-08,False,
Fintech,90004212,"Coatue Investimentos Lisboa, Inc",Denver,CO,80203,1580 N Logan St Ste 660 #30327,5,74,ft_national; ft_prepaid; ft_fullstack; ft_fx_crypto; ft_recent_filing,51,Issuer of traveler's checks; Seller of traveler's checks; Issuer of money orders; Seller of money orders; Check casher; Money transmitter; Seller of prepaid access; Dealer in foreign exchange,0,,False,2026-05-25,False,
Fintech,90004216,Cobolpay Inc.,Colorado Springs,CO,80918,5142 N Academy Blvd Unit 4180,5,74,ft_national; ft_prepaid; ft_fullstack; ft_fx_crypto; ft_recent_filing,51,Issuer of traveler's checks; Seller of traveler's checks; Issuer of money orders; Seller of money orders; Check casher; Money transmitter; Seller of prepaid access; Dealer in foreign exchange,0,,False,2025-12-10,False,
Fintech,90004231,Cogniquant Foundation,Denver,CO,80202,1001 17Th Street,5,74,ft_national; ft_prepaid; ft_fullstack; ft_fx_crypto; ft_recent_filing,51,Issuer of traveler's checks; Seller of traveler's checks; Issuer of money orders; Seller of money orders; Check casher; Money transmitter; Seller of prepaid access; Dealer in foreign exchange,0,,False,2026-08-03,False,
Fintech,90004232,Cognitrade Quantitative Ai Inc.,New York,NY,10174,"405Lexington Avenue New York City, Ny",5,74,ft_national; ft_prepaid; ft_fullstack; ft_fx_crypto; ft_recent_filing,51,Issuer of traveler's checks; Seller of traveler's checks; Issuer of money orders; Seller of money orders; Check casher; Money transmitter; Seller of prepaid access; Dealer in foreign exchange,0,Cognitrade Quantitative Ai Inc.,False,2026-04-15,False,
Fintech,90004239,Coinaplcex,New York,NY,10019,300 W 57Th St,5,74,ft_national; ft_prepaid; ft_fullstack; ft_fx_crypto; ft_recent_filing,51,Issuer of traveler's checks; Seller of traveler's checks; Issuer of money orders; Seller of money orders; Check casher; Money transmitter; Seller of prepaid access; Dealer in foreign exchange,0,Coinaplcex,False,2025-11-23,False,
Fintech,90004241,Coinate Technologies Inc,Denver,CO,80202,1521 Blake St Ste 47009,5,74,ft_national; ft_prepaid; ft_fullstack; ft_fx_crypto; ft_recent_filing,51,Issuer of traveler's checks; Seller of traveler's checks; Issuer of money orders; Seller of money orders; Check casher; Money transmitter; Seller of prepaid access; Dealer in foreign exchange,0,Coinate Technologies Inc,False,2026-02-27,False,
Fintech,90004274,Coin Flowgoldfin Foundation,Denver,CO,80203,"1500 N Grant St Ste R, Denver, Co 80203, Us",5,74,ft_national; ft_prepaid; ft_fullstack; ft_fx_crypto; ft_recent_filing,51,Issuer of traveler's checks; Seller of traveler's checks; Issuer of money orders; Seller of money orders; Check casher; Money transmitter; Seller of prepaid access; Dealer in foreign exchange,0,,False,2026-03-18,False,
Fintech,90004277,Coinfund Inc,Denver,CO,80203,1500 N Grant St Ste R,5,74,ft_national; ft_prepaid; ft_fullstack; ft_fx_crypto; ft_recent_filing,51,Issuer of traveler's checks; Seller of traveler's checks; Issuer of money orders; Seller of money orders; Check casher; Money transmitter; Seller of prepaid access; Dealer in foreign exchange,0,,False,2025-12-03,False,
Fintech,90004292,Coiniso Global Exchange Holdings Inc,Denver,CO,80203,1500 N Grant St Ste R,5,74,ft_national; ft_prepaid; ft_fullstack; ft_fx_crypto; ft_recent_filing,51,Issuer of traveler's checks; Seller of traveler's checks; Issuer of money orders; Seller of money orders; Check casher; Money transmitter; Seller of prepaid access; Dealer in foreign exchange,0,,False,2025-12-06,False,
Fintech,90004293,Coiniso Global Exchange Holdings Inc,Denver,CO,80203,1500 N Grant St Ste R,5,74,ft_national; ft_prepaid; ft_fullstack; ft_fx_crypto; ft_recent_filing,51,Issuer of traveler's checks; Seller of traveler's checks; Seller of money orders; Check casher; Money transmitter; Seller of prepaid access; Dealer in foreign exchange,0,,False,2025-12-05,False,
Fintech,90004294,Coinity Inc,New York,NY,10065,59 Maiden Ln,5,74,ft_national; ft_prepaid; ft_fullstack; ft_fx_crypto; ft_recent_filing,51,Issuer of traveler's checks; Seller of traveler's checks; Issuer of money orders; Seller of money orders; Check casher; Money transmitter; Seller of prepaid access; Dealer in foreign exchange,0,,False,2025-10-24,False,
Fintech,90004319,Coinpay Global Fintech Inc,Denver,CO,80202,1401 Lawrence Street 16F,5,74,ft_national; ft_prepaid; ft_fullstack; ft_fx_crypto; ft_recent_filing,51,Issuer of traveler's checks; Seller of traveler's checks; Issuer of money orders; Seller of money orders; Check casher; Money transmitter; Seller of prepaid access; Dealer in foreign exchange,0,,False,2025-10-09,False,
Fintech,90004328,Coinsageai Ltd,New York,NY,10007,250 Broadway,5,74,ft_national; ft_prepaid; ft_fullstack; ft_fx_crypto; ft_recent_filing,51,Issuer of traveler's checks; Seller of traveler's checks; Issuer of money orders; Seller of money orders; Check casher; Money transmitter; Seller of prepaid access; Dealer in foreign exchange,0,Coinsageai Ltd,False,2026-03-25,False,
Fintech,90004355,Coinvex Inc,Northglenn,CO,80233,2236 109Th Drive,5,74,ft_national; ft_prepaid; ft_fullstack; ft_fx_crypto; ft_recent_filing,51,Issuer of traveler's checks; Seller of traveler's checks; Issuer of money orders; Seller of money orders; Check casher; Money transmitter; Seller of prepaid access; Dealer in foreign exchange,0,,False,2025-11-03,False,
Fintech,90004356,Coinvia Inc.,New York,NY,10010,19 W 21St St,5,74,ft_national; ft_prepaid; ft_fullstack; ft_fx_crypto; ft_recent_filing,51,Issuer of traveler's checks; Seller of traveler's checks; Issuer of money orders; Seller of money orders; Check casher; Money transmitter; Seller of prepaid access; Dealer in foreign exchange,0,Coinvia Inc.,False,2026-03-17,False,
Fintech,90004363,Coinwore.Inc,Denver,CO,80203,1580 Logan St,5,74,ft_national; ft_prepaid; ft_fullstack; ft_fx_crypto; ft_recent_filing,51,Issuer of traveler's checks; Seller of traveler's checks; Issuer of money orders; Seller of money orders; Check casher; Money transmitter; Seller of prepaid access; Dealer in foreign exchange,0,Coinwore.Inc,False,2026-07-30,False,
Fintech,90004369,Coinx Ascend Inc.,Denver,CO,80202,1550 Wewatta St,5,74,ft_national; ft_prepaid; ft_fullstack; ft_fx_crypto; ft_recent_filing,51,Issuer of traveler's checks; Seller of traveler's checks; Issuer of money orders; Seller of money orders; Check casher; Money transmitter; Seller of prepaid access; Dealer in foreign exchange,0,Coinx Ascend,False,2026-03-29,False,
Fintech,90004377,Colawallex Usa Inc,Monrovia,CA,91016,288 E Huntington Dr.,5,74,ft_national; ft_prepaid; ft_fullstack; ft_fx_crypto; ft_recent_filing,51,Issuer of traveler's checks; Seller of traveler's checks; Issuer of money orders; Seller of money orders; Check casher; Money transmitter; Seller of prepaid access; Dealer in foreign exchange,0,,False,2026-08-18,False,
Fintech,90004414,Comecoempay (Usa) Foundation,Denver,CO,80202,625 Larimer Street Unit 2200,5,74,ft_national; ft_prepaid; ft_fullstack; ft_fx_crypto; ft_recent_filing,51,Seller of traveler's checks; Issuer of money orders; Seller of money orders; Check casher; Money transmitter; Seller of prepaid access; Dealer in foreign exchange,0,,False,2026-01-13,False,
Fintech,90004434,Commx Foundation Inc.,Saint Louis,MO,63105,222 S Meramec Ave,5,74,ft_national; ft_prepaid; ft_fullstack; ft_fx_crypto; ft_recent_filing,51,Issuer of traveler's checks; Seller of traveler's checks; Issuer of money orders; Seller of money orders; Check casher; Money transmitter; Seller of prepaid access; Dealer in foreign exchange,0,,False,2026-07-22,False,
Fintech,90004435,Commx Foundation Inc.,Denver,CO,80202,1521 Blake St Ste 47009,5,74,ft_national; ft_prepaid; ft_fullstack; ft_fx_crypto; ft_recent_filing,51,Issuer of traveler's checks; Seller of traveler's checks; Issuer of money orders; Seller of money orders; Check casher; Money transmitter; Seller of prepaid access; Dealer in foreign exchange,0,,False,2026-07-14,False,
Fintech,90004486,Consensys. Cs Inc,Colorado Springs,CO,80906,6510 S Academy Blvd Ste A 642,5,74,ft_national; ft_prepaid; ft_fullstack; ft_fx_crypto; ft_recent_filing,51,Issuer of traveler's checks; Seller of traveler's checks; Issuer of money orders; Seller of money orders; Check casher; Money transmitter; Seller of prepaid access; Dealer in foreign exchange,0,,False,2026-03-10,False,
Fintech,90004529,Corenova Exchange,Denver,CO,80203,1500 N Grant St Ste R,5,74,ft_national; ft_prepaid; ft_fullstack; ft_fx_crypto; ft_recent_filing,51,Issuer of traveler's checks; Seller of traveler's checks; Issuer of money orders; Seller of money orders; Check casher; Money transmitter; Seller of prepaid access; Dealer in foreign exchange,0,,False,2025-12-27,False,
Fintech,90004530,Corenova Exchange Inc,"Denver,",CO,80203,"1500 N Grant St Ste R, Denver, Co 80203, Us",5,74,ft_national; ft_prepaid; ft_fullstack; ft_fx_crypto; ft_recent_filing,51,Issuer of traveler's checks; Seller of traveler's checks; Issuer of money orders; Seller of money orders; Check casher; Money transmitter; Seller of prepaid access; Dealer in foreign exchange,0,,False,2025-12-09,False,
Fintech,90004622,Cqbit Global Digital Exchange Inc.,New York,NY,10017,200 Park Ave,5,74,ft_national; ft_prepaid; ft_fullstack; ft_fx_crypto; ft_recent_filing,51,Seller of traveler's checks; Issuer of money orders; Seller of money orders; Check casher; Money transmitter; Seller of prepaid access; Dealer in foreign exchange,0,,False,2025-11-06,False,
Fintech,90004623,Cqmcoin Technology Inc,Denver,CO,80202,"1312 17Th Street Unit #2955, Denver, Co 80202, Us",5,74,ft_national; ft_prepaid; ft_fullstack; ft_fx_crypto; ft_recent_filing,51,Issuer of traveler's checks; Seller of traveler's checks; Issuer of money orders; Seller of money orders; Check casher; Money transmitter; Seller of prepaid access; Dealer in foreign exchange,0,,False,2025-11-25,False,
Fintech,90004637,Creation Era Foundation,Denver,CO,80207,3401 Quebec St,5,74,ft_national; ft_prepaid; ft_fullstack; ft_fx_crypto; ft_recent_filing,51,Issuer of traveler's checks; Seller of traveler's checks; Issuer of money orders; Seller of money orders; Check casher; Money transmitter; Seller of prepaid access; Dealer in foreign exchange,0,,False,2026-08-24,False,
Fintech,90004640,Creative Pulse Group,New York,NY,10022,"488 Madison Avenue, New York, Ny 10022",5,74,ft_national; ft_prepaid; ft_fullstack; ft_fx_crypto; ft_recent_filing,51,Issuer of traveler's checks; Seller of traveler's checks; Issuer of money orders; Seller of money orders; Check casher; Money transmitter; Seller of prepaid access; Dealer in foreign exchange,0,,False,2026-09-06,False,
Fintech,90004648,Creed Foundation,Denver,CO,80211,"1500 N Grant St Ste R, Denver, Co 80203, Us",5,74,ft_national; ft_prepaid; ft_fullstack; ft_fx_crypto; ft_recent_filing,51,Issuer of traveler's checks; Seller of traveler's checks; Issuer of money orders; Seller of money orders; Check casher; Money transmitter; Seller of prepaid access; Dealer in foreign exchange,0,,False,2025-11-17,False,
Fintech,90004654,Crestliea Inc,Buffalo,WY,82834,43 Reno Rd,5,74,ft_national; ft_prepaid; ft_fullstack; ft_fx_crypto; ft_recent_filing,51,Issuer of traveler's checks; Seller of traveler's checks; Issuer of money orders; Seller of money orders; Check casher; Money transmitter; Seller of prepaid access; Dealer in foreign exchange,0,Crestliea Inc,False,2026-08-12,False,
Fintech,90004722,Cryptarax Inc,New York,NY,10065,1430 Broadway,5,74,ft_national; ft_prepaid; ft_fullstack; ft_fx_crypto; ft_recent_filing,51,Issuer of traveler's checks; Seller of traveler's checks; Issuer of money orders; Seller of money orders; Check casher; Money transmitter; Seller of prepaid access; Dealer in foreign exchange,0,,False,2025-10-24,False,
Fintech,90004725,Crypto Ai Labs Limited,Brooklyn,NY,11219,550413Th Ave,5,74,ft_national; ft_prepaid; ft_fullstack; ft_fx_crypto; ft_recent_filing,51,Issuer of traveler's checks; Seller of traveler's checks; Issuer of money orders; Seller of money orders; Check casher; Money transmitter; Seller of prepaid access; Dealer in foreign exchange,0,,False,2025-12-15,False,
Fintech,90004734,Crypto Center Exchange,Denver,CO,80302,1500 N Grant St Ste M,5,74,ft_national; ft_prepaid; ft_fullstack; ft_fx_crypto; ft_recent_filing,51,Issuer of traveler's checks; Seller of traveler's checks; Issuer of money orders; Seller of money orders; Check casher; Money transmitter; Seller of prepaid access; Dealer in foreign exchange,0,,False,2026-07-02,False,
Fintech,90004744,Crypto Hive Llc,Denver,CO,80123,9888 W Belleview Ave,5,74,ft_national; ft_prepaid; ft_fullstack; ft_fx_crypto; ft_recent_filing,51,Issuer of traveler's checks; Seller of traveler's checks; Issuer of money orders; Seller of money orders; Check casher; Money transmitter; Seller of prepaid access; Dealer in foreign exchange,0,,False,2025-10-08,False,
Fintech,90004759,Cryptosphere (Csph) Foundation,New York,NY,10019,1700 Broadway,5,74,ft_national; ft_prepaid; ft_fullstack; ft_fx_crypto; ft_recent_filing,51,Seller of traveler's checks; Issuer of money orders; Seller of money orders; Check casher; Money transmitter; Seller of prepaid access; Dealer in foreign exchange,0,,False,2025-11-27,False,
Fintech,90004789,Cstc Financial Capital Inc,Denver,CO,80202,370 17Th St,5,74,ft_national; ft_prepaid; ft_fullstack; ft_fx_crypto; ft_recent_filing,51,Issuer of traveler's checks; Seller of traveler's checks; Issuer of money orders; Seller of money orders; Check casher; Money transmitter; Seller of prepaid access; Dealer in foreign exchange,0,Cstc Financial Capital Inc,False,2025-12-25,False,
Fintech,90004796,Cti Partners,Denver,CO,80207,3401 Quebec St,5,74,ft_national; ft_prepaid; ft_fullstack; ft_fx_crypto; ft_recent_filing,51,Issuer of traveler's checks; Seller of traveler's checks; Issuer of money orders; Seller of money orders; Check casher; Money transmitter; Seller of prepaid access; Dealer in foreign exchange,0,Cti Partners,False,2025-11-05,False,
Fintech,90004799,Ctr Technological Inc,New York,NY,12207,"418 Broadway Ste R, Albany, Ny 12207",5,74,ft_national; ft_prepaid; ft_fullstack; ft_fx_crypto; ft_recent_filing,51,Issuer of traveler's checks; Seller of traveler's checks; Issuer of money orders; Seller of money orders; Check casher; Money transmitter; Seller of prepaid access; Dealer in foreign exchange,0,,False,2026-04-10,False,
Fintech,90004822,Cuncong Inc,New York,NY,10065,"667 Madison Ave, New York, Ny 10065",5,74,ft_national; ft_prepaid; ft_fullstack; ft_fx_crypto; ft_recent_filing,51,Issuer of traveler's checks; Seller of traveler's checks; Issuer of money orders; Seller of money orders; Check casher; Money transmitter; Seller of prepaid access; Dealer in foreign exchange,0,,False,2026-03-24,False,
Fintech,90004836,Currency Solutions Llc,Coral Gables,FL,33134,368 Minorca Avenue,5,74,ft_national; ft_prepaid; ft_fullstack; ft_fx_crypto; ft_recent_filing,51,Money transmitter; Seller of prepaid access; Dealer in foreign exchange,0,,False,2026-08-28,False,
Fintech,90004838,Current Pay Inc.,Albany,NY,12207,"418 Broadway,Ste R,",5,74,ft_national; ft_prepaid; ft_fullstack; ft_fx_crypto; ft_recent_filing,51,Issuer of traveler's checks; Seller of traveler's checks; Issuer of money orders; Seller of money orders; Check casher; Money transmitter; Seller of prepaid access; Dealer in foreign exchange,0,,False,2026-02-10,False,
Fintech,90004852,Cwehbit Inc.,City Of Industry,CA,91748,17800 Castleton St,5,74,ft_national; ft_prepaid; ft_fullstack; ft_fx_crypto; ft_recent_filing,51,Issuer of traveler's checks; Seller of traveler's checks; Issuer of money orders; Seller of money orders; Check casher; Money transmitter; Seller of prepaid access; Dealer in foreign exchange,0,,False,2025-11-04,False,
Fintech,90004975,Dashi International Group Inc,Denver,CO,80203,1500 N Grant St Ste R,5,74,ft_national; ft_prepaid; ft_fullstack; ft_fx_crypto; ft_recent_filing,51,Seller of traveler's checks; Issuer of money orders; Seller of money orders; Check casher; Money transmitter; Seller of prepaid access; Dealer in foreign exchange,0,,False,2026-02-05,False,
Fintech,90004977,Data-Driven Investing Llc,Seattle,WA,98101,1700 7Th Ave,5,74,ft_national; ft_prepaid; ft_fullstack; ft_fx_crypto; ft_recent_filing,51,Issuer of traveler's checks; Seller of traveler's checks; Issuer of money orders; Seller of money orders; Check casher; Money transmitter; Seller of prepaid access; Dealer in foreign exchange,0,,False,2026-08-17,False,
Fintech,90004978,Data Fusion Zetta Inc.,New York,NY,10013,"188 Grand Street, New York, Ny",5,74,ft_national; ft_prepaid; ft_fullstack; ft_fx_crypto; ft_recent_filing,51,Issuer of traveler's checks; Seller of traveler's checks; Issuer of money orders; Seller of money orders; Check casher; Money transmitter; Seller of prepaid access; Dealer in foreign exchange,0,Data Fusion Zetta Inc.,False,2026-04-14,False,
Fintech,90005008,Dawn Future Exchange Inc.,Denver,CO,80206,3033 E 1St Ave,5,74,ft_national; ft_prepaid; ft_fullstack; ft_fx_crypto; ft_recent_filing,51,Issuer of traveler's checks; Seller of traveler's checks; Issuer of money orders; Seller of money orders; Check casher; Money transmitter; Seller of prepaid access; Dealer in foreign exchange,0,Dawn Future Exchange,False,2026-03-28,False,
Fintech,90005009,Dawn Grace Group Inc,Detroit,MI,48226,220 West Congress Street 2Nd Floor,5,74,ft_national; ft_prepaid; ft_fullstack; ft_fx_crypto; ft_recent_filing,51,Issuer of traveler's checks; Seller of traveler's checks; Issuer of money orders; Seller of money orders; Check casher; Money transmitter; Seller of prepaid access; Dealer in foreign exchange,0,Dawn Grace Group Inc,False,2026-06-18,False,
Fintech,90005010,Dawnsy Inc.,New York,NY,10022,885 Third Ave,5,74,ft_national; ft_prepaid; ft_fullstack; ft_fx_crypto; ft_recent_filing,51,Issuer of traveler's checks; Seller of traveler's checks; Issuer of money orders; Seller of money orders; Check casher; Money transmitter; Seller of prepaid access; Dealer in foreign exchange,0,Dawnsy,False,2026-08-12,False,
Fintech,90005030,Dcx Capital Usa Inc,Losangeles,CA,90039,3154 Glendale Blvd Suite 1097,5,74,ft_national; ft_prepaid; ft_fullstack; ft_fx_crypto; ft_recent_filing,51,Issuer of traveler's checks; Seller of traveler's checks; Issuer of money orders; Seller of money orders; Check casher; Money transmitter; Seller of prepaid access; Dealer in foreign exchange,0,Dcx Capital Usa Inc,False,2026-01-05,False,
Fintech,90005034,Ddl Investments Inc,Denver,CO,80202,1521 Blake St Ste 47009,5,74,ft_national; ft_prepaid; ft_fullstack; ft_fx_crypto; ft_recent_filing,51,Issuer of traveler's checks; Seller of traveler's checks; Issuer of money orders; Seller of money orders; Check casher; Money transmitter; Seller of prepaid access; Dealer in foreign exchange,0,Ddl Investments Inc,False,2026-02-20,False,
Fintech,90005061,Deep Blue Crypto Exchange,Denver,CO,80202,1312 17Th Street Suite 1226,5,74,ft_national; ft_prepaid; ft_fullstack; ft_fx_crypto; ft_recent_filing,51,Issuer of traveler's checks; Seller of traveler's checks; Issuer of money orders; Seller of money orders; Check casher; Money transmitter; Seller of prepaid access; Dealer in foreign exchange,0,Deep Blue Crypto Exchange,False,2025-12-04,False,
Fintech,90005156,D. E. Shaw Group Inc.,Denver,CO,80202,370 17Th St,5,74,ft_national; ft_prepaid; ft_fullstack; ft_fx_crypto; ft_recent_filing,51,Issuer of traveler's checks; Seller of traveler's checks; Issuer of money orders; Seller of money orders; Check casher; Money transmitter; Seller of prepaid access; Dealer in foreign exchange,0,D. E. Shaw Group Inc.,False,2026-01-27,False,
Fintech,90005157,Desres Ai Ltd.,New York,NY,10036,11 Times Square 7Th Fl,5,74,ft_national; ft_prepaid; ft_fullstack; ft_fx_crypto; ft_recent_filing,51,Issuer of traveler's checks; Seller of traveler's checks; Issuer of money orders; Seller of money orders; Check casher; Money transmitter; Seller of prepaid access; Dealer in foreign exchange,0,,False,2026-01-14,False,
Fintech,90005172,Dexen Inc.,New York,NY,10041,55 Water St,5,74,ft_national; ft_prepaid; ft_fullstack; ft_fx_crypto; ft_recent_filing,51,Issuer of traveler's checks; Seller of traveler's checks; Issuer of money orders; Seller of money orders; Check casher; Money transmitter; Seller of prepaid access; Dealer in foreign exchange,0,Dexen,False,2026-06-15,False,
Fintech,90005175,Dex Labs Ltd,Tacoma,WA,98444,"2201 104Th St S,",5,74,ft_national; ft_prepaid; ft_fullstack; ft_fx_crypto; ft_recent_filing,51,Issuer of traveler's checks; Seller of traveler's checks; Issuer of money orders; Seller of money orders; Check casher; Money transmitter; Seller of prepaid access; Dealer in foreign exchange,0,,False,2026-07-30,False,
Fintech,90005191,Dg Investments Inc,Denver,CO,80202,1625 Broadway,5,74,ft_national; ft_prepaid; ft_fullstack; ft_fx_crypto; ft_recent_filing,51,Issuer of traveler's checks; Seller of traveler's checks; Issuer of money orders; Seller of money orders; Check casher; Money transmitter; Seller of prepaid access; Dealer in foreign exchange,0,Dg Investments Inc,False,2025-12-31,False,
Fintech,90005267,Digital Investment Bank Of America Inc,Denver,CO,80202,1312 17Th St Unit #2955,5,74,ft_national; ft_prepaid; ft_fullstack; ft_fx_crypto; ft_recent_filing,51,Issuer of traveler's checks; Seller of traveler's checks; Issuer of money orders; Seller of money orders; Check casher; Money transmitter; Seller of prepaid access; Dealer in foreign exchange,0,,False,2026-05-18,False,
Fintech,90005366,Djt Exchange Inc,Denver,CO,80202,"410 17Th St, Denver, Co 80202",5,74,ft_national; ft_prepaid; ft_fullstack; ft_fx_crypto; ft_recent_filing,51,Issuer of traveler's checks; Seller of traveler's checks; Issuer of money orders; Seller of money orders; Check casher; Money transmitter; Seller of prepaid access; Dealer in foreign exchange,0,,False,2025-12-03,False,
Fintech,90005371,D.K.Sh 3 Asset Management Ltd,New York,NY,10004,80 Broad Street Num1802,5,74,ft_national; ft_prepaid; ft_fullstack; ft_fx_crypto; ft_recent_filing,51,Issuer of traveler's checks; Seller of traveler's checks; Issuer of money orders; Seller of money orders; Check casher; Money transmitter; Seller of prepaid access; Dealer in foreign exchange,0,,False,2026-04-08,False,
Fintech,90005387,Dmdao,Denver,CO,80202,717 17Th St Ste 1600,5,74,ft_national; ft_prepaid; ft_fullstack; ft_fx_crypto; ft_recent_filing,51,Seller of traveler's checks; Issuer of money orders; Seller of money orders; Check casher; Money transmitter; Seller of prepaid access; Dealer in foreign exchange,0,,False,2026-04-17,False,
Fintech,90005390,Dmsfcjduex Inc.,Denver,CO,80202,535 16Th St,5,74,ft_national; ft_prepaid; ft_fullstack; ft_fx_crypto; ft_recent_filing,51,Issuer of traveler's checks; Seller of traveler's checks; Issuer of money orders; Seller of money orders; Check casher; Money transmitter; Seller of prepaid access; Dealer in foreign exchange,0,Dmsfcjduex,False,2025-10-22,False,
Fintech,90005410,Dodo Payment Inc,Peyton,CO,80831,9655 Vistas Park Dr,5,74,ft_national; ft_prepaid; ft_fullstack; ft_fx_crypto; ft_recent_filing,51,Issuer of traveler's checks; Seller of traveler's checks; Issuer of money orders; Seller of money orders; Check casher; Money transmitter; Seller of prepaid access; Dealer in foreign exchange,0,,False,2026-07-03,False,
Fintech,90005412,Doex Inc,Denver,CO,80202,1312 17Th Street Suite 1265,5,74,ft_national; ft_prepaid; ft_fullstack; ft_fx_crypto; ft_recent_filing,51,Issuer of traveler's checks; Seller of traveler's checks; Issuer of money orders; Seller of money orders; Check casher; Money transmitter; Seller of prepaid access; Dealer in foreign exchange,0,Doex Inc,False,2025-11-05,False,
Fintech,90005434,Dolphin Trade Pro Inc,New York,NY,10016,244 Madison Avenue Suite 1666,5,74,ft_national; ft_prepaid; ft_fullstack; ft_fx_crypto; ft_recent_filing,51,Issuer of traveler's checks; Seller of traveler's checks; Issuer of money orders; Seller of money orders; Check casher; Money transmitter; Seller of prepaid access; Dealer in foreign exchange,0,Dolphin Trade Pro Inc,False,2025-10-11,False,
Fintech,90005450,Dominionxiom Inc,Atlantic City,NJ,'08401,115 S Chelsea Ave,5,74,ft_national; ft_prepaid; ft_fullstack; ft_fx_crypto; ft_recent_filing,51,Issuer of traveler's checks; Seller of traveler's checks; Issuer of money orders; Seller of money orders; Check casher; Money transmitter; Seller of prepaid access; Dealer in foreign exchange,0,,False,2026-03-29,False,
Fintech,90005499,Dot Technology Llc,Leadville,CO,80461,518 Harrison Ave,5,74,ft_national; ft_prepaid; ft_fullstack; ft_fx_crypto; ft_recent_filing,51,Issuer of traveler's checks; Seller of traveler's checks; Issuer of money orders; Seller of money orders; Check casher; Money transmitter; Seller of prepaid access; Dealer in foreign exchange,0,,False,2026-09-27,False,
Fintech,90005505,Doukelm Capital,Denver,CO,80211,1312 17Th Street,5,74,ft_national; ft_prepaid; ft_fullstack; ft_fx_crypto; ft_recent_filing,51,Issuer of traveler's checks; Seller of traveler's checks; Issuer of money orders; Seller of money orders; Check casher; Money transmitter; Seller of prepaid access; Dealer in foreign exchange,0,,False,2025-10-17,False,
Fintech,90005522,Dravan Tech Ltd,San Francisco,CA,94105,201 Spear Street,5,74,ft_national; ft_prepaid; ft_fullstack; ft_fx_crypto; ft_recent_filing,51,Issuer of traveler's checks; Seller of traveler's checks; Issuer of money orders; Seller of money orders; Check casher; Money transmitter; Seller of prepaid access; Dealer in foreign exchange,0,,False,2025-11-04,False,
Fintech,90005527,Dream Challenge Glory Inc.,Denver,CO,80231,7535 E Hampden Ave,5,74,ft_national; ft_prepaid; ft_fullstack; ft_fx_crypto; ft_recent_filing,51,Issuer of traveler's checks; Seller of traveler's checks; Issuer of money orders; Seller of money orders; Check casher; Money transmitter; Seller of prepaid access; Dealer in foreign exchange,0,Dream Challenge Glory Inc.,False,2026-04-21,False,
Fintech,90005532,Dream Sports Football World Inc.,Denver,CO,80231,"10200 E Girard Ave, Denver, Co",5,74,ft_national; ft_prepaid; ft_fullstack; ft_fx_crypto; ft_recent_filing,51,Issuer of traveler's checks; Seller of traveler's checks; Issuer of money orders; Seller of money orders; Check casher; Money transmitter; Seller of prepaid access; Dealer in foreign exchange,0,Dream Sports Football World Inc.,False,2026-07-20,False,
Fintech,90005552,Dskee International Investment Holdings Inc.,"Denver,",CO,80203,"1500 N Grant St, Ste R,",5,74,ft_national; ft_prepaid; ft_fullstack; ft_fx_crypto; ft_recent_filing,51,Issuer of traveler's checks; Seller of traveler's checks; Issuer of money orders; Seller of money orders; Check casher; Money transmitter; Seller of prepaid access; Dealer in foreign exchange,0,,False,2026-09-07,False,
Fintech,90005560,Dswex Ltd,New York,NY,10172,277 Park Ave,5,74,ft_national; ft_prepaid; ft_fullstack; ft_fx_crypto; ft_recent_filing,51,Issuer of traveler's checks; Seller of traveler's checks; Issuer of money orders; Seller of money orders; Check casher; Money transmitter; Seller of prepaid access; Dealer in foreign exchange,0,,False,2025-10-11,False,
Fintech,90005562,Dtcpay Inc.,Cheyenne,WY,82007,3205 Greeley Hwy,5,74,ft_national; ft_prepaid; ft_fullstack; ft_fx_crypto; ft_recent_filing,51,Money transmitter; Seller of prepaid access; Dealer in foreign exchange,0,,False,2026-09-03,False,
Fintech,90005585,Dukpay Inc,Boulder,CO,80302,"1942 Broadway St., Ste 314C",5,74,ft_national; ft_prepaid; ft_fullstack; ft_fx_crypto; ft_recent_filing,51,Issuer of traveler's checks; Seller of traveler's checks; Issuer of money orders; Seller of money orders; Check casher; Money transmitter; Seller of prepaid access; Provider of prepaid access; Dealer in foreign exchange,0,,False,2026-05-15,False,
Fintech,90005602,Dunfin Ltd.,New York,NY,10019,521 W 57Th St,5,74,ft_national; ft_prepaid; ft_fullstack; ft_fx_crypto; ft_recent_filing,51,Issuer of traveler's checks; Seller of traveler's checks; Issuer of money orders; Seller of money orders; Check casher; Money transmitter; Seller of prepaid access; Dealer in foreign exchange,0,,False,2026-02-28,False,
Fintech,90005608,Duralumen Digital Asset Platform Inc,Newark,NJ,'07102,751 Broad Street,5,74,ft_national; ft_prepaid; ft_fullstack; ft_fx_crypto; ft_recent_filing,51,Issuer of traveler's checks; Seller of traveler's checks; Issuer of money orders; Seller of money orders; Check casher; Money transmitter; Seller of prepaid access; Dealer in foreign exchange,0,,False,2025-10-30,False,
Fintech,90005630,Dygbit Global Markets Llc,Denver,CO,80202,1312 17Th Street Suite 347,5,74,ft_national; ft_prepaid; ft_fullstack; ft_fx_crypto; ft_recent_filing,51,Issuer of traveler's checks; Seller of traveler's checks; Issuer of money orders; Seller of money orders; Check casher; Money transmitter; Seller of prepaid access; Dealer in foreign exchange,0,Dygbit Global Markets Llc,False,2026-03-05,False,
Fintech,90005643,Eagle Eye Capital Ltd.,New York,NY,10153,767 5Th Ave,5,74,ft_national; ft_prepaid; ft_fullstack; ft_fx_crypto; ft_recent_filing,51,Issuer of traveler's checks; Seller of traveler's checks; Issuer of money orders; Seller of money orders; Check casher; Money transmitter; Seller of prepaid access; Dealer in foreign exchange,0,Eagle Eye Capital,False,2025-11-09,False,
Fintech,90005656,Eaglio Inc.,New York,NY,10016,244 Madison Avenue Suite 1307,5,74,ft_national; ft_prepaid; ft_fullstack; ft_fx_crypto; ft_recent_filing,51,Issuer of traveler's checks; Seller of traveler's checks; Issuer of money orders; Seller of money orders; Check casher; Money transmitter; Seller of prepaid access; Dealer in foreign exchange,0,Eaglio Inc.,False,2025-10-13,False,
Fintech,90005659,Eaoli Inc.,New York,NY,10007,"85 Fulton St, New York, Ny 10007",5,74,ft_national; ft_prepaid; ft_fullstack; ft_fx_crypto; ft_recent_filing,51,Issuer of traveler's checks; Seller of traveler's checks; Issuer of money orders; Seller of money orders; Check casher; Money transmitter; Seller of prepaid access; Dealer in foreign exchange,0,,False,2026-08-05,False,
Fintech,90005665,Easex Finance Ltd. Co,Kalispell,MT,59901,1001 S. Main St. Ste 500,5,74,ft_national; ft_prepaid; ft_fullstack; ft_fx_crypto; ft_recent_filing,51,Issuer of traveler's checks; Seller of traveler's checks; Issuer of money orders; Seller of money orders; Check casher; Money transmitter; Seller of prepaid access; Dealer in foreign exchange,0,,False,2025-12-23,False,
Fintech,90005689,Eazier Pay Inc,Brighton,CO,80601,5 N Main St,5,74,ft_national; ft_prepaid; ft_fullstack; ft_fx_crypto; ft_recent_filing,51,Issuer of traveler's checks; Seller of traveler's checks; Issuer of money orders; Seller of money orders; Check casher; Money transmitter; Seller of prepaid access; Dealer in foreign exchange,0,,False,2026-08-11,False,
Fintech,90005692,Ebc Payment Services (Us) Llc,Sheridan,WY,82801,30 N Gould St Ste R,5,74,ft_national; ft_prepaid; ft_fullstack; ft_fx_crypto; ft_recent_filing,51,Issuer of traveler's checks; Seller of traveler's checks; Issuer of money orders; Seller of money orders; Check casher; Money transmitter; Seller of prepaid access; Dealer in foreign exchange,0,,False,2026-05-21,False,
Fintech,90005693,Ebc Usa Inc,Denver,CO,80202,1521 Blake St Ste 47009,5,74,ft_national; ft_prepaid; ft_fullstack; ft_fx_crypto; ft_recent_filing,51,Issuer of traveler's checks; Seller of traveler's checks; Issuer of money orders; Seller of money orders; Check casher; Money transmitter; Seller of prepaid access; Dealer in foreign exchange,0,Ebc Usa Inc,False,2026-05-26,False,
Fintech,90005718,Echelon Global Partners Inc,New York,NY,10065,"667 Madison Ave, New York, Ny 10065",5,74,ft_national; ft_prepaid; ft_fullstack; ft_fx_crypto; ft_recent_filing,51,Issuer of traveler's checks; Seller of traveler's checks; Issuer of money orders; Seller of money orders; Check casher; Money transmitter; Seller of prepaid access; Dealer in foreign exchange,0,,False,2026-06-14,False,
Fintech,90005764,Edelvaire Partner,San Jose,CA,95131,1855 Enterprise Way,5,74,ft_national; ft_prepaid; ft_fullstack; ft_fx_crypto; ft_recent_filing,51,Issuer of traveler's checks; Seller of traveler's checks; Issuer of money orders; Seller of money orders; Check casher; Money transmitter; Seller of prepaid access; Dealer in foreign exchange,0,,False,2025-10-31,False,
Fintech,90005825,Ekvcc Inc,Denver,CO,80202,1312 17Th Street Unit #2188,5,74,ft_national; ft_prepaid; ft_fullstack; ft_fx_crypto; ft_recent_filing,51,Issuer of traveler's checks; Seller of traveler's checks; Issuer of money orders; Seller of money orders; Check casher; Money transmitter; Seller of prepaid access; Dealer in foreign exchange,0,,False,2026-03-27,False,
Fintech,90005968,Elephant Literature Media Inc.,Denver,CO,80202,1331 17Th St,5,74,ft_national; ft_prepaid; ft_fullstack; ft_fx_crypto; ft_recent_filing,51,Issuer of traveler's checks; Seller of traveler's checks; Issuer of money orders; Seller of money orders; Check casher; Money transmitter; Seller of prepaid access; Dealer in foreign exchange,0,Elephant Literature Media,False,2026-01-01,False,
Fintech,90006031,Eliice,Denver,CO,80203,1775 Sherman St,5,74,ft_national; ft_prepaid; ft_fullstack; ft_fx_crypto; ft_recent_filing,51,Issuer of traveler's checks; Seller of traveler's checks; Issuer of money orders; Seller of money orders; Check casher; Money transmitter; Seller of prepaid access; Dealer in foreign exchange,0,,False,2026-02-06,False,
Fintech,90006057,Ellasinvest Asset Management Inc,Denver,CO,80202,1200 17Th St Suite 1108,5,74,ft_national; ft_prepaid; ft_fullstack; ft_fx_crypto; ft_recent_filing,51,Issuer of traveler's checks; Seller of traveler's checks; Issuer of money orders; Seller of money orders; Check casher; Money transmitter; Seller of prepaid access; Dealer in foreign exchange,0,,False,2026-03-05,False,
Fintech,90006424,Elyte Tech Inc.,Leadville,CO,80461,518 Harrison Ave Unit #2047,5,74,ft_national; ft_prepaid; ft_fullstack; ft_fx_crypto; ft_recent_filing,51,Issuer of traveler's checks; Seller of traveler's checks; Issuer of money orders; Seller of money orders; Check casher; Money transmitter; Seller of prepaid access; Dealer in foreign exchange,0,,False,2025-11-23,False,
Fintech,90006428,Emberstone Capital Inc.,Albany,NY,12204,350 Northern Blvd Ste 324-1331,5,74,ft_national; ft_prepaid; ft_fullstack; ft_fx_crypto; ft_recent_filing,51,Issuer of traveler's checks; Seller of traveler's checks; Issuer of money orders; Seller of money orders; Check casher; Money transmitter; Seller of prepaid access; Dealer in foreign exchange,0,,False,2026-08-31,False,
Fintech,90006429,Emcex Internet Technology Inc,Houston,TX,77002,919 Milam St,5,74,ft_national; ft_prepaid; ft_fullstack; ft_fx_crypto; ft_recent_filing,51,Seller of traveler's checks; Issuer of money orders; Seller of money orders; Check casher; Money transmitter; Seller of prepaid access; Dealer in foreign exchange,0,,False,2025-10-15,False,
Fintech,90006430,Emerald Sound Music Inc,Denver,CO,80246,"720 Co-2, Denver, Co 80246",5,74,ft_national; ft_prepaid; ft_fullstack; ft_fx_crypto; ft_recent_filing,51,Issuer of traveler's checks; Seller of traveler's checks; Issuer of money orders; Seller of money orders; Check casher; Money transmitter; Seller of prepaid access; Dealer in foreign exchange,0,,False,2025-11-24,False,
Fintech,90006431,Emerald Sound Music Inc,Denver,CO,80246,"720 Co-2, Denver, Co 80246",5,74,ft_national; ft_prepaid; ft_fullstack; ft_fx_crypto; ft_recent_filing,51,Issuer of traveler's checks; Seller of traveler's checks; Issuer of money orders; Seller of money orders; Check casher; Money transmitter; Seller of prepaid access; Dealer in foreign exchange,0,,False,2025-11-24,False,
Fintech,90006432,Emeraldwisdom Blockchain Exchange Inc,Jersey City,NJ,'07302,185 Hudson St,5,74,ft_national; ft_prepaid; ft_fullstack; ft_fx_crypto; ft_recent_filing,51,Issuer of traveler's checks; Seller of traveler's checks; Issuer of money orders; Seller of money orders; Check casher; Money transmitter; Seller of prepaid access; Dealer in foreign exchange,0,,False,2025-10-30,False,
Fintech,90006458,Emvus Global Inc.,Denver,CO,80202,410 17Th St,5,74,ft_national; ft_prepaid; ft_fullstack; ft_fx_crypto; ft_recent_filing,51,Issuer of traveler's checks; Seller of traveler's checks; Issuer of money orders; Seller of money orders; Check casher; Money transmitter; Seller of prepaid access; Dealer in foreign exchange,0,Emvus Global,False,2025-11-24,False,
Fintech,90006470,Energy Nexus Capital Inc,Spokane,WA,99201,"100 N Howard St Ste R,",5,74,ft_national; ft_prepaid; ft_fullstack; ft_fx_crypto; ft_recent_filing,51,Issuer of traveler's checks; Seller of traveler's checks; Issuer of money orders; Seller of money orders; Check casher; Money transmitter; Seller of prepaid access; Dealer in foreign exchange,0,,False,2026-08-07,False,
Fintech,90006634,Eocoins Digital Assets Inc,Denver,CO,80264,1660 Lincoln Street,5,74,ft_national; ft_prepaid; ft_fullstack; ft_fx_crypto; ft_recent_filing,51,Issuer of traveler's checks; Seller of traveler's checks; Issuer of money orders; Seller of money orders; Check casher; Money transmitter; Seller of prepaid access; Dealer in foreign exchange,0,,False,2026-03-23,False,
Fintech,90006637,Eos Investment Alliance Inc,San Francisco,CA,94111,2 Embarcadero Ctr,5,74,ft_national; ft_prepaid; ft_fullstack; ft_fx_crypto; ft_recent_filing,51,Issuer of traveler's checks; Seller of traveler's checks; Issuer of money orders; Seller of money orders; Check casher; Money transmitter; Seller of prepaid access; Dealer in foreign exchange,0,,False,2026-04-13,False,
Fintech,90006638,Eos Omega Acceleration Inc,Los Angeles,CA,90039,3154 Glendale Blvd Suite 1097,5,74,ft_national; ft_prepaid; ft_fullstack; ft_fx_crypto; ft_recent_filing,51,Issuer of traveler's checks; Seller of traveler's checks; Issuer of money orders; Seller of money orders; Check casher; Money transmitter; Seller of prepaid access; Dealer in foreign exchange,0,Eos Omega Acceleration Inc,False,2026-06-24,False,
Fintech,90006644,Ep Innovation Inc.,Denver,CO,80202,1521 Blake St Ste 47009,5,74,ft_national; ft_prepaid; ft_fullstack; ft_fx_crypto; ft_recent_filing,51,Issuer of traveler's checks; Seller of traveler's checks; Issuer of money orders; Seller of money orders; Check casher; Money transmitter; Seller of prepaid access; Dealer in foreign exchange,0,,False,2026-02-26,False,
Fintech,90006645,Eqitou Ltd,New York,NY,10172,277 Park Ave,5,74,ft_national; ft_prepaid; ft_fullstack; ft_fx_crypto; ft_recent_filing,51,Issuer of traveler's checks; Seller of traveler's checks; Issuer of money orders; Seller of money orders; Check casher; Money transmitter; Seller of prepaid access; Dealer in foreign exchange,0,,False,2025-10-09,False,
Fintech,90006646,Eqitou Ltd.,New York,NY,10172,277 Park Ave,5,74,ft_national; ft_prepaid; ft_fullstack; ft_fx_crypto; ft_recent_filing,51,Seller of traveler's checks; Issuer of money orders; Seller of money orders; Check casher; Money transmitter; Seller of prepaid access; Dealer in foreign exchange,0,,False,2025-10-17,False,
Fintech,90006654,Equator Global Exchange Investment Company,New York,NY,10118,350 5Th Ave,5,74,ft_national; ft_prepaid; ft_fullstack; ft_fx_crypto; ft_recent_filing,51,Issuer of traveler's checks; Seller of traveler's checks; Issuer of money orders; Seller of money orders; Check casher; Money transmitter; Seller of prepaid access; Dealer in foreign exchange,0,Equator Global Exchange Investment Company,False,2026-06-07,False,
Fintech,90006656,Equinorix Cryptocurrency Exchange Ltd.,New York,NY,10112,30 Rockefeller Plaza,5,74,ft_national; ft_prepaid; ft_fullstack; ft_fx_crypto; ft_recent_filing,51,Seller of traveler's checks; Issuer of money orders; Seller of money orders; Check casher; Money transmitter; Seller of prepaid access; Dealer in foreign exchange,0,,False,2025-10-24,False,
Fintech,90006665,Eramls Investment Alliance Ltd,Spokane,WA,99201,522 W Riverside Ave Ste N,5,74,ft_national; ft_prepaid; ft_fullstack; ft_fx_crypto; ft_recent_filing,51,Issuer of traveler's checks; Seller of traveler's checks; Issuer of money orders; Seller of money orders; Check casher; Money transmitter; Seller of prepaid access; Dealer in foreign exchange,0,,False,2025-10-10,False,
Fintech,90006671,Erdcoin,New York,NY,10038,New York,5,74,ft_national; ft_prepaid; ft_fullstack; ft_fx_crypto; ft_recent_filing,51,Issuer of traveler's checks; Seller of traveler's checks; Issuer of money orders; Seller of money orders; Check casher; Money transmitter; Seller of prepaid access; Dealer in foreign exchange,0,Erdcoin,False,2026-04-01,False,
Fintech,90006680,Erjun Cortex Inc,Los Angeles,CA,90071,400 South Hope Street,5,74,ft_national; ft_prepaid; ft_fullstack; ft_fx_crypto; ft_recent_filing,51,Issuer of traveler's checks; Seller of traveler's checks; Issuer of money orders; Seller of money orders; Check casher; Money transmitter; Seller of prepaid access; Dealer in foreign exchange,0,,False,2026-07-10,False,
Fintech,90006741,Essentator Inc.,Dover,DE,19901,"8 The Green, Ste R.",5,74,ft_national; ft_prepaid; ft_fullstack; ft_fx_crypto; ft_recent_filing,51,Issuer of traveler's checks; Seller of traveler's checks; Issuer of money orders; Seller of money orders; Check casher; Money transmitter; Seller of prepaid access; Provider of prepaid access; Dealer in foreign exchange,0,,False,2025-12-23,False,
Fintech,90006742,Essential Crypto Exchange,Los Angeles,CA,90013,417 S Hill St,5,74,ft_national; ft_prepaid; ft_fullstack; ft_fx_crypto; ft_recent_filing,51,Seller of traveler's checks; Issuer of money orders; Seller of money orders; Check casher; Money transmitter; Seller of prepaid access; Dealer in foreign exchange,0,,False,2025-10-09,False,
Fintech,90006773,Eternal Hitop Inc.,Albany,NY,12207,418 Broadway Ste R,5,74,ft_national; ft_prepaid; ft_fullstack; ft_fx_crypto; ft_recent_filing,51,Issuer of traveler's checks; Seller of traveler's checks; Issuer of money orders; Seller of money orders; Check casher; Money transmitter; Seller of prepaid access; Dealer in foreign exchange,0,,False,2026-05-21,False,
Fintech,90006786,Ethenea Americas Llc,New York,NY,80202,330 Madison Ave,5,74,ft_national; ft_prepaid; ft_fullstack; ft_fx_crypto; ft_recent_filing,51,Seller of traveler's checks; Issuer of money orders; Seller of money orders; Check casher; Money transmitter; Seller of prepaid access; Dealer in foreign exchange,0,,False,2026-03-15,False,
Fintech,90006800,Ethzx Inc,New York,NY,10172,"277 Park Ave, New York, Ny 10172",5,74,ft_national; ft_prepaid; ft_fullstack; ft_fx_crypto; ft_recent_filing,51,Issuer of traveler's checks; Seller of traveler's checks; Issuer of money orders; Seller of money orders; Check casher; Money transmitter; Seller of prepaid access; Dealer in foreign exchange,0,,False,2025-11-17,False,
Fintech,90006802,Etlnv Inc,Denver,CO,80202,1312 17Th Street Suite 718,5,74,ft_national; ft_prepaid; ft_fullstack; ft_fx_crypto; ft_recent_filing,51,Issuer of traveler's checks; Seller of traveler's checks; Issuer of money orders; Seller of money orders; Check casher; Money transmitter; Seller of prepaid access; Dealer in foreign exchange,0,Etlnv Inc,False,2025-11-24,False,
Fintech,90006808,Etrast,New York,NY,10007,One World Trade Center,5,74,ft_national; ft_prepaid; ft_fullstack; ft_fx_crypto; ft_recent_filing,51,Seller of traveler's checks; Issuer of money orders; Seller of money orders; Check casher; Money transmitter; Seller of prepaid access; Dealer in foreign exchange,0,,False,2025-10-18,False,
Fintech,90006810,Eubchain Ltd.,New York,NY,10172,277 Park Ave,5,74,ft_national; ft_prepaid; ft_fullstack; ft_fx_crypto; ft_recent_filing,51,Issuer of traveler's checks; Seller of traveler's checks; Issuer of money orders; Seller of money orders; Check casher; Money transmitter; Seller of prepaid access; Dealer in foreign exchange,0,Eubchain Ltd.,False,2026-05-13,False,
Fintech,90006836,Evergrowing Capital Advisors,New York,NY,10011,101 W 24 St Apt 8T,5,74,ft_national; ft_prepaid; ft_fullstack; ft_fx_crypto; ft_recent_filing,51,Seller of traveler's checks; Issuer of money orders; Seller of money orders; Check casher; Money transmitter; Seller of prepaid access; Dealer in foreign exchange,0,,False,2025-10-18,False,
Fintech,90006839,Everhayes Omnis Academy Llc,Denver,CO,80203,1900 N Grant St,5,74,ft_national; ft_prepaid; ft_fullstack; ft_fx_crypto; ft_recent_filing,51,Seller of traveler's checks; Issuer of money orders; Seller of money orders; Check casher; Money transmitter; Seller of prepaid access; Dealer in foreign exchange,0,,False,2026-03-31,False,
Fintech,90006842,Everline Securities Inc,New York,NY,80211,277 Park Ave,5,74,ft_national; ft_prepaid; ft_fullstack; ft_fx_crypto; ft_recent_filing,51,Issuer of traveler's checks; Seller of traveler's checks; Issuer of money orders; Seller of money orders; Check casher; Money transmitter; Seller of prepaid access; Dealer in foreign exchange,0,,False,2025-11-27,False,
Fintech,90006844,Evermont Group,Denver,CO,80202,555 17Th St,5,74,ft_national; ft_prepaid; ft_fullstack; ft_fx_crypto; ft_recent_filing,51,Seller of traveler's checks; Issuer of money orders; Seller of money orders; Check casher; Money transmitter; Seller of prepaid access; Dealer in foreign exchange,0,,False,2026-08-06,False,
Fintech,90006848,Evertrust Group Inc,"New York,",NY,10005,"28 Liberty Street, New York, Ny 10005, United States",5,74,ft_national; ft_prepaid; ft_fullstack; ft_fx_crypto; ft_recent_filing,51,Issuer of traveler's checks; Seller of traveler's checks; Issuer of money orders; Seller of money orders; Check casher; Money transmitter; Seller of prepaid access; Dealer in foreign exchange,0,,False,2025-12-09,False,
Fintech,90006860,Evoex Inc.,New York,NY,10020,1271 6Th Ave,5,74,ft_national; ft_prepaid; ft_fullstack; ft_fx_crypto; ft_recent_filing,51,Issuer of traveler's checks; Seller of traveler's checks; Issuer of money orders; Seller of money orders; Check casher; Money transmitter; Seller of prepaid access; Dealer in foreign exchange,0,Evoex,False,2026-01-31,False,
Fintech,90006895,Expansion Protocol Foundation,Denver,CO,80290,1777 Lincoln St,5,74,ft_national; ft_prepaid; ft_fullstack; ft_fx_crypto; ft_recent_filing,51,Issuer of traveler's checks; Seller of traveler's checks; Issuer of money orders; Seller of money orders; Check casher; Money transmitter; Seller of prepaid access; Dealer in foreign exchange,0,,False,2025-11-13,False,
Fintech,90006961,Factavision Ltd.,New York,NY,10119,One Penn Plaza1Penn Plaza,5,74,ft_national; ft_prepaid; ft_fullstack; ft_fx_crypto; ft_recent_filing,51,Issuer of traveler's checks; Seller of traveler's checks; Issuer of money orders; Seller of money orders; Check casher; Money transmitter; Seller of prepaid access; Dealer in foreign exchange,0,,False,2026-05-06,False,
Fintech,90006975,Faith Family Education Foundation,Denver,CO,80231,7535 East Hampden Avenue,5,74,ft_national; ft_prepaid; ft_fullstack; ft_fx_crypto; ft_recent_filing,51,Issuer of traveler's checks; Seller of traveler's checks; Issuer of money orders; Seller of money orders; Check casher; Money transmitter; Seller of prepaid access; Dealer in foreign exchange,0,,False,2025-10-08,False,
Fintech,90007011,Fanty Ai Limited,New York,NY,10017,315 Madison Ave Num1900,5,74,ft_national; ft_prepaid; ft_fullstack; ft_fx_crypto; ft_recent_filing,51,Issuer of traveler's checks; Seller of traveler's checks; Issuer of money orders; Seller of money orders; Check casher; Money transmitter; Seller of prepaid access; Dealer in foreign exchange,0,,False,2025-11-11,False,
Fintech,90007025,Farm Elite Corporation,Chino,CO,80222,"2000 S Colorado Blvd, Suite 224",5,74,ft_national; ft_prepaid; ft_fullstack; ft_fx_crypto; ft_recent_filing,51,Seller of traveler's checks; Issuer of money orders; Seller of money orders; Check casher; Money transmitter; Seller of prepaid access; Dealer in foreign exchange,0,,False,2026-04-23,False,
Fintech,90007034,Farm Life Market Financial Services Llc,New York,NY,10025,714 Amsterdam Ave Suite 5,5,74,ft_national; ft_prepaid; ft_fullstack; ft_fx_crypto; ft_recent_filing,51,Money transmitter; Seller of prepaid access; Dealer in foreign exchange,1,Farm Life Market,False,2025-11-08,False,
Fintech,90007040,Fast Action Focus Inc.,New York,NY,10118,"20 W 34Th St., New York, Ny",5,74,ft_national; ft_prepaid; ft_fullstack; ft_fx_crypto; ft_recent_filing,51,Issuer of traveler's checks; Seller of traveler's checks; Issuer of money orders; Seller of money orders; Check casher; Money transmitter; Seller of prepaid access; Dealer in foreign exchange,0,Fast Action Focus Inc.,False,2026-07-11,False,
Fintech,90007064,Fast Track Pathway Llc,Sheridan,WY,82801,30 N Gould St Ste R,5,74,ft_national; ft_prepaid; ft_fullstack; ft_fx_crypto; ft_recent_filing,51,Issuer of traveler's checks; Seller of traveler's checks; Issuer of money orders; Seller of money orders; Check casher; Money transmitter; Seller of prepaid access; Dealer in foreign exchange,0,Fast Track Pathway Llc,False,2026-08-22,False,
Fintech,90007071,Faucer Ecosystem Aggregator Inc,Denver,CO,80211,"1500 N Grant St Ste R, Denver, Co 80203, Us",5,74,ft_national; ft_prepaid; ft_fullstack; ft_fx_crypto; ft_recent_filing,51,Issuer of traveler's checks; Seller of traveler's checks; Issuer of money orders; Seller of money orders; Check casher; Money transmitter; Seller of prepaid access; Dealer in foreign exchange,0,,False,2026-07-23,False,
Fintech,90007077,"Fba International Finance (Us), Inc.",Missoula,MT,59802,"127 N Higgins Ave, Ste 307D #2576",5,74,ft_national; ft_prepaid; ft_fullstack; ft_fx_crypto; ft_recent_filing,51,Issuer of traveler's checks; Seller of traveler's checks; Issuer of money orders; Seller of money orders; Money transmitter; Seller of prepaid access; Dealer in foreign exchange,0,,False,2026-04-08,False,
Fintech,90007089,Fdraft Llc,Denver,CO,80203,1500 N Grant St Ste R,5,74,ft_national; ft_prepaid; ft_fullstack; ft_fx_crypto; ft_recent_filing,51,Seller of traveler's checks; Issuer of money orders; Seller of money orders; Check casher; Money transmitter; Seller of prepaid access; Dealer in foreign exchange,0,,False,2026-04-09,False,
Fintech,90007094,Feibei International Limited,Newark,DE,19713,"573 Bellevue Road, Suite D",5,74,ft_national; ft_prepaid; ft_fullstack; ft_fx_crypto; ft_recent_filing,51,Issuer of traveler's checks; Seller of traveler's checks; Issuer of money orders; Seller of money orders; Check casher; Money transmitter; Seller of prepaid access; Dealer in foreign exchange,0,,False,2025-10-14,False,
Fintech,90007099,Felixlink Inc,Colorado Springs,CO,80906,6510 S Academy Blvd Ste A 642,5,74,ft_national; ft_prepaid; ft_fullstack; ft_fx_crypto; ft_recent_filing,51,Issuer of traveler's checks; Seller of traveler's checks; Issuer of money orders; Seller of money orders; Check casher; Money transmitter; Seller of prepaid access; Dealer in foreign exchange,0,,False,2026-05-06,False,
Fintech,90007129,Ffslok Investment Intelligence Center Inc,Los Angeles,CA,90071,333 South Hope Street 55Th Floor,5,74,ft_national; ft_prepaid; ft_fullstack; ft_fx_crypto; ft_recent_filing,51,Issuer of traveler's checks; Seller of traveler's checks; Issuer of money orders; Seller of money orders; Check casher; Money transmitter; Seller of prepaid access; Dealer in foreign exchange,0,,False,2026-09-18,False,
Fintech,90007134,Fhqw Cortex Inc,San Francisco,CA,94104,44 Montgomery Street,5,74,ft_national; ft_prepaid; ft_fullstack; ft_fx_crypto; ft_recent_filing,51,Issuer of traveler's checks; Seller of traveler's checks; Issuer of money orders; Seller of money orders; Check casher; Money transmitter; Seller of prepaid access; Dealer in foreign exchange,0,,False,2026-07-14,False,
Fintech,90007150,Fidex Digital Inc.,Albany,NY,12207,"418 Broadway, Ste N",5,74,ft_national; ft_prepaid; ft_fullstack; ft_fx_crypto; ft_recent_filing,51,Issuer of traveler's checks; Seller of traveler's checks; Issuer of money orders; Seller of money orders; Check casher; Money transmitter; Seller of prepaid access; Dealer in foreign exchange,0,,False,2026-09-02,False,
Fintech,90007151,Fidex Digital Llc,Cheyenne,WY,82001,1603 Capitol Avenue Suite 413A 2660,5,74,ft_national; ft_prepaid; ft_fullstack; ft_fx_crypto; ft_recent_filing,51,Issuer of traveler's checks; Seller of traveler's checks; Issuer of money orders; Seller of money orders; Check casher; Money transmitter; Seller of prepaid access; Dealer in foreign exchange,0,,False,2026-07-21,False,
Fintech,90007212,Finexa Tech Solutions Ltd,Newark,DE,19713,573 Bellevue Road Suite D,5,74,ft_national; ft_prepaid; ft_fullstack; ft_fx_crypto; ft_recent_filing,51,Issuer of traveler's checks; Seller of traveler's checks; Issuer of money orders; Seller of money orders; Check casher; Money transmitter; Seller of prepaid access; Dealer in foreign exchange,0,Finexa Tech Solutions Ltd,False,2026-08-05,False,
Fintech,90007218,Finfusion Inc,National City,CA,91950,1831 E 18Th St,5,74,ft_national; ft_prepaid; ft_fullstack; ft_fx_crypto; ft_recent_filing,51,Issuer of traveler's checks; Seller of traveler's checks; Issuer of money orders; Seller of money orders; Check casher; Money transmitter; Seller of prepaid access; Dealer in foreign exchange,0,,False,2025-12-23,False,
Fintech,90007221,Fingerpower Digital Technology Llc,Arvada,CO,80002,5609 Balsam St,5,74,ft_national; ft_prepaid; ft_fullstack; ft_fx_crypto; ft_recent_filing,51,Issuer of traveler's checks; Seller of traveler's checks; Issuer of money orders; Seller of money orders; Check casher; Money transmitter; Seller of prepaid access; Dealer in foreign exchange,0,Fingerpower Digital Technology Llc,False,2026-05-06,False,
Fintech,90007240,Finsdk Inc,New York,NY,10065,667 Madison Ave 4Th And 5Th Floors,5,74,ft_national; ft_prepaid; ft_fullstack; ft_fx_crypto; ft_recent_filing,51,Issuer of traveler's checks; Seller of traveler's checks; Issuer of money orders; Seller of money orders; Check casher; Money transmitter; Seller of prepaid access; Dealer in foreign exchange,0,,False,2026-02-11,False,
Fintech,90007249,Finvorapay Llc,Billings,MT,59101,401 N 31St St,5,74,ft_national; ft_prepaid; ft_fullstack; ft_fx_crypto; ft_recent_filing,51,Issuer of traveler's checks; Seller of traveler's checks; Issuer of money orders; Seller of money orders; Check casher; Money transmitter; Seller of prepaid access; Dealer in foreign exchange,1,,False,2025-12-28,False,
Fintech,90007317,Flamingo Dex Ltd.,New York,NY,10001,435 W 31St St,5,74,ft_national; ft_prepaid; ft_fullstack; ft_fx_crypto; ft_recent_filing,51,Issuer of traveler's checks; Seller of traveler's checks; Issuer of money orders; Seller of money orders; Check casher; Money transmitter; Seller of prepaid access; Dealer in foreign exchange,0,,False,2026-01-06,False,
Fintech,90007329,Flatiron Financial Investments L.L.C,Denver,CO,80202,"1099 18Th Street, Denver, Co 80202, United States",5,74,ft_national; ft_prepaid; ft_fullstack; ft_fx_crypto; ft_recent_filing,51,Issuer of traveler's checks; Seller of traveler's checks; Issuer of money orders; Seller of money orders; Check casher; Money transmitter; Seller of prepaid access; Dealer in foreign exchange,0,,False,2026-08-31,False,
Fintech,90007370,Florin Exchange Inc.,Sheridan,WY,82801,30 N Gould St Ste R,5,74,ft_national; ft_prepaid; ft_fullstack; ft_fx_crypto; ft_recent_filing,51,Issuer of traveler's checks; Seller of traveler's checks; Issuer of money orders; Seller of money orders; Check casher; Money transmitter; Seller of prepaid access; Dealer in foreign exchange,0,Florin Exchange Inc.,False,2026-06-22,False,
Fintech,90007377,"Flowdraft Finance, Inc",Denver,CO,80202,1521 Blake St Ste 47009,5,74,ft_national; ft_prepaid; ft_fullstack; ft_fx_crypto; ft_recent_filing,51,Issuer of traveler's checks; Seller of traveler's checks; Issuer of money orders; Seller of money orders; Check casher; Money transmitter; Seller of prepaid access; Dealer in foreign exchange,0,"Flowdraft Finance, Inc",False,2026-04-10,False,
Fintech,90007387,Flowtide Exchange,Denver,CO,80202,"1670 Broadway, Denver, Co 80202, Usa",5,74,ft_national; ft_prepaid; ft_fullstack; ft_fx_crypto; ft_recent_filing,51,Issuer of traveler's checks; Seller of traveler's checks; Issuer of money orders; Seller of money orders; Check casher; Money transmitter; Seller of prepaid access; Dealer in foreign exchange,0,,False,2026-04-23,False,
Fintech,90007389,Flumen Pay Llc,Kalispell,MT,59901,1001 S Main St Ste 49,5,74,ft_national; ft_prepaid; ft_fullstack; ft_fx_crypto; ft_recent_filing,51,Issuer of traveler's checks; Seller of traveler's checks; Issuer of money orders; Seller of money orders; Check casher; Money transmitter; Seller of prepaid access; Dealer in foreign exchange,0,,False,2026-06-12,False,
Fintech,90007393,Fluxa Network Inc.,Denver,CO,80202,110 16Th Street Suite 1460,5,74,ft_national; ft_prepaid; ft_fullstack; ft_fx_crypto; ft_recent_filing,51,Issuer of traveler's checks; Seller of traveler's checks; Issuer of money orders; Seller of money orders; Check casher; Money transmitter; Seller of prepaid access; Dealer in foreign exchange,0,,False,2026-09-23,False,
Fintech,90007399,Flynit Global Digital Asset Exchange Inc.,"Denver,",CO,80203,"1500 N Grant St, Ste R,",5,74,ft_national; ft_prepaid; ft_fullstack; ft_fx_crypto; ft_recent_filing,51,Issuer of traveler's checks; Seller of traveler's checks; Issuer of money orders; Seller of money orders; Check casher; Money transmitter; Seller of prepaid access; Dealer in foreign exchange,0,,False,2026-09-07,False,
Fintech,90007426,Folvex Capital Management Llc,Pasadena,CA,91105,177 E Colorado Blvd #200,5,74,ft_national; ft_prepaid; ft_fullstack; ft_fx_crypto; ft_recent_filing,51,Issuer of traveler's checks; Seller of traveler's checks; Issuer of money orders; Seller of money orders; Check casher; Money transmitter; Seller of prepaid access; Dealer in foreign exchange,0,,False,2025-12-08,False,
Fintech,90007443,Foresight Zone Ai Inc.,New York,NY,10001,"127 West 30Th Street, New York City",5,74,ft_national; ft_prepaid; ft_fullstack; ft_fx_crypto; ft_recent_filing,51,Issuer of traveler's checks; Seller of traveler's checks; Issuer of money orders; Seller of money orders; Check casher; Money transmitter; Seller of prepaid access; Dealer in foreign exchange,0,Foresight Zone Ai Inc.,False,2026-04-15,False,
Fintech,90007444,Forestgist Capital Inc,Denver,CO,80202,"1401 Lawrence St, Denver, Co 80202, United States",5,74,ft_national; ft_prepaid; ft_fullstack; ft_fx_crypto; ft_recent_filing,51,Issuer of traveler's checks; Seller of traveler's checks; Issuer of money orders; Seller of money orders; Check casher; Money transmitter; Seller of prepaid access; Dealer in foreign exchange,0,,False,2025-12-23,False,
Fintech,90007448,Foretide Global Inc,Colorado Springs,CO,80906,6510 S Academy Blvd Ste A 642,5,74,ft_national; ft_prepaid; ft_fullstack; ft_fx_crypto; ft_recent_filing,51,Issuer of traveler's checks; Seller of traveler's checks; Issuer of money orders; Seller of money orders; Check casher; Money transmitter; Seller of prepaid access; Dealer in foreign exchange,0,,False,2026-08-17,False,
Fintech,90007462,Fortan Investments Inc.,Denver,CO,80202,1312 17Th Street Suite 347,5,74,ft_national; ft_prepaid; ft_fullstack; ft_fx_crypto; ft_recent_filing,51,Issuer of traveler's checks; Seller of traveler's checks; Issuer of money orders; Seller of money orders; Check casher; Money transmitter; Seller of prepaid access; Dealer in foreign exchange,0,Fortan Investments Inc.,False,2025-11-02,False,
Fintech,90007468,Fortis Exchange,Denver,CO,80123,9888 W Belleview Ave,5,74,ft_national; ft_prepaid; ft_fullstack; ft_fx_crypto; ft_recent_filing,51,Issuer of traveler's checks; Seller of traveler's checks; Issuer of money orders; Seller of money orders; Check casher; Money transmitter; Seller of prepaid access; Dealer in foreign exchange,0,,False,2025-11-10,False,
Fintech,90007476,Fortuna Quant Inc,Sheridan,WY,82801,30 N Gould St Ste R,5,74,ft_national; ft_prepaid; ft_fullstack; ft_fx_crypto; ft_recent_filing,51,Issuer of traveler's checks; Seller of traveler's checks; Issuer of money orders; Seller of money orders; Check casher; Money transmitter; Seller of prepaid access; Dealer in foreign exchange,0,Fortuna Quant Inc,False,2026-03-27,False,
Fintech,90007505,"Fraction Tech, Llc",Denver,CO,80202,"1144 15Th Street, Suite 2600, Denver, Co 80202",5,74,ft_national; ft_prepaid; ft_fullstack; ft_fx_crypto; ft_recent_filing,51,Issuer of traveler's checks; Seller of traveler's checks; Issuer of money orders; Seller of money orders; Check casher; Money transmitter; Seller of prepaid access; Dealer in foreign exchange,0,,False,2026-08-23,False,
Fintech,90007553,Friendcity Group Inc,Denver,CO,80203,1500 N Grant St Ste R,5,74,ft_national; ft_prepaid; ft_fullstack; ft_fx_crypto; ft_recent_filing,51,Issuer of traveler's checks; Seller of traveler's checks; Issuer of money orders; Seller of money orders; Check casher; Money transmitter; Seller of prepaid access; Dealer in foreign exchange,0,,False,2026-09-08,False,
Fintech,90007565,Fronex Inc.,New York,NY,10019,650 5Th Ave,5,74,ft_national; ft_prepaid; ft_fullstack; ft_fx_crypto; ft_recent_filing,51,Issuer of traveler's checks; Seller of traveler's checks; Issuer of money orders; Seller of money orders; Check casher; Money transmitter; Seller of prepaid access; Dealer in foreign exchange,0,Fronex,False,2026-06-01,False,
Fintech,90007566,Fronsure Limited,San Francisco,CA,94111,"50 California St, Ste 2700",5,74,ft_national; ft_prepaid; ft_fullstack; ft_fx_crypto; ft_recent_filing,51,Issuer of traveler's checks; Seller of traveler's checks; Issuer of money orders; Seller of money orders; Check casher; Money transmitter; Seller of prepaid access; Dealer in foreign exchange,0,,False,2025-12-17,False,
Fintech,90007587,Ftzcoin. Inc,Denver,CO,80202,1521 Blake St Ste 47009,5,74,ft_national; ft_prepaid; ft_fullstack; ft_fx_crypto; ft_recent_filing,51,Issuer of traveler's checks; Seller of traveler's checks; Issuer of money orders; Seller of money orders; Check casher; Money transmitter; Seller of prepaid access; Dealer in foreign exchange,0,Ftzcoin. Inc,False,2026-02-14,False,
Fintech,90007594,Fulala,"Denver,",CO,80203,"1500 N Grant St, Ste R,",5,74,ft_national; ft_prepaid; ft_fullstack; ft_fx_crypto; ft_recent_filing,51,Issuer of traveler's checks; Seller of traveler's checks; Issuer of money orders; Seller of money orders; Check casher; Money transmitter; Seller of prepaid access; Dealer in foreign exchange,0,,False,2026-05-26,False,
Fintech,90007598,Fulton Total Digital Worldwide Group  Spain Limite,Denver,CO,80202,370 17Th St,5,74,ft_national; ft_prepaid; ft_fullstack; ft_fx_crypto; ft_recent_filing,51,Issuer of traveler's checks; Seller of traveler's checks; Issuer of money orders; Seller of money orders; Check casher; Money transmitter; Seller of prepaid access; Dealer in foreign exchange,0,Fulton Total Digital Worldwide Group  Spain Limited,False,2026-04-10,False,
Fintech,90007599,Fun Coffee,New York,NY,10017,200 Park Ave,5,74,ft_national; ft_prepaid; ft_fullstack; ft_fx_crypto; ft_recent_filing,51,Seller of traveler's checks; Issuer of money orders; Seller of money orders; Check casher; Money transmitter; Seller of prepaid access; Dealer in foreign exchange,0,,False,2025-11-01,False,
Fintech,90007609,Fupay Technology Inc.,Albany,NY,12207,418 Broadway Ste R,5,74,ft_national; ft_prepaid; ft_fullstack; ft_fx_crypto; ft_recent_filing,51,Issuer of traveler's checks; Seller of traveler's checks; Issuer of money orders; Seller of money orders; Check casher; Money transmitter; Seller of prepaid access; Dealer in foreign exchange,0,,False,2026-04-07,False,
Fintech,90007613,Fusionflow Inc,Modesto,CA,95350,627 El Terino Ave,5,74,ft_national; ft_prepaid; ft_fullstack; ft_fx_crypto; ft_recent_filing,51,Money transmitter; Seller of prepaid access; Dealer in foreign exchange,0,,False,2026-06-16,False,
Fintech,90007618,Fusionx.Ai Inc,Denver,CO,80203,1500 N Grant St Ste R,5,74,ft_national; ft_prepaid; ft_fullstack; ft_fx_crypto; ft_recent_filing,51,Issuer of traveler's checks; Seller of traveler's checks; Issuer of money orders; Seller of money orders; Check casher; Money transmitter; Seller of prepaid access; Dealer in foreign exchange,0,,False,2026-06-05,False,
Fintech,90007620,Futcore Digital Markets Inc.,Denver,CO,80264,1660 Lincoln St Suite 2800,5,74,ft_national; ft_prepaid; ft_fullstack; ft_fx_crypto; ft_recent_filing,51,Issuer of traveler's checks; Seller of traveler's checks; Issuer of money orders; Seller of money orders; Check casher; Money transmitter; Seller of prepaid access; Dealer in foreign exchange,0,,False,2026-09-04,False,
Fintech,90007641,Future Vale Capital  Inc,New York,NY,10017,315 Madison Ave Num1900,5,74,ft_national; ft_prepaid; ft_fullstack; ft_fx_crypto; ft_recent_filing,51,Issuer of traveler's checks; Seller of traveler's checks; Issuer of money orders; Seller of money orders; Check casher; Money transmitter; Seller of prepaid access; Dealer in foreign exchange,0,,False,2026-07-29,False,
Fintech,90007644,Futuro Livre Llc,Chesterfield,MO,63017,400 Chesterfield Ctr,5,74,ft_national; ft_prepaid; ft_fullstack; ft_fx_crypto; ft_recent_filing,51,Issuer of traveler's checks; Seller of traveler's checks; Issuer of money orders; Seller of money orders; Check casher; Money transmitter; Seller of prepaid access; Dealer in foreign exchange,0,Futuro Livre Llc,False,2025-12-25,False,
Fintech,90007656,Fxcm Capital Inc,Denver,CO,80202,"410 17Th St, Denver, Co 80202 Usa",5,74,ft_national; ft_prepaid; ft_fullstack; ft_fx_crypto; ft_recent_filing,51,Issuer of traveler's checks; Seller of traveler's checks; Issuer of money orders; Seller of money orders; Check casher; Money transmitter; Seller of prepaid access; Dealer in foreign exchange,0,,False,2026-09-03,False,
Fintech,90007658,Fxgpt Labs Inc,Albany,NY,12207,418 Broadway Ste R,5,74,ft_national; ft_prepaid; ft_fullstack; ft_fx_crypto; ft_recent_filing,51,Issuer of traveler's checks; Seller of traveler's checks; Issuer of money orders; Seller of money orders; Check casher; Money transmitter; Seller of prepaid access; Dealer in foreign exchange,0,,False,2026-03-05,False,
Fintech,90007660,Fxlink Financial Technologies Inc.,Denver,CO,80202,110 16Th Street Suite 1460,5,74,ft_national; ft_prepaid; ft_fullstack; ft_fx_crypto; ft_recent_filing,51,Issuer of traveler's checks; Seller of traveler's checks; Issuer of money orders; Seller of money orders; Check casher; Money transmitter; Seller of prepaid access; Dealer in foreign exchange,0,,False,2026-07-22,False,
Fintech,90007665,Fxo Exchange,Denver,CO,80202,370 17Th St,5,74,ft_national; ft_prepaid; ft_fullstack; ft_fx_crypto; ft_recent_filing,51,Issuer of traveler's checks; Seller of traveler's checks; Issuer of money orders; Seller of money orders; Check casher; Money transmitter; Seller of prepaid access; Dealer in foreign exchange,0,Fxo Exchange,False,2026-01-11,False,
Fintech,90007682,Fyxoria Inc,Centennial,CO,80112,8085 South Chester Street,5,74,ft_national; ft_prepaid; ft_fullstack; ft_fx_crypto; ft_recent_filing,51,Issuer of traveler's checks; Seller of traveler's checks; Issuer of money orders; Seller of money orders; Check casher; Money transmitter; Seller of prepaid access; Dealer in foreign exchange,0,,False,2026-07-16,False,
Fintech,90007685,Gaea Investment Alliance Inc,San Francisco,CA,94105,250 Howard St,5,74,ft_national; ft_prepaid; ft_fullstack; ft_fx_crypto; ft_recent_filing,51,Issuer of traveler's checks; Seller of traveler's checks; Issuer of money orders; Seller of money orders; Check casher; Money transmitter; Seller of prepaid access; Dealer in foreign exchange,0,,False,2026-08-17,False,
Fintech,90007695,Gaineum International Capital Inc,Denver,CO,80203,1500 N Grant Stste R,5,74,ft_national; ft_prepaid; ft_fullstack; ft_fx_crypto; ft_recent_filing,51,Issuer of traveler's checks; Seller of traveler's checks; Issuer of money orders; Seller of money orders; Check casher; Money transmitter; Seller of prepaid access; Dealer in foreign exchange,0,,False,2026-01-15,False,
Fintech,90007696,Gainfast Exchange Inc,Denver,CO,80202,1312 17Th Street Suite 759,5,74,ft_national; ft_prepaid; ft_fullstack; ft_fx_crypto; ft_recent_filing,51,Issuer of traveler's checks; Seller of traveler's checks; Issuer of money orders; Seller of money orders; Check casher; Money transmitter; Seller of prepaid access; Dealer in foreign exchange,0,Gainfast Exchange Inc,False,2025-12-29,False,
Fintech,90007707,Galaxy Digital Group Inc,New York,NY,10282,300 Vesey St,5,74,ft_national; ft_prepaid; ft_fullstack; ft_fx_crypto; ft_recent_filing,51,Issuer of traveler's checks; Seller of traveler's checks; Issuer of money orders; Seller of money orders; Check casher; Money transmitter; Seller of prepaid access; Dealer in foreign exchange,0,Galaxy Digital Group Inc,False,2026-05-05,False,
Fintech,90007708,Galaxy Digital Group Inc.,New York,NY,10282,300 Vesey St,5,74,ft_national; ft_prepaid; ft_fullstack; ft_fx_crypto; ft_recent_filing,51,Issuer of traveler's checks; Seller of traveler's checks; Issuer of money orders; Seller of money orders; Check casher; Money transmitter; Seller of prepaid access; Dealer in foreign exchange,0,Galaxy Digital Group Inc.,False,2026-05-05,False,
Fintech,90007714,Galaxy Quant Capital Llc,Denver,CO,80202,518 17Th Street,5,74,ft_national; ft_prepaid; ft_fullstack; ft_fx_crypto; ft_recent_filing,51,Seller of traveler's checks; Issuer of money orders; Seller of money orders; Check casher; Money transmitter; Seller of prepaid access; Dealer in foreign exchange,0,,False,2026-03-14,False,
Fintech,90007715,Galaxyvault Exchange Inc,New York,NY,10065,"667 Madison Ave, New York, Ny 10065",5,74,ft_national; ft_prepaid; ft_fullstack; ft_fx_crypto; ft_recent_filing,51,Issuer of traveler's checks; Seller of traveler's checks; Issuer of money orders; Seller of money orders; Check casher; Money transmitter; Seller of prepaid access; Dealer in foreign exchange,0,,False,2025-10-14,False,
Fintech,90007747,Ganthier Axiom Institute Llc,San Jose,CA,95113,150 S Almaden Blvd,5,74,ft_national; ft_prepaid; ft_fullstack; ft_fx_crypto; ft_recent_filing,51,Seller of traveler's checks; Issuer of money orders; Seller of money orders; Check casher; Money transmitter; Seller of prepaid access; Dealer in foreign exchange,0,,False,2026-04-01,False,
Fintech,90007786,"Garcia-,Menocal/Jorge/A",Coral Gables,FL,33134,368 Minorca Avenue,5,74,ft_national; ft_prepaid; ft_fullstack; ft_fx_crypto; ft_recent_filing,51,Money transmitter; Seller of prepaid access; Dealer in foreign exchange,0,,False,2026-08-31,False,
Fintech,90007832,Gate.Io Binance Crypto Blackrock Ai Decentralized,Denver,CO,80202,518 17Th St,5,74,ft_national; ft_prepaid; ft_fullstack; ft_fx_crypto; ft_recent_filing,51,Seller of traveler's checks; Issuer of money orders; Seller of money orders; Check casher; Money transmitter; Seller of prepaid access; Dealer in foreign exchange,0,,False,2026-03-03,False,
Fintech,90007833,Gate.Io Binance Crypto Blackrock Ai Decentralized,Denver,CO,80202,518 17Th St,5,74,ft_national; ft_prepaid; ft_fullstack; ft_fx_crypto; ft_recent_filing,51,Seller of traveler's checks; Issuer of money orders; Seller of money orders; Check casher; Money transmitter; Seller of prepaid access; Dealer in foreign exchange,0,,False,2026-02-22,False,
Fintech,90007834,Gatemix Inc.,Denver,CO,80237,4601 Dtc Blvd,5,74,ft_national; ft_prepaid; ft_fullstack; ft_fx_crypto; ft_recent_filing,51,Issuer of traveler's checks; Seller of traveler's checks; Issuer of money orders; Seller of money orders; Check casher; Money transmitter; Seller of prepaid access; Dealer in foreign exchange,0,Gatemix,False,2026-05-26,False,
Fintech,90007839,Gateway Protocol Labs Inc,Denver,CO,80222,2000 S Colorado Blvd,5,74,ft_national; ft_prepaid; ft_fullstack; ft_fx_crypto; ft_recent_filing,51,Issuer of traveler's checks; Seller of traveler's checks; Issuer of money orders; Seller of money orders; Check casher; Money transmitter; Seller of prepaid access; Dealer in foreign exchange,0,,False,2026-05-12,False,
Fintech,90007843,Gat Pay Fintech Limited,Los Angeles,CA,90071,300 S Grand Ave,5,74,ft_national; ft_prepaid; ft_fullstack; ft_fx_crypto; ft_recent_filing,51,Seller of traveler's checks; Issuer of money orders; Seller of money orders; Check casher; Money transmitter; Seller of prepaid access; Dealer in foreign exchange,0,,False,2025-10-24,False,
Fintech,90007853,Gbtd Inc.,Denver,CO,80222,1805 S Bellaire St,5,74,ft_national; ft_prepaid; ft_fullstack; ft_fx_crypto; ft_recent_filing,51,Issuer of traveler's checks; Seller of traveler's checks; Issuer of money orders; Seller of money orders; Check casher; Money transmitter; Seller of prepaid access; Dealer in foreign exchange,0,Gbtd,False,2025-11-30,False,
Fintech,90007870,Geelve Wealth Circle Ltd,Ontario,CA,91762,980 W 6Th St,5,74,ft_national; ft_prepaid; ft_fullstack; ft_fx_crypto; ft_recent_filing,51,Issuer of traveler's checks; Seller of traveler's checks; Issuer of money orders; Seller of money orders; Check casher; Money transmitter; Seller of prepaid access; Dealer in foreign exchange,0,,False,2025-11-04,False,
Fintech,90007894,Genesisedge Ai Holdings Inc.,Long Beach,CA,90804,4510 E Pacific Coast Hwy,5,74,ft_national; ft_prepaid; ft_fullstack; ft_fx_crypto; ft_recent_filing,51,Issuer of traveler's checks; Seller of traveler's checks; Issuer of money orders; Seller of money orders; Check casher; Money transmitter; Seller of prepaid access; Dealer in foreign exchange,0,,False,2025-11-04,False,
Fintech,90007901,Genilus Foundation,Denver,CO,80237,7979 E Tufts Ave,5,74,ft_national; ft_prepaid; ft_fullstack; ft_fx_crypto; ft_recent_filing,51,Issuer of traveler's checks; Seller of traveler's checks; Issuer of money orders; Seller of money orders; Check casher; Money transmitter; Seller of prepaid access; Dealer in foreign exchange,0,Genilus,False,2026-03-16,False,
Fintech,90007920,Getomor Inc.,Denver,CO,80264,1660 Lincoln Street,5,74,ft_national; ft_prepaid; ft_fullstack; ft_fx_crypto; ft_recent_filing,51,Issuer of traveler's checks; Seller of traveler's checks; Issuer of money orders; Seller of money orders; Check casher; Money transmitter; Seller of prepaid access; Dealer in foreign exchange,0,Getomor Inc.,False,2026-07-30,False,
Fintech,90007930,Gfx Tech Labs Inc,Colorado Springs,CO,80918,5142 N Academy Blvd Unit 4180,5,74,ft_national; ft_prepaid; ft_fullstack; ft_fx_crypto; ft_recent_filing,51,Issuer of traveler's checks; Seller of traveler's checks; Issuer of money orders; Seller of money orders; Check casher; Money transmitter; Seller of prepaid access; Dealer in foreign exchange,0,,False,2025-12-10,False,
Fintech,90007940,Ghf Trade Llc,Sheridan,WY,82801,30 N Gould St Ste 36511,5,74,ft_national; ft_prepaid; ft_fullstack; ft_fx_crypto; ft_recent_filing,51,Seller of money orders; Check casher; Money transmitter; Seller of prepaid access; Dealer in foreign exchange,0,,False,2026-05-21,False,
Fintech,90007954,Giant Whale Quantitative Ltd,San Jose,CA,95113,"84 W Santa Clara St, San Jose, Ca 95113 Usa",5,74,ft_national; ft_prepaid; ft_fullstack; ft_fx_crypto; ft_recent_filing,51,Issuer of traveler's checks; Seller of traveler's checks; Issuer of money orders; Seller of money orders; Check casher; Money transmitter; Seller of prepaid access; Dealer in foreign exchange,0,,False,2026-07-27,False,
Fintech,90007978,Girder Global Inc,Denver,CO,80203,1500 N Grant St #6012,5,74,ft_national; ft_prepaid; ft_fullstack; ft_fx_crypto; ft_recent_filing,51,Issuer of traveler's checks; Seller of traveler's checks; Issuer of money orders; Seller of money orders; Check casher; Money transmitter; Seller of prepaid access; Dealer in foreign exchange,0,,False,2026-03-25,False,
Fintech,90008028,Global Asset Chain Inc.,Denver,CO,80202,1521 Blake St Ste 47009,5,74,ft_national; ft_prepaid; ft_fullstack; ft_fx_crypto; ft_recent_filing,51,Issuer of traveler's checks; Seller of traveler's checks; Issuer of money orders; Seller of money orders; Check casher; Money transmitter; Seller of prepaid access; Dealer in foreign exchange,0,Global Asset Chain Inc.,False,2026-01-07,False,
Fintech,90008030,Global Blockchain Trading Center Inc,Los Angeles,CA,90017,707 Wilshire Blvd,5,74,ft_national; ft_prepaid; ft_fullstack; ft_fx_crypto; ft_recent_filing,51,Issuer of traveler's checks; Seller of traveler's checks; Issuer of money orders; Seller of money orders; Check casher; Money transmitter; Seller of prepaid access; Dealer in foreign exchange,0,,False,2026-04-20,False,
Fintech,90008053,Global Eco Ranch Inc.,New York,NY,10118,"Empire State Building 350 5Th Avenue, New York, Ny, 10118, Usa",5,74,ft_national; ft_prepaid; ft_fullstack; ft_fx_crypto; ft_recent_filing,51,Issuer of traveler's checks; Seller of traveler's checks; Issuer of money orders; Seller of money orders; Check casher; Money transmitter; Seller of prepaid access; Dealer in foreign exchange,0,,False,2026-09-04,False,
Fintech,90008071,"Global Herbal Blockchain Research Center, Llc","Salt Lake City,",UT,84101,"50 W Broadway Ste 1200,",5,74,ft_national; ft_prepaid; ft_fullstack; ft_fx_crypto; ft_recent_filing,51,Issuer of traveler's checks; Seller of traveler's checks; Issuer of money orders; Seller of money orders; Check casher; Money transmitter; Seller of prepaid access; Dealer in foreign exchange,0,,False,2026-03-02,False,
Fintech,90008114,Global Wealth Freedom Inc.,"Seattle, Wa",WA,981042246,600 1St Ave Ste 330 # 78258,5,74,ft_national; ft_prepaid; ft_fullstack; ft_fx_crypto; ft_recent_filing,51,Issuer of traveler's checks; Seller of traveler's checks; Issuer of money orders; Seller of money orders; Check casher; Money transmitter; Seller of prepaid access; Dealer in foreign exchange,0,,False,2026-01-07,False,
Fintech,90008117,Globbs.Com,San Francisco,CA,94104,1 Sansome St Ste 2000,5,74,ft_national; ft_prepaid; ft_fullstack; ft_fx_crypto; ft_recent_filing,51,Seller of traveler's checks; Issuer of money orders; Seller of money orders; Check casher; Money transmitter; Seller of prepaid access; Dealer in foreign exchange,0,,False,2026-08-30,False,
Fintech,90008135,Glory Financial Service Llc,"Wayne, Pa 19087-2050",PA,190872050,746 Upper Gulph Rd,5,74,ft_national; ft_prepaid; ft_fullstack; ft_fx_crypto; ft_recent_filing,51,Issuer of traveler's checks; Seller of traveler's checks; Issuer of money orders; Seller of money orders; Check casher; Money transmitter; Seller of prepaid access; Dealer in foreign exchange,0,,False,2025-11-19,False,
Fintech,90008170,Gold Chain Inc,Denver,CO,80203,1500 N Grant St Ste R,5,74,ft_national; ft_prepaid; ft_fullstack; ft_fx_crypto; ft_recent_filing,51,Issuer of traveler's checks; Seller of traveler's checks; Issuer of money orders; Seller of money orders; Check casher; Money transmitter; Seller of prepaid access; Dealer in foreign exchange,0,,False,2026-04-20,False,
Fintech,90008174,Goldenbridge Asset Group Inc.,New York,NY,10019,152 W 57Th St,5,74,ft_national; ft_prepaid; ft_fullstack; ft_fx_crypto; ft_recent_filing,51,Issuer of traveler's checks; Seller of traveler's checks; Issuer of money orders; Seller of money orders; Check casher; Money transmitter; Seller of prepaid access; Dealer in foreign exchange,0,Goldenbridge Asset Group,False,2026-01-31,False,
Fintech,90008175,Golden Bridge Global Foundation,Denver,CO,80202,1521 Blake St Ste 47010,5,74,ft_national; ft_prepaid; ft_fullstack; ft_fx_crypto; ft_recent_filing,51,Issuer of traveler's checks; Seller of traveler's checks; Issuer of money orders; Seller of money orders; Check casher; Money transmitter; Seller of prepaid access; Dealer in foreign exchange,0,Golden Bridge Global Foundation,False,2025-11-06,False,
Fintech,90008189,Golden Peacock Inc,Denver,CO,80203,"1500 N Grant St, Ste R,",5,74,ft_national; ft_prepaid; ft_fullstack; ft_fx_crypto; ft_recent_filing,51,Issuer of traveler's checks; Seller of traveler's checks; Issuer of money orders; Seller of money orders; Check casher; Money transmitter; Seller of prepaid access; Dealer in foreign exchange,0,,False,2026-08-04,False,
Fintech,90008197,Goldhenge Inc.,Denver,CO,80202,1099 18Th St,5,74,ft_national; ft_prepaid; ft_fullstack; ft_fx_crypto; ft_recent_filing,51,Issuer of traveler's checks; Seller of traveler's checks; Issuer of money orders; Seller of money orders; Check casher; Money transmitter; Seller of prepaid access; Dealer in foreign exchange,0,,False,2026-07-19,False,
Fintech,90008213,Gold Token Inc.,Lexington,KY,40507,333 W Vine St,5,74,ft_national; ft_prepaid; ft_fullstack; ft_fx_crypto; ft_recent_filing,51,Issuer of traveler's checks; Seller of traveler's checks; Issuer of money orders; Seller of money orders; Check casher; Money transmitter; Seller of prepaid access; Dealer in foreign exchange,0,Gold Token Inc.,False,2026-08-14,False,
Fintech,90008290,Googol Nexus Foundation Inc,Denver,CO,80203,1500 N Grant St Ste R,5,74,ft_national; ft_prepaid; ft_fullstack; ft_fx_crypto; ft_recent_filing,51,Issuer of traveler's checks; Seller of traveler's checks; Issuer of money orders; Seller of money orders; Check casher; Money transmitter; Seller of prepaid access; Dealer in foreign exchange,0,,False,2026-04-09,False,
Fintech,90008308,Gotrade Inc,Denver,CO,80203,1500 N Grant Street Ste 5010,5,74,ft_national; ft_prepaid; ft_fullstack; ft_fx_crypto; ft_recent_filing,51,Issuer of traveler's checks; Seller of traveler's checks; Issuer of money orders; Seller of money orders; Check casher; Money transmitter; Seller of prepaid access; Dealer in foreign exchange,0,,False,2026-01-07,False,
Fintech,90008325,Gpone Technologies Inc,Denver,CO,80202,"1670 Broadway, Denver, Co 80202",5,74,ft_national; ft_prepaid; ft_fullstack; ft_fx_crypto; ft_recent_filing,51,Issuer of traveler's checks; Seller of traveler's checks; Issuer of money orders; Seller of money orders; Check casher; Money transmitter; Seller of prepaid access; Dealer in foreign exchange,0,,False,2026-09-15,False,
Fintech,90008376,Great Wisdom Ai Inc,Denver,CO,80211,"1500 N Grant St Ste R, Denver, Co 80203, Us",5,74,ft_national; ft_prepaid; ft_fullstack; ft_fx_crypto; ft_recent_filing,51,Issuer of traveler's checks; Seller of traveler's checks; Issuer of money orders; Seller of money orders; Check casher; Money transmitter; Seller of prepaid access; Dealer in foreign exchange,0,,False,2026-02-06,False,
Fintech,90008377,Grecbex Technology Ltd,New York,NY,10065,277 Park Ave,5,74,ft_national; ft_prepaid; ft_fullstack; ft_fx_crypto; ft_recent_filing,51,Issuer of traveler's checks; Seller of traveler's checks; Issuer of money orders; Seller of money orders; Check casher; Money transmitter; Seller of prepaid access; Dealer in foreign exchange,0,,False,2025-10-17,False,
Fintech,90008384,Green Financial Pasture Management Inc.,Denver,CO,80203,1700 Lincoln St,5,74,ft_national; ft_prepaid; ft_fullstack; ft_fx_crypto; ft_recent_filing,51,Issuer of traveler's checks; Seller of traveler's checks; Issuer of money orders; Seller of money orders; Check casher; Money transmitter; Seller of prepaid access; Dealer in foreign exchange,0,Green Financial Pasture Management,False,2026-02-08,False,
Fintech,90008395,Green Shore Capital,Denver,CO,80202,"1312 17Th Street Suite 899,",5,74,ft_national; ft_prepaid; ft_fullstack; ft_fx_crypto; ft_recent_filing,51,Money transmitter; Seller of prepaid access; Dealer in foreign exchange,1,,False,2025-11-14,False,
Fintech,90008396,Green Universe Technology Group Inc,Laverne,CA,91750,1502 Foothill Blvd,5,74,ft_national; ft_prepaid; ft_fullstack; ft_fx_crypto; ft_recent_filing,51,Issuer of traveler's checks; Seller of traveler's checks; Issuer of money orders; Seller of money orders; Check casher; Money transmitter; Seller of prepaid access; Dealer in foreign exchange,0,,False,2026-01-09,False,
Fintech,90008404,Greluna Tech Ltd,San Francisco,CA,94105,101 Second Street,5,74,ft_national; ft_prepaid; ft_fullstack; ft_fx_crypto; ft_recent_filing,51,Issuer of traveler's checks; Seller of traveler's checks; Issuer of money orders; Seller of money orders; Check casher; Money transmitter; Seller of prepaid access; Dealer in foreign exchange,0,,False,2025-11-04,False,
Fintech,90008433,Groupe Evermont,Denver,CO,80202,555 17Th St,5,74,ft_national; ft_prepaid; ft_fullstack; ft_fx_crypto; ft_recent_filing,51,Seller of traveler's checks; Issuer of money orders; Seller of money orders; Check casher; Money transmitter; Seller of prepaid access; Dealer in foreign exchange,0,,False,2026-07-29,False,
Fintech,90008443,Gryvant Inc,New York,NY,10007,"22 Cortlandt St, New York, Ny 10007  Usa",5,74,ft_national; ft_prepaid; ft_fullstack; ft_fx_crypto; ft_recent_filing,51,Issuer of traveler's checks; Seller of traveler's checks; Issuer of money orders; Seller of money orders; Check casher; Money transmitter; Seller of prepaid access; Dealer in foreign exchange,0,,False,2025-12-15,False,
Fintech,90008456,Gs Strategic Capital Partners Llc,Denver,CO,80202,1900 Lawrence St,5,74,ft_national; ft_prepaid; ft_fullstack; ft_fx_crypto; ft_recent_filing,51,Seller of traveler's checks; Issuer of money orders; Seller of money orders; Check casher; Money transmitter; Seller of prepaid access; Dealer in foreign exchange,0,,False,2026-07-16,False,
Fintech,90008551,Gulfx Exchange Investment Company,New York,NY,10005,63 Wall St,5,74,ft_national; ft_prepaid; ft_fullstack; ft_fx_crypto; ft_recent_filing,51,Issuer of traveler's checks; Seller of traveler's checks; Issuer of money orders; Seller of money orders; Check casher; Money transmitter; Seller of prepaid access; Dealer in foreign exchange,0,Gulfx Exchange Investment Company,False,2026-03-26,False,
Fintech,90008592,Gwkx Capital Llc,Denver,CO,80202,707 17Th Street,5,74,ft_national; ft_prepaid; ft_fullstack; ft_fx_crypto; ft_recent_filing,51,Seller of traveler's checks; Issuer of money orders; Seller of money orders; Check casher; Money transmitter; Seller of prepaid access; Dealer in foreign exchange,0,,False,2026-06-12,False,
Fintech,90008597,Gyalo Trade Inc,Denvor,CO,80202,518 17Th St,5,74,ft_national; ft_prepaid; ft_fullstack; ft_fx_crypto; ft_recent_filing,51,Issuer of traveler's checks; Seller of traveler's checks; Issuer of money orders; Seller of money orders; Check casher; Money transmitter; Seller of prepaid access; Dealer in foreign exchange,0,,False,2026-03-04,False,
Fintech,90008613,Habs Foundation,Aurora,CO,80014,"2821 S Parker Rd #307, Aurora, Co 80014",5,74,ft_national; ft_prepaid; ft_fullstack; ft_fx_crypto; ft_recent_filing,51,Issuer of traveler's checks; Seller of traveler's checks; Issuer of money orders; Seller of money orders; Check casher; Money transmitter; Seller of prepaid access; Dealer in foreign exchange,0,,False,2025-11-14,False,
Fintech,90008638,Haiyu Capital Foundation Inc,Denver,CO,80202,1670 Broadway,5,74,ft_national; ft_prepaid; ft_fullstack; ft_fx_crypto; ft_recent_filing,51,Seller of traveler's checks; Issuer of money orders; Seller of money orders; Check casher; Money transmitter; Seller of prepaid access; Dealer in foreign exchange,0,,False,2026-05-09,False,
Fintech,90008673,Hanfry,Denver,CO,80203,1775 Sherman St,5,74,ft_national; ft_prepaid; ft_fullstack; ft_fx_crypto; ft_recent_filing,51,Issuer of traveler's checks; Seller of traveler's checks; Issuer of money orders; Seller of money orders; Check casher; Money transmitter; Seller of prepaid access; Dealer in foreign exchange,0,,False,2026-06-08,False,
Fintech,90008690,Happypay Inc,Denver,CO,80202,1312 17Th St Ste 600,5,74,ft_national; ft_prepaid; ft_fullstack; ft_fx_crypto; ft_recent_filing,51,Issuer of traveler's checks; Seller of traveler's checks; Issuer of money orders; Seller of money orders; Check casher; Money transmitter; Seller of prepaid access; Dealer in foreign exchange,0,,False,2026-05-12,False,
Fintech,90008712,Harmony & Prosperity For All Inc,Denver,CO,80202,"110 16Th Street, Suite 1460",5,74,ft_national; ft_prepaid; ft_fullstack; ft_fx_crypto; ft_recent_filing,51,Issuer of traveler's checks; Seller of traveler's checks; Issuer of money orders; Seller of money orders; Check casher; Money transmitter; Seller of prepaid access; Dealer in foreign exchange,0,,False,2025-12-02,False,
Fintech,90008723,Harwardia Instituta Of Quant Llc,Denver,CO,80203,1900 N Grant St,5,74,ft_national; ft_prepaid; ft_fullstack; ft_fx_crypto; ft_recent_filing,51,Seller of traveler's checks; Issuer of money orders; Seller of money orders; Check casher; Money transmitter; Seller of prepaid access; Dealer in foreign exchange,0,,False,2026-03-31,False,
Fintech,90008727,Hashcash Consultants Llc,Palo Alto,CA,94303,"2100 Geng Road, , Ca,",5,74,ft_national; ft_prepaid; ft_fullstack; ft_fx_crypto; ft_recent_filing,51,Issuer of traveler's checks; Seller of traveler's checks; Issuer of money orders; Seller of money orders; Check casher; Money transmitter; Seller of prepaid access; Dealer in foreign exchange,0,,False,2026-01-13,False,
Fintech,90008734,Hashwhale Llc,Cheyenne,WY,82001,525 Randall Ave #536,5,74,ft_national; ft_prepaid; ft_fullstack; ft_fx_crypto; ft_recent_filing,51,Issuer of traveler's checks; Seller of traveler's checks; Issuer of money orders; Seller of money orders; Check casher; Money transmitter; Seller of prepaid access; Dealer in foreign exchange,0,,False,2026-06-25,False,
Fintech,90008756,Hbmhcw Global Ltd.,Elizabethtown,KY,42701,207 Towne Dr,5,74,ft_national; ft_prepaid; ft_fullstack; ft_fx_crypto; ft_recent_filing,51,Issuer of traveler's checks; Seller of traveler's checks; Issuer of money orders; Seller of money orders; Check casher; Money transmitter; Seller of prepaid access; Dealer in foreign exchange,0,Hbmhcw Global Ltd.,False,2026-02-02,False,
Fintech,90008758,Hc Consultants Corp,Hayward,CA,94544,28747 Vista Grande Dr,5,74,ft_national; ft_prepaid; ft_fullstack; ft_fx_crypto; ft_recent_filing,51,Issuer of traveler's checks; Seller of traveler's checks; Issuer of money orders; Seller of money orders; Check casher; Money transmitter; Seller of prepaid access; Dealer in foreign exchange,0,,False,2026-03-17,False,
Fintech,90008759,Hcg Coinhub Inc,Denver,CO,80202,370 17Th St,5,74,ft_national; ft_prepaid; ft_fullstack; ft_fx_crypto; ft_recent_filing,51,Issuer of traveler's checks; Seller of traveler's checks; Issuer of money orders; Seller of money orders; Check casher; Money transmitter; Seller of prepaid access; Dealer in foreign exchange,0,Hcg Coinhub Inc,False,2026-01-04,False,
Fintech,90008760,Hcxz Internet Technology Inc,New York,NY,10036,5 Times Sq,5,74,ft_national; ft_prepaid; ft_fullstack; ft_fx_crypto; ft_recent_filing,51,Seller of traveler's checks; Issuer of money orders; Seller of money orders; Check casher; Money transmitter; Seller of prepaid access; Dealer in foreign exchange,0,,False,2026-02-08,False,
Fintech,90008778,Hedgerx Inc.,Leadville,CO,80461,518 Harrison Ave Unit 2019,5,74,ft_national; ft_prepaid; ft_fullstack; ft_fx_crypto; ft_recent_filing,51,Issuer of traveler's checks; Seller of traveler's checks; Issuer of money orders; Seller of money orders; Check casher; Money transmitter; Seller of prepaid access; Dealer in foreign exchange,0,,False,2026-03-01,False,
Fintech,90008798,Hengce Wisdom Foundation,Denver,CO,80203,"1500 N Grant St Ste R, Denver, Co 80203, Us",5,74,ft_national; ft_prepaid; ft_fullstack; ft_fx_crypto; ft_recent_filing,51,Issuer of traveler's checks; Seller of traveler's checks; Issuer of money orders; Seller of money orders; Check casher; Money transmitter; Seller of prepaid access; Dealer in foreign exchange,0,,False,2026-08-04,False,
Fintech,90008825,Hermes Foundation,Denver,CO,80202,1630 Welton Street,5,74,ft_national; ft_prepaid; ft_fullstack; ft_fx_crypto; ft_recent_filing,51,Issuer of traveler's checks; Seller of traveler's checks; Issuer of money orders; Seller of money orders; Check casher; Money transmitter; Seller of prepaid access; Dealer in foreign exchange,0,,False,2025-12-16,False,
Fintech,90008898,Hesai Group Inc,Denver,CO,80202,1521 Blake St Ste 47009,5,74,ft_national; ft_prepaid; ft_fullstack; ft_fx_crypto; ft_recent_filing,51,Issuer of traveler's checks; Seller of traveler's checks; Issuer of money orders; Seller of money orders; Check casher; Money transmitter; Seller of prepaid access; Dealer in foreign exchange,0,Hesai Group Inc,False,2025-12-23,False,
Fintech,90008940,Hightitan Digital Asset Exchange Inc,Jersey City,NJ,'07302,10 Exchange Place,5,74,ft_national; ft_prepaid; ft_fullstack; ft_fx_crypto; ft_recent_filing,51,Issuer of traveler's checks; Seller of traveler's checks; Issuer of money orders; Seller of money orders; Check casher; Money transmitter; Seller of prepaid access; Dealer in foreign exchange,0,,False,2025-10-30,False,
Fintech,90008975,Hippo Cultural Media Inc.,Denver,CO,80231,"10200 E Girard Ave, Denver, Co",5,74,ft_national; ft_prepaid; ft_fullstack; ft_fx_crypto; ft_recent_filing,51,Issuer of traveler's checks; Seller of traveler's checks; Issuer of money orders; Seller of money orders; Check casher; Money transmitter; Seller of prepaid access; Dealer in foreign exchange,0,Hippo Cultural Media Inc.,False,2026-02-07,False,
Fintech,90008997,Hivenetwork Tech Inc,Denver,CO,80203,1500 N Grant St Ste R,5,74,ft_national; ft_prepaid; ft_fullstack; ft_fx_crypto; ft_recent_filing,51,Issuer of traveler's checks; Seller of traveler's checks; Issuer of money orders; Seller of money orders; Check casher; Money transmitter; Seller of prepaid access; Dealer in foreign exchange,0,,False,2025-11-05,False,
Fintech,90009003,Hkd Ai Inc.,Denver,CO,80202,1601 19Th St,5,74,ft_national; ft_prepaid; ft_fullstack; ft_fx_crypto; ft_recent_filing,51,Issuer of traveler's checks; Seller of traveler's checks; Issuer of money orders; Seller of money orders; Check casher; Money transmitter; Seller of prepaid access; Dealer in foreign exchange,0,Hkd Ai,False,2026-04-19,False,
Fintech,90009006,Hkexrwa,Denver,CO,80203,1777 Lincoln St,5,74,ft_national; ft_prepaid; ft_fullstack; ft_fx_crypto; ft_recent_filing,51,Issuer of traveler's checks; Seller of traveler's checks; Issuer of money orders; Seller of money orders; Check casher; Money transmitter; Seller of prepaid access; Dealer in foreign exchange,0,,False,2025-10-19,False,
Fintech,90009007,Hkpay Services Limited,Walnut,CA,91789,"1471 S Lemon Ave Walnut, Ca 91789",5,74,ft_national; ft_prepaid; ft_fullstack; ft_fx_crypto; ft_recent_filing,51,Issuer of traveler's checks; Seller of traveler's checks; Issuer of money orders; Seller of money orders; Check casher; Money transmitter; Seller of prepaid access; Dealer in foreign exchange,0,,False,2026-07-21,False,
Fintech,90009027,Hnzllq Global  Ltd,Louisville,KY,40291,6844 Bardstown Rd Suite 779,5,74,ft_national; ft_prepaid; ft_fullstack; ft_fx_crypto; ft_recent_filing,51,Issuer of traveler's checks; Seller of traveler's checks; Issuer of money orders; Seller of money orders; Check casher; Money transmitter; Seller of prepaid access; Dealer in foreign exchange,0,Hnzllq Global  Ltd,False,2025-10-07,False,
Fintech,90009042,Holiday Ranch Investment Management Inc.,Highlands Ranch,CO,80129,1745 Shea Center Dr,5,74,ft_national; ft_prepaid; ft_fullstack; ft_fx_crypto; ft_recent_filing,51,Issuer of traveler's checks; Seller of traveler's checks; Issuer of money orders; Seller of money orders; Check casher; Money transmitter; Seller of prepaid access; Dealer in foreign exchange,0,Holiday Ranch Investment Management,False,2026-02-08,False,
Fintech,90009062,Hongguo Ip Exchange Inc/Kangran,Dover,DE,19901,8 The Green # 5538,5,74,ft_national; ft_prepaid; ft_fullstack; ft_fx_crypto; ft_recent_filing,51,Seller of traveler's checks; Issuer of money orders; Seller of money orders; Check casher; Money transmitter; Seller of prepaid access; Dealer in foreign exchange,0,,False,2026-01-20,False,
Fintech,90009085,Hope Bridge Llc,Biloxi,MS,39531,296 Beauvoir Rd,5,74,ft_national; ft_prepaid; ft_fullstack; ft_fx_crypto; ft_recent_filing,51,Issuer of traveler's checks; Seller of traveler's checks; Issuer of money orders; Seller of money orders; Check casher; Money transmitter; Seller of prepaid access; Dealer in foreign exchange,0,,False,2025-12-21,False,
Fintech,90009096,Horizon Crest Capital Inc.,New York,NY,10282,300 Vesey St,5,74,ft_national; ft_prepaid; ft_fullstack; ft_fx_crypto; ft_recent_filing,51,Issuer of traveler's checks; Seller of traveler's checks; Issuer of money orders; Seller of money orders; Check casher; Money transmitter; Seller of prepaid access; Dealer in foreign exchange,0,Horizon Crest Capital Inc.,False,2026-09-28,False,
Fintech,90009102,Hotai Securities Inc,Dover,DE,19901,8 The Green Ste A,5,74,ft_national; ft_prepaid; ft_fullstack; ft_fx_crypto; ft_recent_filing,51,Seller of traveler's checks; Issuer of money orders; Seller of money orders; Check casher; Money transmitter; Seller of prepaid access; Dealer in foreign exchange,0,,False,2026-05-06,False,
Fintech,90009103,Hotbitc Technology Inc,Denver,CO,80202,"1099 18Th Street, Denver, Co 80202, United States",5,74,ft_national; ft_prepaid; ft_fullstack; ft_fx_crypto; ft_recent_filing,51,Issuer of traveler's checks; Seller of traveler's checks; Issuer of money orders; Seller of money orders; Check casher; Money transmitter; Seller of prepaid access; Dealer in foreign exchange,0,,False,2026-07-14,False,
Fintech,90009111,Hpedbit Inc.,Santa Ana,CA,92705,1851 E 1St St,5,74,ft_national; ft_prepaid; ft_fullstack; ft_fx_crypto; ft_recent_filing,51,Issuer of traveler's checks; Seller of traveler's checks; Issuer of money orders; Seller of money orders; Check casher; Money transmitter; Seller of prepaid access; Dealer in foreign exchange,0,,False,2025-10-30,False,
Fintech,90009113,Hqi Gold Exchange Inc,Denver,CO,80290,1777 Lincoln St,5,74,ft_national; ft_prepaid; ft_fullstack; ft_fx_crypto; ft_recent_filing,51,Issuer of traveler's checks; Seller of traveler's checks; Issuer of money orders; Seller of money orders; Check casher; Money transmitter; Seller of prepaid access; Dealer in foreign exchange,0,Hqi Gold Exchange Inc,False,2026-03-17,False,
Fintech,90009115,Hrdt Finance Llc,Kalispell,MT,59901,"1001 S Main St, Ste 49",5,74,ft_national; ft_prepaid; ft_fullstack; ft_fx_crypto; ft_recent_filing,51,Issuer of traveler's checks; Seller of traveler's checks; Issuer of money orders; Seller of money orders; Check casher; Money transmitter; Seller of prepaid access; Dealer in foreign exchange,0,,False,2026-04-21,False,
Fintech,90009122,Huacheng Club Private Equity Fundation Inc,Denver,CO,80202,1521 Blake St Ste 47009,5,74,ft_national; ft_prepaid; ft_fullstack; ft_fx_crypto; ft_recent_filing,51,Issuer of traveler's checks; Seller of traveler's checks; Issuer of money orders; Seller of money orders; Check casher; Money transmitter; Seller of prepaid access; Dealer in foreign exchange,0,Huacheng Club Private Equity Fundation Inc,False,2026-02-27,False,
Fintech,90009123,Hualian Global Asset Allocation Inc,Colorado Springs,CO,80906,6510 S Academy Blvd Ste A 642,5,74,ft_national; ft_prepaid; ft_fullstack; ft_fx_crypto; ft_recent_filing,51,Issuer of traveler's checks; Seller of traveler's checks; Issuer of money orders; Seller of money orders; Check casher; Money transmitter; Seller of prepaid access; Dealer in foreign exchange,0,,False,2026-06-01,False,
Fintech,90009130,Huarong Co-Creation Investment Group Inc,Seattle,WA,98101,1201 3Rd Ave,5,74,ft_national; ft_prepaid; ft_fullstack; ft_fx_crypto; ft_recent_filing,51,Seller of traveler's checks; Issuer of money orders; Seller of money orders; Check casher; Money transmitter; Seller of prepaid access; Dealer in foreign exchange,0,,False,2026-01-27,False,
Fintech,90009148,Humainnadir Inc.,New York,NY,10005,75 Wall St,5,74,ft_national; ft_prepaid; ft_fullstack; ft_fx_crypto; ft_recent_filing,51,Issuer of traveler's checks; Seller of traveler's checks; Issuer of money orders; Seller of money orders; Check casher; Money transmitter; Seller of prepaid access; Dealer in foreign exchange,0,Humainnadir Inc.,False,2026-07-06,False,
Fintech,90009159,Huobi Foundation,Denver,CO,80202,1600 N Broadway,5,74,ft_national; ft_prepaid; ft_fullstack; ft_fx_crypto; ft_recent_filing,51,Issuer of traveler's checks; Seller of traveler's checks; Issuer of money orders; Seller of money orders; Check casher; Money transmitter; Seller of prepaid access; Dealer in foreign exchange,0,,False,2026-03-23,False,
Fintech,90009173,Hut Foundation,Denver,CO,80202,1001 17Th St,5,74,ft_national; ft_prepaid; ft_fullstack; ft_fx_crypto; ft_recent_filing,51,Seller of traveler's checks; Issuer of money orders; Seller of money orders; Check casher; Money transmitter; Seller of prepaid access; Dealer in foreign exchange,0,,False,2026-05-22,False,
Fintech,90009192,Hyper Ai Forecast Llc,Denver,CO,80211,"1500 N Grant St Ste R, Denver, Co 80203, Us",5,74,ft_national; ft_prepaid; ft_fullstack; ft_fx_crypto; ft_recent_filing,51,Issuer of traveler's checks; Seller of traveler's checks; Issuer of money orders; Seller of money orders; Check casher; Money transmitter; Seller of prepaid access; Dealer in foreign exchange,0,,False,2026-06-23,False,
Fintech,90009198,Hyxcel Asset Management Inc.,Denver,CO,80202,"One Tabor Center, 1200 17Th St",5,74,ft_national; ft_prepaid; ft_fullstack; ft_fx_crypto; ft_recent_filing,51,Issuer of traveler's checks; Seller of traveler's checks; Issuer of money orders; Seller of money orders; Check casher; Money transmitter; Seller of prepaid access; Dealer in foreign exchange,0,,False,2025-11-04,False,
Fintech,90009219,Ibimex Inc,Denver,CO,80203,1500 N Grant St Ste R,5,74,ft_national; ft_prepaid; ft_fullstack; ft_fx_crypto; ft_recent_filing,51,Issuer of traveler's checks; Seller of traveler's checks; Issuer of money orders; Seller of money orders; Check casher; Money transmitter; Seller of prepaid access; Dealer in foreign exchange,0,,False,2026-03-23,False,
Fintech,90009229,Ib Tech Ltd,San Francisco,CA,94105,415 Mission St,5,74,ft_national; ft_prepaid; ft_fullstack; ft_fx_crypto; ft_recent_filing,51,Seller of traveler's checks; Issuer of money orders; Seller of money orders; Check casher; Money transmitter; Seller of prepaid access; Dealer in foreign exchange,0,,False,2026-02-09,False,
Fintech,90009260,Idn Technology Group Inc,Las Vegas,NV,89101,"732 S 6Th St, Ste R",5,74,ft_national; ft_prepaid; ft_fullstack; ft_fx_crypto; ft_recent_filing,51,Issuer of traveler's checks; Seller of traveler's checks; Issuer of money orders; Seller of money orders; Check casher; Money transmitter; Seller of prepaid access; Dealer in foreign exchange,0,,False,2026-07-02,False,
Fintech,90009261,Idom Capital Inc,New York,NY,10021,954 Lexington Ave Suite 2010,5,74,ft_national; ft_prepaid; ft_fullstack; ft_fx_crypto; ft_recent_filing,51,Issuer of traveler's checks; Seller of traveler's checks; Issuer of money orders; Seller of money orders; Check casher; Money transmitter; Seller of prepaid access; Dealer in foreign exchange,0,,False,2026-05-06,False,
Fintech,90009273,Ignitex Labs Inc,Denver,CO,80203,1500 N Grant St Ste R,5,74,ft_national; ft_prepaid; ft_fullstack; ft_fx_crypto; ft_recent_filing,51,Issuer of traveler's checks; Seller of traveler's checks; Issuer of money orders; Seller of money orders; Check casher; Money transmitter; Seller of prepaid access; Dealer in foreign exchange,0,,False,2026-07-28,False,
Fintech,90009277,Ihuige Inc.,New York,NY,10065,"667 Madison Ave, New York, Ny 10065",5,74,ft_national; ft_prepaid; ft_fullstack; ft_fx_crypto; ft_recent_filing,51,Issuer of traveler's checks; Seller of traveler's checks; Issuer of money orders; Seller of money orders; Check casher; Money transmitter; Seller of prepaid access; Dealer in foreign exchange,0,,False,2026-07-21,False,
Fintech,90009286,Ilivepay Payment Company Inc,Aurora,CO,80014,3190 S Vaughn Way Suit 550,5,74,ft_national; ft_prepaid; ft_fullstack; ft_fx_crypto; ft_recent_filing,51,Issuer of traveler's checks; Seller of traveler's checks; Issuer of money orders; Seller of money orders; Check casher; Money transmitter; Seller of prepaid access; Dealer in foreign exchange,0,,False,2025-12-22,False,
Fintech,90009318,Imtoken Inc,New York,NY,10004,"85 Broad St, New York, Ny 10004",5,74,ft_national; ft_prepaid; ft_fullstack; ft_fx_crypto; ft_recent_filing,51,Issuer of traveler's checks; Seller of traveler's checks; Issuer of money orders; Seller of money orders; Check casher; Money transmitter; Seller of prepaid access; Dealer in foreign exchange,0,,False,2026-02-08,False,
Fintech,90009334,Incredible Hindi Ltd,Kent,DE,19901,"8 The Green, Ste A",5,74,ft_national; ft_prepaid; ft_fullstack; ft_fx_crypto; ft_recent_filing,51,Seller of traveler's checks; Issuer of money orders; Seller of money orders; Check casher; Money transmitter; Seller of prepaid access; Dealer in foreign exchange,0,,False,2026-01-24,False,
Fintech,90009361,Inningz Wealth Circle Ltd,Los Angeles,CA,90013,963 E 4Th St,5,74,ft_national; ft_prepaid; ft_fullstack; ft_fx_crypto; ft_recent_filing,51,Issuer of traveler's checks; Seller of traveler's checks; Issuer of money orders; Seller of money orders; Check casher; Money transmitter; Seller of prepaid access; Dealer in foreign exchange,0,,False,2025-11-04,False,
Fintech,90009392,Instant Pay Llc,Kalispell,MT,59901,1001 S Main St Ste 49,5,74,ft_national; ft_prepaid; ft_fullstack; ft_fx_crypto; ft_recent_filing,51,Issuer of traveler's checks; Seller of traveler's checks; Issuer of money orders; Seller of money orders; Check casher; Money transmitter; Seller of prepaid access; Dealer in foreign exchange,0,,False,2025-11-05,False,
Fintech,90009441,International New Media Technology Inc.,Denver,CO,80202,950 17Th St,5,74,ft_national; ft_prepaid; ft_fullstack; ft_fx_crypto; ft_recent_filing,51,Issuer of traveler's checks; Seller of traveler's checks; Issuer of money orders; Seller of money orders; Check casher; Money transmitter; Seller of prepaid access; Dealer in foreign exchange,0,,False,2025-10-16,False,
Fintech,90009450,Interstellar Exchange,Los Angeles,CA,90039,3154 Glendale Blvd Suite 1097,5,74,ft_national; ft_prepaid; ft_fullstack; ft_fx_crypto; ft_recent_filing,51,Issuer of traveler's checks; Seller of traveler's checks; Issuer of money orders; Seller of money orders; Check casher; Money transmitter; Seller of prepaid access; Dealer in foreign exchange,0,,False,2025-11-25,False,
Fintech,90009478,Iodj Digital Asset Hub Inc,Los Angeles,CA,90071,355 South Grand Avenue,5,74,ft_national; ft_prepaid; ft_fullstack; ft_fx_crypto; ft_recent_filing,51,Issuer of traveler's checks; Seller of traveler's checks; Issuer of money orders; Seller of money orders; Check casher; Money transmitter; Seller of prepaid access; Dealer in foreign exchange,0,,False,2025-11-24,False,
Fintech,90009481,Ionic Inc,Boulder,CO,80302,"2525 Arapahoe Ave, Ste E4 #1155, Boulder, Co 80302, Us",5,74,ft_national; ft_prepaid; ft_fullstack; ft_fx_crypto; ft_recent_filing,51,Issuer of traveler's checks; Seller of traveler's checks; Issuer of money orders; Seller of money orders; Check casher; Money transmitter; Seller of prepaid access; Dealer in foreign exchange,0,Ionic Inc,False,2026-04-02,False,
Fintech,90009484,Ipaygo Inc,Colorado Springs,CO,80906,6510 S Academy Blvd Ste A 642,5,74,ft_national; ft_prepaid; ft_fullstack; ft_fx_crypto; ft_recent_filing,51,Issuer of traveler's checks; Seller of traveler's checks; Issuer of money orders; Seller of money orders; Check casher; Money transmitter; Seller of prepaid access; Dealer in foreign exchange,0,,False,2026-07-10,False,
Fintech,90009486,Ipus Llc,Dallas,TX,75205,"4245 N Central Expy, #492",5,74,ft_national; ft_prepaid; ft_fullstack; ft_fx_crypto; ft_recent_filing,51,Issuer of traveler's checks; Seller of traveler's checks; Issuer of money orders; Seller of money orders; Check casher; Money transmitter; Seller of prepaid access; Dealer in foreign exchange,0,,False,2026-01-30,False,
Fintech,90009492,Iqtrade Global Llc,Boulder,CO,80302,1942 Broadway St. Ste 314C,5,74,ft_national; ft_prepaid; ft_fullstack; ft_fx_crypto; ft_recent_filing,51,Issuer of traveler's checks; Seller of traveler's checks; Issuer of money orders; Seller of money orders; Check casher; Money transmitter; Seller of prepaid access; Dealer in foreign exchange,0,,False,2026-02-28,False,
Fintech,90009535,Itrading Global Technology Inc,Denver,CO,80202,1521 Blake St Ste 47009,5,74,ft_national; ft_prepaid; ft_fullstack; ft_fx_crypto; ft_recent_filing,51,Issuer of traveler's checks; Seller of traveler's checks; Issuer of money orders; Seller of money orders; Check casher; Money transmitter; Seller of prepaid access; Dealer in foreign exchange,0,Itrading Global Technology Inc,False,2025-12-04,False,
Fintech,90009540,I-Vortech Inc,Denver,CO,80203,1500 N Grant St Ste R,5,74,ft_national; ft_prepaid; ft_fullstack; ft_fx_crypto; ft_recent_filing,51,Issuer of traveler's checks; Seller of traveler's checks; Issuer of money orders; Seller of money orders; Check casher; Money transmitter; Seller of prepaid access; Dealer in foreign exchange,0,,False,2026-03-23,False,
Fintech,90009543,Iwmt Online,New York,NY,10038,"59 Maiden Ln, New York, Ny 10038, United States.",5,74,ft_national; ft_prepaid; ft_fullstack; ft_fx_crypto; ft_recent_filing,51,Issuer of traveler's checks; Seller of traveler's checks; Issuer of money orders; Seller of money orders; Check casher; Money transmitter; Seller of prepaid access; Dealer in foreign exchange,0,,False,2026-06-03,False,
Fintech,90009715,Jerome T     Powell Jr Estate,Horn Lake,MS,386379998,3724 Goodman Rd W Unit 798,5,74,ft_national; ft_prepaid; ft_fullstack; ft_fx_crypto; ft_recent_filing,51,Issuer of traveler's checks; Issuer of money orders; Check casher; Money transmitter; Seller of prepaid access; Dealer in foreign exchange,1,Jerome Theodore Powell Jr,False,2025-12-14,False,
Fintech,90009738,Jgcmgs Group Us Ltd.,Louisville,KY,40291,6844 Bardstown Rd Suite 766,5,74,ft_national; ft_prepaid; ft_fullstack; ft_fx_crypto; ft_recent_filing,51,Issuer of traveler's checks; Seller of traveler's checks; Issuer of money orders; Seller of money orders; Check casher; Money transmitter; Seller of prepaid access; Dealer in foreign exchange,0,Jgcmgs Group Us Ltd,False,2026-01-13,False,
Fintech,90009777,Jinshu Zhiyun Technology Inc.,Arvada,CO,80403,6275 Joyce Dr 2,5,74,ft_national; ft_prepaid; ft_fullstack; ft_fx_crypto; ft_recent_filing,51,Issuer of traveler's checks; Seller of traveler's checks; Issuer of money orders; Seller of money orders; Check casher; Money transmitter; Seller of prepaid access; Dealer in foreign exchange,0,,False,2026-02-24,False,
Fintech,90009829,J Luck Worldwide Inc.,Albany,NY,12207,"418 Broadway,Ste R,",5,74,ft_national; ft_prepaid; ft_fullstack; ft_fx_crypto; ft_recent_filing,51,Issuer of traveler's checks; Seller of traveler's checks; Issuer of money orders; Seller of money orders; Check casher; Money transmitter; Seller of prepaid access; Dealer in foreign exchange,0,,False,2026-09-08,False,
Fintech,90009855,Joctbank Markets Inc,Denver,CO,80202,950 17Th St,5,74,ft_national; ft_prepaid; ft_fullstack; ft_fx_crypto; ft_recent_filing,51,Issuer of traveler's checks; Seller of traveler's checks; Issuer of money orders; Seller of money orders; Check casher; Money transmitter; Seller of prepaid access; Dealer in foreign exchange,0,Joctbank Markets Inc,False,2026-05-12,False,
Fintech,90009864,John Strategy Club Inc,Albany,NY,12205,19 Mcnutt Ave,5,74,ft_national; ft_prepaid; ft_fullstack; ft_fx_crypto; ft_recent_filing,51,Issuer of traveler's checks; Seller of traveler's checks; Issuer of money orders; Seller of money orders; Check casher; Money transmitter; Seller of prepaid access; Dealer in foreign exchange,0,John Strategy Club Inc,False,2026-08-23,False,
Fintech,90009872,Jorgepaez Wealth Circle Ltd,Los Angeles,CA,90071,400 S Hope St,5,74,ft_national; ft_prepaid; ft_fullstack; ft_fx_crypto; ft_recent_filing,51,Issuer of traveler's checks; Seller of traveler's checks; Issuer of money orders; Seller of money orders; Check casher; Money transmitter; Seller of prepaid access; Dealer in foreign exchange,0,,False,2025-11-04,False,
Fintech,90009923,Jpayment Inc.,New York,NY,10025,418 Central Park W,5,74,ft_national; ft_prepaid; ft_fullstack; ft_fx_crypto; ft_recent_filing,51,Issuer of traveler's checks; Seller of traveler's checks; Issuer of money orders; Seller of money orders; Check casher; Money transmitter; Seller of prepaid access; Dealer in foreign exchange,0,,False,2025-12-11,False,
Fintech,90009960,J & T Funding Llc,Denver,CO,80203,1580 Logan St,5,74,ft_national; ft_prepaid; ft_fullstack; ft_fx_crypto; ft_recent_filing,51,Issuer of traveler's checks; Seller of traveler's checks; Issuer of money orders; Seller of money orders; Check casher; Money transmitter; Seller of prepaid access; Dealer in foreign exchange,0,J & T Funding Llc,False,2026-06-24,False,
Fintech,90010025,Justice Asset Law Firm Inc.,New York,NY,10118,"20 W 34Th St., New York, Ny",5,74,ft_national; ft_prepaid; ft_fullstack; ft_fx_crypto; ft_recent_filing,51,Issuer of traveler's checks; Seller of traveler's checks; Issuer of money orders; Seller of money orders; Check casher; Money transmitter; Seller of prepaid access; Dealer in foreign exchange,0,Justice Asset Law Firm Inc.,False,2026-08-02,False,
Fintech,90010053,Kaaf Investments Llc,Denver,CO,80202,1900 16Th St Mall,5,74,ft_national; ft_prepaid; ft_fullstack; ft_fx_crypto; ft_recent_filing,51,Issuer of traveler's checks; Seller of traveler's checks; Issuer of money orders; Seller of money orders; Check casher; Money transmitter; Seller of prepaid access; Dealer in foreign exchange,0,Kaaf Investments Llc,False,2026-05-01,False,
Fintech,90010057,Kaco Pay Global Inc.,Kalispell,MT,59901,"1001 South Main, Suite 500",5,74,ft_national; ft_prepaid; ft_fullstack; ft_fx_crypto; ft_recent_filing,51,Issuer of traveler's checks; Seller of traveler's checks; Issuer of money orders; Seller of money orders; Check casher; Money transmitter; Seller of prepaid access; Dealer in foreign exchange,0,,False,2026-09-21,False,
Fintech,90010059,Kael Group Inc.,Denver,CO,80206,100 Fillmore St,5,74,ft_national; ft_prepaid; ft_fullstack; ft_fx_crypto; ft_recent_filing,51,Issuer of traveler's checks; Seller of traveler's checks; Issuer of money orders; Seller of money orders; Check casher; Money transmitter; Seller of prepaid access; Dealer in foreign exchange,0,Kael Group,False,2026-04-27,False,
Fintech,90010070,Kairos Financial Investment Inc,Denver,CO,80264,1660 Lincoln St,5,74,ft_national; ft_prepaid; ft_fullstack; ft_fx_crypto; ft_recent_filing,51,Issuer of traveler's checks; Seller of traveler's checks; Issuer of money orders; Seller of money orders; Check casher; Money transmitter; Seller of prepaid access; Dealer in foreign exchange,0,,False,2026-01-05,False,
Fintech,90010084,Kaloex Ltd,Los Angeles,CA,90017,707 Wilshire Blvd,5,74,ft_national; ft_prepaid; ft_fullstack; ft_fx_crypto; ft_recent_filing,51,Seller of traveler's checks; Issuer of money orders; Seller of money orders; Check casher; Money transmitter; Seller of prepaid access; Dealer in foreign exchange,0,,False,2025-11-13,False,
Fintech,90010090,Kang Sen Seth Cs Inc,Colorado Springs,CO,80906,6510 S Academy Blvd Ste A 642,5,74,ft_national; ft_prepaid; ft_fullstack; ft_fx_crypto; ft_recent_filing,51,Issuer of traveler's checks; Seller of traveler's checks; Issuer of money orders; Seller of money orders; Check casher; Money transmitter; Seller of prepaid access; Dealer in foreign exchange,0,,False,2026-02-21,False,
Fintech,90010109,Karmaprep Capital,Denver,CO,80211,"1704 Arapahoe St Unit 735, Denver, Co 80202, Us",5,74,ft_national; ft_prepaid; ft_fullstack; ft_fx_crypto; ft_recent_filing,51,Issuer of traveler's checks; Seller of traveler's checks; Issuer of money orders; Seller of money orders; Check casher; Money transmitter; Seller of prepaid access; Dealer in foreign exchange,0,,False,2026-04-13,False,
Fintech,90010164,Kedem Capital Management Inc,Denver,CO,80202,"1670 Broadway, Denver, Co 80202, Us",5,74,ft_national; ft_prepaid; ft_fullstack; ft_fx_crypto; ft_recent_filing,51,Issuer of traveler's checks; Seller of traveler's checks; Issuer of money orders; Seller of money orders; Check casher; Money transmitter; Seller of prepaid access; Dealer in foreign exchange,0,,False,2026-03-05,False,
Fintech,90010205,Kexocoin Llc,Denver,CO,80202,1900 16Th St Mall,5,74,ft_national; ft_prepaid; ft_fullstack; ft_fx_crypto; ft_recent_filing,51,Issuer of traveler's checks; Seller of traveler's checks; Issuer of money orders; Seller of money orders; Check casher; Money transmitter; Seller of prepaid access; Dealer in foreign exchange,0,Kexocoin Llc,False,2026-05-12,False,
Fintech,90010210,Keym Capital Corporation,Denver,CO,80202,370 17Th Street,5,74,ft_national; ft_prepaid; ft_fullstack; ft_fx_crypto; ft_recent_filing,51,Issuer of traveler's checks; Seller of traveler's checks; Issuer of money orders; Seller of money orders; Check casher; Money transmitter; Seller of prepaid access; Dealer in foreign exchange,0,Keym Capital Corporation,False,2026-09-21,False,
Fintech,90010212,Keystone Protocol,Denver,CO,80202,1776 Curtis Street,5,74,ft_national; ft_prepaid; ft_fullstack; ft_fx_crypto; ft_recent_filing,51,Issuer of traveler's checks; Seller of traveler's checks; Issuer of money orders; Seller of money orders; Check casher; Money transmitter; Seller of prepaid access; Dealer in foreign exchange,0,,False,2026-07-22,False,
Fintech,90010215,Keystone Venture Trust Inc.,Colorado Springs,CO,80919,5825 Delmonico Dr,5,74,ft_national; ft_prepaid; ft_fullstack; ft_fx_crypto; ft_recent_filing,51,Issuer of traveler's checks; Seller of traveler's checks; Issuer of money orders; Seller of money orders; Check casher; Money transmitter; Seller of prepaid access; Dealer in foreign exchange,0,,False,2025-10-14,False,
Fintech,90010277,Kineti Pay Llc,Los Angeles,CA,90064,2900 S Sepulveda Blvd Unit 506,5,74,ft_national; ft_prepaid; ft_fullstack; ft_fx_crypto; ft_recent_filing,51,Issuer of traveler's checks; Seller of traveler's checks; Issuer of money orders; Seller of money orders; Check casher; Money transmitter; Seller of prepaid access; Dealer in foreign exchange,0,,False,2026-08-04,False,
Fintech,90010280,King Crab Group Inc,Denver,CO,80211,"1500 N Grant St Ste R, Denver, Co 80203, Us",5,74,ft_national; ft_prepaid; ft_fullstack; ft_fx_crypto; ft_recent_filing,51,Issuer of traveler's checks; Seller of traveler's checks; Issuer of money orders; Seller of money orders; Check casher; Money transmitter; Seller of prepaid access; Dealer in foreign exchange,0,,False,2026-06-14,False,
Fintech,90010290,Kingx Inc,Denver,CO,80203,1500 N Grant St Ste R,5,74,ft_national; ft_prepaid; ft_fullstack; ft_fx_crypto; ft_recent_filing,51,Issuer of traveler's checks; Seller of traveler's checks; Issuer of money orders; Seller of money orders; Check casher; Money transmitter; Seller of prepaid access; Dealer in foreign exchange,0,,False,2026-03-19,False,
Fintech,90010303,Kivqoro Group Us Ltd.,Louisville,KY,40291,6844 Bardstown Rd Suite 779,5,74,ft_national; ft_prepaid; ft_fullstack; ft_fx_crypto; ft_recent_filing,51,Issuer of traveler's checks; Seller of traveler's checks; Issuer of money orders; Seller of money orders; Check casher; Money transmitter; Seller of prepaid access; Dealer in foreign exchange,0,Kivqoro Group Us Ltd.,False,2026-03-12,False,
Fintech,90010309,Kkdbit Digital Asset Exchange Inc.,Denver,CO,80202,1312 17Th Street Suite 1308,5,74,ft_national; ft_prepaid; ft_fullstack; ft_fx_crypto; ft_recent_filing,51,Issuer of traveler's checks; Seller of traveler's checks; Issuer of money orders; Seller of money orders; Check casher; Money transmitter; Seller of prepaid access; Dealer in foreign exchange,0,Kkdbit Digital Asset Exchange Inc.,False,2025-12-01,False,
Fintech,90010337,Knowledge Returns Alliance,Colorado Springs,CO,80920,1755 Telstar Drive,5,74,ft_national; ft_prepaid; ft_fullstack; ft_fx_crypto; ft_recent_filing,51,Issuer of traveler's checks; Seller of traveler's checks; Issuer of money orders; Seller of money orders; Check casher; Money transmitter; Seller of prepaid access; Dealer in foreign exchange,0,Knowledge Returns Alliance,False,2026-05-29,False,
Fintech,90010353,Kokso Inc,New York,NY,10065,277 Park Ave,5,74,ft_national; ft_prepaid; ft_fullstack; ft_fx_crypto; ft_recent_filing,51,Issuer of traveler's checks; Seller of traveler's checks; Issuer of money orders; Seller of money orders; Check casher; Money transmitter; Seller of prepaid access; Dealer in foreign exchange,0,,False,2025-10-24,False,
Fintech,90010362,Kore Exchange Inc,Denver,CO,80202,"1600 Broadway, Denver, Co 80202, Us",5,74,ft_national; ft_prepaid; ft_fullstack; ft_fx_crypto; ft_recent_filing,51,Issuer of traveler's checks; Seller of traveler's checks; Issuer of money orders; Seller of money orders; Check casher; Money transmitter; Seller of prepaid access; Dealer in foreign exchange,0,,False,2026-03-20,False,
Fintech,90010380,"Kriax Co., Ltd",Yakima,WA,98901,402 E Yakima Ave,5,74,ft_national; ft_prepaid; ft_fullstack; ft_fx_crypto; ft_recent_filing,51,Issuer of traveler's checks; Seller of traveler's checks; Issuer of money orders; Seller of money orders; Check casher; Money transmitter; Seller of prepaid access; Dealer in foreign exchange,0,,False,2025-11-24,False,
Fintech,90010390,Krisoak Capital,Denver,CO,10065,600 17Th St Suite 2800,5,74,ft_national; ft_prepaid; ft_fullstack; ft_fx_crypto; ft_recent_filing,51,Issuer of traveler's checks; Seller of traveler's checks; Issuer of money orders; Seller of money orders; Check casher; Money transmitter; Seller of prepaid access; Dealer in foreign exchange,0,,False,2025-10-24,False,
Fintech,90010413,Ktr Global Exchange Inc.,Denver,CO,80237,4643 S Ulster St,5,74,ft_national; ft_prepaid; ft_fullstack; ft_fx_crypto; ft_recent_filing,51,Issuer of traveler's checks; Seller of traveler's checks; Issuer of money orders; Seller of money orders; Check casher; Money transmitter; Seller of prepaid access; Dealer in foreign exchange,0,Ktr Global Exchange,False,2026-02-12,False,
Fintech,90010416,Kuarongshuke Limited,New York,NY,10016,244 Madison Avenue Suite 1666,5,74,ft_national; ft_prepaid; ft_fullstack; ft_fx_crypto; ft_recent_filing,51,Issuer of traveler's checks; Seller of traveler's checks; Issuer of money orders; Seller of money orders; Check casher; Money transmitter; Seller of prepaid access; Dealer in foreign exchange,0,Kuarongshuke Limited,False,2026-03-07,False,
Fintech,90010444,Kyberon Core Group Llc,San Francisco,CA,94105,211 Main St,5,74,ft_national; ft_prepaid; ft_fullstack; ft_fx_crypto; ft_recent_filing,51,Seller of traveler's checks; Issuer of money orders; Seller of money orders; Check casher; Money transmitter; Seller of prepaid access; Dealer in foreign exchange,0,,False,2026-03-26,False,
Fintech,90011195,Larkhaven Capital Ltd,New York,NY,10018,620 8Th Ave,5,74,ft_national; ft_prepaid; ft_fullstack; ft_fx_crypto; ft_recent_filing,51,Seller of traveler's checks; Issuer of money orders; Seller of money orders; Check casher; Money transmitter; Seller of prepaid access; Dealer in foreign exchange,0,,False,2026-01-14,False,
Fintech,90011608,Ledger Security Support Services Inc.,New York,NY,10005,140 Broadway,5,74,ft_national; ft_prepaid; ft_fullstack; ft_fx_crypto; ft_recent_filing,51,Issuer of traveler's checks; Seller of traveler's checks; Issuer of money orders; Seller of money orders; Check casher; Money transmitter; Seller of prepaid access; Dealer in foreign exchange,0,Ledger Security Support Services Inc.,False,2026-04-01,False,
Fintech,90011609,Ledger Wallet Services Inc.,Denver,CO,80202,"1144 15Th St, Denver, Co 80202, Usa",5,74,ft_national; ft_prepaid; ft_fullstack; ft_fx_crypto; ft_recent_filing,51,Issuer of traveler's checks; Seller of traveler's checks; Issuer of money orders; Seller of money orders; Check casher; Money transmitter; Seller of prepaid access; Dealer in foreign exchange,0,,False,2026-04-09,False,
Fintech,90011610,Ledgethxis Inc,Galloway,NJ,'08205,437 Chris Gaupp Dr,5,74,ft_national; ft_prepaid; ft_fullstack; ft_fx_crypto; ft_recent_filing,51,Issuer of traveler's checks; Seller of traveler's checks; Issuer of money orders; Seller of money orders; Check casher; Money transmitter; Seller of prepaid access; Dealer in foreign exchange,0,,False,2026-03-29,False,
Fintech,90011685,Lexinova Digital Asset Exchange Inc,Newark,NJ,'07102,744 Broad Street,5,74,ft_national; ft_prepaid; ft_fullstack; ft_fx_crypto; ft_recent_filing,51,Issuer of traveler's checks; Seller of traveler's checks; Issuer of money orders; Seller of money orders; Check casher; Money transmitter; Seller of prepaid access; Dealer in foreign exchange,0,,False,2025-10-30,False,
Fintech,90011708,Liberty Global Investments Llc,Denver,CO,80202,1144 15Th St,5,74,ft_national; ft_prepaid; ft_fullstack; ft_fx_crypto; ft_recent_filing,51,Seller of traveler's checks; Issuer of money orders; Seller of money orders; Check casher; Money transmitter; Seller of prepaid access; Dealer in foreign exchange,0,,False,2026-04-20,False,
Fintech,90011710,Liberty Partners Wealth Management Inc,New York,NY,10016,244 Madison Avenue Suite 1666,5,74,ft_national; ft_prepaid; ft_fullstack; ft_fx_crypto; ft_recent_filing,51,Issuer of traveler's checks; Seller of traveler's checks; Issuer of money orders; Seller of money orders; Check casher; Money transmitter; Seller of prepaid access; Dealer in foreign exchange,0,Liberty Partners Wealth Management Inc,False,2026-07-17,False,
Fintech,90011718,Lifehub Llc,Colorado Springs,CO,80906,6510 S Academy Blvd Ste A 642,5,74,ft_national; ft_prepaid; ft_fullstack; ft_fx_crypto; ft_recent_filing,51,Issuer of traveler's checks; Seller of traveler's checks; Issuer of money orders; Seller of money orders; Check casher; Money transmitter; Seller of prepaid access; Dealer in foreign exchange,0,,False,2026-01-20,False,
Fintech,90011724,"Light Of The Future Asset Management Co., Ltd",New York,NY,10036,1211 6Th Ave,5,74,ft_national; ft_prepaid; ft_fullstack; ft_fx_crypto; ft_recent_filing,51,Seller of traveler's checks; Issuer of money orders; Seller of money orders; Check casher; Money transmitter; Seller of prepaid access; Dealer in foreign exchange,0,,False,2026-03-09,False,
Fintech,90011732,Likeshop Ltd,San Francisco,CA,94105,101 2Nd St Unit 1290,5,74,ft_national; ft_prepaid; ft_fullstack; ft_fx_crypto; ft_recent_filing,51,Seller of traveler's checks; Issuer of money orders; Seller of money orders; Check casher; Money transmitter; Seller of prepaid access; Dealer in foreign exchange,0,,False,2025-10-11,False,
Fintech,90011733,Likeshop Ltd,San Francisco,CA,94105,101 2Nd St Unit 1290,5,74,ft_national; ft_prepaid; ft_fullstack; ft_fx_crypto; ft_recent_filing,51,Seller of traveler's checks; Issuer of money orders; Seller of money orders; Check casher; Money transmitter; Seller of prepaid access; Dealer in foreign exchange,0,,False,2025-10-11,False,
Fintech,90011742,Liminal Nexus Foundation,Denver,CO,80203,"1500 N Grant St Unit 344, Denver, Co 80203, Us",5,74,ft_national; ft_prepaid; ft_fullstack; ft_fx_crypto; ft_recent_filing,51,Issuer of traveler's checks; Seller of traveler's checks; Issuer of money orders; Seller of money orders; Check casher; Money transmitter; Seller of prepaid access; Dealer in foreign exchange,0,,False,2026-06-25,False,
Fintech,90011759,Linearsend Llc,Pearland,TX,77581,3221 Mossy Bend Lane,5,74,ft_national; ft_prepaid; ft_fullstack; ft_fx_crypto; ft_recent_filing,51,Money transmitter; Seller of prepaid access; Dealer in foreign exchange,0,,False,2026-07-04,False,
Fintech,90011770,Linkpay Inc,Colorado Springs,CO,80906,6510 S Academy Blvd Ste A 642,5,74,ft_national; ft_prepaid; ft_fullstack; ft_fx_crypto; ft_recent_filing,51,Issuer of traveler's checks; Seller of traveler's checks; Issuer of money orders; Seller of money orders; Check casher; Money transmitter; Seller of prepaid access; Dealer in foreign exchange,0,,False,2026-03-25,False,
Fintech,90011802,Liva Inc,Denver,CO,80202,555 17Th St,5,74,ft_national; ft_prepaid; ft_fullstack; ft_fx_crypto; ft_recent_filing,51,Issuer of traveler's checks; Seller of traveler's checks; Issuer of money orders; Seller of money orders; Check casher; Money transmitter; Seller of prepaid access; Dealer in foreign exchange,0,Liva Inc,False,2026-08-25,False,
Fintech,90011834,Lmx Exchange Inc,Denver,CO,80202,"1801 Broadway, Denver, Co 80202 Usa",5,74,ft_national; ft_prepaid; ft_fullstack; ft_fx_crypto; ft_recent_filing,51,Issuer of traveler's checks; Seller of traveler's checks; Issuer of money orders; Seller of money orders; Check casher; Money transmitter; Seller of prepaid access; Dealer in foreign exchange,0,,False,2026-09-03,False,
Fintech,90011851,"Lock Trust, Inc.",Tampa,FL,33607,3001 N Rocky Point Drive E,5,74,ft_national; ft_prepaid; ft_fullstack; ft_fx_crypto; ft_recent_filing,51,Money transmitter; Seller of prepaid access; Dealer in foreign exchange,0,,False,2026-09-16,False,
Fintech,90011870,Lonclad Pro Inc,New York,NY,10065,"85 Broad St, New York, Ny 10004",5,74,ft_national; ft_prepaid; ft_fullstack; ft_fx_crypto; ft_recent_filing,51,Issuer of traveler's checks; Seller of traveler's checks; Issuer of money orders; Seller of money orders; Check casher; Money transmitter; Seller of prepaid access; Dealer in foreign exchange,0,,False,2026-02-23,False,
Fintech,90011874,London Okfarm Exchange Foundation,Saint Louis,MO,63105,7733 Forsyth Boulevard Suite 1100,5,74,ft_national; ft_prepaid; ft_fullstack; ft_fx_crypto; ft_recent_filing,51,Issuer of traveler's checks; Seller of traveler's checks; Issuer of money orders; Seller of money orders; Check casher; Money transmitter; Seller of prepaid access; Dealer in foreign exchange,0,,False,2025-10-19,False,
Fintech,90011877,"Lonestar Financial Advisors, Llc",Denver,CO,80202,1521 Blake St Ste 47009,5,74,ft_national; ft_prepaid; ft_fullstack; ft_fx_crypto; ft_recent_filing,51,Issuer of traveler's checks; Seller of traveler's checks; Issuer of money orders; Seller of money orders; Check casher; Money transmitter; Seller of prepaid access; Dealer in foreign exchange,0,,False,2025-11-12,False,
Fintech,90011893,Loom-X Ltd,Houston,TX,77002,600 Travis St,5,74,ft_national; ft_prepaid; ft_fullstack; ft_fx_crypto; ft_recent_filing,51,Seller of traveler's checks; Issuer of money orders; Seller of money orders; Check casher; Money transmitter; Seller of prepaid access; Dealer in foreign exchange,0,,False,2025-11-13,False,
Fintech,90011894,Loong Capital Inc,Sheridan,WY,82801,30 N Gould St Ste R,5,74,ft_national; ft_prepaid; ft_fullstack; ft_fx_crypto; ft_recent_filing,51,Issuer of traveler's checks; Seller of traveler's checks; Issuer of money orders; Seller of money orders; Check casher; Money transmitter; Seller of prepaid access; Dealer in foreign exchange,0,,False,2025-12-18,False,
Fintech,90012107,Lottvra Inc,Las Vegas,NV,89101,"300 S 4Th St, Las Vegas, Nv, 89101, Usa",5,74,ft_national; ft_prepaid; ft_fullstack; ft_fx_crypto; ft_recent_filing,51,Issuer of traveler's checks; Seller of traveler's checks; Issuer of money orders; Seller of money orders; Check casher; Money transmitter; Seller of prepaid access; Dealer in foreign exchange,0,,False,2026-01-26,False,
Fintech,90012152,Luckcat E-Commerce Pte. Ltd.,New York,NY,10005,75 Wall St,5,74,ft_national; ft_prepaid; ft_fullstack; ft_fx_crypto; ft_recent_filing,51,Issuer of traveler's checks; Seller of traveler's checks; Issuer of money orders; Seller of money orders; Check casher; Money transmitter; Seller of prepaid access; Dealer in foreign exchange,0,Luckcat E-Commerce Pte. Ltd.,False,2026-06-24,False,
Fintech,90012188,Lumen-Epoch,Denver,CO,80202,1600 Broadway,5,74,ft_national; ft_prepaid; ft_fullstack; ft_fx_crypto; ft_recent_filing,51,Seller of traveler's checks; Issuer of money orders; Seller of money orders; Check casher; Money transmitter; Seller of prepaid access; Dealer in foreign exchange,0,,False,2026-07-20,False,
Fintech,90012191,Lumexa Link Inc,Trinidad,CO,81082,823 Tillotson St,5,74,ft_national; ft_prepaid; ft_fullstack; ft_fx_crypto; ft_recent_filing,51,Issuer of traveler's checks; Seller of traveler's checks; Issuer of money orders; Seller of money orders; Check casher; Money transmitter; Seller of prepaid access; Dealer in foreign exchange,0,,False,2026-09-10,False,
Fintech,90012195,Luminaris Securities & Capital Ltd,New York,NY,10005,14 Wall Street,5,74,ft_national; ft_prepaid; ft_fullstack; ft_fx_crypto; ft_recent_filing,51,Seller of traveler's checks; Issuer of money orders; Seller of money orders; Check casher; Money transmitter; Seller of prepaid access; Dealer in foreign exchange,0,,False,2025-11-13,False,
Fintech,90012197,Luminos Technology Llc,Sheridan,WY,82801,30 N Gould St Ste R,5,74,ft_national; ft_prepaid; ft_fullstack; ft_fx_crypto; ft_recent_filing,51,Issuer of traveler's checks; Seller of traveler's checks; Issuer of money orders; Seller of money orders; Check casher; Money transmitter; Seller of prepaid access; Dealer in foreign exchange,0,,False,2026-04-29,False,
Fintech,90012221,Luntrixae Llc,Hooks,TX,75561,"101 Jackson St Apt 20, Hooks, Tx 75561, Us",5,74,ft_national; ft_prepaid; ft_fullstack; ft_fx_crypto; ft_recent_filing,51,Issuer of traveler's checks; Seller of traveler's checks; Issuer of money orders; Seller of money orders; Check casher; Money transmitter; Seller of prepaid access; Dealer in foreign exchange,0,,False,2026-08-07,False,
Fintech,90012238,Luvan Financial Partners Llc,Denver,CO,80202,1144 15Th St,5,74,ft_national; ft_prepaid; ft_fullstack; ft_fx_crypto; ft_recent_filing,51,Seller of traveler's checks; Issuer of money orders; Seller of money orders; Check casher; Money transmitter; Seller of prepaid access; Dealer in foreign exchange,0,,False,2026-02-27,False,
Fintech,90012253,Lvbit Inc,"Denver,",CO,80203,"1500 N Grant St, Ste R,",5,74,ft_national; ft_prepaid; ft_fullstack; ft_fx_crypto; ft_recent_filing,51,Issuer of traveler's checks; Seller of traveler's checks; Issuer of money orders; Seller of money orders; Check casher; Money transmitter; Seller of prepaid access; Dealer in foreign exchange,0,,False,2026-06-08,False,
Fintech,90012255,Lv Epoch Capital Management Inc,Denver,CO,80202,1312 17Th Street Suite 853,5,74,ft_national; ft_prepaid; ft_fullstack; ft_fx_crypto; ft_recent_filing,51,Issuer of traveler's checks; Seller of traveler's checks; Issuer of money orders; Seller of money orders; Check casher; Money transmitter; Seller of prepaid access; Dealer in foreign exchange,0,,False,2026-01-03,False,
Fintech,90012257,Lvuu Exchange Inc.,Denver,CO,80202,1312 17Th Street Suite 623,5,74,ft_national; ft_prepaid; ft_fullstack; ft_fx_crypto; ft_recent_filing,51,Issuer of traveler's checks; Seller of traveler's checks; Issuer of money orders; Seller of money orders; Check casher; Money transmitter; Seller of prepaid access; Dealer in foreign exchange,0,Lvuu Exchange Inc.,False,2025-10-06,False,
Fintech,90012259,Lyas Foundation Inc,Denver,CO,80203,"1500 N Grant St Ste R, Denver, Co 80203, Us",5,74,ft_national; ft_prepaid; ft_fullstack; ft_fx_crypto; ft_recent_filing,51,Issuer of traveler's checks; Seller of traveler's checks; Issuer of money orders; Seller of money orders; Check casher; Money transmitter; Seller of prepaid access; Dealer in foreign exchange,0,,False,2026-05-07,False,
Fintech,90012357,Magnido Global Investment Group Inc,Sheridan,WY,82801,30 N Gould St Ste R,5,74,ft_national; ft_prepaid; ft_fullstack; ft_fx_crypto; ft_recent_filing,51,Issuer of traveler's checks; Seller of traveler's checks; Issuer of money orders; Seller of money orders; Check casher; Money transmitter; Seller of prepaid access; Dealer in foreign exchange,0,,False,2025-12-05,False,
Fintech,90012394,Make Infinite Music Group Inc,Colorado Springs,CO,80909,685 Citadel Drive East,5,74,ft_national; ft_prepaid; ft_fullstack; ft_fx_crypto; ft_recent_filing,51,Issuer of traveler's checks; Seller of traveler's checks; Issuer of money orders; Seller of money orders; Check casher; Money transmitter; Seller of prepaid access; Dealer in foreign exchange,0,Make Infinite Music Group Inc,False,2026-08-30,False,
Fintech,90012447,Manifold Oracle Inc,Denver,CO,80203,1500 N Grant St Ste R,5,74,ft_national; ft_prepaid; ft_fullstack; ft_fx_crypto; ft_recent_filing,51,Issuer of traveler's checks; Seller of traveler's checks; Issuer of money orders; Seller of money orders; Check casher; Money transmitter; Seller of prepaid access; Dealer in foreign exchange,0,,False,2026-03-17,False,
Fintech,90012471,Mapllex Inc,Arvada,CO,80403,6275 Joyce Dr 2,5,74,ft_national; ft_prepaid; ft_fullstack; ft_fx_crypto; ft_recent_filing,51,Issuer of traveler's checks; Seller of traveler's checks; Issuer of money orders; Seller of money orders; Check casher; Money transmitter; Seller of prepaid access; Dealer in foreign exchange,0,,False,2026-03-23,False,
Fintech,90012540,Marketaxess Holdings Inc.,Los Angeles,CA,90045,5777 W. Century Blvd.Ste 1125,5,74,ft_national; ft_prepaid; ft_fullstack; ft_fx_crypto; ft_recent_filing,51,Issuer of traveler's checks; Seller of traveler's checks; Issuer of money orders; Seller of money orders; Check casher; Money transmitter; Seller of prepaid access; Dealer in foreign exchange,0,Marketaxess Holdings Inc.,False,2025-11-02,False,
Fintech,90012581,Mars Foundation,Aurora,CO,80014,3190 S Vaughn Way Ste 550,5,74,ft_national; ft_prepaid; ft_fullstack; ft_fx_crypto; ft_recent_filing,51,Issuer of traveler's checks; Seller of traveler's checks; Issuer of money orders; Seller of money orders; Check casher; Money transmitter; Seller of prepaid access; Dealer in foreign exchange,0,,False,2025-11-07,False,
Fintech,90012704,Mavrixton Equity Partners Llc,Denver,CO,80203,1700 Lincoln Street,5,74,ft_national; ft_prepaid; ft_fullstack; ft_fx_crypto; ft_recent_filing,51,Seller of traveler's checks; Issuer of money orders; Seller of money orders; Check casher; Money transmitter; Seller of prepaid access; Dealer in foreign exchange,0,,False,2026-09-23,False,
Fintech,90012803,Mediana Global Trading Co Llc,Chesterfield,MO,63017,400 Chesterfield Ctr,5,74,ft_national; ft_prepaid; ft_fullstack; ft_fx_crypto; ft_recent_filing,51,Seller of traveler's checks; Issuer of money orders; Seller of money orders; Check casher; Money transmitter; Seller of prepaid access; Dealer in foreign exchange,0,,False,2026-09-26,False,
Fintech,90012804,Mediana Global Trading Co Llc,Chesterfield,MO,63017,400 Chesterfield Ctr,5,74,ft_national; ft_prepaid; ft_fullstack; ft_fx_crypto; ft_recent_filing,51,Seller of traveler's checks; Issuer of money orders; Seller of money orders; Check casher; Money transmitter; Seller of prepaid access; Dealer in foreign exchange,0,,False,2026-09-26,False,
Fintech,90012869,Mellon Alphaai Investment Management Inc,Denver,CO,80210,2123 S Franklin St,5,74,ft_national; ft_prepaid; ft_fullstack; ft_fx_crypto; ft_recent_filing,51,Issuer of traveler's checks; Seller of traveler's checks; Issuer of money orders; Seller of money orders; Check casher; Money transmitter; Seller of prepaid access; Dealer in foreign exchange,0,Mellon Alphaai Investment Management Inc,False,2026-05-12,False,
Fintech,90012985,Meridian Bridge Securities Llc,New York,NY,10019,14 Wall Street,5,74,ft_national; ft_prepaid; ft_fullstack; ft_fx_crypto; ft_recent_filing,51,Seller of traveler's checks; Issuer of money orders; Seller of money orders; Check casher; Money transmitter; Seller of prepaid access; Dealer in foreign exchange,0,,False,2026-01-26,False,
Fintech,90012986,Meridian Crest Advisors Ltd.,New York,NY,10017,280 Park Ave,5,74,ft_national; ft_prepaid; ft_fullstack; ft_fx_crypto; ft_recent_filing,51,Issuer of traveler's checks; Seller of traveler's checks; Issuer of money orders; Seller of money orders; Check casher; Money transmitter; Seller of prepaid access; Dealer in foreign exchange,0,,False,2026-07-08,False,
Fintech,90012987,Meridian Global Exchange Inc,Denver,CO,80231,7535 E Hampden Ave,5,74,ft_national; ft_prepaid; ft_fullstack; ft_fx_crypto; ft_recent_filing,51,Issuer of traveler's checks; Seller of traveler's checks; Issuer of money orders; Seller of money orders; Check casher; Money transmitter; Seller of prepaid access; Dealer in foreign exchange,0,Meridian Global Exchange Inc,False,2026-07-19,False,
Fintech,90012988,Meridian Llc,Denver,CO,80202,1312 17Th Street Suite 718,5,74,ft_national; ft_prepaid; ft_fullstack; ft_fx_crypto; ft_recent_filing,51,Issuer of traveler's checks; Seller of traveler's checks; Issuer of money orders; Seller of money orders; Check casher; Money transmitter; Seller of prepaid access; Dealer in foreign exchange,0,Meridian Llc,False,2025-11-16,False,
Fintech,90012991,Merin Global Forex Markets Ltd,New York,NY,10174,405 Lexinglon Ave,5,74,ft_national; ft_prepaid; ft_fullstack; ft_fx_crypto; ft_recent_filing,51,Issuer of traveler's checks; Seller of traveler's checks; Issuer of money orders; Seller of money orders; Check casher; Money transmitter; Seller of prepaid access; Dealer in foreign exchange,0,,False,2025-12-31,False,
Fintech,90012999,Merl Investments Llc,San Francisco,CA,94111,"50 California St, Ste 2700",5,74,ft_national; ft_prepaid; ft_fullstack; ft_fx_crypto; ft_recent_filing,51,Issuer of traveler's checks; Seller of traveler's checks; Issuer of money orders; Seller of money orders; Check casher; Money transmitter; Seller of prepaid access; Dealer in foreign exchange,0,,False,2025-12-23,False,
Fintech,90013007,Mervine Inc,Denver,CO,80205,2590 Welton Street 2Nd Floor,5,74,ft_national; ft_prepaid; ft_fullstack; ft_fx_crypto; ft_recent_filing,51,Issuer of traveler's checks; Seller of traveler's checks; Issuer of money orders; Seller of money orders; Check casher; Money transmitter; Seller of prepaid access; Dealer in foreign exchange,0,,False,2026-09-02,False,
Fintech,90013014,Messiah Holdings Inc,Lewes,DE,19958,16192 Coastal Highway,5,74,ft_national; ft_prepaid; ft_fullstack; ft_fx_crypto; ft_recent_filing,51,Issuer of traveler's checks; Seller of traveler's checks; Issuer of money orders; Seller of money orders; Check casher; Money transmitter; Seller of prepaid access; Dealer in foreign exchange,0,Messiah Holdings Inc,False,2026-04-01,False,
Fintech,90013020,Metabank Inc,Denver,CO,80202,"1312 17Th St, Unit Num 2955",5,74,ft_national; ft_prepaid; ft_fullstack; ft_fx_crypto; ft_recent_filing,51,Issuer of traveler's checks; Seller of traveler's checks; Issuer of money orders; Seller of money orders; Check casher; Money transmitter; Seller of prepaid access; Dealer in foreign exchange,0,,False,2026-04-17,False,
Fintech,90013024,Metahub Foresight Inc,Denver,CO,80203,1500 N Grant St Ste R,5,74,ft_national; ft_prepaid; ft_fullstack; ft_fx_crypto; ft_recent_filing,51,Issuer of traveler's checks; Seller of traveler's checks; Issuer of money orders; Seller of money orders; Check casher; Money transmitter; Seller of prepaid access; Dealer in foreign exchange,0,,False,2025-12-29,False,
Fintech,90013025,Metahub Foundation,Denver,CO,80203,1777 Lincoln St,5,74,ft_national; ft_prepaid; ft_fullstack; ft_fx_crypto; ft_recent_filing,51,Issuer of traveler's checks; Seller of traveler's checks; Issuer of money orders; Seller of money orders; Check casher; Money transmitter; Seller of prepaid access; Dealer in foreign exchange,0,,False,2026-08-30,False,
Fintech,90013042,Metasea Foundation,Denver,CO,80203,1500 N Grant St Ste R,5,74,ft_national; ft_prepaid; ft_fullstack; ft_fx_crypto; ft_recent_filing,51,Issuer of traveler's checks; Seller of traveler's checks; Issuer of money orders; Seller of money orders; Check casher; Money transmitter; Seller of prepaid access; Dealer in foreign exchange,0,,False,2026-04-15,False,
Fintech,90013043,Metaspear Ltd,New York,NY,10019,"1325 Avenue Of The Americas, 27Th And 28Th Floors, New York City, Ny 10019",5,74,ft_national; ft_prepaid; ft_fullstack; ft_fx_crypto; ft_recent_filing,51,Issuer of traveler's checks; Seller of traveler's checks; Issuer of money orders; Seller of money orders; Check casher; Money transmitter; Seller of prepaid access; Dealer in foreign exchange,0,,False,2026-07-30,False,
Fintech,90013093,Mexquick Inc,Sheridan,WY,82801,32 N Gould St Ste 100 Unit 162,5,74,ft_national; ft_prepaid; ft_fullstack; ft_fx_crypto; ft_recent_filing,51,Seller of traveler's checks; Issuer of money orders; Seller of money orders; Check casher; Money transmitter; Seller of prepaid access; Dealer in foreign exchange,0,,False,2025-10-30,False,
Fintech,90013168,Microchain International Development Inc,Denver,CO,80202,1312 17Th Street Suite 1402,5,74,ft_national; ft_prepaid; ft_fullstack; ft_fx_crypto; ft_recent_filing,51,Issuer of traveler's checks; Seller of traveler's checks; Issuer of money orders; Seller of money orders; Check casher; Money transmitter; Seller of prepaid access; Dealer in foreign exchange,0,Microchain International Development Inc,False,2025-11-01,False,
Fintech,90013249,Milk Candy Inc,Colorado Springs,CO,80919,5030 Boardwalk Drivee,5,74,ft_national; ft_prepaid; ft_fullstack; ft_fx_crypto; ft_recent_filing,51,Issuer of traveler's checks; Seller of traveler's checks; Issuer of money orders; Seller of money orders; Check casher; Money transmitter; Seller of prepaid access; Dealer in foreign exchange,0,,False,2025-12-09,False,
Fintech,90013289,Mineyes Digital Assets Services Llc,Denver,CO,80202,1560 Broadway,5,74,ft_national; ft_prepaid; ft_fullstack; ft_fx_crypto; ft_recent_filing,51,Issuer of traveler's checks; Seller of traveler's checks; Issuer of money orders; Seller of money orders; Check casher; Money transmitter; Seller of prepaid access; Dealer in foreign exchange,0,,False,2025-12-22,False,
Fintech,90013335,Mintel Consumer Vision Inc,Denver,CO,80264,1660 Lincoln Street Suite 1900,5,74,ft_national; ft_prepaid; ft_fullstack; ft_fx_crypto; ft_recent_filing,51,Issuer of traveler's checks; Seller of traveler's checks; Issuer of money orders; Seller of money orders; Check casher; Money transmitter; Seller of prepaid access; Dealer in foreign exchange,0,Mintel Consumer Vision Inc,False,2026-03-16,False,
Fintech,90013339,Mio Digital Limited,Albany,NY,12207,"418 Broadway, Ste R",5,74,ft_national; ft_prepaid; ft_fullstack; ft_fx_crypto; ft_recent_filing,51,Issuer of traveler's checks; Seller of traveler's checks; Issuer of money orders; Seller of money orders; Check casher; Money transmitter; Seller of prepaid access; Dealer in foreign exchange,0,,False,2026-01-06,False,
Fintech,90013386,Miqesia Investment Alliance Ltd,Mountlake Ter,WA,98043,"6100 219Th St Sw Ste 480, , Wa,",5,74,ft_national; ft_prepaid; ft_fullstack; ft_fx_crypto; ft_recent_filing,51,Issuer of traveler's checks; Seller of traveler's checks; Issuer of money orders; Seller of money orders; Check casher; Money transmitter; Seller of prepaid access; Dealer in foreign exchange,0,,False,2025-10-10,False,
Fintech,90013509,Mizanbit Inc,Denver,CO,80202,"1099 18Th Street, Denver, Co 80202",5,74,ft_national; ft_prepaid; ft_fullstack; ft_fx_crypto; ft_recent_filing,51,Issuer of traveler's checks; Seller of traveler's checks; Issuer of money orders; Seller of money orders; Check casher; Money transmitter; Seller of prepaid access; Dealer in foreign exchange,0,,False,2026-06-24,False,
Fintech,90013642,Monarch Matrix Markets Inc,New York,NY,10038,"59 Maiden Ln, New York, Ny 10038",5,74,ft_national; ft_prepaid; ft_fullstack; ft_fx_crypto; ft_recent_filing,51,Issuer of traveler's checks; Seller of traveler's checks; Issuer of money orders; Seller of money orders; Check casher; Money transmitter; Seller of prepaid access; Dealer in foreign exchange,0,,False,2026-01-11,False,
Fintech,90013656,Moneroom Inc.,New York,NY,11220,"812 60Th St Fl 7,  Brooklyn, Ny, 11220, Usa",5,74,ft_national; ft_prepaid; ft_fullstack; ft_fx_crypto; ft_recent_filing,51,Issuer of traveler's checks; Seller of traveler's checks; Issuer of money orders; Seller of money orders; Check casher; Money transmitter; Seller of prepaid access; Dealer in foreign exchange,0,,False,2026-03-22,False,
Fintech,90013724,Monsoon Pay Llc,Kalispell,MT,59901,1001 S Main St Ste 49,5,74,ft_national; ft_prepaid; ft_fullstack; ft_fx_crypto; ft_recent_filing,51,Issuer of traveler's checks; Seller of traveler's checks; Issuer of money orders; Seller of money orders; Check casher; Money transmitter; Seller of prepaid access; Dealer in foreign exchange,0,,False,2026-07-22,False,
Fintech,90013821,Morgan Network Service Inc.,Colorado Springs,CO,80918,5142 N Academy Blvd Unit 4328,5,74,ft_national; ft_prepaid; ft_fullstack; ft_fx_crypto; ft_recent_filing,51,Seller of traveler's checks; Issuer of money orders; Seller of money orders; Check casher; Money transmitter; Seller of prepaid access; Dealer in foreign exchange,0,,False,2026-04-10,False,
Fintech,90013855,Movtrion Inc,San Francisco,CA,94111,"01 California St, San Francisco, Ca 94111",5,74,ft_national; ft_prepaid; ft_fullstack; ft_fx_crypto; ft_recent_filing,51,Issuer of traveler's checks; Seller of traveler's checks; Issuer of money orders; Seller of money orders; Check casher; Money transmitter; Seller of prepaid access; Dealer in foreign exchange,0,,False,2026-04-17,False,
Fintech,90013863,Mp Network Inc,Dover,DE,19901,"8 The Green, Suite B",5,74,ft_national; ft_prepaid; ft_fullstack; ft_fx_crypto; ft_recent_filing,51,Issuer of traveler's checks; Seller of traveler's checks; Issuer of money orders; Seller of money orders; Check casher; Money transmitter; Seller of prepaid access; Dealer in foreign exchange,0,,False,2026-01-27,False,
Fintech,90013866,Mp Payment Inc,Denver,CO,80203,1500 N Grant St Ste R,5,74,ft_national; ft_prepaid; ft_fullstack; ft_fx_crypto; ft_recent_filing,51,Issuer of traveler's checks; Seller of traveler's checks; Issuer of money orders; Seller of money orders; Check casher; Money transmitter; Seller of prepaid access; Dealer in foreign exchange,0,,False,2025-12-12,False,
Fintech,90013911,Mt Base Inc.,New York,NY,10001,"55 Hudson Yards, 10Th Floor",5,74,ft_national; ft_prepaid; ft_fullstack; ft_fx_crypto; ft_recent_filing,51,Issuer of traveler's checks; Seller of traveler's checks; Issuer of money orders; Seller of money orders; Check casher; Money transmitter; Seller of prepaid access; Dealer in foreign exchange,0,Mt Base,False,2026-05-26,False,
Fintech,90014147,Muzk Foundation Inc,Denver,CO,80202,1521 Blake St,5,74,ft_national; ft_prepaid; ft_fullstack; ft_fx_crypto; ft_recent_filing,51,Issuer of traveler's checks; Seller of traveler's checks; Issuer of money orders; Seller of money orders; Check casher; Money transmitter; Seller of prepaid access; Dealer in foreign exchange,0,Muzk Foundation Inc,False,2025-11-14,False,
Fintech,90014157,Mxcm Global Inc,Denver,CO,80202,1521 Blake St Ste 47009,5,74,ft_national; ft_prepaid; ft_fullstack; ft_fx_crypto; ft_recent_filing,51,Issuer of traveler's checks; Seller of traveler's checks; Issuer of money orders; Seller of money orders; Check casher; Money transmitter; Seller of prepaid access; Dealer in foreign exchange,0,,False,2026-03-24,False,
Fintech,90014158,Mxcm Global Inc,Denver,CO,80202,1521 Blake St Ste 47009,5,74,ft_national; ft_prepaid; ft_fullstack; ft_fx_crypto; ft_recent_filing,51,Issuer of traveler's checks; Seller of traveler's checks; Issuer of money orders; Seller of money orders; Check casher; Money transmitter; Seller of prepaid access; Dealer in foreign exchange,0,,False,2026-03-23,False,
Fintech,90014173,Myhaas Digital Infrastructure Inc,Kalispell,MT,59901,"1001 S. Main St. Ste 600Kalispell, Mt 59901",5,74,ft_national; ft_prepaid; ft_fullstack; ft_fx_crypto; ft_recent_filing,51,Issuer of traveler's checks; Seller of traveler's checks; Issuer of money orders; Seller of money orders; Check casher; Money transmitter; Seller of prepaid access; Dealer in foreign exchange,0,,False,2026-05-14,False,
Fintech,90014188,Mzc Exchange Inc,Denver,CO,80203,1500 N Grant St Ste R,5,74,ft_national; ft_prepaid; ft_fullstack; ft_fx_crypto; ft_recent_filing,51,Issuer of traveler's checks; Seller of traveler's checks; Issuer of money orders; Seller of money orders; Check casher; Money transmitter; Seller of prepaid access; Dealer in foreign exchange,0,,False,2025-12-09,False,
Fintech,90014238,Nasdaq Esop Inc,Boulder,CO,80303,4770 Baseline Rd Suite 200,5,74,ft_national; ft_prepaid; ft_fullstack; ft_fx_crypto; ft_recent_filing,51,Issuer of traveler's checks; Seller of traveler's checks; Issuer of money orders; Seller of money orders; Check casher; Money transmitter; Seller of prepaid access; Dealer in foreign exchange,0,,False,2026-01-26,False,
Fintech,90014242,Nash Foundation,Denver,CO,80202,"1670 Broadway, Denver, Co 80202",5,74,ft_national; ft_prepaid; ft_fullstack; ft_fx_crypto; ft_recent_filing,51,Issuer of traveler's checks; Seller of traveler's checks; Issuer of money orders; Seller of money orders; Check casher; Money transmitter; Seller of prepaid access; Dealer in foreign exchange,0,,False,2026-09-04,False,
Fintech,90014287,Nb Investment Inc,Denver,CO,80203,1500 N Grant St Ste R,5,74,ft_national; ft_prepaid; ft_fullstack; ft_fx_crypto; ft_recent_filing,51,Issuer of traveler's checks; Seller of traveler's checks; Issuer of money orders; Seller of money orders; Check casher; Money transmitter; Seller of prepaid access; Dealer in foreign exchange,0,,False,2026-01-08,False,
Fintech,90014289,Nblebit Inc.,Riverside,CA,92507,1650 Spruce St,5,74,ft_national; ft_prepaid; ft_fullstack; ft_fx_crypto; ft_recent_filing,51,Issuer of traveler's checks; Seller of traveler's checks; Issuer of money orders; Seller of money orders; Check casher; Money transmitter; Seller of prepaid access; Dealer in foreign exchange,0,,False,2025-10-30,False,
Fintech,90014291,Nbnbit Holdings Limited,New York,NY,10172,277 Park Ave,5,74,ft_national; ft_prepaid; ft_fullstack; ft_fx_crypto; ft_recent_filing,51,Issuer of traveler's checks; Seller of traveler's checks; Issuer of money orders; Seller of money orders; Check casher; Money transmitter; Seller of prepaid access; Dealer in foreign exchange,0,,False,2025-10-11,False,
Fintech,90014296,Ncnex Llc,Louisville,KY,40291,6844 Bardstown Rd Suite 766,5,74,ft_national; ft_prepaid; ft_fullstack; ft_fx_crypto; ft_recent_filing,51,Issuer of traveler's checks; Seller of traveler's checks; Issuer of money orders; Seller of money orders; Check casher; Money transmitter; Seller of prepaid access; Dealer in foreign exchange,0,Ncnex Llc,False,2026-09-14,False,
Fintech,90014331,Neomics Institute Inc,Denver,CO,80202,"1800 Glenarm Pl, Denver, Co 80202, United States",5,74,ft_national; ft_prepaid; ft_fullstack; ft_fx_crypto; ft_recent_filing,51,Issuer of traveler's checks; Seller of traveler's checks; Issuer of money orders; Seller of money orders; Check casher; Money transmitter; Seller of prepaid access; Dealer in foreign exchange,0,,False,2026-08-14,False,
Fintech,90014335,"Neoster Global, Inc.",Washington,DC,20037,2101 L St Nw,5,74,ft_national; ft_prepaid; ft_fullstack; ft_fx_crypto; ft_recent_filing,51,Issuer of traveler's checks; Seller of traveler's checks; Issuer of money orders; Seller of money orders; Check casher; Money transmitter; Seller of prepaid access; Dealer in foreign exchange,0,Neoster Global,False,2025-10-13,False,
Fintech,90014337,Neo Trade Network Inc,Albany,NY,12207,418 Broadway Ste R,5,74,ft_national; ft_prepaid; ft_fullstack; ft_fx_crypto; ft_recent_filing,51,Issuer of traveler's checks; Seller of traveler's checks; Issuer of money orders; Seller of money orders; Check casher; Money transmitter; Seller of prepaid access; Dealer in foreign exchange,0,,False,2025-12-16,False,
Fintech,90014367,Neurocore Ai Inc.,Palo Alto,CA,94301,228 Hamilton Avenue Suite 2200,5,74,ft_national; ft_prepaid; ft_fullstack; ft_fx_crypto; ft_recent_filing,51,Issuer of traveler's checks; Seller of traveler's checks; Issuer of money orders; Seller of money orders; Check casher; Money transmitter; Seller of prepaid access; Dealer in foreign exchange,0,,False,2026-04-07,False,
Fintech,90014369,Neurox Inc.,New York,NY,10019,1633 Broadway,5,74,ft_national; ft_prepaid; ft_fullstack; ft_fx_crypto; ft_recent_filing,51,Issuer of traveler's checks; Seller of traveler's checks; Issuer of money orders; Seller of money orders; Check casher; Money transmitter; Seller of prepaid access; Dealer in foreign exchange,0,Neurox,False,2026-09-21,False,
Fintech,90014454,New Oasis International Foundatio,Denver,CO,80202,1099 18Th St,5,74,ft_national; ft_prepaid; ft_fullstack; ft_fx_crypto; ft_recent_filing,51,Issuer of traveler's checks; Seller of traveler's checks; Issuer of money orders; Seller of money orders; Check casher; Money transmitter; Seller of prepaid access; Dealer in foreign exchange,0,,False,2026-01-21,False,
Fintech,90014487,Nexar Bit Inc,San Diego,CA,92121,4445 Eastgate Mall,5,74,ft_national; ft_prepaid; ft_fullstack; ft_fx_crypto; ft_recent_filing,51,Issuer of traveler's checks; Seller of traveler's checks; Issuer of money orders; Seller of money orders; Check casher; Money transmitter; Seller of prepaid access; Dealer in foreign exchange,0,,False,2025-12-09,False,
Fintech,90014489,Nexaryon Inc,Denver,CO,80203,1580 Logan St,5,74,ft_national; ft_prepaid; ft_fullstack; ft_fx_crypto; ft_recent_filing,51,Issuer of traveler's checks; Seller of traveler's checks; Issuer of money orders; Seller of money orders; Check casher; Money transmitter; Seller of prepaid access; Dealer in foreign exchange,0,Nexaryon Inc,False,2026-06-19,False,
Fintech,90014490,Nexasend Inc,Boulder,CO,80302,1919 14Th St #700,5,74,ft_national; ft_prepaid; ft_fullstack; ft_fx_crypto; ft_recent_filing,51,Issuer of traveler's checks; Seller of traveler's checks; Issuer of money orders; Seller of money orders; Check casher; Money transmitter; Seller of prepaid access; Dealer in foreign exchange,0,,False,2026-04-09,False,
Fintech,90014505,"Nexpayment Finance, Inc",Sheridan,WY,82801,30 N Gould St Ste R,5,74,ft_national; ft_prepaid; ft_fullstack; ft_fx_crypto; ft_recent_filing,51,Issuer of traveler's checks; Seller of traveler's checks; Issuer of money orders; Seller of money orders; Check casher; Money transmitter; Seller of prepaid access; Dealer in foreign exchange,0,"Nexpayment Finance, Inc",False,2026-09-07,False,
Fintech,90014507,Nexreel Network Ltd.,Louisville,KY,40291,6844 Bardstown Rd Suite 779,5,74,ft_national; ft_prepaid; ft_fullstack; ft_fx_crypto; ft_recent_filing,51,Issuer of traveler's checks; Seller of traveler's checks; Issuer of money orders; Seller of money orders; Check casher; Money transmitter; Seller of prepaid access; Dealer in foreign exchange,0,Nexreel Network Ltd.,False,2025-10-31,False,
Fintech,90014512,Nextchange Llc,Kalispell,MT,59901,1290 Us Highway 2 E Pmb 1045,5,74,ft_national; ft_prepaid; ft_fullstack; ft_fx_crypto; ft_recent_filing,51,Issuer of traveler's checks; Seller of traveler's checks; Issuer of money orders; Seller of money orders; Check casher; Money transmitter; Seller of prepaid access; Dealer in foreign exchange,0,,False,2026-07-31,False,
Fintech,90014521,Nexus,Aurora,CO,80014,3190 South Vaughn Way,5,74,ft_national; ft_prepaid; ft_fullstack; ft_fx_crypto; ft_recent_filing,51,Issuer of traveler's checks; Seller of traveler's checks; Issuer of money orders; Seller of money orders; Check casher; Money transmitter; Seller of prepaid access; Dealer in foreign exchange,0,,False,2025-12-14,False,
Fintech,90014526,Nexus Genesis Capital Ltd.,New York,NY,10022,825 Third Ave,5,74,ft_national; ft_prepaid; ft_fullstack; ft_fx_crypto; ft_recent_filing,51,Issuer of traveler's checks; Seller of traveler's checks; Issuer of money orders; Seller of money orders; Check casher; Money transmitter; Seller of prepaid access; Dealer in foreign exchange,0,Nexus Genesis Capital,False,2026-01-04,False,
Fintech,90014531,Nexus Wealth Services Inc.,New York,NY,10022,425 Park Ave,5,74,ft_national; ft_prepaid; ft_fullstack; ft_fx_crypto; ft_recent_filing,51,Issuer of traveler's checks; Seller of traveler's checks; Issuer of money orders; Seller of money orders; Check casher; Money transmitter; Seller of prepaid access; Dealer in foreign exchange,0,Nexus Wealth Services,False,2026-04-01,False,
Fintech,90014537,Nftower Ltd,New York,NY,10038,"59 Maiden Ln, New York, Ny 10038, United States",5,74,ft_national; ft_prepaid; ft_fullstack; ft_fx_crypto; ft_recent_filing,51,Issuer of traveler's checks; Seller of traveler's checks; Issuer of money orders; Seller of money orders; Check casher; Money transmitter; Seller of prepaid access; Dealer in foreign exchange,0,,False,2026-04-09,False,
Fintech,90014539,Nftzave Ltd,New York,NY,10019,"525 W 57Th St, New York, Ny 10019 Usa",5,74,ft_national; ft_prepaid; ft_fullstack; ft_fx_crypto; ft_recent_filing,51,Issuer of traveler's checks; Seller of traveler's checks; Issuer of money orders; Seller of money orders; Check casher; Money transmitter; Seller of prepaid access; Dealer in foreign exchange,0,,False,2026-08-10,False,
Fintech,90014542,Ngcybit Inc.,San Bernardino,CA,92401,20 N E St,5,74,ft_national; ft_prepaid; ft_fullstack; ft_fx_crypto; ft_recent_filing,51,Issuer of traveler's checks; Seller of traveler's checks; Issuer of money orders; Seller of money orders; Check casher; Money transmitter; Seller of prepaid access; Dealer in foreign exchange,0,,False,2025-11-04,False,
Fintech,90014618,Noba Llc,Albuquerque,NM,87110,1209 Mountain Road Pl Ne Ste R,5,74,ft_national; ft_prepaid; ft_fullstack; ft_fx_crypto; ft_recent_filing,51,Issuer of money orders; Seller of money orders; Money transmitter; Seller of prepaid access; Dealer in foreign exchange,0,,False,2026-02-28,False,
Fintech,90014619,Nobank Llc,Albuquerque,NM,87110,1209 Mountain Road Pl Ne Ste R,5,74,ft_national; ft_prepaid; ft_fullstack; ft_fx_crypto; ft_recent_filing,51,Issuer of money orders; Seller of money orders; Money transmitter; Seller of prepaid access; Dealer in foreign exchange,0,,False,2026-01-18,False,
Fintech,90014623,Noctis Arcanum Foundation,Denver,CO,80202,1900 16Th St,5,74,ft_national; ft_prepaid; ft_fullstack; ft_fx_crypto; ft_recent_filing,51,Seller of traveler's checks; Issuer of money orders; Seller of money orders; Check casher; Money transmitter; Seller of prepaid access; Dealer in foreign exchange,0,,False,2026-03-19,False,
Fintech,90014624,Nodebitxis Inc,Cape May,NJ,'08204,608 Washington St,5,74,ft_national; ft_prepaid; ft_fullstack; ft_fx_crypto; ft_recent_filing,51,Issuer of traveler's checks; Seller of traveler's checks; Issuer of money orders; Seller of money orders; Check casher; Money transmitter; Seller of prepaid access; Dealer in foreign exchange,0,,False,2026-03-29,False,
Fintech,90014628,Node Ltd,Beverly Hills,CA,90212,9777 Wilshire Blvd Ste 600,5,74,ft_national; ft_prepaid; ft_fullstack; ft_fx_crypto; ft_recent_filing,51,Issuer of traveler's checks; Seller of traveler's checks; Issuer of money orders; Seller of money orders; Check casher; Money transmitter; Seller of prepaid access; Dealer in foreign exchange,0,Node Ltd,False,2026-06-17,False,
Fintech,90014629,Nodexx Ltd.,New York,NY,10017,295 Madison Ave 12Th Floor,5,74,ft_national; ft_prepaid; ft_fullstack; ft_fx_crypto; ft_recent_filing,51,Issuer of traveler's checks; Seller of traveler's checks; Issuer of money orders; Seller of money orders; Check casher; Money transmitter; Seller of prepaid access; Dealer in foreign exchange,0,Nodexx Ltd.,False,2026-06-17,False,
Fintech,90014659,Northbridge Markets Corp.,New York City,NY,10005,"14 Wall Street, 20Th Floor",5,74,ft_national; ft_prepaid; ft_fullstack; ft_fx_crypto; ft_recent_filing,51,Issuer of traveler's checks; Seller of traveler's checks; Issuer of money orders; Seller of money orders; Check casher; Money transmitter; Seller of prepaid access; Dealer in foreign exchange,0,Northbridge Markets Corp.,False,2026-07-27,False,
Fintech,90014660,Northbridge Markets Inc,Denver,CO,80202,1312 17Th Street #692,5,74,ft_national; ft_prepaid; ft_fullstack; ft_fx_crypto; ft_recent_filing,51,Issuer of traveler's checks; Seller of traveler's checks; Issuer of money orders; Seller of money orders; Check casher; Money transmitter; Seller of prepaid access; Dealer in foreign exchange,0,Northbridge Markets Inc,False,2026-08-19,False,
Fintech,90014684,Northstar International Capital Inc.,New York,NY,10016,244 Madison Avenue Suite 1666,5,74,ft_national; ft_prepaid; ft_fullstack; ft_fx_crypto; ft_recent_filing,51,Issuer of traveler's checks; Seller of traveler's checks; Issuer of money orders; Seller of money orders; Check casher; Money transmitter; Seller of prepaid access; Dealer in foreign exchange,0,,False,2025-12-16,False,
Fintech,90014691,Northzone Konto Ag Ltd.,New York,NY,10017,140 East 45Th Street,5,74,ft_national; ft_prepaid; ft_fullstack; ft_fx_crypto; ft_recent_filing,51,Issuer of traveler's checks; Seller of traveler's checks; Issuer of money orders; Seller of money orders; Check casher; Money transmitter; Seller of prepaid access; Dealer in foreign exchange,0,Northzone Konto Ag,False,2025-10-15,False,
Fintech,90014707,Nova Carbon Credit Technologies Inc.,Denver,CO,80203,1500 N Grant St Ste R,5,74,ft_national; ft_prepaid; ft_fullstack; ft_fx_crypto; ft_recent_filing,51,Issuer of traveler's checks; Seller of traveler's checks; Issuer of money orders; Seller of money orders; Check casher; Money transmitter; Seller of prepaid access; Dealer in foreign exchange,0,,False,2025-10-10,False,
Fintech,90014709,Novacore Core Assets Inc.,Lakewood,CO,80226,7655 W Mississippi Ave Ste 150,5,74,ft_national; ft_prepaid; ft_fullstack; ft_fx_crypto; ft_recent_filing,51,Issuer of traveler's checks; Seller of traveler's checks; Issuer of money orders; Seller of money orders; Check casher; Money transmitter; Seller of prepaid access; Dealer in foreign exchange,0,,False,2026-01-30,False,
Fintech,90014710,"Novacrust Technology, Llc",Newark,DE,19713,"131 Continental Dr, Suite 305",5,74,ft_national; ft_prepaid; ft_fullstack; ft_fx_crypto; ft_recent_filing,51,Money transmitter; Seller of prepaid access; Dealer in foreign exchange,0,Novacrust,False,2026-09-15,False,
Fintech,90014717,Nova Finance Exchange Inc.,Englewood,CO,80112,9200 E Mineral Ave,5,74,ft_national; ft_prepaid; ft_fullstack; ft_fx_crypto; ft_recent_filing,51,Issuer of traveler's checks; Seller of traveler's checks; Issuer of money orders; Seller of money orders; Check casher; Money transmitter; Seller of prepaid access; Dealer in foreign exchange,0,Nova Finance Exchange,False,2026-04-19,False,
Fintech,90014723,Nova Hyperverse Technology Ltd.,New York,NY,10016,90 Park Ave,5,74,ft_national; ft_prepaid; ft_fullstack; ft_fx_crypto; ft_recent_filing,51,Issuer of traveler's checks; Seller of traveler's checks; Issuer of money orders; Seller of money orders; Check casher; Money transmitter; Seller of prepaid access; Dealer in foreign exchange,0,Nova Hyperverse,False,2026-08-12,False,
Fintech,90014724,Nova Inspira Llc,Miramar,FL,33025,11820 Miramar Pkwy Unit 116,5,74,ft_national; ft_prepaid; ft_fullstack; ft_fx_crypto; ft_recent_filing,51,Issuer of traveler's checks; Seller of traveler's checks; Issuer of money orders; Seller of money orders; Check casher; Money transmitter; Seller of prepaid access; Dealer in foreign exchange,0,,False,2025-12-17,False,
Fintech,90014729,Novamoneta Llc,Kalispell,MT,59901,1001 S Main St # 12287,5,74,ft_national; ft_prepaid; ft_fullstack; ft_fx_crypto; ft_recent_filing,51,Issuer of traveler's checks; Seller of traveler's checks; Issuer of money orders; Seller of money orders; Check casher; Money transmitter; Seller of prepaid access; Dealer in foreign exchange,0,,False,2026-06-09,False,
Fintech,90014737,Novaxbit Llc,Denver,CO,80202,370 17Th Street,5,74,ft_national; ft_prepaid; ft_fullstack; ft_fx_crypto; ft_recent_filing,51,Issuer of traveler's checks; Seller of traveler's checks; Issuer of money orders; Seller of money orders; Check casher; Money transmitter; Seller of prepaid access; Dealer in foreign exchange,0,Novaxbit Llc,False,2026-02-06,False,
Fintech,90014738,Novax Global Exchange Inc,Denver,CO,80202,1312 17Th St Unit Num-2955,5,74,ft_national; ft_prepaid; ft_fullstack; ft_fx_crypto; ft_recent_filing,51,Issuer of traveler's checks; Seller of traveler's checks; Issuer of money orders; Seller of money orders; Check casher; Money transmitter; Seller of prepaid access; Dealer in foreign exchange,0,,False,2025-10-11,False,
Fintech,90014768,Novipay Technologies Llc,Denver,CO,80203,1500 N Grant St Ste R,5,74,ft_national; ft_prepaid; ft_fullstack; ft_fx_crypto; ft_recent_filing,51,Issuer of traveler's checks; Seller of traveler's checks; Issuer of money orders; Seller of money orders; Check casher; Money transmitter; Seller of prepaid access; Dealer in foreign exchange,0,,False,2026-08-13,False,
Fintech,90014769,"Noviqent Financial , Inc.",Denver,CO,80202,555 17Th St,5,74,ft_national; ft_prepaid; ft_fullstack; ft_fx_crypto; ft_recent_filing,51,Issuer of traveler's checks; Seller of traveler's checks; Issuer of money orders; Seller of money orders; Check casher; Money transmitter; Seller of prepaid access; Dealer in foreign exchange,0,"Noviqent Financial , Inc.",False,2026-09-14,False,
Fintech,90014783,Nscale Ex Inc,Denver,CO,80202,"600 17Th St Suite 2800, Denver, Co 80202, Us",5,74,ft_national; ft_prepaid; ft_fullstack; ft_fx_crypto; ft_recent_filing,51,Issuer of traveler's checks; Seller of traveler's checks; Issuer of money orders; Seller of money orders; Check casher; Money transmitter; Seller of prepaid access; Dealer in foreign exchange,0,,False,2026-03-20,False,
Fintech,90014797,Ntp Miner Inc,Denver,CO,80290,1700 Broadway Suite 1800,5,74,ft_national; ft_prepaid; ft_fullstack; ft_fx_crypto; ft_recent_filing,51,Issuer of traveler's checks; Seller of traveler's checks; Issuer of money orders; Seller of money orders; Check casher; Money transmitter; Seller of prepaid access; Dealer in foreign exchange,0,Ntp Miner Inc,False,2026-05-27,False,
Fintech,90014803,Nueva Esperanza Capital Group Ltd,Philadelphia,PA,19103,1700 Market St #1005,5,74,ft_national; ft_prepaid; ft_fullstack; ft_fx_crypto; ft_recent_filing,51,Seller of traveler's checks; Issuer of money orders; Seller of money orders; Check casher; Money transmitter; Seller of prepaid access; Dealer in foreign exchange,0,,False,2025-12-30,False,
Fintech,90014836,Nuqn Investment Fellowship Ltd,Bellevue,WA,98008,3190 160Th Ave Se,5,74,ft_national; ft_prepaid; ft_fullstack; ft_fx_crypto; ft_recent_filing,51,Issuer of traveler's checks; Seller of traveler's checks; Issuer of money orders; Seller of money orders; Check casher; Money transmitter; Seller of prepaid access; Dealer in foreign exchange,0,,False,2025-11-16,False,
Fintech,90014841,Nuvion Capital Inc,New York,NY,10065,277 Park Ave,5,74,ft_national; ft_prepaid; ft_fullstack; ft_fx_crypto; ft_recent_filing,51,Issuer of traveler's checks; Seller of traveler's checks; Issuer of money orders; Seller of money orders; Check casher; Money transmitter; Seller of prepaid access; Dealer in foreign exchange,0,,False,2025-10-20,False,
Fintech,90014849,Nvidia-Ai Inc.,New York,NY,10005,140 Broadway,5,74,ft_national; ft_prepaid; ft_fullstack; ft_fx_crypto; ft_recent_filing,51,Issuer of traveler's checks; Seller of traveler's checks; Issuer of money orders; Seller of money orders; Check casher; Money transmitter; Seller of prepaid access; Dealer in foreign exchange,0,Nvidia-Ai,False,2026-03-19,False,
Fintech,90014854,Nxri Digital Inc.,Los Angeles,CA,90025,12100 Wilshire Boulevard Suite 810,5,74,ft_national; ft_prepaid; ft_fullstack; ft_fx_crypto; ft_recent_filing,51,Issuer of traveler's checks; Seller of traveler's checks; Issuer of money orders; Seller of money orders; Check casher; Money transmitter; Seller of prepaid access; Dealer in foreign exchange,0,Nxri Digital Inc.,False,2026-08-10,False,
Fintech,90014855,Nxscap Inc,Denver,CO,80211,"1500 N Grant St Ste R, Denver, Co 80203, Us",5,74,ft_national; ft_prepaid; ft_fullstack; ft_fx_crypto; ft_recent_filing,51,Issuer of traveler's checks; Seller of traveler's checks; Issuer of money orders; Seller of money orders; Check casher; Money transmitter; Seller of prepaid access; Dealer in foreign exchange,0,,False,2026-01-12,False,
Fintech,90014856,Nxt Cyber,Denver,CO,80237,7900 East Union Avenue,5,74,ft_national; ft_prepaid; ft_fullstack; ft_fx_crypto; ft_recent_filing,51,Issuer of traveler's checks; Seller of traveler's checks; Issuer of money orders; Seller of money orders; Check casher; Money transmitter; Seller of prepaid access; Dealer in foreign exchange,0,Nxt Cyber,False,2025-11-05,False,
Fintech,90014870,O2Pay Technologies Inc,Denver,CO,80203,"1500 N Grant St Ste R, Denver, Co 80203, Us",5,74,ft_national; ft_prepaid; ft_fullstack; ft_fx_crypto; ft_recent_filing,51,Issuer of traveler's checks; Seller of traveler's checks; Issuer of money orders; Seller of money orders; Check casher; Money transmitter; Seller of prepaid access; Dealer in foreign exchange,0,,False,2026-04-01,False,
Fintech,90014881,Oakwood Family Office Inc,San Francisco,CA,94104,555 California St #350,5,74,ft_national; ft_prepaid; ft_fullstack; ft_fx_crypto; ft_recent_filing,51,Issuer of traveler's checks; Seller of traveler's checks; Issuer of money orders; Seller of money orders; Check casher; Money transmitter; Seller of prepaid access; Dealer in foreign exchange,0,,False,2026-08-06,False,
Fintech,90014902,Objective Equity Inc,Denver,CO,80211,600 17Th St,5,74,ft_national; ft_prepaid; ft_fullstack; ft_fx_crypto; ft_recent_filing,51,Issuer of traveler's checks; Seller of traveler's checks; Issuer of money orders; Seller of money orders; Check casher; Money transmitter; Seller of prepaid access; Dealer in foreign exchange,0,,False,2025-10-21,False,
Fintech,90014905,Obsidian Ledger Solutions Inc.,Denver,CO,80264,1660 Lincoln St,5,74,ft_national; ft_prepaid; ft_fullstack; ft_fx_crypto; ft_recent_filing,51,Seller of traveler's checks; Issuer of money orders; Seller of money orders; Check casher; Money transmitter; Seller of prepaid access; Dealer in foreign exchange,0,,False,2026-03-02,False,
Fintech,90014910,Oceanmap Exchange Inc,Denver,CO,80246,"950 S Cherry St G-14, Denver, Co 80246",5,74,ft_national; ft_prepaid; ft_fullstack; ft_fx_crypto; ft_recent_filing,51,Issuer of traveler's checks; Seller of traveler's checks; Issuer of money orders; Seller of money orders; Check casher; Money transmitter; Seller of prepaid access; Dealer in foreign exchange,0,,False,2025-12-05,False,
Fintech,90014914,Oceka Tech Inc,Denver,CO,80803,800 Grant Street,5,74,ft_national; ft_prepaid; ft_fullstack; ft_fx_crypto; ft_recent_filing,51,Issuer of traveler's checks; Seller of traveler's checks; Issuer of money orders; Seller of money orders; Check casher; Money transmitter; Seller of prepaid access; Dealer in foreign exchange,0,,False,2025-10-29,False,
Fintech,90014920,Octox,Denver,CO,80231,7535 East Hampden Avenue Suite 2500,5,74,ft_national; ft_prepaid; ft_fullstack; ft_fx_crypto; ft_recent_filing,51,Issuer of traveler's checks; Seller of traveler's checks; Issuer of money orders; Seller of money orders; Check casher; Money transmitter; Seller of prepaid access; Dealer in foreign exchange,0,,False,2025-10-08,False,
Fintech,90014922,Odbit Global Digital Exchange Corporation,Houston,TX,77002,1000 Main St,5,74,ft_national; ft_prepaid; ft_fullstack; ft_fx_crypto; ft_recent_filing,51,Seller of traveler's checks; Issuer of money orders; Seller of money orders; Check casher; Money transmitter; Seller of prepaid access; Dealer in foreign exchange,0,,False,2025-10-12,False,
Fintech,90014937,Ogc International Consumption Big Data,Greenwood Village,CO,80111,8400 E Crescent Pkwy,5,74,ft_national; ft_prepaid; ft_fullstack; ft_fx_crypto; ft_recent_filing,51,Issuer of traveler's checks; Seller of traveler's checks; Issuer of money orders; Seller of money orders; Check casher; Money transmitter; Seller of prepaid access; Dealer in foreign exchange,0,Ogc International Consumption Big Data,False,2025-11-26,False,
Fintech,90014951,Oi Capital Foundation,Denver,CO,80203,"1500 N Grant St Ste R, Denver, Co 80203, Us",5,74,ft_national; ft_prepaid; ft_fullstack; ft_fx_crypto; ft_recent_filing,51,Issuer of traveler's checks; Seller of traveler's checks; Issuer of money orders; Seller of money orders; Check casher; Money transmitter; Seller of prepaid access; Dealer in foreign exchange,0,,False,2026-08-05,False,
Fintech,90015001,Olsem Asset Management Inc,Irvine,CA,92612,"18400 Von Karman Ave,3Rd Floor Ste 310",5,74,ft_national; ft_prepaid; ft_fullstack; ft_fx_crypto; ft_recent_filing,51,Issuer of traveler's checks; Seller of traveler's checks; Issuer of money orders; Seller of money orders; Check casher; Money transmitter; Seller of prepaid access; Dealer in foreign exchange,0,,False,2025-10-25,False,
Fintech,90015017,Omin Technology Llc,Pueblo,CO,81003,2114 N Elizabeth St,5,74,ft_national; ft_prepaid; ft_fullstack; ft_fx_crypto; ft_recent_filing,51,Issuer of traveler's checks; Seller of traveler's checks; Issuer of money orders; Seller of money orders; Check casher; Money transmitter; Seller of prepaid access; Dealer in foreign exchange,0,,False,2026-06-29,False,
Fintech,90015025,Omni Chain Trading Center Inc,Los Angeles,CA,90017,900 Wilshire Blvd,5,74,ft_national; ft_prepaid; ft_fullstack; ft_fx_crypto; ft_recent_filing,51,Issuer of traveler's checks; Seller of traveler's checks; Issuer of money orders; Seller of money orders; Check casher; Money transmitter; Seller of prepaid access; Dealer in foreign exchange,0,,False,2026-08-17,False,
Fintech,90015026,Omnidex Ltd,Houston,TX,77002,333 Clay St,5,74,ft_national; ft_prepaid; ft_fullstack; ft_fx_crypto; ft_recent_filing,51,Seller of traveler's checks; Issuer of money orders; Seller of money orders; Check casher; Money transmitter; Seller of prepaid access; Dealer in foreign exchange,0,,False,2025-12-18,False,
Fintech,90015027,Omnifi Vault Inc.,Denver,CO,80231,"10200 E Girard Ave, Denver, Co",5,74,ft_national; ft_prepaid; ft_fullstack; ft_fx_crypto; ft_recent_filing,51,Issuer of traveler's checks; Seller of traveler's checks; Issuer of money orders; Seller of money orders; Check casher; Money transmitter; Seller of prepaid access; Dealer in foreign exchange,0,Omnifi Vault Inc.,False,2026-05-01,False,
Fintech,90015029,Omni Kline Global Fintech Inc,Colorado Springs,CO,80906,6510 S Academy Blvd Ste A 642,5,74,ft_national; ft_prepaid; ft_fullstack; ft_fx_crypto; ft_recent_filing,51,Issuer of traveler's checks; Seller of traveler's checks; Issuer of money orders; Seller of money orders; Check casher; Money transmitter; Seller of prepaid access; Dealer in foreign exchange,0,,False,2026-04-27,False,
Fintech,90015042,Onchain Ai Inc.,Denver,CO,80202,1999 Broadway Suite 900,5,74,ft_national; ft_prepaid; ft_fullstack; ft_fx_crypto; ft_recent_filing,51,Issuer of traveler's checks; Seller of traveler's checks; Issuer of money orders; Seller of money orders; Check casher; Money transmitter; Seller of prepaid access; Dealer in foreign exchange,0,Onchain Ai Inc.,False,2026-04-08,False,
Fintech,90015043,Onchain Vault Inc,Denver,CO,80203,"1500 N Grant St Ste R, Denver, Co 80203, Us",5,74,ft_national; ft_prepaid; ft_fullstack; ft_fx_crypto; ft_recent_filing,51,Issuer of traveler's checks; Seller of traveler's checks; Issuer of money orders; Seller of money orders; Check casher; Money transmitter; Seller of prepaid access; Dealer in foreign exchange,0,,False,2026-05-18,False,
Fintech,90015055,One Foundation Inc,Denver,CO,80202,1521 Blake St Ste 47009,5,74,ft_national; ft_prepaid; ft_fullstack; ft_fx_crypto; ft_recent_filing,51,Issuer of traveler's checks; Seller of traveler's checks; Issuer of money orders; Seller of money orders; Check casher; Money transmitter; Seller of prepaid access; Dealer in foreign exchange,0,,False,2026-01-27,False,
Fintech,90015058,One Liquidity Protocol Exchange,Denver,CO,80202,1521 Blake St Ste 47009,5,74,ft_national; ft_prepaid; ft_fullstack; ft_fx_crypto; ft_recent_filing,51,Issuer of traveler's checks; Seller of traveler's checks; Issuer of money orders; Seller of money orders; Check casher; Money transmitter; Seller of prepaid access; Dealer in foreign exchange,0,One Liquidity Protocol Exchange,False,2025-12-19,False,
Fintech,90015085,Onlink Fintech Llc,Rsheridan,WY,82801,30 N Gould St,5,74,ft_national; ft_prepaid; ft_fullstack; ft_fx_crypto; ft_recent_filing,51,Issuer of traveler's checks; Seller of traveler's checks; Issuer of money orders; Seller of money orders; Check casher; Money transmitter; Seller of prepaid access; Dealer in foreign exchange,0,,False,2025-10-13,False,
Fintech,90015100,Openall Foundation,Denver,CO,80203,1500 N Grant Ststerdenverco 80203,5,74,ft_national; ft_prepaid; ft_fullstack; ft_fx_crypto; ft_recent_filing,51,Issuer of traveler's checks; Seller of traveler's checks; Issuer of money orders; Seller of money orders; Check casher; Money transmitter; Seller of prepaid access; Dealer in foreign exchange,0,,False,2026-09-24,False,
Fintech,90015104,Open Liquidity Protocol Exchange,Denver,CO,80202,1521 Blake St Ste 47009,5,74,ft_national; ft_prepaid; ft_fullstack; ft_fx_crypto; ft_recent_filing,51,Issuer of traveler's checks; Seller of traveler's checks; Issuer of money orders; Seller of money orders; Check casher; Money transmitter; Seller of prepaid access; Dealer in foreign exchange,0,Open Liquidity Protocol Exchange,False,2025-12-18,False,
Fintech,90015115,Ophir Global Capital Inc.,New York,NY,10016,244 Madison Avenue Suite 1307,5,74,ft_national; ft_prepaid; ft_fullstack; ft_fx_crypto; ft_recent_filing,51,Issuer of traveler's checks; Seller of traveler's checks; Issuer of money orders; Seller of money orders; Check casher; Money transmitter; Seller of prepaid access; Dealer in foreign exchange,0,Ophir Global Capital Inc.,False,2026-09-15,False,
Fintech,90015123,Opzex Inc,New York,NY,10007,"22 Cortlandt St, New York, Ny 10007  Usa",5,74,ft_national; ft_prepaid; ft_fullstack; ft_fx_crypto; ft_recent_filing,51,Issuer of traveler's checks; Seller of traveler's checks; Issuer of money orders; Seller of money orders; Check casher; Money transmitter; Seller of prepaid access; Dealer in foreign exchange,0,,False,2025-12-24,False,
Fintech,90015125,Oraclex Foundation,Denver,CO,80222,2000 S Colorado Blvd Tower One,5,74,ft_national; ft_prepaid; ft_fullstack; ft_fx_crypto; ft_recent_filing,51,Issuer of traveler's checks; Seller of traveler's checks; Issuer of money orders; Seller of money orders; Check casher; Money transmitter; Seller of prepaid access; Dealer in foreign exchange,0,,False,2025-12-01,False,
Fintech,90015126,Oraix Fandation,Colorado Springs,CO,80918,5142 N Academy Blvd Unit #4180,5,74,ft_national; ft_prepaid; ft_fullstack; ft_fx_crypto; ft_recent_filing,51,Issuer of traveler's checks; Seller of traveler's checks; Issuer of money orders; Seller of money orders; Check casher; Money transmitter; Seller of prepaid access; Dealer in foreign exchange,0,,False,2025-11-26,False,
Fintech,90015127,Oraix Foundation,Colorado Springs,CO,80918,5142 N Academy Blvd Unit #4180,5,74,ft_national; ft_prepaid; ft_fullstack; ft_fx_crypto; ft_recent_filing,51,Issuer of traveler's checks; Seller of traveler's checks; Issuer of money orders; Seller of money orders; Check casher; Money transmitter; Seller of prepaid access; Dealer in foreign exchange,0,,False,2025-11-26,False,
Fintech,90015132,Orangery Technology Llc,Denver,CO,80205,3000 Lawrence Street,5,74,ft_national; ft_prepaid; ft_fullstack; ft_fx_crypto; ft_recent_filing,51,Issuer of traveler's checks; Seller of traveler's checks; Issuer of money orders; Seller of money orders; Check casher; Money transmitter; Seller of prepaid access; Dealer in foreign exchange,0,,False,2026-09-15,False,
Fintech,90015133,Orangex Global Ltd,Miami,FL,33179,390 Ne 191St St Ste 8315,5,74,ft_national; ft_prepaid; ft_fullstack; ft_fx_crypto; ft_recent_filing,51,Issuer of traveler's checks; Seller of traveler's checks; Issuer of money orders; Seller of money orders; Check casher; Money transmitter; Seller of prepaid access; Dealer in foreign exchange,0,,False,2026-05-05,False,
Fintech,90015135,Oravion Capital Inc,Denver,CO,80203,1500 N Grant Ststerdenverco 80203,5,74,ft_national; ft_prepaid; ft_fullstack; ft_fx_crypto; ft_recent_filing,51,Issuer of traveler's checks; Seller of traveler's checks; Issuer of money orders; Seller of money orders; Check casher; Money transmitter; Seller of prepaid access; Dealer in foreign exchange,0,,False,2026-09-24,False,
Fintech,90015158,Oriel Ai Capital Inc.,New York,NY,10007,250 Greenwich St,5,74,ft_national; ft_prepaid; ft_fullstack; ft_fx_crypto; ft_recent_filing,51,Issuer of traveler's checks; Seller of traveler's checks; Issuer of money orders; Seller of money orders; Check casher; Money transmitter; Seller of prepaid access; Dealer in foreign exchange,0,Oriel,False,2025-10-29,False,
Fintech,90015168,Oring Ltd,New York,NY,10006,"285 Fulton Street, New York, Ny 10006",5,74,ft_national; ft_prepaid; ft_fullstack; ft_fx_crypto; ft_recent_filing,51,Issuer of traveler's checks; Seller of traveler's checks; Issuer of money orders; Seller of money orders; Check casher; Money transmitter; Seller of prepaid access; Dealer in foreign exchange,0,,False,2026-04-23,False,
Fintech,90015170,Orionbank Inc.,Denver,CO,80202,1601 Wewatta St,5,74,ft_national; ft_prepaid; ft_fullstack; ft_fx_crypto; ft_recent_filing,51,Issuer of traveler's checks; Seller of traveler's checks; Issuer of money orders; Seller of money orders; Check casher; Money transmitter; Seller of prepaid access; Dealer in foreign exchange,0,Orionbank,False,2026-09-21,False,
Fintech,90015179,Orixa Financial Inc.,Denver,CO,80202,1521 Blake St Ste 47009,5,74,ft_national; ft_prepaid; ft_fullstack; ft_fx_crypto; ft_recent_filing,51,Issuer of traveler's checks; Seller of traveler's checks; Issuer of money orders; Seller of money orders; Check casher; Money transmitter; Seller of prepaid access; Dealer in foreign exchange,0,,False,2026-02-09,False,
Fintech,90015222,Orvessa Hayes Llc,Denver,CO,80202,"1144 15Th St, Denver, Co 80202, Us",5,74,ft_national; ft_prepaid; ft_fullstack; ft_fx_crypto; ft_recent_filing,51,Issuer of traveler's checks; Seller of traveler's checks; Issuer of money orders; Seller of money orders; Check casher; Money transmitter; Seller of prepaid access; Dealer in foreign exchange,0,,False,2026-09-25,False,
Fintech,90015232,Osterhaus Scholarium Of Alpha Llc,San Francisco,CA,94111,100 Pine St,5,74,ft_national; ft_prepaid; ft_fullstack; ft_fx_crypto; ft_recent_filing,51,Seller of traveler's checks; Issuer of money orders; Seller of money orders; Check casher; Money transmitter; Seller of prepaid access; Dealer in foreign exchange,0,,False,2026-04-01,False,
Fintech,90015239,Otcu Trad Inc,Los Angeles,CA,90065,"1225 Cypress Ave # 2113 Los Angeles, Ca 90065",5,74,ft_national; ft_prepaid; ft_fullstack; ft_fx_crypto; ft_recent_filing,51,Issuer of traveler's checks; Seller of traveler's checks; Issuer of money orders; Seller of money orders; Check casher; Money transmitter; Seller of prepaid access; Dealer in foreign exchange,0,,False,2026-03-09,False,
Fintech,90015263,Ownone Lnc,Los Angeles,CA,90025,11100 Santa Monica Blvd,5,74,ft_national; ft_prepaid; ft_fullstack; ft_fx_crypto; ft_recent_filing,51,Issuer of traveler's checks; Seller of traveler's checks; Issuer of money orders; Seller of money orders; Check casher; Money transmitter; Seller of prepaid access; Dealer in foreign exchange,0,,False,2025-11-22,False,
Fintech,90015273,Oxk Network Technology Inc.,Colorado Springs,CO,80918,5142 N Academy Blvd Unit #4322,5,74,ft_national; ft_prepaid; ft_fullstack; ft_fx_crypto; ft_recent_filing,51,Issuer of traveler's checks; Seller of traveler's checks; Issuer of money orders; Seller of money orders; Check casher; Money transmitter; Seller of prepaid access; Dealer in foreign exchange,0,,False,2025-10-28,False,
Fintech,90015276,Oxtp Global Digital Asset Exchange Inc.,Denver,CO,80203,"1500 N Grant St, Ste R,",5,74,ft_national; ft_prepaid; ft_fullstack; ft_fx_crypto; ft_recent_filing,51,Issuer of traveler's checks; Seller of traveler's checks; Issuer of money orders; Seller of money orders; Check casher; Money transmitter; Seller of prepaid access; Dealer in foreign exchange,0,,False,2026-07-12,False,
Fintech,90015277,Oxtp Global Quant Technologies Inc.,"Denver,",CO,80203,"1500 N. Grant St, Ste R,",5,74,ft_national; ft_prepaid; ft_fullstack; ft_fx_crypto; ft_recent_filing,51,Issuer of traveler's checks; Seller of traveler's checks; Seller of money orders; Check casher; Money transmitter; Seller of prepaid access; Dealer in foreign exchange,0,,False,2026-07-08,False,
Fintech,90015307,Pacific Standard Crest Ltd.,New York,NY,10007,285 Fulton St,5,74,ft_national; ft_prepaid; ft_fullstack; ft_fx_crypto; ft_recent_filing,51,Issuer of traveler's checks; Seller of traveler's checks; Issuer of money orders; Seller of money orders; Check casher; Money transmitter; Seller of prepaid access; Dealer in foreign exchange,0,,False,2026-01-06,False,
Fintech,90015309,Pacodex Investments Inc,Sheridan,WY,82801,30 N Gould St Ste R,5,74,ft_national; ft_prepaid; ft_fullstack; ft_fx_crypto; ft_recent_filing,51,Issuer of traveler's checks; Seller of traveler's checks; Issuer of money orders; Seller of money orders; Check casher; Money transmitter; Seller of prepaid access; Dealer in foreign exchange,0,Pacodex Investments Inc,False,2026-02-04,False,
Fintech,90015323,Pagsmile Us Limited,Las Vegas,NV,89101,300 S 4Th St Ste 603,5,74,ft_national; ft_prepaid; ft_fullstack; ft_fx_crypto; ft_recent_filing,51,Seller of traveler's checks; Issuer of money orders; Seller of money orders; Check casher; Money transmitter; Seller of prepaid access; Dealer in foreign exchange,0,,False,2025-11-27,False,
Fintech,90015351,Pallapay Llc,Kalispell,MT,59901,1001 S. Main St. #10457,5,74,ft_national; ft_prepaid; ft_fullstack; ft_fx_crypto; ft_recent_filing,51,Issuer of traveler's checks; Seller of traveler's checks; Issuer of money orders; Seller of money orders; Check casher; Money transmitter; Seller of prepaid access; Dealer in foreign exchange,0,,False,2025-11-12,False,
Fintech,90015401,Pandapay Technology Limited,Lewes,DE,19958,16192 Coastal Hny,5,74,ft_national; ft_prepaid; ft_fullstack; ft_fx_crypto; ft_recent_filing,51,Issuer of traveler's checks; Seller of traveler's checks; Issuer of money orders; Seller of money orders; Check casher; Money transmitter; Seller of prepaid access; Dealer in foreign exchange,0,,False,2025-10-20,False,
Fintech,90015432,Parameter Gravity Technology Llc,Sheridan,WY,82801,30 N Gould St Ste R,5,74,ft_national; ft_prepaid; ft_fullstack; ft_fx_crypto; ft_recent_filing,51,Issuer of traveler's checks; Seller of traveler's checks; Issuer of money orders; Seller of money orders; Check casher; Money transmitter; Seller of prepaid access; Dealer in foreign exchange,0,,False,2026-02-11,False,
Fintech,90015446,Par Pay Usa Llc,Orlando,FL,32819,"7362 Futures Drive, Suite 02",5,74,ft_national; ft_prepaid; ft_fullstack; ft_fx_crypto; ft_recent_filing,51,Check casher; Money transmitter; Seller of prepaid access; Dealer in foreign exchange,0,,False,2026-08-04,False,
Fintech,90015501,Paxfinex Inc,Denver,CO,80203,1500 N Grant St Ste R,5,74,ft_national; ft_prepaid; ft_fullstack; ft_fx_crypto; ft_recent_filing,51,Issuer of traveler's checks; Seller of traveler's checks; Issuer of money orders; Seller of money orders; Check casher; Money transmitter; Seller of prepaid access; Dealer in foreign exchange,0,,False,2025-12-19,False,
Fintech,90015513,Payceler Llc,Richmond,TX,77407,16910 Clola Ct,5,74,ft_national; ft_prepaid; ft_fullstack; ft_fx_crypto; ft_recent_filing,51,Issuer of traveler's checks; Seller of traveler's checks; Issuer of money orders; Seller of money orders; Check casher; Money transmitter; Seller of prepaid access; Dealer in foreign exchange,0,,False,2026-06-26,False,
Fintech,90015526,Payfi International Ltd,San Francisco,CA,94103,1650 Mission St,5,74,ft_national; ft_prepaid; ft_fullstack; ft_fx_crypto; ft_recent_filing,51,Seller of traveler's checks; Issuer of money orders; Seller of money orders; Check casher; Money transmitter; Seller of prepaid access; Dealer in foreign exchange,0,,False,2026-02-09,False,
Fintech,90015532,Payhst Inc.,Canton,OH,44721,6545 Market Ave N Ste 100,5,74,ft_national; ft_prepaid; ft_fullstack; ft_fx_crypto; ft_recent_filing,51,Issuer of traveler's checks; Seller of traveler's checks; Issuer of money orders; Seller of money orders; Check casher; Money transmitter; Seller of prepaid access; Dealer in foreign exchange,0,,False,2026-05-15,False,
Fintech,90015534,Pay In Cloud Llc,Kalispell,MT,59901,1001 S. Main St. Ste 500,5,74,ft_national; ft_prepaid; ft_fullstack; ft_fx_crypto; ft_recent_filing,51,Issuer of traveler's checks; Seller of traveler's checks; Issuer of money orders; Seller of money orders; Check casher; Money transmitter; Seller of prepaid access; Dealer in foreign exchange,0,,False,2025-12-16,False,
Fintech,90015552,Paynny Infotech Us Inc,Newark,DE,19713,"573 Bellevue Road, Suite D",5,74,ft_national; ft_prepaid; ft_fullstack; ft_fx_crypto; ft_recent_filing,51,Issuer of traveler's checks; Seller of traveler's checks; Issuer of money orders; Seller of money orders; Check casher; Money transmitter; Seller of prepaid access; Dealer in foreign exchange,0,,False,2025-10-21,False,
Fintech,90015578,"Paytrades Co., Ltd.",Albany,NY,12207,"418 Boardway Ste R,",5,74,ft_national; ft_prepaid; ft_fullstack; ft_fx_crypto; ft_recent_filing,51,Money transmitter; Seller of prepaid access; Dealer in foreign exchange,1,,False,2026-09-07,False,
Fintech,90015595,Pbtdao Digital Llc,Denver,CO,80202,1312 17Th Street Suite 1160,5,74,ft_national; ft_prepaid; ft_fullstack; ft_fx_crypto; ft_recent_filing,51,Issuer of traveler's checks; Seller of traveler's checks; Issuer of money orders; Seller of money orders; Check casher; Money transmitter; Seller of prepaid access; Dealer in foreign exchange,0,Pbtdao Digital Llc,False,2026-03-03,False,
Fintech,90015619,Pedistack Solutions Inc,Newark,DE,19713,131 Continental Dr Suite 305,5,74,ft_national; ft_prepaid; ft_fullstack; ft_fx_crypto; ft_recent_filing,51,Seller of traveler's checks; Seller of money orders; Check casher; Money transmitter; Seller of prepaid access; Dealer in foreign exchange,0,,False,2026-07-25,False,
Fintech,90015760,Photonai Foundation,Denver,CO,80202,950 17Th St,5,74,ft_national; ft_prepaid; ft_fullstack; ft_fx_crypto; ft_recent_filing,51,Issuer of traveler's checks; Seller of traveler's checks; Issuer of money orders; Seller of money orders; Check casher; Money transmitter; Seller of prepaid access; Dealer in foreign exchange,0,Photonai,False,2026-04-01,False,
Fintech,90015789,Pindex Ltd,Oakland,CA,94606,1200 Lakeshore Ave,5,74,ft_national; ft_prepaid; ft_fullstack; ft_fx_crypto; ft_recent_filing,51,Seller of traveler's checks; Issuer of money orders; Seller of money orders; Check casher; Money transmitter; Seller of prepaid access; Dealer in foreign exchange,0,,False,2026-04-13,False,
Fintech,90015820,Pioneers Dc Inc,San Francisco,CA,94111,"50 California St, San Francisco, Ca 94111, Us",5,74,ft_national; ft_prepaid; ft_fullstack; ft_fx_crypto; ft_recent_filing,51,Issuer of traveler's checks; Seller of traveler's checks; Issuer of money orders; Seller of money orders; Check casher; Money transmitter; Seller of prepaid access; Dealer in foreign exchange,0,,False,2025-11-16,False,
Fintech,90015827,Pixeram Ltd,New York,NY,10006,"Convene 101 Greenwich ,101 Greenwich St, New York, Ny 10006",5,74,ft_national; ft_prepaid; ft_fullstack; ft_fx_crypto; ft_recent_filing,51,Issuer of traveler's checks; Seller of traveler's checks; Issuer of money orders; Seller of money orders; Check casher; Money transmitter; Seller of prepaid access; Dealer in foreign exchange,0,,False,2026-04-04,False,
Fintech,90015902,Pmcybit Inc,Oakland,CA,94612,610 16Th St,5,74,ft_national; ft_prepaid; ft_fullstack; ft_fx_crypto; ft_recent_filing,51,Issuer of traveler's checks; Seller of traveler's checks; Issuer of money orders; Seller of money orders; Check casher; Money transmitter; Seller of prepaid access; Dealer in foreign exchange,0,,False,2025-10-30,False,
Fintech,90015910,(Png) Energy Exchange Ltd,San Francisco,CA,94111,101 California St,5,74,ft_national; ft_prepaid; ft_fullstack; ft_fx_crypto; ft_recent_filing,51,Issuer of traveler's checks; Seller of traveler's checks; Issuer of money orders; Seller of money orders; Check casher; Money transmitter; Seller of prepaid access; Dealer in foreign exchange,0,,False,2025-10-31,False,
Fintech,90015982,Position Technology Inc,Denver,CO,80203,1500 N Grant St Ste R,5,74,ft_national; ft_prepaid; ft_fullstack; ft_fx_crypto; ft_recent_filing,51,Issuer of traveler's checks; Seller of traveler's checks; Issuer of money orders; Seller of money orders; Check casher; Money transmitter; Seller of prepaid access; Dealer in foreign exchange,0,Position Technology Inc,False,2026-09-03,False,
Fintech,90015991,Po Wealth Sharing Inc,Broomfield,CO,80023,2205 W 136Th Ave,5,74,ft_national; ft_prepaid; ft_fullstack; ft_fx_crypto; ft_recent_filing,51,Issuer of traveler's checks; Seller of traveler's checks; Issuer of money orders; Seller of money orders; Check casher; Money transmitter; Seller of prepaid access; Dealer in foreign exchange,0,Po Wealth Sharing Inc,False,2025-11-23,False,
Fintech,90016035,Prestwick Global Inc,Sheridan,WY,82801,"30 N Gould St #27805, Sheridan, Wy 82801",5,74,ft_national; ft_prepaid; ft_fullstack; ft_fx_crypto; ft_recent_filing,51,Issuer of traveler's checks; Seller of traveler's checks; Issuer of money orders; Seller of money orders; Check casher; Money transmitter; Seller of prepaid access; Dealer in foreign exchange,0,,False,2026-04-22,False,
Fintech,90016046,Prideocean International Inc.,New York,NY,10003,228 Park Ave S 30327,5,74,ft_national; ft_prepaid; ft_fullstack; ft_fx_crypto; ft_recent_filing,51,Issuer of traveler's checks; Seller of traveler's checks; Issuer of money orders; Seller of money orders; Check casher; Money transmitter; Seller of prepaid access; Dealer in foreign exchange,0,,False,2026-03-09,False,
Fintech,90016051,Prime Ai Foundation,Denver,CO,80203,1500 N Grant St Ste R,5,74,ft_national; ft_prepaid; ft_fullstack; ft_fx_crypto; ft_recent_filing,51,Issuer of traveler's checks; Seller of traveler's checks; Issuer of money orders; Seller of money orders; Check casher; Money transmitter; Seller of prepaid access; Dealer in foreign exchange,0,,False,2026-04-07,False,
Fintech,90016053,Primech Moonlitx Inc,Denver,CO,80202,1312 17Th Street Unit 2588,5,74,ft_national; ft_prepaid; ft_fullstack; ft_fx_crypto; ft_recent_filing,51,Issuer of traveler's checks; Seller of traveler's checks; Issuer of money orders; Seller of money orders; Check casher; Money transmitter; Seller of prepaid access; Dealer in foreign exchange,0,,False,2026-07-14,False,
Fintech,90016068,Primeprix Capital Inc,Los Angeles,CA,90017,725 S Figueroa St,5,74,ft_national; ft_prepaid; ft_fullstack; ft_fx_crypto; ft_recent_filing,51,Seller of traveler's checks; Issuer of money orders; Seller of money orders; Check casher; Money transmitter; Seller of prepaid access; Dealer in foreign exchange,0,,False,2026-08-26,False,
Fintech,90016091,Probex Inc.,New York,NY,10007,"22 Cortlandt St, New York, Ny 10007",5,74,ft_national; ft_prepaid; ft_fullstack; ft_fx_crypto; ft_recent_filing,51,Issuer of traveler's checks; Seller of traveler's checks; Issuer of money orders; Seller of money orders; Check casher; Money transmitter; Seller of prepaid access; Dealer in foreign exchange,0,,False,2026-03-20,False,
Fintech,90016097,Procore Capital Inc.,Denve,CO,80203,"1500 N Grant St, Ste R,",5,74,ft_national; ft_prepaid; ft_fullstack; ft_fx_crypto; ft_recent_filing,51,Issuer of traveler's checks; Seller of traveler's checks; Issuer of money orders; Seller of money orders; Check casher; Money transmitter; Seller of prepaid access; Dealer in foreign exchange,0,,False,2026-08-20,False,
Fintech,90016100,Prodex,Boulder,CO,80301,4508 Starboard Ct,5,74,ft_national; ft_prepaid; ft_fullstack; ft_fx_crypto; ft_recent_filing,51,Issuer of traveler's checks; Seller of traveler's checks; Issuer of money orders; Seller of money orders; Check casher; Money transmitter; Seller of prepaid access; Dealer in foreign exchange,0,Prodex,False,2026-03-13,False,
Fintech,90016111,Prodxe,Boulder,CO,80301,4508 Starboard Ct,5,74,ft_national; ft_prepaid; ft_fullstack; ft_fx_crypto; ft_recent_filing,51,Issuer of traveler's checks; Seller of traveler's checks; Issuer of money orders; Seller of money orders; Check casher; Money transmitter; Seller of prepaid access; Dealer in foreign exchange,0,Prodxe,False,2026-03-13,False,
Fintech,90016117,Profitgpu Cloud Llc,Sacramento,CA,95811,1401 21St St Ste R,5,74,ft_national; ft_prepaid; ft_fullstack; ft_fx_crypto; ft_recent_filing,51,Issuer of traveler's checks; Seller of traveler's checks; Issuer of money orders; Seller of money orders; Check casher; Money transmitter; Seller of prepaid access; Dealer in foreign exchange,0,,False,2025-12-08,False,
Fintech,90016120,Profitshock Investment Alliance Ltd,Bellevue,WA,98005,12835 Ne Bel Red Rd Ste 215,5,74,ft_national; ft_prepaid; ft_fullstack; ft_fx_crypto; ft_recent_filing,51,Issuer of traveler's checks; Seller of traveler's checks; Issuer of money orders; Seller of money orders; Check casher; Money transmitter; Seller of prepaid access; Dealer in foreign exchange,0,,False,2025-10-10,False,
Fintech,90016137,Prosperia Securities Group Ltd,New York,NY,10005,11 Hanover Sq,5,74,ft_national; ft_prepaid; ft_fullstack; ft_fx_crypto; ft_recent_filing,51,Seller of traveler's checks; Issuer of money orders; Seller of money orders; Check casher; Money transmitter; Seller of prepaid access; Dealer in foreign exchange,0,,False,2025-11-13,False,
Fintech,90016139,Prosperjoy Global Investment Management Inc,Denver,CO,80202,1099 18Th St,5,74,ft_national; ft_prepaid; ft_fullstack; ft_fx_crypto; ft_recent_filing,51,Seller of traveler's checks; Issuer of money orders; Seller of money orders; Check casher; Money transmitter; Seller of prepaid access; Dealer in foreign exchange,0,,False,2025-10-30,False,
Fintech,90016140,"Prospicient Capital Partners, Llc",New York City,NY,10003,411 Lafayette Street,5,74,ft_national; ft_prepaid; ft_fullstack; ft_fx_crypto; ft_recent_filing,51,Issuer of traveler's checks; Seller of traveler's checks; Issuer of money orders; Seller of money orders; Check casher; Money transmitter; Seller of prepaid access; Dealer in foreign exchange,0,"Prospicient Capital Partners, Llc",False,2026-09-28,False,
Fintech,90016159,Pt Financial Holdings,Chicago,IL,60661,500 West Madison Suite 450 Chicago Il 60661,5,74,ft_national; ft_prepaid; ft_fullstack; ft_fx_crypto; ft_recent_filing,51,Issuer of traveler's checks; Seller of traveler's checks; Issuer of money orders; Seller of money orders; Check casher; Money transmitter; Seller of prepaid access; Dealer in foreign exchange,0,,False,2025-10-12,False,
Fintech,90016187,Pulsesun Digital Markets Inc,Jersey City,NJ,'07310,525 Washington Boulevard,5,74,ft_national; ft_prepaid; ft_fullstack; ft_fx_crypto; ft_recent_filing,51,Issuer of traveler's checks; Seller of traveler's checks; Issuer of money orders; Seller of money orders; Check casher; Money transmitter; Seller of prepaid access; Dealer in foreign exchange,0,,False,2025-10-30,False,
Fintech,90016206,Pvmestcapital Ltd,New York,NY,10065,277 Park Ave,5,74,ft_national; ft_prepaid; ft_fullstack; ft_fx_crypto; ft_recent_filing,51,Issuer of traveler's checks; Seller of traveler's checks; Issuer of money orders; Seller of money orders; Check casher; Money transmitter; Seller of prepaid access; Dealer in foreign exchange,0,,False,2025-10-23,False,
Fintech,90016208,Pw Market Inc,Colorado Springs,CO,80906,6510 S Academy Blvd Ste A 642,5,74,ft_national; ft_prepaid; ft_fullstack; ft_fx_crypto; ft_recent_filing,51,Issuer of traveler's checks; Seller of traveler's checks; Issuer of money orders; Seller of money orders; Check casher; Money transmitter; Seller of prepaid access; Dealer in foreign exchange,0,,False,2026-05-21,False,
Fintech,90016209,Pwt Productions Inc/Zhengliang,Sheridan,WY,82801,30 N Gould St Ste R,5,74,ft_national; ft_prepaid; ft_fullstack; ft_fx_crypto; ft_recent_filing,51,Seller of traveler's checks; Issuer of money orders; Seller of money orders; Check casher; Money transmitter; Seller of prepaid access; Dealer in foreign exchange,0,,False,2025-11-17,False,
Fintech,90016215,Pyusailtd/Bangyang Zhang,Denver,CO,80202,1521Blakestste47009,5,74,ft_national; ft_prepaid; ft_fullstack; ft_fx_crypto; ft_recent_filing,51,Issuer of traveler's checks; Seller of traveler's checks; Issuer of money orders; Seller of money orders; Check casher; Money transmitter; Seller of prepaid access; Dealer in foreign exchange,0,,False,2026-09-14,False,
Fintech,90016235,Qfx Ai Inc.,New York,NY,10065,"667 Madison Ave, New York, Ny 10065",5,74,ft_national; ft_prepaid; ft_fullstack; ft_fx_crypto; ft_recent_filing,51,Issuer of traveler's checks; Seller of traveler's checks; Issuer of money orders; Seller of money orders; Check casher; Money transmitter; Seller of prepaid access; Dealer in foreign exchange,0,,False,2026-08-03,False,
Fintech,90016237,Qgreen Technology Llc,Denver,CO,80202,"999 18Th St, Suite 1688",5,74,ft_national; ft_prepaid; ft_fullstack; ft_fx_crypto; ft_recent_filing,51,Issuer of traveler's checks; Seller of traveler's checks; Issuer of money orders; Seller of money orders; Check casher; Money transmitter; Seller of prepaid access; Dealer in foreign exchange,0,,False,2026-09-27,False,
Fintech,90016243,Qivurn Data Centers Inc.,Denver,CO,80264,1660 Lincoln St,5,74,ft_national; ft_prepaid; ft_fullstack; ft_fx_crypto; ft_recent_filing,51,Issuer of traveler's checks; Seller of traveler's checks; Issuer of money orders; Seller of money orders; Check casher; Money transmitter; Seller of prepaid access; Dealer in foreign exchange,0,Qivurn Data Centers Inc.,False,2026-06-18,False,
Fintech,90016246,Qlaptce Fx,Denver,CO,80202,1900 16Th St Mall,5,74,ft_national; ft_prepaid; ft_fullstack; ft_fx_crypto; ft_recent_filing,51,Issuer of traveler's checks; Seller of traveler's checks; Issuer of money orders; Seller of money orders; Check casher; Money transmitter; Seller of prepaid access; Dealer in foreign exchange,0,Qlaptce Fx,False,2026-04-19,False,
Fintech,90016274,Quantarc Limited,Kalispell,MT,59901,1001 South Main Suite 500,5,74,ft_national; ft_prepaid; ft_fullstack; ft_fx_crypto; ft_recent_filing,51,Issuer of traveler's checks; Seller of traveler's checks; Issuer of money orders; Seller of money orders; Check casher; Money transmitter; Seller of prepaid access; Dealer in foreign exchange,0,,False,2026-09-09,False,
Fintech,90016278,Quanticagpt Ltd,New York,NY,10038,"59 Maiden Ln, New York, Ny 10038 Usa",5,74,ft_national; ft_prepaid; ft_fullstack; ft_fx_crypto; ft_recent_filing,51,Issuer of traveler's checks; Seller of traveler's checks; Issuer of money orders; Seller of money orders; Check casher; Money transmitter; Seller of prepaid access; Dealer in foreign exchange,0,,False,2026-07-30,False,
Fintech,90016285,Quantix Ltd,New York,NY,10011,160 Madison Ave,5,74,ft_national; ft_prepaid; ft_fullstack; ft_fx_crypto; ft_recent_filing,51,Seller of traveler's checks; Issuer of money orders; Seller of money orders; Check casher; Money transmitter; Seller of prepaid access; Dealer in foreign exchange,0,,False,2025-11-17,False,
Fintech,90016310,Quantum Project Foundation,Denver,CO,80202,"1610 Wynkoop St, Denver, Co 80202",5,74,ft_national; ft_prepaid; ft_fullstack; ft_fx_crypto; ft_recent_filing,51,Issuer of traveler's checks; Seller of traveler's checks; Issuer of money orders; Seller of money orders; Check casher; Money transmitter; Seller of prepaid access; Dealer in foreign exchange,0,,False,2025-11-13,False,
Fintech,90016314,Quantumverse Ai Technologies Inc.,Newport Beach,CA,92660,1500 Quail Street,5,74,ft_national; ft_prepaid; ft_fullstack; ft_fx_crypto; ft_recent_filing,51,Issuer of traveler's checks; Seller of traveler's checks; Issuer of money orders; Seller of money orders; Check casher; Money transmitter; Seller of prepaid access; Dealer in foreign exchange,0,,False,2025-11-04,False,
Fintech,90016322,Quantunity Investors Group Inc.,New York,NY,10172,"277 Park Ave, New York, Ny 10172  Usa",5,74,ft_national; ft_prepaid; ft_fullstack; ft_fx_crypto; ft_recent_filing,51,Issuer of traveler's checks; Seller of traveler's checks; Issuer of money orders; Seller of money orders; Check casher; Money transmitter; Seller of prepaid access; Dealer in foreign exchange,0,,False,2026-01-12,False,
Fintech,90016333,Queentradeai Llc,New York,NY,10010,"One Madison Avenue, New York, Ny 10010,  United States",5,74,ft_national; ft_prepaid; ft_fullstack; ft_fx_crypto; ft_recent_filing,51,Issuer of traveler's checks; Seller of traveler's checks; Issuer of money orders; Seller of money orders; Check casher; Money transmitter; Seller of prepaid access; Dealer in foreign exchange,0,,False,2026-05-11,False,
Fintech,90016385,Qwentech Inc,Denver,CO,80202,1670 Broadway,5,74,ft_national; ft_prepaid; ft_fullstack; ft_fx_crypto; ft_recent_filing,51,Issuer of traveler's checks; Seller of traveler's checks; Issuer of money orders; Seller of money orders; Check casher; Money transmitter; Seller of prepaid access; Dealer in foreign exchange,0,,False,2026-04-05,False,
Fintech,90016425,Railpay Inc,Arlington,TX,76006,2000 E Lamar Blvd,5,74,ft_national; ft_prepaid; ft_fullstack; ft_fx_crypto; ft_recent_filing,51,Issuer of traveler's checks; Seller of traveler's checks; Issuer of money orders; Seller of money orders; Check casher; Money transmitter; Seller of prepaid access; Dealer in foreign exchange,0,,False,2026-07-28,False,
Fintech,90016433,Rainpay Limited,Austin,TX,787314298,5900 Balcones Dr Ste 100,5,74,ft_national; ft_prepaid; ft_fullstack; ft_fx_crypto; ft_recent_filing,51,Issuer of traveler's checks; Seller of traveler's checks; Issuer of money orders; Seller of money orders; Check casher; Money transmitter; Seller of prepaid access; Dealer in foreign exchange,0,,False,2026-07-23,False,
Fintech,90016445,Ralen Park Inc.,Denver,CO,80202,110 16Th Street Suite 1460,5,74,ft_national; ft_prepaid; ft_fullstack; ft_fx_crypto; ft_recent_filing,51,Issuer of traveler's checks; Seller of traveler's checks; Issuer of money orders; Seller of money orders; Check casher; Money transmitter; Seller of prepaid access; Dealer in foreign exchange,0,,False,2026-08-27,False,
Fintech,90016571,Rarzz,Denver,CO,80202,"1312 17Th Street Suite 347, Denver, Co 80202, Us",5,74,ft_national; ft_prepaid; ft_fullstack; ft_fx_crypto; ft_recent_filing,51,Issuer of traveler's checks; Seller of traveler's checks; Issuer of money orders; Seller of money orders; Check casher; Money transmitter; Seller of prepaid access; Dealer in foreign exchange,0,,False,2026-04-13,False,
Fintech,90016577,Ratelect Inc,New York,NY,10065,"120 Park Ave, New York, Ny 10017",5,74,ft_national; ft_prepaid; ft_fullstack; ft_fx_crypto; ft_recent_filing,51,Issuer of traveler's checks; Seller of traveler's checks; Issuer of money orders; Seller of money orders; Check casher; Money transmitter; Seller of prepaid access; Dealer in foreign exchange,0,,False,2025-11-16,False,
Fintech,90016608,Rbgex Exchange Inc,Colorado Springs,CO,80920,1755 Telstar Drive Suite 308,5,74,ft_national; ft_prepaid; ft_fullstack; ft_fx_crypto; ft_recent_filing,51,Issuer of traveler's checks; Seller of traveler's checks; Issuer of money orders; Seller of money orders; Check casher; Money transmitter; Seller of prepaid access; Dealer in foreign exchange,0,Rbgex Exchange Inc,False,2025-12-05,False,
Fintech,90016612,Rbitminex Markets,Seattle,WA,98104,925 4Th Ave Unit 1900,5,74,ft_national; ft_prepaid; ft_fullstack; ft_fx_crypto; ft_recent_filing,51,Seller of traveler's checks; Issuer of money orders; Seller of money orders; Check casher; Money transmitter; Seller of prepaid access; Dealer in foreign exchange,0,,False,2025-10-09,False,
Fintech,90016650,Real X International Usa Inc,Denver,CO,80203,1500 N Grant St Ste R,5,74,ft_national; ft_prepaid; ft_fullstack; ft_fx_crypto; ft_recent_filing,51,Issuer of traveler's checks; Seller of traveler's checks; Issuer of money orders; Seller of money orders; Check casher; Money transmitter; Seller of prepaid access; Dealer in foreign exchange,0,,False,2025-11-24,False,
Fintech,90016671,Red Peak Foundation,Denver,CO,80202,1776 Curtis Street,5,74,ft_national; ft_prepaid; ft_fullstack; ft_fx_crypto; ft_recent_filing,51,Issuer of traveler's checks; Seller of traveler's checks; Issuer of money orders; Seller of money orders; Check casher; Money transmitter; Seller of prepaid access; Dealer in foreign exchange,0,,False,2025-10-12,False,
Fintech,90016714,Remarquable Foundation,Denver,CO,80202,1521 Blake St,5,74,ft_national; ft_prepaid; ft_fullstack; ft_fx_crypto; ft_recent_filing,51,Issuer of traveler's checks; Seller of traveler's checks; Issuer of money orders; Seller of money orders; Check casher; Money transmitter; Seller of prepaid access; Dealer in foreign exchange,0,,False,2025-12-05,False,
Fintech,90016723,Remiguard Solutions Inc.,Cheyenne,WY,82001,5001 Phoenix Dr,5,74,ft_national; ft_prepaid; ft_fullstack; ft_fx_crypto; ft_recent_filing,51,Issuer of traveler's checks; Seller of traveler's checks; Issuer of money orders; Seller of money orders; Check casher; Money transmitter; Seller of prepaid access; Dealer in foreign exchange,0,,False,2025-11-26,False,
Fintech,90016749,Republic Energy Technology Group Inc.,Greenwood Village,CO,80111,6465 Greenwood Plaza Blvd,5,74,ft_national; ft_prepaid; ft_fullstack; ft_fx_crypto; ft_recent_filing,51,Issuer of traveler's checks; Seller of traveler's checks; Issuer of money orders; Seller of money orders; Check casher; Money transmitter; Seller of prepaid access; Dealer in foreign exchange,0,Republic Energy Technology Group,False,2026-01-31,False,
Fintech,90016880,Riopay Technologies Llc,Kalispell,MT,599011498,1001 S Main St Ste 49,5,74,ft_national; ft_prepaid; ft_fullstack; ft_fx_crypto; ft_recent_filing,51,Issuer of traveler's checks; Seller of traveler's checks; Issuer of money orders; Seller of money orders; Check casher; Money transmitter; Seller of prepaid access; Dealer in foreign exchange,0,,False,2026-07-03,False,
Fintech,90016899,Rivalnst Inc,New York,NY,10065,1430 Broadway,5,74,ft_national; ft_prepaid; ft_fullstack; ft_fx_crypto; ft_recent_filing,51,Issuer of traveler's checks; Seller of traveler's checks; Issuer of money orders; Seller of money orders; Check casher; Money transmitter; Seller of prepaid access; Dealer in foreign exchange,0,,False,2025-10-28,False,
Fintech,90016926,Riverrun Business Inc.,Albany,NY,12207,418 Broadway Ste Y,5,74,ft_national; ft_prepaid; ft_fullstack; ft_fx_crypto; ft_recent_filing,51,Issuer of traveler's checks; Seller of traveler's checks; Issuer of money orders; Seller of money orders; Check casher; Money transmitter; Seller of prepaid access; Dealer in foreign exchange,0,,False,2026-03-30,False,
Fintech,90016928,Riverstone Capital Inc.,New York,NY,10004,26 Broadway,5,74,ft_national; ft_prepaid; ft_fullstack; ft_fx_crypto; ft_recent_filing,51,Issuer of traveler's checks; Seller of traveler's checks; Issuer of money orders; Seller of money orders; Check casher; Money transmitter; Seller of prepaid access; Dealer in foreign exchange,0,Riverstone Capital,False,2025-10-29,False,
Fintech,90016929,Riverstone Core Assets Inc.,New York,NY,10004,26 Broadway,5,74,ft_national; ft_prepaid; ft_fullstack; ft_fx_crypto; ft_recent_filing,51,Issuer of traveler's checks; Seller of traveler's checks; Issuer of money orders; Seller of money orders; Check casher; Money transmitter; Seller of prepaid access; Dealer in foreign exchange,0,Riverstone,False,2025-11-02,False,
Fintech,90016931,River World Capital Advisors Inc.,New York,NY,10016,275 Madison Ave,5,74,ft_national; ft_prepaid; ft_fullstack; ft_fx_crypto; ft_recent_filing,51,Issuer of traveler's checks; Seller of traveler's checks; Issuer of money orders; Seller of money orders; Check casher; Money transmitter; Seller of prepaid access; Dealer in foreign exchange,0,River World Capital Advisors,False,2026-08-14,False,
Fintech,90016938,Rjf Pro Ltd,Los Angeles,CA,90071,333 S Grand Ave Suite 3390,5,74,ft_national; ft_prepaid; ft_fullstack; ft_fx_crypto; ft_recent_filing,51,Seller of traveler's checks; Issuer of money orders; Seller of money orders; Check casher; Money transmitter; Seller of prepaid access; Dealer in foreign exchange,0,,False,2025-11-18,False,
Fintech,90016963,Rnk Exchange,Denver,CO,80202,1533 Welton St,5,74,ft_national; ft_prepaid; ft_fullstack; ft_fx_crypto; ft_recent_filing,51,Issuer of traveler's checks; Seller of traveler's checks; Issuer of money orders; Seller of money orders; Check casher; Money transmitter; Seller of prepaid access; Dealer in foreign exchange,0,,False,2026-06-04,False,
Fintech,90016987,Rockford Partners,"Denver,",CO,80202,600 17Th St,5,74,ft_national; ft_prepaid; ft_fullstack; ft_fx_crypto; ft_recent_filing,51,Issuer of traveler's checks; Seller of traveler's checks; Issuer of money orders; Seller of money orders; Check casher; Money transmitter; Seller of prepaid access; Dealer in foreign exchange,0,,False,2025-10-11,False,
Fintech,90017160,Rques Tech Inc,Denver,CO,80202,1670 Broadway,5,74,ft_national; ft_prepaid; ft_fullstack; ft_fx_crypto; ft_recent_filing,51,Issuer of traveler's checks; Seller of traveler's checks; Issuer of money orders; Seller of money orders; Check casher; Money transmitter; Seller of prepaid access; Dealer in foreign exchange,0,,False,2025-10-29,False,
Fintech,90017181,Rttr Intemational Capital Inc,Denver,CO,80202,1312 17Th Street Suite 962,5,74,ft_national; ft_prepaid; ft_fullstack; ft_fx_crypto; ft_recent_filing,51,Issuer of traveler's checks; Seller of traveler's checks; Issuer of money orders; Seller of money orders; Check casher; Money transmitter; Seller of prepaid access; Dealer in foreign exchange,0,Rttr Intemational Capital Inc,False,2026-07-04,False,
Fintech,90017188,Rubydex.Com Ltd,New York,NY,10036,1585 Broadway,5,74,ft_national; ft_prepaid; ft_fullstack; ft_fx_crypto; ft_recent_filing,51,Seller of traveler's checks; Issuer of money orders; Seller of money orders; Check casher; Money transmitter; Seller of prepaid access; Dealer in foreign exchange,0,,False,2025-10-09,False,
Fintech,90017192,Rudbank,Denver,CO,80203,"1500 N Grant St,Ste R",5,74,ft_national; ft_prepaid; ft_fullstack; ft_fx_crypto; ft_recent_filing,51,Issuer of traveler's checks; Seller of traveler's checks; Issuer of money orders; Seller of money orders; Check casher; Money transmitter; Seller of prepaid access; Dealer in foreign exchange,0,,False,2026-03-19,False,
Fintech,90017198,Ruiying Foreign Exchange Trading Ltd,Laverne,CA,91750,1502 Foothill Blvd,5,74,ft_national; ft_prepaid; ft_fullstack; ft_fx_crypto; ft_recent_filing,51,Issuer of traveler's checks; Seller of traveler's checks; Issuer of money orders; Seller of money orders; Check casher; Money transmitter; Seller of prepaid access; Dealer in foreign exchange,0,,False,2025-10-28,False,
Fintech,90017228,Rvs Capital Management Inc.,Denver,CO,80237,7900 E Union Ave,5,74,ft_national; ft_prepaid; ft_fullstack; ft_fx_crypto; ft_recent_filing,51,Issuer of traveler's checks; Seller of traveler's checks; Issuer of money orders; Seller of money orders; Check casher; Money transmitter; Seller of prepaid access; Dealer in foreign exchange,0,Rvs Capital Management Inc.,False,2026-04-17,False,
Fintech,90017234,Rwaex.Us  Ltd,New York,NY,10065,667 Madison Ave,5,74,ft_national; ft_prepaid; ft_fullstack; ft_fx_crypto; ft_recent_filing,51,Issuer of traveler's checks; Seller of traveler's checks; Issuer of money orders; Seller of money orders; Check casher; Money transmitter; Seller of prepaid access; Dealer in foreign exchange,0,,False,2025-10-13,False,
Fintech,90017238,Rwa Swiss Advisory & Valuation Inc.,Denver,CO,80202,1776 Curtis Street,5,74,ft_national; ft_prepaid; ft_fullstack; ft_fx_crypto; ft_recent_filing,51,Issuer of traveler's checks; Seller of traveler's checks; Issuer of money orders; Seller of money orders; Check casher; Money transmitter; Seller of prepaid access; Dealer in foreign exchange,0,,False,2026-02-04,False,
Fintech,90017243,R&W Investing Co. Llc,Denver,CO,80202,"370 17Th Street, Suite 4200, Denver, Co 80202",5,74,ft_national; ft_prepaid; ft_fullstack; ft_fx_crypto; ft_recent_filing,51,Issuer of traveler's checks; Seller of traveler's checks; Issuer of money orders; Seller of money orders; Check casher; Money transmitter; Seller of prepaid access; Dealer in foreign exchange,0,,False,2026-09-18,False,
Fintech,90017245,Ryan Future Technology Inc,Denver,CO,80202,"1312 17Th St, Unit Num 2955",5,74,ft_national; ft_prepaid; ft_fullstack; ft_fx_crypto; ft_recent_filing,51,Issuer of traveler's checks; Seller of traveler's checks; Issuer of money orders; Seller of money orders; Check casher; Money transmitter; Seller of prepaid access; Dealer in foreign exchange,0,,False,2026-01-26,False,
Fintech,90017414,"Salvus Capital Management, Inc.",Denver,CO,80202,"1670 Broadway, Denver, Co 80202, Us",5,74,ft_national; ft_prepaid; ft_fullstack; ft_fx_crypto; ft_recent_filing,51,Issuer of traveler's checks; Seller of traveler's checks; Issuer of money orders; Seller of money orders; Check casher; Money transmitter; Seller of prepaid access; Dealer in foreign exchange,0,,False,2026-08-05,False,
Fintech,90017430,Samazan Inc.,New York,NY,10019,650 5Th Ave Ste 2400,5,74,ft_national; ft_prepaid; ft_fullstack; ft_fx_crypto; ft_recent_filing,51,Issuer of traveler's checks; Seller of traveler's checks; Issuer of money orders; Seller of money orders; Check casher; Money transmitter; Seller of prepaid access; Dealer in foreign exchange,0,,False,2026-04-23,False,
Fintech,90017433,Sambifi Inc.,Newark,DE,19702,262 Chapman Rd Ste 240,5,74,ft_national; ft_prepaid; ft_fullstack; ft_fx_crypto; ft_recent_filing,51,Money transmitter; Seller of prepaid access; Dealer in foreign exchange,1,,False,2025-10-29,False,
Fintech,90017701,Scarce Energy Foundation,Dallas,TX,75204,"3700 Mckinney Ave, Unit 1535",5,74,ft_national; ft_prepaid; ft_fullstack; ft_fx_crypto; ft_recent_filing,51,Seller of traveler's checks; Issuer of money orders; Seller of money orders; Check casher; Money transmitter; Seller of prepaid access; Dealer in foreign exchange,0,,False,2026-05-25,False,
Fintech,90017702,Scatil Investment Alliance Ltd,Tukwila,WA,98188,16040 Christensen Rd Ste 300,5,74,ft_national; ft_prepaid; ft_fullstack; ft_fx_crypto; ft_recent_filing,51,Issuer of traveler's checks; Seller of traveler's checks; Issuer of money orders; Seller of money orders; Check casher; Money transmitter; Seller of prepaid access; Dealer in foreign exchange,0,,False,2025-10-10,False,
Fintech,90017727,Scx Digital Assets Inc.,Chino,CA,91710,14250 Central Ave,5,74,ft_national; ft_prepaid; ft_fullstack; ft_fx_crypto; ft_recent_filing,51,Seller of traveler's checks; Issuer of money orders; Seller of money orders; Check casher; Money transmitter; Seller of prepaid access; Dealer in foreign exchange,0,,False,2026-04-23,False,
Fintech,90017729,Scyongmi Inc.,New York,NY,10065,"667 Madison Ave, New York, Ny 10065",5,74,ft_national; ft_prepaid; ft_fullstack; ft_fx_crypto; ft_recent_filing,51,Issuer of traveler's checks; Seller of traveler's checks; Issuer of money orders; Seller of money orders; Check casher; Money transmitter; Seller of prepaid access; Dealer in foreign exchange,0,,False,2026-05-13,False,
Fintech,90017736,Seabond Inc,Denver,CO,80203,1500 N Grant St Ste R,5,74,ft_national; ft_prepaid; ft_fullstack; ft_fx_crypto; ft_recent_filing,51,Issuer of traveler's checks; Seller of traveler's checks; Issuer of money orders; Seller of money orders; Check casher; Money transmitter; Seller of prepaid access; Dealer in foreign exchange,0,,False,2026-06-15,False,
Fintech,90017744,Searel Investment Alliance Ltd,Everett,WA,98201,2815 Baker Ave Ste 203,5,74,ft_national; ft_prepaid; ft_fullstack; ft_fx_crypto; ft_recent_filing,51,Issuer of traveler's checks; Seller of traveler's checks; Issuer of money orders; Seller of money orders; Check casher; Money transmitter; Seller of prepaid access; Dealer in foreign exchange,0,,False,2025-10-10,False,
Fintech,90017760,Secure United Nations International Children'S Fut,Denver,CO,80211,"1500 N Grant St Ste R, Denver, Co 80203, Us",5,74,ft_national; ft_prepaid; ft_fullstack; ft_fx_crypto; ft_recent_filing,51,Issuer of traveler's checks; Seller of traveler's checks; Issuer of money orders; Seller of money orders; Check casher; Money transmitter; Seller of prepaid access; Dealer in foreign exchange,0,,False,2026-01-31,False,
Fintech,90017763,Secuvex Pay Inc,Englewood,CO,80112,116 Inverness Drive East,5,74,ft_national; ft_prepaid; ft_fullstack; ft_fx_crypto; ft_recent_filing,51,Issuer of traveler's checks; Seller of traveler's checks; Issuer of money orders; Seller of money orders; Check casher; Money transmitter; Seller of prepaid access; Dealer in foreign exchange,0,,False,2026-08-04,False,
Fintech,90017771,Seekweb4 Inc.,Flushing,NY,11355,14209 Barclay Ave Apt 6H,5,74,ft_national; ft_prepaid; ft_fullstack; ft_fx_crypto; ft_recent_filing,51,Issuer of traveler's checks; Seller of traveler's checks; Issuer of money orders; Seller of money orders; Check casher; Money transmitter; Seller of prepaid access; Dealer in foreign exchange,0,,False,2026-05-04,False,
Fintech,90017812,Sentrybridge Capital Inc.,Colorado Springs,CO,80919,"Suite 103, 6760 Corporate Dr",5,74,ft_national; ft_prepaid; ft_fullstack; ft_fx_crypto; ft_recent_filing,51,Issuer of traveler's checks; Seller of traveler's checks; Issuer of money orders; Seller of money orders; Check casher; Money transmitter; Seller of prepaid access; Dealer in foreign exchange,0,,False,2025-11-04,False,
Fintech,90017820,Sequoia Foundation,Denver,CO,80203,1500 N Grant St Ste R,5,74,ft_national; ft_prepaid; ft_fullstack; ft_fx_crypto; ft_recent_filing,51,Issuer of traveler's checks; Seller of traveler's checks; Issuer of money orders; Seller of money orders; Check casher; Money transmitter; Seller of prepaid access; Dealer in foreign exchange,0,,False,2026-01-09,False,
Fintech,90017834,Server Hub Solutions Llc,Las Cruces,NM,88011,2701 Claude Dove Dr,5,74,ft_national; ft_prepaid; ft_fullstack; ft_fx_crypto; ft_recent_filing,51,Issuer of traveler's checks; Seller of traveler's checks; Issuer of money orders; Seller of money orders; Check casher; Money transmitter; Seller of prepaid access; Dealer in foreign exchange,1,,False,2025-10-30,False,
Fintech,90017905,Setty Technologies Inc,Dover,DE,19901,8 The Grn Ste B,5,74,ft_national; ft_prepaid; ft_fullstack; ft_fx_crypto; ft_recent_filing,51,Issuer of traveler's checks; Seller of traveler's checks; Issuer of money orders; Seller of money orders; Check casher; Money transmitter; Seller of prepaid access; Dealer in foreign exchange,0,,False,2026-06-12,False,
Fintech,90017907,Sexa Inc.,New York,NY,10017,120 Park Ave,5,74,ft_national; ft_prepaid; ft_fullstack; ft_fx_crypto; ft_recent_filing,51,Issuer of traveler's checks; Seller of traveler's checks; Issuer of money orders; Seller of money orders; Check casher; Money transmitter; Seller of prepaid access; Dealer in foreign exchange,0,Sexa,False,2026-04-19,False,
Fintech,90018002,Shika Inc,"Greenwood Village,",CO,80111,"6635 S Dayton St Ste 310 Unit 226,",5,74,ft_national; ft_prepaid; ft_fullstack; ft_fx_crypto; ft_recent_filing,51,Issuer of traveler's checks; Seller of traveler's checks; Issuer of money orders; Seller of money orders; Check casher; Money transmitter; Seller of prepaid access; Dealer in foreign exchange,0,,False,2026-05-20,False,
Fintech,90018005,Shinkin Gather Infotech Inc.,Oak Brook,IL,60523,700 Commerce Dr Ste 500,5,74,ft_national; ft_prepaid; ft_fullstack; ft_fx_crypto; ft_recent_filing,51,Issuer of traveler's checks; Seller of traveler's checks; Issuer of money orders; Seller of money orders; Check casher; Money transmitter; Seller of prepaid access; Dealer in foreign exchange,0,,False,2026-09-17,False,
Fintech,90018064,Shuian Technology Limited,Astoria,NY,11105,3811 Ditmars Blvd,5,74,ft_national; ft_prepaid; ft_fullstack; ft_fx_crypto; ft_recent_filing,51,Issuer of traveler's checks; Seller of traveler's checks; Issuer of money orders; Seller of money orders; Check casher; Money transmitter; Seller of prepaid access; Dealer in foreign exchange,0,,False,2025-12-15,False,
Fintech,90018069,Shuntai Technology Inc,Denver,CO,80203,1500 N Grant St Ste R,5,74,ft_national; ft_prepaid; ft_fullstack; ft_fx_crypto; ft_recent_filing,51,Issuer of traveler's checks; Seller of traveler's checks; Issuer of money orders; Seller of money orders; Check casher; Money transmitter; Seller of prepaid access; Dealer in foreign exchange,0,Shuntai Technology Inc,False,2026-09-03,False,
Fintech,90018096,Sigilum Inc,Denver,CO,80202,"600 17Th St Suite 2800, Denver, Co 80202",5,74,ft_national; ft_prepaid; ft_fullstack; ft_fx_crypto; ft_recent_filing,51,Issuer of traveler's checks; Seller of traveler's checks; Issuer of money orders; Seller of money orders; Check casher; Money transmitter; Seller of prepaid access; Dealer in foreign exchange,0,,False,2026-06-28,False,
Fintech,90018098,"Sigma Node Technologies, Inc.",Dallas,TX,75201,325 North St. Paul Street,5,74,ft_national; ft_prepaid; ft_fullstack; ft_fx_crypto; ft_recent_filing,51,Issuer of traveler's checks; Seller of traveler's checks; Issuer of money orders; Seller of money orders; Check casher; Money transmitter; Seller of prepaid access; Dealer in foreign exchange,0,,False,2025-12-10,False,
Fintech,90018101,Signalcraft Analytics Group Inc.,New York,NY,10014,175 Greenwich St,5,74,ft_national; ft_prepaid; ft_fullstack; ft_fx_crypto; ft_recent_filing,51,Issuer of traveler's checks; Seller of traveler's checks; Issuer of money orders; Seller of money orders; Check casher; Money transmitter; Seller of prepaid access; Dealer in foreign exchange,0,Signalcraft Analytics Group,False,2026-02-08,False,
Fintech,90018112,Silk Harbor Inc,Denver,CO,80302,1500 N Grant St Ste M,5,74,ft_national; ft_prepaid; ft_fullstack; ft_fx_crypto; ft_recent_filing,51,Issuer of traveler's checks; Seller of traveler's checks; Issuer of money orders; Seller of money orders; Check casher; Money transmitter; Seller of prepaid access; Dealer in foreign exchange,0,,False,2026-05-22,False,
Fintech,90018124,Silverdun Inc,Appleton,WI,54913,2800 E. Enterprise Ave Ste 333,5,74,ft_national; ft_prepaid; ft_fullstack; ft_fx_crypto; ft_recent_filing,51,Issuer of traveler's checks; Seller of traveler's checks; Issuer of money orders; Seller of money orders; Check casher; Money transmitter; Seller of prepaid access; Dealer in foreign exchange,0,,False,2025-10-31,False,
Fintech,90018128,Silverline Capital Invest Inc.,New York,NY,10019,1301 6Th Ave,5,74,ft_national; ft_prepaid; ft_fullstack; ft_fx_crypto; ft_recent_filing,51,Issuer of traveler's checks; Seller of traveler's checks; Issuer of money orders; Seller of money orders; Check casher; Money transmitter; Seller of prepaid access; Dealer in foreign exchange,0,Silverline Capital Invest,False,2026-02-08,False,
Fintech,90018130,Silverpeak Strategic Capital Llc,Denver,CO,80203,1500 N Grant St Ste R,5,74,ft_national; ft_prepaid; ft_fullstack; ft_fx_crypto; ft_recent_filing,51,Issuer of traveler's checks; Seller of traveler's checks; Issuer of money orders; Seller of money orders; Check casher; Money transmitter; Seller of prepaid access; Dealer in foreign exchange,0,,False,2026-02-09,False,
Fintech,90018137,Simplelive Inc,Denver,CO,80202,110 16Th Street Suite 1460,5,74,ft_national; ft_prepaid; ft_fullstack; ft_fx_crypto; ft_recent_filing,51,Issuer of money orders; Seller of money orders; Check casher; Money transmitter; Seller of prepaid access; Provider of prepaid access; Dealer in foreign exchange,0,,False,2026-02-12,False,
Fintech,90018173,Sisvida Tech Inc,Boulder,CO,80301,1105 Spruce St,5,74,ft_national; ft_prepaid; ft_fullstack; ft_fx_crypto; ft_recent_filing,51,Issuer of traveler's checks; Seller of traveler's checks; Issuer of money orders; Seller of money orders; Check casher; Money transmitter; Seller of prepaid access; Dealer in foreign exchange,0,,False,2025-10-29,False,
Fintech,90018198,Skycrest Asset Management Inc.,Denver,CO,80202,"410 17Th St, Denver, Co 80202 Usa",5,74,ft_national; ft_prepaid; ft_fullstack; ft_fx_crypto; ft_recent_filing,51,Issuer of traveler's checks; Seller of traveler's checks; Issuer of money orders; Seller of money orders; Check casher; Money transmitter; Seller of prepaid access; Dealer in foreign exchange,0,,False,2026-08-21,False,
Fintech,90018213,Sky Rocket Capital Foundation,Denver,CO,80211,"1500 N Grant St Ste R, Denver, Co 80203, Us",5,74,ft_national; ft_prepaid; ft_fullstack; ft_fx_crypto; ft_recent_filing,51,Issuer of traveler's checks; Seller of traveler's checks; Issuer of money orders; Seller of money orders; Check casher; Money transmitter; Seller of prepaid access; Dealer in foreign exchange,0,,False,2026-01-23,False,
Fintech,90018218,Skywise Crypto Inc,Denver,CO,80202,1125 17Th St,5,74,ft_national; ft_prepaid; ft_fullstack; ft_fx_crypto; ft_recent_filing,51,Seller of traveler's checks; Issuer of money orders; Seller of money orders; Check casher; Money transmitter; Seller of prepaid access; Dealer in foreign exchange,0,,False,2025-10-05,False,
Fintech,90018237,Smartcore Group Ltd,New York,NY,10172,277 Park Ave,5,74,ft_national; ft_prepaid; ft_fullstack; ft_fx_crypto; ft_recent_filing,51,Issuer of traveler's checks; Seller of traveler's checks; Issuer of money orders; Seller of money orders; Check casher; Money transmitter; Seller of prepaid access; Dealer in foreign exchange,0,,False,2026-09-02,False,
Fintech,90018238,Smart Digital Assetd Inc.,New York,NY,10006,"45 Broadway, New York",5,74,ft_national; ft_prepaid; ft_fullstack; ft_fx_crypto; ft_recent_filing,51,Issuer of traveler's checks; Seller of traveler's checks; Issuer of money orders; Seller of money orders; Check casher; Money transmitter; Seller of prepaid access; Dealer in foreign exchange,0,,False,2026-09-08,False,
Fintech,90018269,Smithr Capital Inc,Austin,TX,78731,5900 Balcones Drive Ste 100,5,74,ft_national; ft_prepaid; ft_fullstack; ft_fx_crypto; ft_recent_filing,51,Issuer of traveler's checks; Seller of traveler's checks; Issuer of money orders; Seller of money orders; Check casher; Money transmitter; Seller of prepaid access; Dealer in foreign exchange,0,,False,2025-12-16,False,
Fintech,90018277,Smooth Technology Inc,Denver,CO,80212,3700 Tennyson St,5,74,ft_national; ft_prepaid; ft_fullstack; ft_fx_crypto; ft_recent_filing,51,Issuer of traveler's checks; Seller of traveler's checks; Issuer of money orders; Seller of money orders; Check casher; Money transmitter; Seller of prepaid access; Dealer in foreign exchange,0,,False,2026-07-03,False,
Fintech,90018314,Social Trading International Inc,Albany,NY,12207,418 Broadway Ste R,5,74,ft_national; ft_prepaid; ft_fullstack; ft_fx_crypto; ft_recent_filing,51,Issuer of traveler's checks; Seller of traveler's checks; Issuer of money orders; Seller of money orders; Check casher; Money transmitter; Seller of prepaid access; Dealer in foreign exchange,0,,False,2026-02-28,False,
Fintech,90018321,Sofibit Inc,Lafayette,CO,80026,2770 Arapahoe Rd Ste146,5,74,ft_national; ft_prepaid; ft_fullstack; ft_fx_crypto; ft_recent_filing,51,Issuer of traveler's checks; Seller of traveler's checks; Issuer of money orders; Seller of money orders; Check casher; Money transmitter; Seller of prepaid access; Dealer in foreign exchange,0,,False,2026-09-10,False,
Fintech,90018330,Sohaya,Denver,CO,80203,"1500 N Grant St, Ste R",5,74,ft_national; ft_prepaid; ft_fullstack; ft_fx_crypto; ft_recent_filing,51,Issuer of traveler's checks; Seller of traveler's checks; Issuer of money orders; Seller of money orders; Check casher; Money transmitter; Seller of prepaid access; Dealer in foreign exchange,0,,False,2026-03-02,False,
Fintech,90018352,Solid Rock Exchange Inc,Denver,CO,80203,1500 N Grant St Ste R,5,74,ft_national; ft_prepaid; ft_fullstack; ft_fx_crypto; ft_recent_filing,51,Issuer of traveler's checks; Seller of traveler's checks; Issuer of money orders; Seller of money orders; Check casher; Money transmitter; Seller of prepaid access; Dealer in foreign exchange,0,,False,2026-03-01,False,
Fintech,90018376,Solvexel Energy Technologies Inc.,New York,NY,10065,"667 Madison Ave, New York, Ny 10065",5,74,ft_national; ft_prepaid; ft_fullstack; ft_fx_crypto; ft_recent_filing,51,Issuer of traveler's checks; Seller of traveler's checks; Issuer of money orders; Seller of money orders; Check casher; Money transmitter; Seller of prepaid access; Dealer in foreign exchange,0,,False,2026-06-12,False,
Fintech,90018382,Sonder Ai Inc.,Katonah,NY,10536,282 Katonah Ave Unit 1045,5,74,ft_national; ft_prepaid; ft_fullstack; ft_fx_crypto; ft_recent_filing,51,Issuer of traveler's checks; Seller of traveler's checks; Issuer of money orders; Seller of money orders; Check casher; Money transmitter; Seller of prepaid access; Dealer in foreign exchange,0,,False,2026-04-23,False,
Fintech,90018412,Soulbit Financial Llc,Kalispell,MT,59901,1001 S Main St Ste 49,5,74,ft_national; ft_prepaid; ft_fullstack; ft_fx_crypto; ft_recent_filing,51,Issuer of traveler's checks; Seller of traveler's checks; Issuer of money orders; Seller of money orders; Check casher; Money transmitter; Seller of prepaid access; Dealer in foreign exchange,0,,False,2026-06-03,False,
Fintech,90018415,Source Coin Inc,Leadville,CO,80461,"219 E 11Th St, Leadville, Co 80461, Us",5,74,ft_national; ft_prepaid; ft_fullstack; ft_fx_crypto; ft_recent_filing,51,Issuer of traveler's checks; Seller of traveler's checks; Issuer of money orders; Seller of money orders; Check casher; Money transmitter; Seller of prepaid access; Dealer in foreign exchange,0,,False,2026-07-27,False,
Fintech,90018441,Sparkex Inc,Colorado Springs,CO,80906,6510 S Academy Blvd Ste A 642,5,74,ft_national; ft_prepaid; ft_fullstack; ft_fx_crypto; ft_recent_filing,51,Issuer of traveler's checks; Seller of traveler's checks; Issuer of money orders; Seller of money orders; Check casher; Money transmitter; Seller of prepaid access; Dealer in foreign exchange,0,,False,2026-02-26,False,
Fintech,90018443,Spark Investment Agency,Charleston,SC,29492,146 Fairchild Street,5,74,ft_national; ft_prepaid; ft_fullstack; ft_fx_crypto; ft_recent_filing,51,Issuer of traveler's checks; Seller of traveler's checks; Issuer of money orders; Seller of money orders; Check casher; Money transmitter; Seller of prepaid access; Dealer in foreign exchange,0,Spark Investment,False,2025-11-28,False,
Fintech,90018571,Starlight Technology Inc.,Kalispell,MT,59901,1001 S. Main St. Ste 600,5,74,ft_national; ft_prepaid; ft_fullstack; ft_fx_crypto; ft_recent_filing,51,Issuer of traveler's checks; Seller of traveler's checks; Issuer of money orders; Seller of money orders; Check casher; Money transmitter; Seller of prepaid access; Dealer in foreign exchange,0,,False,2026-08-11,False,
Fintech,90018574,Starlion Global Management Inc,Albany,NY,12204,350 Northern Blvd Ste 324-1331,5,74,ft_national; ft_prepaid; ft_fullstack; ft_fx_crypto; ft_recent_filing,51,Issuer of traveler's checks; Seller of traveler's checks; Issuer of money orders; Seller of money orders; Check casher; Money transmitter; Seller of prepaid access; Dealer in foreign exchange,0,,False,2026-02-24,False,
Fintech,90018615,Stellar Hub Inc.,New York,NY,10036,1095 6Th Ave,5,74,ft_national; ft_prepaid; ft_fullstack; ft_fx_crypto; ft_recent_filing,51,Seller of traveler's checks; Issuer of money orders; Seller of money orders; Check casher; Money transmitter; Seller of prepaid access; Dealer in foreign exchange,0,,False,2026-02-01,False,
Fintech,90018617,Stellarnet Inc.,Lakewood,CO,80228,200 Union Blvd,5,74,ft_national; ft_prepaid; ft_fullstack; ft_fx_crypto; ft_recent_filing,51,Issuer of traveler's checks; Seller of traveler's checks; Issuer of money orders; Seller of money orders; Check casher; Money transmitter; Seller of prepaid access; Dealer in foreign exchange,0,Stellarnet,False,2026-05-21,False,
Fintech,90018619,Stellar Remit Llc,Kalispell,MT,59901,1001 S Main St Ste 49,5,74,ft_national; ft_prepaid; ft_fullstack; ft_fx_crypto; ft_recent_filing,51,Issuer of traveler's checks; Seller of traveler's checks; Issuer of money orders; Seller of money orders; Check casher; Money transmitter; Seller of prepaid access; Dealer in foreign exchange,0,,False,2026-06-29,False,
Fintech,90018636,Sterling Synergy Capital Llc,Oakland,CA,94612,"405 14Th St, Oakland, Ca 94612, Usa",5,74,ft_national; ft_prepaid; ft_fullstack; ft_fx_crypto; ft_recent_filing,51,Issuer of traveler's checks; Seller of traveler's checks; Issuer of money orders; Seller of money orders; Check casher; Money transmitter; Seller of prepaid access; Dealer in foreign exchange,0,,False,2026-01-27,False,
Fintech,90018664,"Stoneverge Digital Markets, Inc.",Denver,CO,80202,"1144 Fifteenth Street, Denver, Co 80202 Usa",5,74,ft_national; ft_prepaid; ft_fullstack; ft_fx_crypto; ft_recent_filing,51,Issuer of traveler's checks; Seller of traveler's checks; Issuer of money orders; Seller of money orders; Check casher; Money transmitter; Seller of prepaid access; Dealer in foreign exchange,0,,False,2026-09-04,False,
Fintech,90018673,"Stovex Global, Inc.",Washington,DC,20036,2001 L St Nw,5,74,ft_national; ft_prepaid; ft_fullstack; ft_fx_crypto; ft_recent_filing,51,Issuer of traveler's checks; Seller of traveler's checks; Issuer of money orders; Seller of money orders; Check casher; Money transmitter; Seller of prepaid access; Dealer in foreign exchange,0,Stovex Global,False,2025-10-13,False,
Fintech,90018676,Strahlender Glanz Inc.,New York,NY,10006,45 Broadway,5,74,ft_national; ft_prepaid; ft_fullstack; ft_fx_crypto; ft_recent_filing,51,Issuer of traveler's checks; Seller of traveler's checks; Issuer of money orders; Seller of money orders; Check casher; Money transmitter; Seller of prepaid access; Dealer in foreign exchange,0,Strahlender Glanz,False,2025-11-30,False,
Fintech,90018688,Strivex Inc,Denver,CO,80202,"410 17Th St, Denver, Co 80202, Us",5,74,ft_national; ft_prepaid; ft_fullstack; ft_fx_crypto; ft_recent_filing,51,Issuer of traveler's checks; Seller of traveler's checks; Issuer of money orders; Seller of money orders; Check casher; Money transmitter; Seller of prepaid access; Dealer in foreign exchange,0,,False,2026-03-17,False,
Fintech,90018690,Stseeex Inc.,Denver,CO,80202,"1670 Broadway, Denver, Co 80202",5,74,ft_national; ft_prepaid; ft_fullstack; ft_fx_crypto; ft_recent_filing,51,Issuer of traveler's checks; Seller of traveler's checks; Issuer of money orders; Seller of money orders; Check casher; Money transmitter; Seller of prepaid access; Dealer in foreign exchange,0,,False,2026-05-23,False,
Fintech,90018692,Sttart Global Llc,Aventura,FL,33180,"19790 West Dixie Highway, Suite 411",5,74,ft_national; ft_prepaid; ft_fullstack; ft_fx_crypto; ft_recent_filing,51,Issuer of traveler's checks; Seller of traveler's checks; Issuer of money orders; Seller of money orders; Check casher; Money transmitter; Seller of prepaid access; Dealer in foreign exchange,0,Sttart,False,2025-11-05,False,
Fintech,90018696,Sturdyride Auto Parts Inc,Denver,CO,80203,1500 N Grant St Ste R,5,74,ft_national; ft_prepaid; ft_fullstack; ft_fx_crypto; ft_recent_filing,51,Money transmitter; Seller of prepaid access; Dealer in foreign exchange,0,,False,2026-04-22,False,
Fintech,90018703,Suanlv Inc,New York,NY,10065,"667 Madison Ave, New York, Ny 10065",5,74,ft_national; ft_prepaid; ft_fullstack; ft_fx_crypto; ft_recent_filing,51,Issuer of traveler's checks; Seller of traveler's checks; Issuer of money orders; Seller of money orders; Check casher; Money transmitter; Seller of prepaid access; Dealer in foreign exchange,0,,False,2026-01-19,False,
Fintech,90018715,Success Max Trading Limited,Reno,NV,89502,"401 Ryland St. Ste 200-A, Reno, Nv, 89502, Usa",5,74,ft_national; ft_prepaid; ft_fullstack; ft_fx_crypto; ft_recent_filing,51,Issuer of traveler's checks; Seller of traveler's checks; Issuer of money orders; Seller of money orders; Check casher; Money transmitter; Seller of prepaid access; Dealer in foreign exchange,0,Success Max Trading Limited,False,2026-07-08,False,
Fintech,90018751,Summit Peak Exchange Inc.,Louisville,KY,40202,312 South 4Th Street,5,74,ft_national; ft_prepaid; ft_fullstack; ft_fx_crypto; ft_recent_filing,51,Issuer of traveler's checks; Seller of traveler's checks; Issuer of money orders; Seller of money orders; Check casher; Money transmitter; Seller of prepaid access; Dealer in foreign exchange,0,Summit Peak Exchange Inc.,False,2026-06-08,False,
Fintech,90018752,Summit Quant Capital Inc.,Albany,NY,12207,"418 Broadway, Ste N",5,74,ft_national; ft_prepaid; ft_fullstack; ft_fx_crypto; ft_recent_filing,51,Issuer of traveler's checks; Seller of traveler's checks; Issuer of money orders; Seller of money orders; Check casher; Money transmitter; Seller of prepaid access; Dealer in foreign exchange,0,,False,2026-08-07,False,
Fintech,90018763,Sunluner&Lex Inc,Sheridan,WY,82801,30 N Gouldst Ste R,5,74,ft_national; ft_prepaid; ft_fullstack; ft_fx_crypto; ft_recent_filing,51,Issuer of traveler's checks; Seller of traveler's checks; Issuer of money orders; Seller of money orders; Check casher; Money transmitter; Seller of prepaid access; Dealer in foreign exchange,0,,False,2025-11-17,False,
Fintech,90018783,Sunwell Inc,Dover,DE,19901,"8 The Green Suite B,Dover, De, 19901 ,Us",5,74,ft_national; ft_prepaid; ft_fullstack; ft_fx_crypto; ft_recent_filing,51,Issuer of traveler's checks; Seller of traveler's checks; Issuer of money orders; Seller of money orders; Check casher; Money transmitter; Seller of prepaid access; Dealer in foreign exchange,0,,False,2026-04-08,False,
Fintech,90018800,Supercart Inc,Denver,CO,80202,1521 Blake St Ste 47009,5,74,ft_national; ft_prepaid; ft_fullstack; ft_fx_crypto; ft_recent_filing,51,Issuer of traveler's checks; Seller of traveler's checks; Issuer of money orders; Seller of money orders; Check casher; Money transmitter; Seller of prepaid access; Dealer in foreign exchange,0,,False,2026-04-26,False,
Fintech,90018813,Superflow Technology Inc,Denver,CO,80203,"1500 N Grant St Ste R, Denver, Co 80203, Us",5,74,ft_national; ft_prepaid; ft_fullstack; ft_fx_crypto; ft_recent_filing,51,Issuer of traveler's checks; Seller of traveler's checks; Issuer of money orders; Seller of money orders; Check casher; Money transmitter; Seller of prepaid access; Dealer in foreign exchange,0,,False,2026-04-29,False,
Fintech,90018952,Supex Inc,Denver,CO,80202,1521 Blake St,5,74,ft_national; ft_prepaid; ft_fullstack; ft_fx_crypto; ft_recent_filing,51,Issuer of traveler's checks; Seller of traveler's checks; Issuer of money orders; Seller of money orders; Check casher; Money transmitter; Seller of prepaid access; Dealer in foreign exchange,0,Supex Inc,False,2025-11-24,False,
Fintech,90018953,Suphone Technology Llc,Denver,CO,80202,1630 Welton Street,5,74,ft_national; ft_prepaid; ft_fullstack; ft_fx_crypto; ft_recent_filing,51,Issuer of traveler's checks; Seller of traveler's checks; Issuer of money orders; Seller of money orders; Check casher; Money transmitter; Seller of prepaid access; Dealer in foreign exchange,0,,False,2026-02-14,False,
Fintech,90018998,Sweet Voice Trade Inc,Rowland Heights,CA,91748,19093 Colima Rd,5,74,ft_national; ft_prepaid; ft_fullstack; ft_fx_crypto; ft_recent_filing,51,Issuer of traveler's checks; Seller of traveler's checks; Issuer of money orders; Seller of money orders; Check casher; Money transmitter; Seller of prepaid access; Dealer in foreign exchange,0,,False,2025-12-09,False,
Fintech,90019009,Swiftwave Technology Inc.,Denver,CO,80202,1312 17Th Street Unit #2609,5,74,ft_national; ft_prepaid; ft_fullstack; ft_fx_crypto; ft_recent_filing,51,Issuer of traveler's checks; Seller of traveler's checks; Issuer of money orders; Seller of money orders; Check casher; Money transmitter; Seller of prepaid access; Dealer in foreign exchange,0,,False,2026-03-26,False,
Fintech,90019014,Switch Global Inc,Dover,DE,19901,8 The Green Ste A,5,74,ft_national; ft_prepaid; ft_fullstack; ft_fx_crypto; ft_recent_filing,51,Issuer of money orders; Seller of money orders; Money transmitter; Seller of prepaid access; Dealer in foreign exchange,0,,False,2026-04-20,False,
Fintech,90019029,Sylofx Digital Asset Intelligence Grid Ltd.,New York,NY,10038,"125 Maiden Lane, 125 Maiden Ln",5,74,ft_national; ft_prepaid; ft_fullstack; ft_fx_crypto; ft_recent_filing,51,Issuer of traveler's checks; Seller of traveler's checks; Issuer of money orders; Seller of money orders; Check casher; Money transmitter; Seller of prepaid access; Dealer in foreign exchange,0,,False,2026-09-18,False,
Fintech,90019034,Synapsetech Ai Inc.,Palo Alto,CA,94301,228 Hamilton Avenue Suite 2200,5,74,ft_national; ft_prepaid; ft_fullstack; ft_fx_crypto; ft_recent_filing,51,Issuer of traveler's checks; Seller of traveler's checks; Issuer of money orders; Seller of money orders; Check casher; Money transmitter; Seller of prepaid access; Dealer in foreign exchange,0,,False,2026-04-07,False,
Fintech,90019038,Syndrel Inc,Sheridan,WY,82801,1703 Poplar Trl,5,74,ft_national; ft_prepaid; ft_fullstack; ft_fx_crypto; ft_recent_filing,51,Issuer of traveler's checks; Seller of traveler's checks; Issuer of money orders; Seller of money orders; Check casher; Money transmitter; Seller of prepaid access; Dealer in foreign exchange,0,Syndrel Inc,False,2025-11-06,False,
Fintech,90019039,Synergistic Quantization Ai Inc.,New York,NY,10118,"20 W 34Th St., New York, Ny",5,74,ft_national; ft_prepaid; ft_fullstack; ft_fx_crypto; ft_recent_filing,51,Issuer of traveler's checks; Seller of traveler's checks; Issuer of money orders; Seller of money orders; Check casher; Money transmitter; Seller of prepaid access; Dealer in foreign exchange,0,Synergistic Quantization Ai Inc.,False,2026-05-22,False,
Fintech,90019040,Synergynext Ai Inc.,San Diego,CA,92108,1615 Murray Canyon Rd,5,74,ft_national; ft_prepaid; ft_fullstack; ft_fx_crypto; ft_recent_filing,51,Issuer of traveler's checks; Seller of traveler's checks; Issuer of money orders; Seller of money orders; Check casher; Money transmitter; Seller of prepaid access; Dealer in foreign exchange,0,,False,2025-11-04,False,
Fintech,90019044,Synthnex Group Inc,Albany,NY,12207,418 Broadway Ste N,5,74,ft_national; ft_prepaid; ft_fullstack; ft_fx_crypto; ft_recent_filing,51,Issuer of traveler's checks; Seller of traveler's checks; Issuer of money orders; Seller of money orders; Check casher; Money transmitter; Seller of prepaid access; Dealer in foreign exchange,1,,False,2026-04-15,False,
Fintech,90019071,Tag Elevate Inc.,Colorado Springs,CO,80909,685 Citadel Drive East,5,74,ft_national; ft_prepaid; ft_fullstack; ft_fx_crypto; ft_recent_filing,51,Issuer of traveler's checks; Seller of traveler's checks; Issuer of money orders; Seller of money orders; Check casher; Money transmitter; Seller of prepaid access; Dealer in foreign exchange,0,Tag Elevate Inc.,False,2026-08-26,False,
Fintech,90019229,Teelx Exchange Inc,Denver,CO,80202,"1600 Broadway, Denver, Co 80202, Us",5,74,ft_national; ft_prepaid; ft_fullstack; ft_fx_crypto; ft_recent_filing,51,Issuer of traveler's checks; Seller of traveler's checks; Issuer of money orders; Seller of money orders; Check casher; Money transmitter; Seller of prepaid access; Dealer in foreign exchange,0,,False,2026-03-20,False,
Fintech,90019301,Texasmind Inc,New York,NY,10007,"22 Cortlandt St, New York, Ny 10007 Usa",5,74,ft_national; ft_prepaid; ft_fullstack; ft_fx_crypto; ft_recent_filing,51,Issuer of traveler's checks; Seller of traveler's checks; Issuer of money orders; Seller of money orders; Check casher; Money transmitter; Seller of prepaid access; Dealer in foreign exchange,0,,False,2026-05-13,False,
Fintech,90019305,Texpeak Llc,Red Feather Lakes,CO,80545,1467 Beartrap,5,74,ft_national; ft_prepaid; ft_fullstack; ft_fx_crypto; ft_recent_filing,51,Issuer of traveler's checks; Seller of traveler's checks; Issuer of money orders; Seller of money orders; Check casher; Money transmitter; Seller of prepaid access; Dealer in foreign exchange,0,,False,2025-11-03,False,
Fintech,90019309,"Tfj Management, Llc",Denver,CO,80202,1880 Arapahoe St,5,74,ft_national; ft_prepaid; ft_fullstack; ft_fx_crypto; ft_recent_filing,51,Seller of traveler's checks; Issuer of money orders; Seller of money orders; Check casher; Money transmitter; Seller of prepaid access; Dealer in foreign exchange,0,,False,2026-08-20,False,
Fintech,90019310,"Tfj Management, Llc",San Francisco,CA,94111,111 Pine St Unit 1800,5,74,ft_national; ft_prepaid; ft_fullstack; ft_fx_crypto; ft_recent_filing,51,Seller of traveler's checks; Issuer of money orders; Seller of money orders; Check casher; Money transmitter; Seller of prepaid access; Dealer in foreign exchange,0,,False,2026-08-01,False,
Fintech,90019322,Thalassa Trade Inc,Denver,CO,80221,5145 Beach Ct,5,74,ft_national; ft_prepaid; ft_fullstack; ft_fx_crypto; ft_recent_filing,51,Seller of traveler's checks; Issuer of money orders; Seller of money orders; Check casher; Money transmitter; Seller of prepaid access; Dealer in foreign exchange,0,,False,2026-03-26,False,
Fintech,90019323,Thaler Exchange Inc.,Louisville,KY,40202,401 S 4Th St,5,74,ft_national; ft_prepaid; ft_fullstack; ft_fx_crypto; ft_recent_filing,51,Issuer of traveler's checks; Seller of traveler's checks; Issuer of money orders; Seller of money orders; Check casher; Money transmitter; Seller of prepaid access; Dealer in foreign exchange,0,Thaler Exchange Inc.,False,2026-07-26,False,
Fintech,90019354,Theia Investment Alliance Inc,San Francisco,CA,94105,50 Fremont St,5,74,ft_national; ft_prepaid; ft_fullstack; ft_fx_crypto; ft_recent_filing,51,Issuer of traveler's checks; Seller of traveler's checks; Issuer of money orders; Seller of money orders; Check casher; Money transmitter; Seller of prepaid access; Dealer in foreign exchange,0,,False,2026-04-13,False,
Fintech,90019359,The Logos Keepers Foundation,Denver,CO,80203,"1500 N Grant St Ste R, Denver, Co 80203, Us",5,74,ft_national; ft_prepaid; ft_fullstack; ft_fx_crypto; ft_recent_filing,51,Issuer of traveler's checks; Seller of traveler's checks; Issuer of money orders; Seller of money orders; Check casher; Money transmitter; Seller of prepaid access; Dealer in foreign exchange,0,,False,2025-12-31,False,
Fintech,90019367,Themis Global Business Revolution Foundation,Denver,CO,80264,1660 Lincoln St,5,74,ft_national; ft_prepaid; ft_fullstack; ft_fx_crypto; ft_recent_filing,51,Issuer of traveler's checks; Seller of traveler's checks; Issuer of money orders; Seller of money orders; Check casher; Money transmitter; Seller of prepaid access; Dealer in foreign exchange,0,,False,2026-02-04,False,
Fintech,90019387,The Pnc Financial Services Group Inc,Denver,CO,80202,1550 Wewatta St,5,74,ft_national; ft_prepaid; ft_fullstack; ft_fx_crypto; ft_recent_filing,51,Issuer of traveler's checks; Seller of traveler's checks; Issuer of money orders; Seller of money orders; Check casher; Money transmitter; Seller of prepaid access; Dealer in foreign exchange,0,,False,2025-12-04,False,
Fintech,90019398,Thesvault Nft Inc,New York,NY,10004,"85 Broad St, New York, Ny 10004",5,74,ft_national; ft_prepaid; ft_fullstack; ft_fx_crypto; ft_recent_filing,51,Issuer of traveler's checks; Seller of traveler's checks; Issuer of money orders; Seller of money orders; Check casher; Money transmitter; Seller of prepaid access; Dealer in foreign exchange,0,,False,2026-02-10,False,
Fintech,90019401,The Uniledger Trust Inc,Denver,CO,80222,4400 E Evans Ave,5,74,ft_national; ft_prepaid; ft_fullstack; ft_fx_crypto; ft_recent_filing,51,Issuer of traveler's checks; Seller of traveler's checks; Issuer of money orders; Seller of money orders; Check casher; Money transmitter; Seller of prepaid access; Dealer in foreign exchange,0,,False,2025-10-28,False,
Fintech,90019446,Thyre Media Group Inc.,New York,NY,10065,"667 Madison Ave, New York, Ny 10065",5,74,ft_national; ft_prepaid; ft_fullstack; ft_fx_crypto; ft_recent_filing,51,Issuer of traveler's checks; Seller of traveler's checks; Issuer of money orders; Seller of money orders; Check casher; Money transmitter; Seller of prepaid access; Dealer in foreign exchange,0,,False,2026-09-25,False,
Fintech,90019448,Tianhua Renxi International Capital Corporation Fo,Denver,CO,80202,717 17Th St,5,74,ft_national; ft_prepaid; ft_fullstack; ft_fx_crypto; ft_recent_filing,51,Seller of traveler's checks; Issuer of money orders; Seller of money orders; Check casher; Money transmitter; Seller of prepaid access; Dealer in foreign exchange,0,,False,2026-05-18,False,
Fintech,90019948,Tik Technology Limited,Reno,NV,89502,"401 Ryland St, Suite 200-A",5,74,ft_national; ft_prepaid; ft_fullstack; ft_fx_crypto; ft_recent_filing,51,Money transmitter; Seller of prepaid access; Dealer in foreign exchange,0,,False,2025-12-23,False,
Fintech,90019974,Titancore Ai Dynamics Inc.,San Francisco,CA,94105,201 Spear St,5,74,ft_national; ft_prepaid; ft_fullstack; ft_fx_crypto; ft_recent_filing,51,Issuer of traveler's checks; Seller of traveler's checks; Issuer of money orders; Seller of money orders; Check casher; Money transmitter; Seller of prepaid access; Dealer in foreign exchange,0,,False,2025-11-04,False,
Fintech,90019981,Tiva International Ltd,Bozeman,MT,59715,506 N 7Th Ave,5,74,ft_national; ft_prepaid; ft_fullstack; ft_fx_crypto; ft_recent_filing,51,Issuer of traveler's checks; Seller of traveler's checks; Issuer of money orders; Seller of money orders; Check casher; Money transmitter; Seller of prepaid access; Dealer in foreign exchange,1,,False,2026-07-26,False,
Fintech,90020022,To Door Inc,"Denver,",CO,80203,"1500 N Grant St Ste R, Denver, Co 80203, Us",5,74,ft_national; ft_prepaid; ft_fullstack; ft_fx_crypto; ft_recent_filing,51,Issuer of traveler's checks; Seller of traveler's checks; Issuer of money orders; Seller of money orders; Check casher; Money transmitter; Seller of prepaid access; Dealer in foreign exchange,0,,False,2025-12-18,False,
Fintech,90020025,Together Forward Capital Management Inc.,Denver,CO,80290,1700 Broadway,5,74,ft_national; ft_prepaid; ft_fullstack; ft_fx_crypto; ft_recent_filing,51,Issuer of traveler's checks; Seller of traveler's checks; Issuer of money orders; Seller of money orders; Check casher; Money transmitter; Seller of prepaid access; Dealer in foreign exchange,0,Together Forward Capital Management,False,2026-02-08,False,
Fintech,90020027,Tokenai Technologies Llc,Denver,CO,80202,"370 17Th St, Denver, Co 80202, United States",5,74,ft_national; ft_prepaid; ft_fullstack; ft_fx_crypto; ft_recent_filing,51,Issuer of traveler's checks; Seller of traveler's checks; Issuer of money orders; Seller of money orders; Check casher; Money transmitter; Seller of prepaid access; Dealer in foreign exchange,0,,False,2026-04-07,False,
Fintech,90020030,Tokenpocket Inc,Denver,CO,80202,"1670 Broadway, Denver, Co 80202, Us",5,74,ft_national; ft_prepaid; ft_fullstack; ft_fx_crypto; ft_recent_filing,51,Issuer of traveler's checks; Seller of traveler's checks; Issuer of money orders; Seller of money orders; Check casher; Money transmitter; Seller of prepaid access; Dealer in foreign exchange,0,,False,2026-02-08,False,
Fintech,90020032,Tokiobit Inc,New York,NY,10065,"667 Madison Ave, New York, Ny 10065",5,74,ft_national; ft_prepaid; ft_fullstack; ft_fx_crypto; ft_recent_filing,51,Issuer of traveler's checks; Seller of traveler's checks; Issuer of money orders; Seller of money orders; Check casher; Money transmitter; Seller of prepaid access; Dealer in foreign exchange,0,,False,2026-05-19,False,
Fintech,90020046,Tomix Payment Solution Inc.,Miami,FL,33126,860 Nw 42Nd Ave Ste 404,5,74,ft_national; ft_prepaid; ft_fullstack; ft_fx_crypto; ft_recent_filing,51,Issuer of traveler's checks; Seller of traveler's checks; Issuer of money orders; Seller of money orders; Check casher; Money transmitter; Seller of prepaid access; Dealer in foreign exchange,0,,False,2026-02-08,False,
Fintech,90020053,Tongxin Team Llc,Denver,CO,80203,1500 N Grant St Ste R,5,74,ft_national; ft_prepaid; ft_fullstack; ft_fx_crypto; ft_recent_filing,51,Issuer of traveler's checks; Seller of traveler's checks; Issuer of money orders; Seller of money orders; Check casher; Money transmitter; Seller of prepaid access; Dealer in foreign exchange,0,,False,2026-04-02,False,
Fintech,90020072,Topshine Technology Inc.,Sheridan,WY,82801,30 N Gould St Ste R,5,74,ft_national; ft_prepaid; ft_fullstack; ft_fx_crypto; ft_recent_filing,51,Issuer of traveler's checks; Seller of traveler's checks; Issuer of money orders; Seller of money orders; Check casher; Money transmitter; Seller of prepaid access; Dealer in foreign exchange,0,Topshine Technology Inc.,False,2026-08-28,False,
Fintech,90020082,Torchoak Technology Inc.,Albany,NY,12207,"418 Broadway,Ste R,",5,74,ft_national; ft_prepaid; ft_fullstack; ft_fx_crypto; ft_recent_filing,51,Issuer of traveler's checks; Seller of traveler's checks; Issuer of money orders; Seller of money orders; Check casher; Money transmitter; Seller of prepaid access; Dealer in foreign exchange,0,,False,2025-10-17,False,
Fintech,90020170,Tpry Inc,Denver,CO,80202,"1670 Broadway, Denver, Co 80202, Us",5,74,ft_national; ft_prepaid; ft_fullstack; ft_fx_crypto; ft_recent_filing,51,Issuer of traveler's checks; Seller of traveler's checks; Issuer of money orders; Seller of money orders; Check casher; Money transmitter; Seller of prepaid access; Dealer in foreign exchange,0,,False,2026-02-28,False,
Fintech,90020172,Tqhhyf Inc.,New York,NY,10036,640 8Th Ave,5,74,ft_national; ft_prepaid; ft_fullstack; ft_fx_crypto; ft_recent_filing,51,Issuer of traveler's checks; Seller of traveler's checks; Issuer of money orders; Seller of money orders; Check casher; Money transmitter; Seller of prepaid access; Dealer in foreign exchange,0,Tqhhyf,False,2026-01-31,False,
Fintech,90020176,Tradeflow Quantum Transaction Inc.,Redwood,CA,94065,"223 Twin Dolphin Dr, Redwood City, Ca",5,74,ft_national; ft_prepaid; ft_fullstack; ft_fx_crypto; ft_recent_filing,51,Issuer of traveler's checks; Seller of traveler's checks; Issuer of money orders; Seller of money orders; Check casher; Money transmitter; Seller of prepaid access; Dealer in foreign exchange,0,Tradeflow Quantum Transaction Inc.,False,2026-06-02,False,
Fintech,90020193,Trading Brain Ai Inc.,Denver,CO,80211,"1500 N Grant St Ste R, Denver, Co 80203, Us",5,74,ft_national; ft_prepaid; ft_fullstack; ft_fx_crypto; ft_recent_filing,51,Issuer of traveler's checks; Seller of traveler's checks; Issuer of money orders; Seller of money orders; Check casher; Money transmitter; Seller of prepaid access; Dealer in foreign exchange,0,,False,2026-02-06,False,
Fintech,90020235,Travel Trading Inc.,Bellingham,WA,98226,424 W Bakerview Rd,5,74,ft_national; ft_prepaid; ft_fullstack; ft_fx_crypto; ft_recent_filing,51,Issuer of traveler's checks; Seller of traveler's checks; Issuer of money orders; Seller of money orders; Check casher; Money transmitter; Seller of prepaid access; Dealer in foreign exchange,0,,False,2026-04-24,False,
Fintech,90020257,Trepav Inc,Denver,CO,80202,"1670 Broadway, Denver, Co 80202",5,74,ft_national; ft_prepaid; ft_fullstack; ft_fx_crypto; ft_recent_filing,51,Issuer of traveler's checks; Seller of traveler's checks; Issuer of money orders; Seller of money orders; Check casher; Money transmitter; Seller of prepaid access; Dealer in foreign exchange,0,,False,2026-06-04,False,
Fintech,90020312,Truelynft Ltd,New York,NY,10038,59 Maiden Ln,5,74,ft_national; ft_prepaid; ft_fullstack; ft_fx_crypto; ft_recent_filing,51,Issuer of traveler's checks; Seller of traveler's checks; Issuer of money orders; Seller of money orders; Check casher; Money transmitter; Seller of prepaid access; Dealer in foreign exchange,0,,False,2025-10-09,False,
Fintech,90020373,Tui Global Capital Inc.,Denver,CO,80202,950 17Th St,5,74,ft_national; ft_prepaid; ft_fullstack; ft_fx_crypto; ft_recent_filing,51,Issuer of traveler's checks; Seller of traveler's checks; Issuer of money orders; Seller of money orders; Check casher; Money transmitter; Seller of prepaid access; Dealer in foreign exchange,0,,False,2025-10-18,False,
Fintech,90020380,Tunepush Music Group/Victor Eduardo,Denver,CO,80203,1500 N Grant St Ste R,5,74,ft_national; ft_prepaid; ft_fullstack; ft_fx_crypto; ft_recent_filing,51,Seller of traveler's checks; Issuer of money orders; Seller of money orders; Check casher; Money transmitter; Seller of prepaid access; Dealer in foreign exchange,0,,False,2025-11-07,False,
Fintech,90020381,Tunes Music Inc,New York,NY,10004,"85 Broad St, New York, Ny, United States, 10004",5,74,ft_national; ft_prepaid; ft_fullstack; ft_fx_crypto; ft_recent_filing,51,Issuer of traveler's checks; Seller of traveler's checks; Issuer of money orders; Seller of money orders; Check casher; Money transmitter; Seller of prepaid access; Dealer in foreign exchange,0,,False,2026-07-10,False,
Fintech,90020398,Tuvalor Tech Ltd,West Hollywood,CA,90069,9200 Sunset Boulevard,5,74,ft_national; ft_prepaid; ft_fullstack; ft_fx_crypto; ft_recent_filing,51,Issuer of traveler's checks; Seller of traveler's checks; Issuer of money orders; Seller of money orders; Check casher; Money transmitter; Seller of prepaid access; Dealer in foreign exchange,0,,False,2025-11-04,False,
Fintech,90020403,Tuy Sddd Inc,Colorado Springs,CO,80906,6510 S Academy Blvd Ste A 642,5,74,ft_national; ft_prepaid; ft_fullstack; ft_fx_crypto; ft_recent_filing,51,Issuer of traveler's checks; Seller of traveler's checks; Issuer of money orders; Seller of money orders; Check casher; Money transmitter; Seller of prepaid access; Dealer in foreign exchange,0,,False,2026-05-06,False,
Fintech,90020407,Tvr Exchange Inc,Denver,CO,80202,555 17Th St,5,74,ft_national; ft_prepaid; ft_fullstack; ft_fx_crypto; ft_recent_filing,51,Issuer of traveler's checks; Seller of traveler's checks; Issuer of money orders; Seller of money orders; Check casher; Money transmitter; Seller of prepaid access; Dealer in foreign exchange,0,Tvr Exchange Inc,False,2026-08-19,False,
Fintech,90020417,Twizzy Ltd,New York,NY,10172,277 Park Ave,5,74,ft_national; ft_prepaid; ft_fullstack; ft_fx_crypto; ft_recent_filing,51,Issuer of traveler's checks; Seller of traveler's checks; Issuer of money orders; Seller of money orders; Check casher; Money transmitter; Seller of prepaid access; Dealer in foreign exchange,0,,False,2026-09-04,False,
Fintech,90020434,Txo Comprehensive Service Inc.,New York,NY,10172,"277 Park Ave, New York, Ny 10172",5,74,ft_national; ft_prepaid; ft_fullstack; ft_fx_crypto; ft_recent_filing,51,Issuer of traveler's checks; Seller of traveler's checks; Issuer of money orders; Seller of money orders; Check casher; Money transmitter; Seller of prepaid access; Dealer in foreign exchange,0,,False,2026-01-06,False,
Fintech,90020435,Txrise Llc,Colorado Springs,CO,80906,6510 S Academy Blvd Ste A 642,5,74,ft_national; ft_prepaid; ft_fullstack; ft_fx_crypto; ft_recent_filing,51,Issuer of traveler's checks; Seller of traveler's checks; Issuer of money orders; Seller of money orders; Check casher; Money transmitter; Seller of prepaid access; Dealer in foreign exchange,0,,False,2026-01-26,False,
Fintech,90020448,U6Ex,Denver,CO,80202,1720 California St,5,74,ft_national; ft_prepaid; ft_fullstack; ft_fx_crypto; ft_recent_filing,51,Issuer of traveler's checks; Seller of traveler's checks; Issuer of money orders; Seller of money orders; Check casher; Money transmitter; Seller of prepaid access; Dealer in foreign exchange,0,,False,2026-04-29,False,
Fintech,90020450,Uaqc Foundation,New York,NY,10005,110 Wall Street,5,74,ft_national; ft_prepaid; ft_fullstack; ft_fx_crypto; ft_recent_filing,51,Issuer of traveler's checks; Seller of traveler's checks; Issuer of money orders; Seller of money orders; Check casher; Money transmitter; Seller of prepaid access; Dealer in foreign exchange,0,,False,2025-10-31,False,
Fintech,90020491,Ul Pay Inc,Sheridan,WY,82801,30 N Gould St Ste N,5,74,ft_national; ft_prepaid; ft_fullstack; ft_fx_crypto; ft_recent_filing,51,Issuer of traveler's checks; Seller of traveler's checks; Issuer of money orders; Seller of money orders; Check casher; Money transmitter; Seller of prepaid access; Dealer in foreign exchange,0,,False,2026-09-09,False,
Fintech,90020492,Ulrich Media Inc.,Denver,CO,80202,"1670 Broadway, Denver, Co 80202, Us",5,74,ft_national; ft_prepaid; ft_fullstack; ft_fx_crypto; ft_recent_filing,51,Issuer of traveler's checks; Seller of traveler's checks; Issuer of money orders; Seller of money orders; Check casher; Money transmitter; Seller of prepaid access; Dealer in foreign exchange,0,Ulrich Media Inc.,False,2025-11-26,False,
Fintech,90020493,Ultrapex Global Exchange Corporation,Newark,NJ,'07102,1 Washington Street,5,74,ft_national; ft_prepaid; ft_fullstack; ft_fx_crypto; ft_recent_filing,51,Issuer of traveler's checks; Seller of traveler's checks; Issuer of money orders; Seller of money orders; Check casher; Money transmitter; Seller of prepaid access; Dealer in foreign exchange,0,,False,2025-11-04,False,
Fintech,90020514,Unicorn Foundation,Denver,CO,80203,1500 N Grant St Ste R,5,74,ft_national; ft_prepaid; ft_fullstack; ft_fx_crypto; ft_recent_filing,51,Seller of traveler's checks; Issuer of money orders; Seller of money orders; Check casher; Money transmitter; Seller of prepaid access; Dealer in foreign exchange,0,,False,2026-08-06,False,
Fintech,90020535,Uniplay Global Foundation,Denver,CO,80202,1312 17Th St Unit Num-2955,5,74,ft_national; ft_prepaid; ft_fullstack; ft_fx_crypto; ft_recent_filing,51,Issuer of traveler's checks; Seller of traveler's checks; Issuer of money orders; Seller of money orders; Check casher; Money transmitter; Seller of prepaid access; Dealer in foreign exchange,0,,False,2025-10-16,False,
Fintech,90020553,United Nations Fund For Peace And Development,Brighton,CO,80601,"36 South Suite A,",5,74,ft_national; ft_prepaid; ft_fullstack; ft_fx_crypto; ft_recent_filing,51,Issuer of traveler's checks; Seller of traveler's checks; Issuer of money orders; Seller of money orders; Check casher; Money transmitter; Seller of prepaid access; Dealer in foreign exchange,0,,False,2026-08-14,False,
Fintech,90020576,Universal Peak Investment Inc.,New York,NY,10065,667 Madison Ave,5,74,ft_national; ft_prepaid; ft_fullstack; ft_fx_crypto; ft_recent_filing,51,Issuer of traveler's checks; Seller of traveler's checks; Issuer of money orders; Seller of money orders; Check casher; Money transmitter; Seller of prepaid access; Dealer in foreign exchange,0,Universal Peak Investment,False,2026-01-01,False,
Fintech,90020629,Urbned Inc.,Claymont,DE,19703,2803 Philadelphia Pike Suite B 1128,5,74,ft_national; ft_prepaid; ft_fullstack; ft_fx_crypto; ft_recent_filing,51,Money transmitter; Seller of prepaid access; Dealer in foreign exchange,1,,False,2026-03-16,False,
Fintech,90020638,Usa Charleston Foundation,Los Angeles,CA,90013,555 W 5Th St,5,74,ft_national; ft_prepaid; ft_fullstack; ft_fx_crypto; ft_recent_filing,51,Issuer of traveler's checks; Seller of traveler's checks; Issuer of money orders; Seller of money orders; Check casher; Money transmitter; Seller of prepaid access; Dealer in foreign exchange,0,,False,2026-01-03,False,
Fintech,90020648,Usbiconomy Corporation,San Diego,CA,92121,"9380 Judicial Drive San Diego, Ca 92121",5,74,ft_national; ft_prepaid; ft_fullstack; ft_fx_crypto; ft_recent_filing,51,Issuer of traveler's checks; Seller of traveler's checks; Issuer of money orders; Seller of money orders; Check casher; Money transmitter; Seller of prepaid access; Dealer in foreign exchange,0,,False,2026-06-08,False,
Fintech,90020656,Usdtmalls Ltd,Los Angeles,CA,90017,"707 Wilshire Blvd, Suite 3200 Los Angeles, Ca 90017",5,74,ft_national; ft_prepaid; ft_fullstack; ft_fx_crypto; ft_recent_filing,51,Issuer of traveler's checks; Seller of traveler's checks; Issuer of money orders; Seller of money orders; Check casher; Money transmitter; Seller of prepaid access; Dealer in foreign exchange,0,,False,2026-08-31,False,
Fintech,90020670,Us Julipay Inc,Aurora,CO,80013,18121 E Hampden Ave Unit C #1267,5,74,ft_national; ft_prepaid; ft_fullstack; ft_fx_crypto; ft_recent_filing,51,Seller of traveler's checks; Issuer of money orders; Seller of money orders; Check casher; Money transmitter; Seller of prepaid access; Dealer in foreign exchange,0,,False,2026-06-17,False,
Fintech,90020673,U.S. Metaverse Wall Street Digital Currency Exchan,New York,NY,10043,"48 Wall St, New York, Ny 10043, United States",5,74,ft_national; ft_prepaid; ft_fullstack; ft_fx_crypto; ft_recent_filing,51,Issuer of traveler's checks; Seller of traveler's checks; Issuer of money orders; Seller of money orders; Check casher; Money transmitter; Seller of prepaid access; Dealer in foreign exchange,0,,False,2026-07-28,False,
Fintech,90020674,U.S. Metaverse Wall Street Digital Currency Exchan,Boulder,CO,80302,"1942 Broadway Street, Ste 314C",5,74,ft_national; ft_prepaid; ft_fullstack; ft_fx_crypto; ft_recent_filing,51,Issuer of traveler's checks; Seller of traveler's checks; Issuer of money orders; Seller of money orders; Check casher; Money transmitter; Seller of prepaid access; Dealer in foreign exchange,0,U.S. Metaverse Wall Street Digital Currency Exchange Inc,False,2026-04-08,False,
Fintech,90020677,Usolvepay Technology Inc,Sacramento,CA,95811,1401 21St St Ste R,5,74,ft_national; ft_prepaid; ft_fullstack; ft_fx_crypto; ft_recent_filing,51,Issuer of traveler's checks; Seller of traveler's checks; Issuer of money orders; Seller of money orders; Check casher; Money transmitter; Seller of prepaid access; Dealer in foreign exchange,1,Usolvepay Technology Inc,False,2026-08-19,False,
Fintech,90020680,Uspeed Technology Inc,New York,NY,10005,55 Exchange Pl Ste 404,5,74,ft_national; ft_prepaid; ft_fullstack; ft_fx_crypto; ft_recent_filing,51,Issuer of traveler's checks; Seller of traveler's checks; Issuer of money orders; Seller of money orders; Check casher; Money transmitter; Seller of prepaid access; Dealer in foreign exchange,0,,False,2026-03-24,False,
Fintech,90020684,U.S. Wall Street Union Bank Ltd,New York,NY,10043,"48 Wall St, New York, Ny 10043, United States",5,74,ft_national; ft_prepaid; ft_fullstack; ft_fx_crypto; ft_recent_filing,51,Issuer of traveler's checks; Seller of traveler's checks; Issuer of money orders; Seller of money orders; Check casher; Money transmitter; Seller of prepaid access; Dealer in foreign exchange,0,,False,2026-07-28,False,
Fintech,90020715,Vailpay Global Inc.,Denver,CO,80202,1312 17Th Street Suite 600,5,74,ft_national; ft_prepaid; ft_fullstack; ft_fx_crypto; ft_recent_filing,51,Issuer of traveler's checks; Seller of traveler's checks; Issuer of money orders; Seller of money orders; Check casher; Money transmitter; Seller of prepaid access; Dealer in foreign exchange,0,,False,2025-12-21,False,
Fintech,90020716,Vairnport Global Trust,Denver,CO,80237,7900 East Union Avenue Suite 1100,5,74,ft_national; ft_prepaid; ft_fullstack; ft_fx_crypto; ft_recent_filing,51,Issuer of traveler's checks; Seller of traveler's checks; Issuer of money orders; Seller of money orders; Check casher; Money transmitter; Seller of prepaid access; Dealer in foreign exchange,0,,False,2025-10-13,False,
Fintech,90020743,Valenqor Capital Inc,Denver,CO,80203,1500 N Grant St Ste R,5,74,ft_national; ft_prepaid; ft_fullstack; ft_fx_crypto; ft_recent_filing,51,Issuer of traveler's checks; Seller of traveler's checks; Issuer of money orders; Seller of money orders; Check casher; Money transmitter; Seller of prepaid access; Dealer in foreign exchange,0,,False,2026-03-27,False,
Fintech,90020749,Valeurtim Capital Inc.,New York,NY,10065,"667 Madison Ave, New York, Ny 10065",5,74,ft_national; ft_prepaid; ft_fullstack; ft_fx_crypto; ft_recent_filing,51,Issuer of traveler's checks; Seller of traveler's checks; Issuer of money orders; Seller of money orders; Check casher; Money transmitter; Seller of prepaid access; Dealer in foreign exchange,0,,False,2026-07-23,False,
Fintech,90020755,Vallade Holdings Inc.,Albany,NY,12207,"418 Broadway, Ste R",5,74,ft_national; ft_prepaid; ft_fullstack; ft_fx_crypto; ft_recent_filing,51,Issuer of traveler's checks; Seller of traveler's checks; Issuer of money orders; Seller of money orders; Check casher; Money transmitter; Seller of prepaid access; Dealer in foreign exchange,0,,False,2026-08-03,False,
Fintech,90020785,Valorx Llc,Saint Louis,MO,63105,231 S Bemiston Ave,5,74,ft_national; ft_prepaid; ft_fullstack; ft_fx_crypto; ft_recent_filing,51,Issuer of traveler's checks; Seller of traveler's checks; Issuer of money orders; Seller of money orders; Check casher; Money transmitter; Seller of prepaid access; Dealer in foreign exchange,0,Valorx Llc,False,2025-12-25,False,
Fintech,90020795,Valura Data Labs Llc,Denver,CO,80202,1312 17Th St Unit Num-2955,5,74,ft_national; ft_prepaid; ft_fullstack; ft_fx_crypto; ft_recent_filing,51,Issuer of traveler's checks; Seller of traveler's checks; Issuer of money orders; Seller of money orders; Check casher; Money transmitter; Seller of prepaid access; Dealer in foreign exchange,0,,False,2025-10-14,False,
Fintech,90020809,Vane Matrix Academy Llc,San Jose,CA,95113,150 S Almaden Blvd,5,74,ft_national; ft_prepaid; ft_fullstack; ft_fx_crypto; ft_recent_filing,51,Seller of traveler's checks; Issuer of money orders; Seller of money orders; Check casher; Money transmitter; Seller of prepaid access; Dealer in foreign exchange,0,,False,2026-04-01,False,
Fintech,90020814,Vanguard Crypto Intelligence,Irvine,CA,92612,5319 University Dr. Ste 260,5,74,ft_national; ft_prepaid; ft_fullstack; ft_fx_crypto; ft_recent_filing,51,Issuer of traveler's checks; Seller of traveler's checks; Issuer of money orders; Seller of money orders; Check casher; Money transmitter; Seller of prepaid access; Dealer in foreign exchange,0,,False,2026-06-17,False,
Fintech,90020819,Vanguard Horizon Capital Management Llc,Denver,CO,80202,"633 17Th St, Fl 20",5,74,ft_national; ft_prepaid; ft_fullstack; ft_fx_crypto; ft_recent_filing,51,Seller of traveler's checks; Issuer of money orders; Seller of money orders; Check casher; Money transmitter; Seller of prepaid access; Dealer in foreign exchange,0,,False,2026-08-04,False,
Fintech,90020833,Vantory Payment Service Inc,Denver,CO,80203,1500 N Grant St Ste R,5,74,ft_national; ft_prepaid; ft_fullstack; ft_fx_crypto; ft_recent_filing,51,Issuer of traveler's checks; Seller of traveler's checks; Issuer of money orders; Seller of money orders; Check casher; Money transmitter; Seller of prepaid access; Dealer in foreign exchange,0,Vantory Payment Service Inc,False,2026-07-16,False,
Fintech,90020835,"Vantrex Digital Markets, Inc.",Denver,CO,80202,999 18Th St Ste 1900,5,74,ft_national; ft_prepaid; ft_fullstack; ft_fx_crypto; ft_recent_filing,51,Seller of traveler's checks; Issuer of money orders; Seller of money orders; Check casher; Money transmitter; Seller of prepaid access; Dealer in foreign exchange,0,,False,2026-09-17,False,
Fintech,90020836,Vantrex Trading Llc,Sheridan,WY,82801,30 N Gould St,5,74,ft_national; ft_prepaid; ft_fullstack; ft_fx_crypto; ft_recent_filing,51,Issuer of traveler's checks; Seller of traveler's checks; Issuer of money orders; Seller of money orders; Check casher; Money transmitter; Seller of prepaid access; Dealer in foreign exchange,0,,False,2026-09-15,False,
Fintech,90020838,Vantura Node Holdings Inc.,San Francisco,CA,94111,100 Pine St Unit 1200,5,74,ft_national; ft_prepaid; ft_fullstack; ft_fx_crypto; ft_recent_filing,51,Seller of traveler's checks; Issuer of money orders; Seller of money orders; Check casher; Money transmitter; Seller of prepaid access; Dealer in foreign exchange,0,,False,2026-03-26,False,
Fintech,90020925,Vasthorizon Capital Inc.,Denver,CO,80202,1312 17Th Street Suite 1655,5,74,ft_national; ft_prepaid; ft_fullstack; ft_fx_crypto; ft_recent_filing,51,Issuer of traveler's checks; Seller of traveler's checks; Issuer of money orders; Seller of money orders; Check casher; Money transmitter; Seller of prepaid access; Dealer in foreign exchange,0,Vasthorizon Capital Inc.,False,2025-11-16,False,
Fintech,90020931,Vaultax Capital Markets Inc,New York,NY,10172,"277 Park Ave, New York, Ny 10172",5,74,ft_national; ft_prepaid; ft_fullstack; ft_fx_crypto; ft_recent_filing,51,Issuer of traveler's checks; Seller of traveler's checks; Issuer of money orders; Seller of money orders; Check casher; Money transmitter; Seller of prepaid access; Dealer in foreign exchange,0,,False,2025-12-29,False,
Fintech,90020935,Vault-X,Denver,CO,80202,1062 18Th St,5,74,ft_national; ft_prepaid; ft_fullstack; ft_fx_crypto; ft_recent_filing,51,Issuer of traveler's checks; Seller of traveler's checks; Issuer of money orders; Seller of money orders; Check casher; Money transmitter; Seller of prepaid access; Dealer in foreign exchange,0,,False,2026-09-19,False,
Fintech,90020950,Vbipay Global Inc,Denver,CO,80202,1312 17Th St Unit Num-2955,5,74,ft_national; ft_prepaid; ft_fullstack; ft_fx_crypto; ft_recent_filing,51,Issuer of traveler's checks; Seller of traveler's checks; Issuer of money orders; Seller of money orders; Check casher; Money transmitter; Seller of prepaid access; Dealer in foreign exchange,0,,False,2025-11-04,False,
Fintech,90020951,Vbsz Bangladesh Marketing Ltd.,New York,NY,10065,233 Broadway New York Ny 10065,5,74,ft_national; ft_prepaid; ft_fullstack; ft_fx_crypto; ft_recent_filing,51,Issuer of traveler's checks; Seller of traveler's checks; Issuer of money orders; Seller of money orders; Check casher; Money transmitter; Seller of prepaid access; Dealer in foreign exchange,0,,False,2025-11-02,False,
Fintech,90020966,Vectorpay Llc,Kalispell,MT,59901,1001 S Main St # 11903,5,74,ft_national; ft_prepaid; ft_fullstack; ft_fx_crypto; ft_recent_filing,51,Issuer of traveler's checks; Seller of traveler's checks; Issuer of money orders; Seller of money orders; Check casher; Money transmitter; Seller of prepaid access; Dealer in foreign exchange,0,,False,2025-11-05,False,
Fintech,90021022,Velolink Digital Limited,Albany,NY,12207,"418 Broadway, Ste R",5,74,ft_national; ft_prepaid; ft_fullstack; ft_fx_crypto; ft_recent_filing,51,Issuer of traveler's checks; Seller of traveler's checks; Issuer of money orders; Seller of money orders; Check casher; Money transmitter; Seller of prepaid access; Dealer in foreign exchange,0,,False,2026-02-23,False,
Fintech,90021025,Velopay Financial Technologies Inc,Denver,CO,80203,"1500 N Grant St Unit 367, Denver, Co 80203, United States",5,74,ft_national; ft_prepaid; ft_fullstack; ft_fx_crypto; ft_recent_filing,51,Issuer of traveler's checks; Seller of traveler's checks; Issuer of money orders; Seller of money orders; Check casher; Money transmitter; Seller of prepaid access; Dealer in foreign exchange,0,,False,2026-06-10,False,
Fintech,90021065,Venus Protocol Labs Llc,Denver,CO,80203,1500 N Grant St Ste R,5,74,ft_national; ft_prepaid; ft_fullstack; ft_fx_crypto; ft_recent_filing,51,Issuer of traveler's checks; Seller of traveler's checks; Issuer of money orders; Seller of money orders; Check casher; Money transmitter; Seller of prepaid access; Dealer in foreign exchange,0,,False,2026-03-01,False,
Fintech,90021075,Verdo Ltd,New York,NY,10118,350 Fifth Ave Suite Num 4820,5,74,ft_national; ft_prepaid; ft_fullstack; ft_fx_crypto; ft_recent_filing,51,Issuer of traveler's checks; Seller of traveler's checks; Issuer of money orders; Seller of money orders; Check casher; Money transmitter; Seller of prepaid access; Dealer in foreign exchange,0,,False,2026-05-07,False,
Fintech,90021076,Verdora Excellence Alliance Inc,Denver,CO,80202,"1670 Broadway, Denver, Co 80202",5,74,ft_national; ft_prepaid; ft_fullstack; ft_fx_crypto; ft_recent_filing,51,Issuer of traveler's checks; Seller of traveler's checks; Issuer of money orders; Seller of money orders; Check casher; Money transmitter; Seller of prepaid access; Dealer in foreign exchange,0,,False,2026-09-16,False,
Fintech,90021082,Verifi Inc,Denver,CO,80203,1500 N Grant St Ste R,5,74,ft_national; ft_prepaid; ft_fullstack; ft_fx_crypto; ft_recent_filing,51,Issuer of traveler's checks; Seller of traveler's checks; Issuer of money orders; Seller of money orders; Check casher; Money transmitter; Seller of prepaid access; Dealer in foreign exchange,0,,False,2026-04-03,False,
Fintech,90021085,Veritas Capital Advisory Gmbh,Denver,CO,80202,1900 16Th St Mall,5,74,ft_national; ft_prepaid; ft_fullstack; ft_fx_crypto; ft_recent_filing,51,Seller of traveler's checks; Issuer of money orders; Seller of money orders; Check casher; Money transmitter; Seller of prepaid access; Dealer in foreign exchange,0,,False,2025-10-15,False,
Fintech,90021086,Veritasmind Ai Inc.,San Rafael,CA,94903,4040 Civic Center Dr,5,74,ft_national; ft_prepaid; ft_fullstack; ft_fx_crypto; ft_recent_filing,51,Issuer of traveler's checks; Seller of traveler's checks; Issuer of money orders; Seller of money orders; Check casher; Money transmitter; Seller of prepaid access; Dealer in foreign exchange,0,,False,2025-11-04,False,
Fintech,90021090,Verity Exchange Limited,New York,NY,10118,"20 W 34Th St., New York, Ny",5,74,ft_national; ft_prepaid; ft_fullstack; ft_fx_crypto; ft_recent_filing,51,Issuer of traveler's checks; Seller of traveler's checks; Issuer of money orders; Seller of money orders; Check casher; Money transmitter; Seller of prepaid access; Dealer in foreign exchange,0,Verity Exchange Limited,False,2026-06-01,False,
Fintech,90021091,Vermilionflux Corp,Dover,DE,19901,"8 The Green Suite B, Dover, De, 19901",5,74,ft_national; ft_prepaid; ft_fullstack; ft_fx_crypto; ft_recent_filing,51,Issuer of traveler's checks; Seller of traveler's checks; Issuer of money orders; Seller of money orders; Check casher; Money transmitter; Seller of prepaid access; Dealer in foreign exchange,0,,False,2026-07-06,False,
Fintech,90021100,Vertexa,Denver,CO,80211,"1500 N Grant St Ste R, Denver, Co 80203, Us",5,74,ft_national; ft_prepaid; ft_fullstack; ft_fx_crypto; ft_recent_filing,51,Issuer of traveler's checks; Seller of traveler's checks; Issuer of money orders; Seller of money orders; Check casher; Money transmitter; Seller of prepaid access; Dealer in foreign exchange,0,,False,2026-02-06,False,
Fintech,90021101,Vertex Blockchain Asset Exchange Inc,Denver,CO,80203,1500 N Grant St Ste R,5,74,ft_national; ft_prepaid; ft_fullstack; ft_fx_crypto; ft_recent_filing,51,Issuer of traveler's checks; Seller of traveler's checks; Issuer of money orders; Seller of money orders; Check casher; Money transmitter; Seller of prepaid access; Dealer in foreign exchange,0,,False,2026-03-10,False,
Fintech,90021104,Vertex Global Exchange Inc,Denver,CO,80202,675 15Th Street,5,74,ft_national; ft_prepaid; ft_fullstack; ft_fx_crypto; ft_recent_filing,51,Issuer of traveler's checks; Seller of traveler's checks; Issuer of money orders; Seller of money orders; Check casher; Money transmitter; Seller of prepaid access; Dealer in foreign exchange,0,,False,2026-07-08,False,
Fintech,90021114,Vespera Inc,Denver,CO,80203,1500 N Grant St Ste R,5,74,ft_national; ft_prepaid; ft_fullstack; ft_fx_crypto; ft_recent_filing,51,Issuer of traveler's checks; Seller of traveler's checks; Issuer of money orders; Seller of money orders; Check casher; Money transmitter; Seller of prepaid access; Dealer in foreign exchange,0,,False,2026-04-03,False,
Fintech,90021116,Vesta International Holding Industrial Group Limit,Denver,CO,80236,3120 S Decatur St,5,74,ft_national; ft_prepaid; ft_fullstack; ft_fx_crypto; ft_recent_filing,51,Issuer of traveler's checks; Seller of traveler's checks; Issuer of money orders; Seller of money orders; Check casher; Money transmitter; Seller of prepaid access; Dealer in foreign exchange,0,,False,2026-06-30,False,
Fintech,90021124,Vexel Technology Inc,Boulder,CO,80302,2525 Arapahoe Ave Ste E4 #1155,5,74,ft_national; ft_prepaid; ft_fullstack; ft_fx_crypto; ft_recent_filing,51,Issuer of traveler's checks; Seller of traveler's checks; Issuer of money orders; Seller of money orders; Check casher; Money transmitter; Seller of prepaid access; Dealer in foreign exchange,0,,False,2025-12-09,False,
Fintech,90021126,Vexora Markets Ag Inc,Denver,CO,80202,1550 Wewatta St,5,74,ft_national; ft_prepaid; ft_fullstack; ft_fx_crypto; ft_recent_filing,51,Issuer of traveler's checks; Seller of traveler's checks; Issuer of money orders; Seller of money orders; Check casher; Money transmitter; Seller of prepaid access; Dealer in foreign exchange,0,,False,2026-03-06,False,
Fintech,90021130,Vextronix Tech Inc,Denver,CO,80203,1500 N Grant St Ste R,5,74,ft_national; ft_prepaid; ft_fullstack; ft_fx_crypto; ft_recent_filing,51,Issuer of traveler's checks; Seller of traveler's checks; Issuer of money orders; Seller of money orders; Check casher; Money transmitter; Seller of prepaid access; Dealer in foreign exchange,0,Vextronix Tech Inc,False,2026-07-30,False,
Fintech,90021243,Vireon Group Inc.,Denver,CO,80293,621 17Th St,5,74,ft_national; ft_prepaid; ft_fullstack; ft_fx_crypto; ft_recent_filing,51,Issuer of traveler's checks; Seller of traveler's checks; Issuer of money orders; Seller of money orders; Check casher; Money transmitter; Seller of prepaid access; Dealer in foreign exchange,0,Vireon Group,False,2025-10-08,False,
Fintech,90021247,Virpay Inc,Denver,CO,80202,1521 Blake St Ste 47009,5,74,ft_national; ft_prepaid; ft_fullstack; ft_fx_crypto; ft_recent_filing,51,Issuer of traveler's checks; Seller of traveler's checks; Issuer of money orders; Seller of money orders; Check casher; Money transmitter; Seller of prepaid access; Dealer in foreign exchange,0,Virpay Inc,False,2025-12-18,False,
Fintech,90021248,Virpay Inc,Denver,CO,80202,1521 Blake St Ste 47009,5,74,ft_national; ft_prepaid; ft_fullstack; ft_fx_crypto; ft_recent_filing,51,Issuer of traveler's checks; Seller of traveler's checks; Issuer of money orders; Seller of money orders; Check casher; Money transmitter; Seller of prepaid access; Dealer in foreign exchange,0,Virpay Inc,False,2025-12-14,False,
Fintech,90021266,Vision Fortune Finance Institute Ltd,Philadelphia,PA,19103,2001 Market St,5,74,ft_national; ft_prepaid; ft_fullstack; ft_fx_crypto; ft_recent_filing,51,Issuer of traveler's checks; Seller of traveler's checks; Issuer of money orders; Seller of money orders; Check casher; Money transmitter; Seller of prepaid access; Dealer in foreign exchange,0,,False,2025-11-20,False,
Fintech,90021267,Visionvast Global Exchange Inc,Jersey City,NJ,'07302,30 Hudson Street,5,74,ft_national; ft_prepaid; ft_fullstack; ft_fx_crypto; ft_recent_filing,51,Issuer of traveler's checks; Seller of traveler's checks; Issuer of money orders; Seller of money orders; Check casher; Money transmitter; Seller of prepaid access; Dealer in foreign exchange,0,,False,2025-10-30,False,
Fintech,90021285,"Vixo Labs, Inc.",Lewes,DE,19958,16192 Coastal Highway,5,74,ft_national; ft_prepaid; ft_fullstack; ft_fx_crypto; ft_recent_filing,51,Issuer of traveler's checks; Seller of traveler's checks; Issuer of money orders; Seller of money orders; Check casher; Money transmitter; Seller of prepaid access; Dealer in foreign exchange,0,,False,2025-11-26,False,
Fintech,90021292,Vleo Tech Inc,Miami,FL,33179,390 Ne 191St St Ste 8315,5,74,ft_national; ft_prepaid; ft_fullstack; ft_fx_crypto; ft_recent_filing,51,Issuer of traveler's checks; Seller of traveler's checks; Issuer of money orders; Seller of money orders; Check casher; Money transmitter; Seller of prepaid access; Dealer in foreign exchange,0,,False,2026-02-04,False,
Fintech,90021293,Vleo Tech Inc,Denver,CO,80202,1521 Blake St Ste 47010,5,74,ft_national; ft_prepaid; ft_fullstack; ft_fx_crypto; ft_recent_filing,51,Issuer of traveler's checks; Seller of traveler's checks; Issuer of money orders; Seller of money orders; Check casher; Money transmitter; Seller of prepaid access; Dealer in foreign exchange,0,,False,2026-02-23,False,
Fintech,90021323,Vortex Limited,San Jose,CA,95113,150 S Almaden Blvd,5,74,ft_national; ft_prepaid; ft_fullstack; ft_fx_crypto; ft_recent_filing,51,Seller of traveler's checks; Issuer of money orders; Seller of money orders; Check casher; Money transmitter; Seller of prepaid access; Dealer in foreign exchange,0,,False,2026-03-31,False,
Fintech,90021336,Vpaylink Inc,Denver,CO,80202,1312 17Th Street Suite 890,5,74,ft_national; ft_prepaid; ft_fullstack; ft_fx_crypto; ft_recent_filing,51,Issuer of traveler's checks; Seller of traveler's checks; Issuer of money orders; Seller of money orders; Check casher; Money transmitter; Seller of prepaid access; Dealer in foreign exchange,0,Vpaylink Inc,False,2025-11-27,False,
Fintech,90021347,V Soft Ltd,Tacoma,WA,98444,2201 104Th St S,5,74,ft_national; ft_prepaid; ft_fullstack; ft_fx_crypto; ft_recent_filing,51,Issuer of traveler's checks; Seller of traveler's checks; Issuer of money orders; Seller of money orders; Check casher; Money transmitter; Seller of prepaid access; Dealer in foreign exchange,0,,False,2025-10-16,False,
Fintech,90021366,Vxor,Denver,CO,80202,1001 17Th St,5,74,ft_national; ft_prepaid; ft_fullstack; ft_fx_crypto; ft_recent_filing,51,Seller of traveler's checks; Issuer of money orders; Seller of money orders; Check casher; Money transmitter; Seller of prepaid access; Dealer in foreign exchange,0,,False,2026-07-31,False,
Fintech,90021391,Wanshang Elite Converge Inc.,New York,NY,10016,244 Madison Avenue Suite 1307,5,74,ft_national; ft_prepaid; ft_fullstack; ft_fx_crypto; ft_recent_filing,51,Issuer of traveler's checks; Seller of traveler's checks; Issuer of money orders; Seller of money orders; Check casher; Money transmitter; Seller of prepaid access; Dealer in foreign exchange,0,Wanshang Elite Converge Inc.,False,2025-12-08,False,
Fintech,90021395,Warburg Pincus Llc,Denver,CO,80202,1312 17Th Street Suite 347,5,74,ft_national; ft_prepaid; ft_fullstack; ft_fx_crypto; ft_recent_filing,51,Issuer of traveler's checks; Seller of traveler's checks; Issuer of money orders; Seller of money orders; Check casher; Money transmitter; Seller of prepaid access; Dealer in foreign exchange,0,Warburg Pincus Llc,False,2025-10-06,False,
Fintech,90021398,Warlock Inc,Denver,CO,80203,1500 N Grant St Ste R,5,74,ft_national; ft_prepaid; ft_fullstack; ft_fx_crypto; ft_recent_filing,51,Issuer of traveler's checks; Seller of traveler's checks; Issuer of money orders; Seller of money orders; Check casher; Money transmitter; Seller of prepaid access; Dealer in foreign exchange,0,,False,2025-12-23,False,
Fintech,90021399,Warlock Ltd,Louisville,KY,40202,401 S 4Th St,5,74,ft_national; ft_prepaid; ft_fullstack; ft_fx_crypto; ft_recent_filing,51,Issuer of traveler's checks; Seller of traveler's checks; Issuer of money orders; Seller of money orders; Check casher; Money transmitter; Seller of prepaid access; Dealer in foreign exchange,0,Warlock Ltd,False,2026-04-20,False,
Fintech,90021412,Waszon,"Denver,",CO,80203,"1500 N Grant St, Ste R,",5,74,ft_national; ft_prepaid; ft_fullstack; ft_fx_crypto; ft_recent_filing,51,Issuer of traveler's checks; Seller of traveler's checks; Issuer of money orders; Seller of money orders; Check casher; Money transmitter; Seller of prepaid access; Dealer in foreign exchange,0,,False,2026-05-23,False,
Fintech,90021448,Wealthorama Inc,Denver,CO,80264,1660 Lincoln Street,5,74,ft_national; ft_prepaid; ft_fullstack; ft_fx_crypto; ft_recent_filing,51,Issuer of traveler's checks; Seller of traveler's checks; Issuer of money orders; Seller of money orders; Check casher; Money transmitter; Seller of prepaid access; Dealer in foreign exchange,0,Wealthorama Inc,False,2026-05-20,False,
Fintech,90021459,Web3Chat Inc.,Denver,CO,80202,1312 17Th Street Suite 1298,5,74,ft_national; ft_prepaid; ft_fullstack; ft_fx_crypto; ft_recent_filing,51,Issuer of traveler's checks; Seller of traveler's checks; Issuer of money orders; Seller of money orders; Check casher; Money transmitter; Seller of prepaid access; Dealer in foreign exchange,0,Web3Chat Inc.,False,2025-11-08,False,
Fintech,90021464,Webbridge Global Foundation,Denver,CO,80202,1521 Blake St Ste 47009,5,74,ft_national; ft_prepaid; ft_fullstack; ft_fx_crypto; ft_recent_filing,51,Issuer of traveler's checks; Seller of traveler's checks; Issuer of money orders; Seller of money orders; Check casher; Money transmitter; Seller of prepaid access; Dealer in foreign exchange,0,Webbridge Global Foundation,False,2025-12-04,False,
Fintech,90021470,Webull Ex Inc,Denver,CO,80222,1660 S Albion St,5,74,ft_national; ft_prepaid; ft_fullstack; ft_fx_crypto; ft_recent_filing,51,Issuer of traveler's checks; Seller of traveler's checks; Issuer of money orders; Seller of money orders; Check casher; Money transmitter; Seller of prepaid access; Dealer in foreign exchange,0,Webull Ex Inc,False,2026-06-15,False,
Fintech,90021474,We Enable Financial Inclusion Llc,Sheridan,WY,82801,1309 Coffeen Avenue Ste 1200,5,74,ft_national; ft_prepaid; ft_fullstack; ft_fx_crypto; ft_recent_filing,51,Money transmitter; Seller of prepaid access; Dealer in foreign exchange,1,Wefi,False,2026-03-24,False,
Fintech,90021489,Wendaqi Inc.,Kalispell,MT,59901,"1001 S Main St, Ste 500",5,74,ft_national; ft_prepaid; ft_fullstack; ft_fx_crypto; ft_recent_filing,51,Issuer of traveler's checks; Seller of traveler's checks; Issuer of money orders; Seller of money orders; Money transmitter; Seller of prepaid access; Dealer in foreign exchange,0,,False,2026-03-02,False,
Fintech,90021512,Westgate Supply Llc,El Monte,CA,91733,2326 Potrero Ave,5,74,ft_national; ft_prepaid; ft_fullstack; ft_fx_crypto; ft_recent_filing,51,Issuer of traveler's checks; Seller of traveler's checks; Issuer of money orders; Seller of money orders; Check casher; Money transmitter; Seller of prepaid access; Dealer in foreign exchange,0,,False,2026-08-31,False,
Fintech,90021528,Wewin Technology Llc,Orlando,FL,32811,"5281 Dove Tree St Orlando,Fl 32811",5,74,ft_national; ft_prepaid; ft_fullstack; ft_fx_crypto; ft_recent_filing,51,Issuer of traveler's checks; Seller of traveler's checks; Issuer of money orders; Seller of money orders; Check casher; Money transmitter; Seller of prepaid access; Dealer in foreign exchange,0,,False,2026-06-30,False,
Fintech,90021530,Wfxy Markets Ltd.,New York,NY,10005,100 Wall St,5,74,ft_national; ft_prepaid; ft_fullstack; ft_fx_crypto; ft_recent_filing,51,Issuer of traveler's checks; Seller of traveler's checks; Issuer of money orders; Seller of money orders; Check casher; Money transmitter; Seller of prepaid access; Dealer in foreign exchange,0,,False,2025-10-20,False,
Fintech,90021564,Whnas Inc.,New York,NY,10004,"85 Broad St, New York, Ny 10004",5,74,ft_national; ft_prepaid; ft_fullstack; ft_fx_crypto; ft_recent_filing,51,Issuer of traveler's checks; Seller of traveler's checks; Issuer of money orders; Seller of money orders; Check casher; Money transmitter; Seller of prepaid access; Dealer in foreign exchange,0,,False,2026-07-21,False,
Fintech,90021567,Widefield Technology Services Inc.,Northglenn,CO,80233,2236 E 109Th Dr,5,74,ft_national; ft_prepaid; ft_fullstack; ft_fx_crypto; ft_recent_filing,51,Issuer of traveler's checks; Seller of traveler's checks; Issuer of money orders; Seller of money orders; Check casher; Money transmitter; Seller of prepaid access; Dealer in foreign exchange,0,,False,2026-01-29,False,
Fintech,90021568,Wikigate Inc,Denver,CO,80216,400 W 48Th Ave,5,74,ft_national; ft_prepaid; ft_fullstack; ft_fx_crypto; ft_recent_filing,51,Issuer of traveler's checks; Seller of traveler's checks; Issuer of money orders; Seller of money orders; Check casher; Money transmitter; Seller of prepaid access; Dealer in foreign exchange,0,Wikigate Inc,False,2026-01-16,False,
Fintech,90021569,Wikigold Inc,Denver,CO,80216,400 W 48Th Ave,5,74,ft_national; ft_prepaid; ft_fullstack; ft_fx_crypto; ft_recent_filing,51,Issuer of traveler's checks; Seller of traveler's checks; Issuer of money orders; Seller of money orders; Check casher; Money transmitter; Seller of prepaid access; Dealer in foreign exchange,0,Wikigold Inc,False,2026-04-12,False,
Fintech,90021570,Wildberries Holdings Inc,New York,NY,10016,244 Madison Avenue Suite 1666,5,74,ft_national; ft_prepaid; ft_fullstack; ft_fx_crypto; ft_recent_filing,51,Issuer of traveler's checks; Seller of traveler's checks; Issuer of money orders; Seller of money orders; Check casher; Money transmitter; Seller of prepaid access; Dealer in foreign exchange,0,Wildberries Holdings Inc,False,2025-11-08,False,
Fintech,90021597,Windpayer Technology Inc.,Sacramento,CA,95811,1401 21St St Ste R,5,74,ft_national; ft_prepaid; ft_fullstack; ft_fx_crypto; ft_recent_filing,51,Issuer of traveler's checks; Seller of traveler's checks; Issuer of money orders; Seller of money orders; Check casher; Money transmitter; Seller of prepaid access; Dealer in foreign exchange,0,,False,2026-02-13,False,
Fintech,90021605,Winli International Capital Llc,Dover,DE,19901,"8 The Green, Ste A",5,74,ft_national; ft_prepaid; ft_fullstack; ft_fx_crypto; ft_recent_filing,51,Seller of traveler's checks; Issuer of money orders; Seller of money orders; Check casher; Money transmitter; Seller of prepaid access; Dealer in foreign exchange,0,,False,2026-06-05,False,
Fintech,90021615,Win Win Global Pay Inc,Cheyenne,WY,82001,1908 Thomes Ave Ste 12018,5,74,ft_national; ft_prepaid; ft_fullstack; ft_fx_crypto; ft_recent_filing,51,Issuer of traveler's checks; Seller of traveler's checks; Issuer of money orders; Seller of money orders; Check casher; Money transmitter; Seller of prepaid access; Dealer in foreign exchange,0,,False,2026-01-18,False,
Fintech,90021616,Wipdr Foundation,Denver,CO,80203,1775 Sherman St,5,74,ft_national; ft_prepaid; ft_fullstack; ft_fx_crypto; ft_recent_filing,51,Issuer of traveler's checks; Seller of traveler's checks; Issuer of money orders; Seller of money orders; Check casher; Money transmitter; Seller of prepaid access; Dealer in foreign exchange,0,Wipdr,False,2025-12-31,False,
Fintech,90021631,"Wisdom, Strategy & Trust Inc",Denver,CO,80202,1331 17Th St,5,74,ft_national; ft_prepaid; ft_fullstack; ft_fx_crypto; ft_recent_filing,51,Issuer of traveler's checks; Seller of traveler's checks; Issuer of money orders; Seller of money orders; Check casher; Money transmitter; Seller of prepaid access; Dealer in foreign exchange,0,"Wisdom, Strategy & Trust Inc",False,2026-08-18,False,
Fintech,90021646,Wjying Inc,Denver,CO,80202,1312 17Th Street Ste 2110,5,74,ft_national; ft_prepaid; ft_fullstack; ft_fx_crypto; ft_recent_filing,51,Issuer of traveler's checks; Seller of traveler's checks; Issuer of money orders; Seller of money orders; Check casher; Money transmitter; Seller of prepaid access; Dealer in foreign exchange,0,,False,2025-11-05,False,
Fintech,90021656,Wokfoy Trade Inc.,Denver,CO,80202,1312 17Th Street Suite 1402,5,74,ft_national; ft_prepaid; ft_fullstack; ft_fx_crypto; ft_recent_filing,51,Issuer of traveler's checks; Seller of traveler's checks; Issuer of money orders; Seller of money orders; Check casher; Money transmitter; Seller of prepaid access; Dealer in foreign exchange,0,Wokfoy Trade Inc.,False,2026-02-22,False,
Fintech,90021657,Wokok Ltd,New York,NY,10038,"59 Maiden Ln, New York, Ny 10038, United States.",5,74,ft_national; ft_prepaid; ft_fullstack; ft_fx_crypto; ft_recent_filing,51,Issuer of traveler's checks; Seller of traveler's checks; Issuer of money orders; Seller of money orders; Check casher; Money transmitter; Seller of prepaid access; Dealer in foreign exchange,0,,False,2026-05-29,False,
Fintech,90021683,Worldof Inc.,New York,NY,10005,"30 Wall Street, 8Th Floor",5,74,ft_national; ft_prepaid; ft_fullstack; ft_fx_crypto; ft_recent_filing,51,Issuer of traveler's checks; Seller of traveler's checks; Issuer of money orders; Seller of money orders; Check casher; Money transmitter; Seller of prepaid access; Dealer in foreign exchange,0,Worldof Inc.,False,2026-09-23,False,
Fintech,90021689,World Reserve Blockchain Bank,East Hartford,CT,'06108,330 Roberts Street,5,74,ft_national; ft_prepaid; ft_fullstack; ft_fx_crypto; ft_recent_filing,51,Issuer of traveler's checks; Seller of traveler's checks; Issuer of money orders; Seller of money orders; Check casher; Money transmitter; Seller of prepaid access; Dealer in foreign exchange,27148,Wrbb,False,2026-02-19,False,
Fintech,90021693,World Trading Ai Digital Asset Foundation,Colorado Springs,CO,80918,6547 N Academy Blvd,5,74,ft_national; ft_prepaid; ft_fullstack; ft_fx_crypto; ft_recent_filing,51,Issuer of traveler's checks; Seller of traveler's checks; Issuer of money orders; Seller of money orders; Check casher; Money transmitter; Seller of prepaid access; Dealer in foreign exchange,0,World Trading Ai Digital Asset Foundation,False,2025-10-30,False,
Fintech,90021699,Wot Capital Inc,Seattle,WA,98121,2200 6Th Ave,5,74,ft_national; ft_prepaid; ft_fullstack; ft_fx_crypto; ft_recent_filing,51,Issuer of traveler's checks; Seller of traveler's checks; Issuer of money orders; Seller of money orders; Check casher; Money transmitter; Seller of prepaid access; Dealer in foreign exchange,0,,False,2026-03-25,False,
Fintech,90021730,Wynncoin Global Inc.,Diamond Bar,CA,91765,324 S Diamond Bar Blvd Unit Num717,5,74,ft_national; ft_prepaid; ft_fullstack; ft_fx_crypto; ft_recent_filing,51,Issuer of traveler's checks; Seller of traveler's checks; Issuer of money orders; Seller of money orders; Check casher; Money transmitter; Seller of prepaid access; Dealer in foreign exchange,0,,False,2025-11-09,False,
Fintech,90021758,Xdxex Ltd.,New York,NY,10001,"1216 Broadway, Floor 2, Suite 1002, New York, Ny 10001",5,74,ft_national; ft_prepaid; ft_fullstack; ft_fx_crypto; ft_recent_filing,51,Issuer of traveler's checks; Seller of traveler's checks; Issuer of money orders; Seller of money orders; Check casher; Money transmitter; Seller of prepaid access; Dealer in foreign exchange,0,,False,2026-07-07,False,
Fintech,90021770,Xenova Inc,Denver,CO,80203,1500 N Grant St Ste R,5,74,ft_national; ft_prepaid; ft_fullstack; ft_fx_crypto; ft_recent_filing,51,Issuer of traveler's checks; Seller of traveler's checks; Issuer of money orders; Seller of money orders; Check casher; Money transmitter; Seller of prepaid access; Dealer in foreign exchange,0,,False,2026-01-22,False,
Fintech,90021776,X-Explore Inc,Denver,CO,80202,"410 17Th St, Denver, Co 80202 Usa",5,74,ft_national; ft_prepaid; ft_fullstack; ft_fx_crypto; ft_recent_filing,51,Issuer of traveler's checks; Seller of traveler's checks; Issuer of money orders; Seller of money orders; Check casher; Money transmitter; Seller of prepaid access; Dealer in foreign exchange,0,,False,2026-05-13,False,
Fintech,90021783,Xfy Labs Inc,"Casper, Wy",WY,82601,312 W 2Nd St #5425,5,74,ft_national; ft_prepaid; ft_fullstack; ft_fx_crypto; ft_recent_filing,51,Issuer of traveler's checks; Seller of traveler's checks; Issuer of money orders; Seller of money orders; Check casher; Money transmitter; Seller of prepaid access; Dealer in foreign exchange,0,,False,2025-12-11,False,
Fintech,90021792,Ximigo Technologies Inc,Denver,CO,80237,6501 East Belleview Avenue,5,74,ft_national; ft_prepaid; ft_fullstack; ft_fx_crypto; ft_recent_filing,51,Issuer of traveler's checks; Seller of traveler's checks; Issuer of money orders; Seller of money orders; Check casher; Money transmitter; Seller of prepaid access; Dealer in foreign exchange,0,,False,2026-07-06,False,
Fintech,90021796,Xingbi International Inc,Anaheim,CA,92804,421 S Brookhurst St #1312,5,74,ft_national; ft_prepaid; ft_fullstack; ft_fx_crypto; ft_recent_filing,51,Issuer of traveler's checks; Seller of traveler's checks; Issuer of money orders; Seller of money orders; Check casher; Money transmitter; Seller of prepaid access; Dealer in foreign exchange,0,,False,2025-12-03,False,
Fintech,90021799,Xing Wang Inc.,Kernersville,NC,27284,5130 Toucan Lane,5,74,ft_national; ft_prepaid; ft_fullstack; ft_fx_crypto; ft_recent_filing,51,Issuer of traveler's checks; Seller of traveler's checks; Issuer of money orders; Seller of money orders; Check casher; Money transmitter; Seller of prepaid access; Dealer in foreign exchange,0,,False,2025-10-20,False,
Fintech,90021800,Xingyun Network Ltd,High Point,NC,27265,"716 Gallimore Dairy Rd, High Point, Nc 27265",5,74,ft_national; ft_prepaid; ft_fullstack; ft_fx_crypto; ft_recent_filing,51,Issuer of traveler's checks; Seller of traveler's checks; Issuer of money orders; Seller of money orders; Check casher; Money transmitter; Seller of prepaid access; Dealer in foreign exchange,0,,False,2026-09-05,False,
Fintech,90021815,Xmo Foundation,Denver,CO,80290,1700 Broadway,5,74,ft_national; ft_prepaid; ft_fullstack; ft_fx_crypto; ft_recent_filing,51,Issuer of traveler's checks; Seller of traveler's checks; Issuer of money orders; Seller of money orders; Check casher; Money transmitter; Seller of prepaid access; Dealer in foreign exchange,0,Xmo Foundation,False,2026-04-03,False,
Fintech,90021847,Xrorbit Foundation,Lakewood,CO,80226,1090 S Wadsworth Blvd,5,74,ft_national; ft_prepaid; ft_fullstack; ft_fx_crypto; ft_recent_filing,51,Issuer of traveler's checks; Seller of traveler's checks; Issuer of money orders; Seller of money orders; Check casher; Money transmitter; Seller of prepaid access; Dealer in foreign exchange,0,Xrorbit Foundation,False,2026-04-03,False,
Fintech,90021849,Xrpzx Inc.,Denver,CO,80202,1899 Wynkoop St,5,74,ft_national; ft_prepaid; ft_fullstack; ft_fx_crypto; ft_recent_filing,51,Issuer of traveler's checks; Seller of traveler's checks; Issuer of money orders; Seller of money orders; Check casher; Money transmitter; Seller of prepaid access; Dealer in foreign exchange,0,Xrpzx,False,2026-04-26,False,
Fintech,90021854,Xstationb Internet Technology Inc,Houston,TX,77002,333 Clay St,5,74,ft_national; ft_prepaid; ft_fullstack; ft_fx_crypto; ft_recent_filing,51,Seller of traveler's checks; Issuer of money orders; Seller of money orders; Check casher; Money transmitter; Seller of prepaid access; Dealer in foreign exchange,0,,False,2025-10-15,False,
Fintech,90021860,Xtrade Ltd,San Francisco,CA,94111,101 California St,5,74,ft_national; ft_prepaid; ft_fullstack; ft_fx_crypto; ft_recent_filing,51,Seller of traveler's checks; Issuer of money orders; Seller of money orders; Check casher; Money transmitter; Seller of prepaid access; Dealer in foreign exchange,0,,False,2026-02-27,False,
Fintech,90021869,Xulight Digital Assets Ltd,Houston,TX,77002,910 Louisiana St,5,74,ft_national; ft_prepaid; ft_fullstack; ft_fx_crypto; ft_recent_filing,51,Seller of traveler's checks; Issuer of money orders; Seller of money orders; Check casher; Money transmitter; Seller of prepaid access; Dealer in foreign exchange,0,,False,2025-10-11,False,
Fintech,90021872,Xvectra Ltd,New York,NY,10036,1166 6Th Ave,5,74,ft_national; ft_prepaid; ft_fullstack; ft_fx_crypto; ft_recent_filing,51,Seller of traveler's checks; Issuer of money orders; Seller of money orders; Check casher; Money transmitter; Seller of prepaid access; Dealer in foreign exchange,0,,False,2026-03-09,False,
Fintech,90021878,Xytopay Llc,Kalispell,MT,59901,1001 S Main St Ste 5392,5,74,ft_national; ft_prepaid; ft_fullstack; ft_fx_crypto; ft_recent_filing,51,Issuer of traveler's checks; Seller of traveler's checks; Issuer of money orders; Seller of money orders; Check casher; Money transmitter; Seller of prepaid access; Dealer in foreign exchange,0,,False,2025-11-24,False,
Fintech,90021882,Y8 Exchange Llc,Colorado,CO,80903,"102 South Tejon Street Colorado Springs, Co 80903",5,74,ft_national; ft_prepaid; ft_fullstack; ft_fx_crypto; ft_recent_filing,51,Issuer of traveler's checks; Seller of traveler's checks; Issuer of money orders; Seller of money orders; Check casher; Money transmitter; Seller of prepaid access; Dealer in foreign exchange,0,,False,2026-03-20,False,
Fintech,90021904,Yangtze Consulting Inc,Denver,CO,80237,7900 E Union Ave Ste 1106,5,74,ft_national; ft_prepaid; ft_fullstack; ft_fx_crypto; ft_recent_filing,51,Issuer of traveler's checks; Seller of traveler's checks; Issuer of money orders; Seller of money orders; Check casher; Money transmitter; Seller of prepaid access; Dealer in foreign exchange,0,,False,2025-10-28,False,
Fintech,90021939,Yelvarx,Sheridan,WY,82801,30 N Gould St Ste R,5,74,ft_national; ft_prepaid; ft_fullstack; ft_fx_crypto; ft_recent_filing,51,Issuer of traveler's checks; Seller of traveler's checks; Issuer of money orders; Seller of money orders; Check casher; Money transmitter; Seller of prepaid access; Dealer in foreign exchange,0,,False,2026-08-04,False,
Fintech,90021990,Yomi Silicon Valley Laboratory Inc.,Los Angeles,CA,90039,3154 Glendale Blvd Suite 1035,5,74,ft_national; ft_prepaid; ft_fullstack; ft_fx_crypto; ft_recent_filing,51,Issuer of traveler's checks; Seller of traveler's checks; Issuer of money orders; Seller of money orders; Check casher; Money transmitter; Seller of prepaid access; Dealer in foreign exchange,0,Yomi Silicon Valley Laboratory Inc.,False,2026-05-28,False,
Fintech,90021998,Youngq Llc,Colorado Springs,CO,80918,6547 N Academy Blvd #2558,5,74,ft_national; ft_prepaid; ft_fullstack; ft_fx_crypto; ft_recent_filing,51,Issuer of traveler's checks; Seller of traveler's checks; Issuer of money orders; Seller of money orders; Check casher; Money transmitter; Seller of prepaid access; Dealer in foreign exchange,0,,False,2026-04-16,False,
Fintech,90022016,Yuedingxin Inc,New York,NY,10016,244 Madison Avenue Suite 1666,5,74,ft_national; ft_prepaid; ft_fullstack; ft_fx_crypto; ft_recent_filing,51,Issuer of traveler's checks; Seller of traveler's checks; Issuer of money orders; Seller of money orders; Check casher; Money transmitter; Seller of prepaid access; Dealer in foreign exchange,0,Yuedingxin Inc,False,2026-04-20,False,
Fintech,90022035,Yxmax Ltd,San Francisco,CA,94104,555 California St Unit 5198,5,74,ft_national; ft_prepaid; ft_fullstack; ft_fx_crypto; ft_recent_filing,51,Seller of traveler's checks; Issuer of money orders; Seller of money orders; Check casher; Money transmitter; Seller of prepaid access; Dealer in foreign exchange,0,,False,2025-12-12,False,
