CERT,ASSET_slope,EQV_slope,RBC1AAJ_slope,NCLNLSR_slope,NPERFV_slope,EEFFR_slope,ROA_slope,LNLSDEPR_slope,EQV_d2y,ROA_d2y,asset_yoy,asset_accel,runway_q,cur_asset,n_quarters,cre_g36,capital_building,credit_turning,growth_accelerating,runway_to_10b,margin_eroding,cre_growth_36m
35,-16124.484,0.08,0.314,-0.025,-0.012,0.567,-0.015,4.121,1.402,0.294,0.03,0.013,306.026,1026359.0,20,0.275,False,False,False,False,False,False
39,16507.338,0.382,0.306,-0.026,-0.016,-1.601,0.128,1.051,1.781,0.281,0.002,-0.011,4889.095,475203.0,20,0.038,False,False,False,False,False,False
41,15408.03,-1.643,-0.45,0.015,-0.058,1.399,-0.196,-1.22,2.157,0.071,0.07,-0.065,198.482,343760.0,20,0.054,False,False,False,False,False,False
46,,,,,,,,,,,,,,382952.0,3,,False,False,False,False,False,False
49,571.958,0.141,0.415,-0.201,-0.497,0.165,-0.027,2.622,2.908,0.209,0.004,-0.012,5581.223,76245.0,20,1.608,False,False,False,False,False,True
50,10448.349,-0.271,-0.033,-0.021,-0.047,-2.213,0.158,1.421,0.881,0.193,0.062,-0.006,251.642,225114.0,20,0.777,False,False,False,False,False,True
51,43713.874,0.773,0.853,-0.026,0.026,-2.991,0.128,5.387,-0.628,0.523,0.129,0.001,103.68,427698.0,20,0.339,False,False,False,False,False,False
52,-3380.03,-2.126,-0.432,-0.037,-0.009,11.021,-0.43,4.375,1.626,0.628,0.082,0.226,179.875,293444.0,20,0.763,False,False,False,False,True,True
54,4351.329,0.366,0.636,0.019,-0.029,-2.932,0.114,1.473,1.968,0.227,0.05,0.029,266.0,395319.0,20,0.283,False,False,False,False,False,False
58,101421.344,1.662,1.619,0.107,0.116,1.314,-0.072,3.416,3.487,-0.773,0.042,-0.13,188.886,1452054.0,20,0.509,True,False,False,False,False,True
70,699.248,-0.119,0.2,0.213,0.182,0.448,-0.023,1.841,1.695,0.578,0.006,-0.005,3220.568,97694.0,20,-0.109,False,True,False,False,False,False
72,67635.344,0.012,0.046,0.05,0.038,-0.506,0.029,2.308,0.563,0.323,0.133,0.006,81.54,778338.0,20,0.494,False,False,False,False,False,False
77,239.08,0.348,0.371,0.006,0.005,-0.994,0.08,5.388,-0.027,0.168,0.03,0.005,509.556,217918.0,20,4.209,False,False,False,False,False,True
81,-874.824,0.179,0.114,0.281,0.212,0.706,-0.023,8.084,3.877,-0.503,-0.076,-0.112,,144342.0,20,0.503,False,True,False,False,False,True
88,84000.478,-0.117,-0.059,0.325,0.237,0.56,-0.048,-2.315,1.26,0.014,0.085,0.002,110.009,1072055.0,20,0.923,False,True,False,False,False,True
89,163855.771,-0.332,-0.385,0.001,-0.001,-2.792,0.033,0.298,0.521,0.704,0.181,0.009,43.676,1628308.0,20,0.441,False,False,False,False,False,False
90,33642.484,-0.285,0.473,0.799,0.518,3.818,-0.279,3.266,2.366,0.247,0.009,-0.459,1397.783,372851.0,20,0.271,False,True,False,False,True,False
93,1827.85,1.46,0.487,-0.038,-0.27,3.967,-0.366,-0.698,7.51,-0.602,0.023,-0.11,884.774,70182.0,20,0.154,True,False,False,False,True,False
94,-3091.161,-2.593,0.335,-0.018,-0.002,9.52,-0.377,3.771,,,,,,113968.0,12,,False,False,False,False,True,False
99,7771.221,0.205,0.264,0.108,0.084,-1.832,0.204,4.518,-0.854,-0.173,0.101,0.028,162.38,202871.0,20,0.169,False,False,False,False,False,False
105,8904.529,-0.362,-0.091,0.141,0.095,1.889,0.013,2.234,1.127,-1.861,-0.03,-0.089,,189551.0,20,0.061,False,False,False,False,False,False
107,2093.417,-0.85,-0.286,-0.105,-0.037,-3.711,0.106,1.41,1.488,0.032,0.078,0.057,278.926,52429.0,20,2.933,False,False,False,False,False,True
109,17069.952,-0.414,-0.331,-0.053,-0.01,3.536,-0.221,1.511,0.577,0.314,0.013,-0.01,1082.456,311768.0,20,0.028,False,False,False,False,True,False
131,,,,,,,,,,,,,,9681906.0,3,,False,False,False,False,False,False
147,7304.217,0.496,0.82,0.024,0.013,-2.159,0.146,2.827,2.183,0.741,0.348,0.333,40.428,490660.0,20,0.271,True,False,True,False,False,False
148,14491.317,0.244,0.428,-0.061,-0.109,-1.652,0.123,3.689,1.74,0.849,0.04,-0.012,319.812,449125.0,20,0.177,False,False,False,False,False,False
149,1332.511,-0.116,0.767,-0.634,-0.339,-6.56,0.882,-1.246,2.618,0.218,0.041,-0.059,421.822,137460.0,20,1.302,False,False,False,False,False,True
155,2390.06,0.003,0.353,0.031,0.001,1.987,0.011,0.026,1.381,0.156,0.051,0.003,293.965,250723.0,20,0.111,False,False,False,False,False,False
160,15054.983,0.062,0.198,-0.002,-0.006,-1.104,-0.195,5.744,-0.749,-4.316,0.02,-0.019,630.348,414288.0,20,0.365,False,False,False,False,False,False
169,-5039.651,0.716,1.207,-0.024,-0.001,-7.439,0.299,5.617,2.723,0.15,0.018,0.016,748.32,377461.0,20,0.705,True,False,False,False,False,True
170,23277.29,0.037,0.066,-0.102,-0.071,-1.288,0.004,0.911,0.639,0.366,0.165,-0.005,97.326,242523.0,20,0.554,False,False,False,False,False,True
172,-19160.671,1.037,1.176,-0.14,-0.035,-3.582,0.302,3.426,0.552,-0.288,0.03,0.028,202.143,2216638.0,20,-0.004,False,False,False,False,False,False
175,14942.623,0.331,0.606,-0.234,-0.143,-1.088,0.216,3.059,2.694,0.212,0.065,0.098,194.409,458895.0,20,-0.073,False,False,False,False,False,False
178,-2191.609,-1.269,-0.569,-0.116,-0.03,4.145,-0.328,2.535,-0.923,0.129,-0.017,0.076,,51409.0,20,0.297,False,False,False,False,True,False
183,3296.244,-0.794,0.103,-0.016,0.003,2.898,-0.198,2.28,0.403,0.175,0.047,-0.043,368.058,148123.0,20,1.95,False,False,False,False,True,True
197,15490.487,-0.177,0.239,-0.034,-0.016,-3.355,0.244,7.787,1.329,0.478,0.05,-0.015,255.058,458664.0,20,1.607,False,False,False,False,False,True
210,17996.295,-0.757,-0.566,0.098,0.076,0.103,-0.029,6.471,1.056,0.136,0.043,0.067,333.167,303415.0,20,0.42,False,False,False,False,False,False
214,27797.627,-0.484,0.522,0.072,0.073,-0.798,0.007,2.457,-1.483,-0.083,0.05,0.049,232.179,596406.0,20,0.588,False,False,False,False,False,True
223,,,,,,,,,,,,,,42797.0,4,,False,False,False,False,False,False
225,,,,,,,,,,,,,,42745.0,5,,False,False,False,False,False,False
226,18866.602,-0.203,0.2,0.073,0.042,3.117,-0.168,3.647,0.834,0.676,0.017,-0.033,837.506,285084.0,20,0.689,False,False,False,False,True,True
228,89746.773,-0.114,-0.158,-0.072,-0.048,-0.563,-0.1,2.604,0.703,0.239,0.003,-0.039,2846.85,1458577.0,20,0.061,False,False,False,False,False,False
230,2904.099,-0.155,0.578,0.08,0.123,2.617,-0.084,1.192,0.5,-0.136,0.055,0.086,252.597,341487.0,20,-0.096,False,False,False,False,False,False
231,22162.274,0.256,0.125,-0.018,0.0,-1.402,0.05,5.613,2.025,1.109,0.038,-0.058,363.13,333471.0,20,1.975,False,False,False,False,False,True
232,-631.125,0.64,1.016,0.32,0.586,-1.06,0.102,9.003,3.917,0.904,-0.012,-0.019,,126731.0,20,0.714,True,True,False,False,False,True
234,3577.134,0.297,0.495,0.055,0.017,-0.045,-0.003,1.379,0.434,0.5,0.04,-0.009,449.259,127362.0,20,-0.644,False,False,False,False,False,False
235,49019.792,-0.088,-0.053,-0.085,-0.07,-2.022,-0.021,7.014,1.14,1.02,0.061,-0.091,203.03,485282.0,20,0.065,False,False,False,False,False,False
245,23365.395,0.185,0.189,0.273,0.242,1.914,-0.118,1.399,0.724,0.671,0.048,0.027,255.423,489908.0,20,0.267,False,True,False,False,False,False
248,22585.838,-0.432,-0.303,0.065,0.045,-1.66,-0.006,5.263,-2.23,-0.09,0.331,0.257,47.766,327517.0,20,0.251,False,False,True,False,False,False
251,-3611.35,0.295,0.079,-0.001,-0.0,2.226,-0.15,1.479,2.958,1.519,-0.002,0.121,,67625.0,20,0.503,False,False,False,False,False,True
252,10261.203,-0.706,-0.3,-0.004,0.016,3.707,-0.152,0.771,-0.962,0.11,0.031,0.035,454.859,313267.0,20,0.101,False,False,False,False,True,False
253,52403.805,-0.002,0.124,-0.002,-0.002,0.692,-0.145,2.739,0.834,0.126,0.052,0.041,120.228,2198462.0,20,0.158,False,False,False,False,False,False
254,6143.266,0.253,0.401,0.0,0.0,2.325,-0.1,0.68,1.764,0.453,0.026,0.004,540.782,299020.0,20,0.561,False,False,False,False,False,True
256,,,,,,,,,,,,,,93662.0,1,,False,False,False,False,False,False
258,659181.167,0.334,0.312,0.002,-0.012,-2.918,0.139,4.238,0.837,0.262,0.052,-0.057,4.427,9457499.0,20,0.476,False,False,False,True,False,False
262,20000.379,-0.519,-0.54,0.183,0.163,0.023,-0.047,1.013,-0.378,0.685,0.068,-0.095,222.566,253307.0,20,0.272,False,True,False,False,False,False
267,12885.708,-0.111,-0.114,-0.03,-0.011,2.876,-0.107,-0.309,-1.876,0.255,0.041,-0.081,339.498,319587.0,20,0.011,False,False,False,False,True,False
275,42741.756,0.006,-0.012,0.073,0.061,-0.265,-0.026,3.731,1.817,0.279,0.104,-0.068,126.175,434974.0,20,1.509,False,False,False,False,False,True
281,-197.486,-0.377,0.055,-0.082,-0.032,1.105,-0.031,1.888,1.91,0.625,-0.002,0.003,,144342.0,20,0.155,False,False,False,False,False,False
284,10334.923,-0.072,0.016,-0.061,-0.036,0.677,-0.066,2.544,1.262,0.124,0.108,0.068,162.279,154764.0,20,0.26,False,False,True,False,False,False
287,-11085.603,-0.286,0.162,-0.132,-0.09,1.123,-0.005,1.279,1.073,0.639,-0.017,-0.014,,1370973.0,20,0.008,False,False,False,False,False,False
288,755.826,-0.401,0.178,-0.05,-0.009,-0.382,-0.0,6.828,2.11,0.531,0.034,0.047,593.404,68731.0,20,1.288,False,False,False,False,False,True
289,-2279.624,-0.273,0.231,-0.056,0.003,6.971,-0.114,3.801,1.518,0.282,0.013,0.003,1125.075,268052.0,20,-0.012,False,False,False,False,True,False
291,819.516,1.173,1.054,0.032,0.015,-1.852,0.199,2.071,3.316,-0.075,-0.041,-0.108,,170185.0,20,-0.343,True,False,False,False,False,False
292,31228.268,0.114,0.341,-0.051,-0.029,1.998,-0.062,4.195,1.78,0.431,-0.064,-0.046,,1094102.0,20,-0.021,False,False,False,False,False,False
296,7851.065,-0.096,-0.121,0.108,0.095,-0.573,0.024,2.295,1.833,0.171,0.015,-0.008,956.277,289238.0,20,-0.233,False,False,False,False,False,False
297,12896.189,-0.161,0.001,0.033,0.039,-0.731,0.034,2.975,0.119,0.403,0.111,-0.059,142.638,234794.0,20,0.304,False,False,False,False,False,False
303,19558.15,0.039,-0.028,0.006,0.056,-1.121,0.065,3.676,1.025,0.119,0.061,0.004,207.272,459477.0,20,0.14,False,False,False,False,False,False
304,1088.821,-0.492,-0.148,0.018,0.016,0.766,-0.046,3.231,-0.625,0.206,0.033,-0.012,608.714,71459.0,20,-0.496,False,False,False,False,False,False
306,18969.492,0.663,0.97,0.001,-0.035,1.178,-0.03,4.938,1.048,0.708,0.041,0.053,312.853,422161.0,20,0.71,True,False,False,False,False,True
307,14655.302,-0.123,-0.0,0.205,0.064,5.838,-0.495,0.632,2.335,0.757,0.14,0.168,114.883,233304.0,20,0.164,False,True,True,False,True,False
314,-899.389,0.562,0.854,0.114,0.109,-3.841,0.115,5.539,1.856,0.245,-0.019,-0.069,,49577.0,20,0.766,True,False,False,False,False,True
321,1504.223,-0.32,0.233,-0.455,-0.164,9.262,-0.37,0.795,,,,,,151931.0,18,,False,False,False,False,True,False
324,820.277,0.657,0.744,-0.349,-0.233,-0.19,0.101,0.377,0.608,0.307,0.024,-0.031,508.324,486204.0,20,-0.143,False,False,False,False,False,False
327,20275.411,1.37,1.315,0.009,0.036,-1.778,0.046,0.847,0.863,-0.399,-0.019,-0.12,,207215.0,20,-0.148,True,False,False,False,False,False
340,-17303.624,0.944,1.046,-0.092,-0.082,-2.644,0.009,1.406,5.254,-0.38,-0.09,-0.02,,787851.0,20,0.361,True,False,False,False,False,False
342,30639.104,-0.311,-0.031,-0.005,0.006,2.173,-0.122,3.694,2.036,0.762,0.095,0.117,112.509,784823.0,20,0.076,False,False,False,False,False,False
352,-6027.976,0.32,0.35,-0.665,-0.229,1.603,0.026,4.168,1.145,0.293,0.07,0.092,242.616,165140.0,20,0.348,False,False,False,False,False,False
358,-668.129,-0.193,-0.053,0.264,0.085,0.949,0.064,0.647,,,,,,43664.0,15,,False,True,False,False,False,False
363,18683.074,0.315,0.294,-0.165,-0.121,0.309,-0.037,2.967,1.996,0.514,-0.047,-0.014,,536281.0,20,-0.002,False,False,False,False,False,False
384,91743.486,-0.176,-0.1,0.081,0.067,-2.397,0.014,1.482,-0.335,0.268,0.109,0.006,69.123,1663062.0,20,0.676,False,False,False,False,False,True
389,-1869.618,0.301,0.458,0.057,0.032,-1.922,0.04,0.698,1.986,0.449,0.026,0.047,812.786,59214.0,20,-0.243,False,False,False,False,False,False
399,923.591,0.273,0.295,0.434,0.179,-2.558,0.135,-3.646,-0.93,0.632,0.105,0.009,228.034,34324.0,20,,False,True,False,False,False,False
402,-740.189,0.85,1.034,0.092,0.065,-2.955,0.25,5.565,2.106,0.34,0.058,0.026,238.228,339288.0,20,0.371,True,False,False,False,False,False
404,10222.995,-0.351,0.191,0.033,0.036,-0.246,-0.038,3.635,2.043,0.301,0.024,-0.036,648.532,198602.0,20,0.498,False,False,False,False,False,False
406,4661.242,-0.54,-0.305,0.074,0.098,1.633,-0.212,4.913,2.715,0.675,0.016,-0.002,1109.89,114686.0,20,,False,False,False,False,False,False
414,-3101.94,0.993,1.018,0.056,0.029,-0.79,0.066,3.128,2.86,0.6,0.003,-0.008,5402.519,309845.0,20,0.143,True,False,False,False,False,False
418,12995.302,-0.371,-0.338,-0.06,-0.047,-0.03,-0.002,1.673,-1.452,-0.249,0.082,0.003,195.66,211748.0,20,-0.348,False,False,False,False,False,False
420,-1693.269,-0.95,-0.362,-0.281,-0.052,21.826,-1.519,0.557,-4.72,0.389,-0.075,-0.095,,31702.0,20,-0.157,False,False,False,False,True,False
421,8693.107,-0.291,0.022,-0.092,-0.049,1.373,-0.084,0.641,0.649,0.164,0.074,0.044,198.634,287587.0,20,-0.225,False,False,False,False,False,False
428,5082.099,0.686,0.75,0.011,0.003,-3.054,0.258,1.16,3.11,0.512,0.093,0.047,205.347,104916.0,20,0.542,True,False,False,False,False,True
432,-258.066,0.404,0.391,0.481,0.243,-0.821,0.11,4.258,-0.041,-0.64,0.018,-0.036,945.968,140048.0,20,0.804,False,True,False,False,False,True
444,36898.833,0.265,0.298,-0.015,-0.01,-0.397,0.042,2.254,1.172,0.688,0.108,0.006,105.965,662457.0,20,0.416,False,False,False,False,False,False
445,13539.221,-0.048,0.393,0.274,0.196,1.625,-0.055,2.446,1.25,0.242,0.028,-0.011,412.73,601730.0,20,1.867,False,True,False,False,False,True
485,16048.779,-0.038,-0.016,0.03,0.013,4.054,-0.225,0.925,2.124,-0.293,-0.048,-0.031,,321873.0,20,-0.612,False,False,False,False,True,False
492,6274.286,0.495,0.445,-0.058,-0.023,-0.256,-0.052,-0.835,0.047,-0.728,0.17,0.131,120.438,89193.0,20,9.368,False,False,True,False,False,True
496,31400.878,-0.007,0.111,-0.101,-0.079,1.009,-0.075,1.198,2.215,0.607,0.072,-0.025,191.151,357835.0,20,0.252,False,False,False,False,False,False
501,9793.42,0.138,0.116,-0.249,-0.172,-1.628,0.077,4.183,0.826,1.052,0.036,-0.114,458.355,172888.0,20,0.181,False,False,False,False,False,False
504,2059.636,-0.343,0.299,0.001,-0.001,5.792,-0.289,-3.127,,,,,,124575.0,10,,False,False,False,False,True,False
505,1093.525,1.351,1.216,-0.661,-0.484,-0.45,0.088,2.635,1.684,0.017,0.024,-0.035,712.212,151313.0,20,-0.021,True,False,False,False,False,False
526,579.227,0.87,0.896,0.0,0.0,-4.179,0.227,-0.305,0.488,-0.482,0.14,0.061,172.099,35509.0,20,1.04,False,False,True,False,False,True
529,-3838.89,0.363,0.318,0.012,0.03,-1.188,0.123,1.976,0.612,0.66,0.015,0.014,1068.591,207011.0,20,0.177,False,False,False,False,False,False
597,87317.474,0.577,0.713,-0.034,-0.004,-0.106,-0.098,5.59,4.015,0.408,-0.017,-0.022,,2748374.0,20,0.406,True,False,False,False,False,False
609,993953.194,0.495,0.135,0.077,0.084,-1.348,-0.116,5.204,1.403,0.449,0.066,0.01,8.798,8696575.0,20,0.332,True,False,False,True,False,False
618,-3981.94,1.338,0.951,0.077,0.05,-7.235,0.408,4.316,2.784,0.817,0.135,0.167,108.602,322404.0,20,0.211,True,False,True,False,False,False
622,405591.411,0.354,0.424,-0.061,-0.01,-3.505,0.116,2.49,1.061,-0.237,0.106,0.088,3.448,9168378.0,20,0.522,False,False,True,True,False,True
659,196227.847,0.413,0.336,0.17,0.129,2.242,-0.097,2.702,3.126,1.232,-0.008,-0.015,,6255437.0,20,0.304,True,True,False,False,False,False
660,17071.095,0.64,0.435,0.054,0.037,2.14,-0.049,2.993,1.662,0.236,0.073,0.042,98.824,1763293.0,20,0.147,True,False,False,False,False,False
686,209671.299,0.267,-0.245,0.155,0.138,-1.703,0.11,4.46,1.43,0.629,0.072,0.052,101.835,1714230.0,20,1.252,False,True,False,False,False,True
698,122923.474,-0.041,0.067,-0.02,-0.013,3.066,-0.122,2.429,1.127,-0.215,0.226,0.175,24.158,2915509.0,20,1.365,False,False,True,False,True,True
713,720003.537,0.426,0.189,0.052,0.036,-0.525,0.022,1.879,2.253,0.385,0.025,-0.685,95.417,5576514.0,20,0.894,True,False,False,False,False,True
737,16537.868,0.294,0.25,0.0,0.011,-1.091,0.061,2.806,2.178,0.683,0.019,-0.014,785.755,261196.0,20,0.287,False,False,False,False,False,False
741,-10280.114,2.199,1.45,0.0,0.0,13.392,-0.344,10.272,,,,,,58360.0,6,,False,False,False,False,True,False
763,16645.717,0.33,0.499,0.035,0.022,-1.39,0.107,4.475,1.27,0.375,0.046,-0.038,222.633,814016.0,20,0.761,False,False,False,False,False,True
769,20228.394,0.016,-0.167,0.074,0.035,0.686,-0.078,1.062,0.855,0.242,0.027,-0.037,464.917,477081.0,20,0.256,False,False,False,False,False,False
823,2537.483,0.924,0.964,0.013,-0.062,-2.074,0.156,3.553,3.187,0.252,0.03,0.021,389.742,583253.0,20,0.303,True,False,False,False,False,False
845,-1013.447,1.274,1.016,0.136,0.188,0.524,-0.011,-0.634,2.867,-0.198,0.039,0.058,342.386,370529.0,20,0.004,True,True,False,False,False,False
847,1082.662,0.009,-0.044,-0.659,-0.354,-0.061,-0.01,0.879,0.674,0.392,0.073,0.062,271.1,82171.0,20,0.448,False,False,False,False,False,False
855,10152.117,0.532,0.581,0.365,0.2,-3.478,0.034,2.876,1.567,-0.395,0.107,0.031,168.395,136483.0,20,-0.514,True,True,True,False,False,False
861,21189.817,-0.822,-0.229,-0.105,0.023,3.276,-0.208,5.831,2.141,0.449,0.056,0.007,234.808,407088.0,20,0.78,False,False,False,False,True,True
872,2607.864,0.339,0.332,-0.28,-0.144,-5.641,0.684,2.77,,,,,,264588.0,18,,False,False,False,False,False,False
876,3998.95,-0.033,0.229,0.503,0.363,-1.675,0.163,2.097,1.665,0.979,0.01,-0.056,1619.253,159860.0,20,0.284,False,True,False,False,False,False
877,-3110.307,1.363,1.338,-0.461,-0.426,-5.311,0.463,3.496,2.153,-0.433,0.014,0.057,1130.13,197843.0,20,0.864,True,False,False,False,False,True
879,2860.123,0.237,0.576,-0.051,-0.023,-3.634,0.337,0.09,1.014,-0.157,-0.002,-0.084,,188636.0,20,-0.046,False,False,False,False,False,False
889,35446.995,-0.078,-0.101,0.145,0.114,-1.781,0.073,-0.696,0.793,0.153,0.162,-0.092,93.736,295683.0,20,1.993,False,False,False,False,False,True
893,20104.914,-0.855,-0.115,0.032,0.03,1.78,-0.159,3.386,0.268,0.447,0.046,0.009,221.678,834392.0,20,0.319,False,False,False,False,False,False
898,10329.254,-0.577,-0.198,-0.042,-0.029,0.968,-0.048,3.728,1.307,0.51,0.113,0.113,130.95,298150.0,20,-0.106,False,False,True,False,False,False
899,717.814,-0.057,0.409,0.055,0.073,-2.066,0.095,5.169,2.23,0.388,0.124,0.134,157.042,100296.0,20,0.905,False,False,True,False,False,True
902,8554.283,-0.234,-0.032,-0.09,-0.037,0.793,-0.029,2.533,1.272,2.173,0.012,-0.049,1078.321,367957.0,20,0.225,False,False,False,False,False,False
903,58775.612,0.402,0.362,0.244,0.141,-3.779,0.17,3.353,0.889,0.212,0.076,0.03,112.105,1276984.0,20,0.328,True,True,False,False,False,False
920,,,,,,,,,,,,,,66654.0,5,,False,False,False,False,False,False
925,2599.777,0.511,0.621,-0.066,-0.042,5.343,-0.293,3.332,0.482,-0.295,0.064,-0.02,283.269,124459.0,20,0.271,False,False,False,False,True,False
926,6124.352,0.058,0.415,0.678,0.261,0.19,0.008,1.3,2.668,-0.023,0.013,-0.051,846.869,589004.0,20,-0.149,False,True,False,False,False,False
931,300.68,0.132,0.409,-0.075,-0.175,-3.387,0.119,-0.44,1.561,-0.963,0.012,0.034,1726.502,57905.0,20,-0.066,False,False,False,False,False,False
938,,,,,,,,,,,,,,100726.0,3,,False,False,False,False,False,False
939,-1093.143,-2.145,-1.479,-0.523,-0.295,96.18,-2.826,0.843,,,,,,53442.0,6,,False,False,False,False,True,False
950,16149.759,-0.376,0.084,-0.037,-0.005,4.452,-0.143,4.653,1.433,0.465,0.048,0.067,261.705,479753.0,20,-0.236,False,False,False,False,True,False
951,7336.83,-0.455,0.058,-0.122,-0.07,4.506,-0.2,3.31,0.989,0.126,0.048,0.031,307.072,277337.0,20,-0.001,False,False,False,False,True,False
953,446777.495,0.051,0.191,-0.002,-0.022,-0.047,0.016,3.716,1.135,0.331,0.016,-0.079,74.864,7469647.0,20,0.326,False,False,False,False,False,False
954,11248.788,0.205,0.207,-0.007,-0.005,-1.803,0.079,3.282,1.743,1.226,0.002,-0.068,8385.08,277414.0,20,0.274,False,False,False,False,False,False
955,37474.46,0.096,0.265,0.064,0.06,-2.786,0.11,4.151,0.747,0.656,0.049,0.028,245.109,543514.0,20,0.184,False,False,False,False,False,False
956,9032.803,1.069,0.844,0.148,0.077,-11.584,0.353,5.112,2.094,2.019,0.096,0.079,144.87,362135.0,20,0.559,True,False,False,False,False,True
958,108542.168,-0.251,-0.017,-0.06,-0.038,2.16,-0.132,1.103,1.719,0.426,0.021,0.0,262.67,2533545.0,20,-0.375,False,False,False,False,False,False
961,,,,,,,,,,,,,,371624.0,4,,False,False,False,False,False,False
963,6735.02,-0.141,-0.037,0.034,0.045,3.382,-0.125,3.236,1.727,0.593,0.012,-0.006,1137.743,294809.0,20,0.243,False,False,False,False,True,False
966,2070.126,-0.818,-0.851,0.0,0.0,-0.818,-0.043,3.194,2.31,0.564,-0.0,0.019,,57733.0,20,2.914,False,False,False,False,False,True
968,-3927.134,0.161,0.405,0.196,0.056,-2.562,0.107,0.695,1.794,0.816,0.006,0.002,2396.363,283704.0,20,-0.517,False,True,False,False,False,False
969,-410.265,0.786,0.634,0.004,0.005,-1.346,0.086,3.987,0.849,0.645,0.06,0.037,281.63,169608.0,20,-0.649,True,False,False,False,False,False
976,-876.391,-0.071,0.5,-0.066,-0.027,-2.884,0.15,0.967,1.675,0.15,0.031,-0.003,587.075,118951.0,20,-0.511,False,False,False,False,False,False
977,35348.102,0.464,0.422,0.109,0.093,-1.483,0.09,6.057,2.796,0.665,0.077,0.038,148.164,638709.0,20,0.573,True,False,False,False,False,True
982,3281.961,1.419,0.488,-0.017,-0.002,-5.126,0.069,1.222,9.878,0.219,0.108,0.2,111.799,567842.0,20,0.66,True,False,True,False,False,True
999,198.376,0.431,0.448,-0.234,-0.118,1.753,-0.032,0.475,2.291,-0.681,-0.014,0.106,,107878.0,20,-0.284,True,False,False,False,False,False
1005,36861.925,-0.075,-0.037,0.01,0.009,1.877,-0.051,1.837,0.751,0.308,0.073,0.05,86.153,2203614.0,20,0.175,False,False,False,False,False,False
1008,6911.344,0.458,0.637,0.522,0.423,-3.789,0.361,1.705,1.422,0.657,0.208,0.073,87.749,159724.0,20,0.614,True,True,True,False,False,True
1014,487547.041,0.454,0.364,0.137,0.113,1.485,-0.137,7.568,3.075,0.391,0.021,-0.591,158.333,4391138.0,20,2.045,True,False,False,False,False,True
1022,-4151.032,0.078,0.343,-0.302,-0.105,4.447,-0.138,4.173,2.586,0.933,0.063,0.06,221.012,342755.0,20,0.732,False,False,False,False,True,True
1027,105425.029,-0.474,-0.281,0.222,0.195,-0.684,0.045,2.038,-0.117,0.218,1.293,0.897,9.82,1303870.0,20,4.214,False,True,True,False,False,True
1028,12835.792,-0.718,-0.248,-0.186,-0.07,0.961,-0.036,1.759,1.337,0.21,-0.01,-0.015,,250512.0,20,0.43,False,False,False,False,False,False
1040,-81045.738,-0.327,0.241,0.269,0.147,1.369,-0.793,-1.853,-1.296,-0.091,-0.101,-0.039,,6539611.0,20,-0.081,False,True,False,False,False,False
1047,53955.173,0.252,0.296,-0.109,-0.061,-1.262,0.059,1.431,1.871,0.296,0.07,-0.155,161.728,644563.0,20,0.551,False,False,False,False,False,True
1049,7824.791,-0.231,0.075,-0.139,-0.05,-5.464,0.294,1.181,1.037,0.146,0.03,-0.059,480.625,279419.0,20,0.016,False,False,False,False,False,False
1058,157230.159,0.192,0.23,0.109,0.082,-1.816,0.046,-0.886,1.621,0.148,0.058,0.005,84.881,3034068.0,20,0.428,False,False,False,False,False,False
1060,50618.932,0.216,0.193,0.002,0.005,-0.335,-0.014,0.321,2.144,0.848,0.019,-0.01,443.975,1217421.0,20,-0.068,False,False,False,False,False,False
1068,-6974.265,0.759,0.709,0.094,0.071,-1.355,0.177,4.445,1.321,0.5,-0.01,-0.009,,1328042.0,20,0.217,True,False,False,False,False,False
1071,,,,,,,,,,,,,,748068.0,4,,False,False,False,False,False,False
1073,16454.096,0.704,1.028,0.017,-0.004,-1.106,0.205,5.53,1.864,1.246,0.02,-0.024,477.603,944969.0,20,0.345,True,False,False,False,False,False
1086,9736.247,0.52,0.509,-0.1,-0.08,-3.205,0.139,5.571,1.283,0.322,0.031,-0.001,437.123,350144.0,20,0.008,True,False,False,False,False,False
1090,17737.293,0.052,-0.122,0.091,0.084,-0.515,0.08,5.759,-0.112,0.521,0.053,-0.071,255.605,370983.0,20,1.713,False,False,False,False,False,True
1092,9456.65,0.247,0.277,0.208,0.216,0.279,0.032,3.523,1.769,0.495,0.058,-0.011,288.461,175122.0,20,-0.296,False,True,False,False,False,False
1095,21660.719,0.291,0.201,-0.305,-0.186,-2.25,0.147,3.874,2.888,0.685,0.07,0.058,178.502,488233.0,20,1.146,False,False,False,False,False,True
1098,-209.874,-0.405,-0.036,0.0,0.0,3.674,-0.072,-0.123,1.461,-0.009,0.073,0.102,268.782,88016.0,20,-0.311,False,False,False,False,False,False
1100,14622.824,-0.23,0.135,0.025,0.026,-0.029,-0.029,2.842,1.57,1.076,0.046,-0.042,285.908,406516.0,20,-0.03,False,False,False,False,False,False
1117,201748.304,0.186,0.28,0.079,0.058,0.608,-0.138,1.365,2.601,0.174,0.156,0.049,41.35,2242998.0,20,0.146,False,False,True,False,False,False
1118,3859.389,0.191,0.199,-0.027,-0.013,2.713,-0.14,2.854,1.525,0.536,0.093,0.078,188.131,155097.0,20,1.917,False,False,False,False,True,True
1122,53487.161,0.147,0.061,-0.132,-0.063,1.617,-0.088,3.484,1.296,0.422,0.057,-0.001,193.096,702151.0,20,1.813,False,False,False,False,False,True
1125,-454.34,0.883,1.088,-0.003,0.007,-0.843,0.1,4.949,3.17,-0.048,0.003,0.005,4651.719,217586.0,20,0.008,True,False,False,False,False,False
1141,27199.146,0.508,0.228,-0.069,-0.037,1.293,-0.048,5.237,-5.687,-1.136,0.312,0.013,50.139,332902.0,20,1.395,False,False,False,False,False,True
1143,-4961.81,-2.016,-0.031,-0.242,-0.114,-2.741,0.098,0.606,,,,,,1433092.0,8,,False,False,False,False,False,False
1147,11996.965,-0.743,-0.09,-0.58,-0.073,-0.472,0.062,0.778,1.235,1.557,0.046,0.038,260.133,548080.0,20,0.068,False,False,False,False,False,False
1150,-3735.52,0.357,0.328,0.047,0.021,-6.708,-0.061,2.59,,,,,,147665.0,17,,False,False,False,False,False,False
1163,-768.102,0.381,0.446,-0.0,-0.0,-0.262,0.028,4.248,1.91,0.239,-0.026,0.015,,113986.0,20,1.044,False,False,False,False,False,True
1164,-13207.119,-0.411,0.145,0.068,0.028,-0.025,0.064,1.975,2.273,0.161,0.022,0.068,458.15,794726.0,20,0.028,False,False,False,False,False,False
1165,660.394,1.205,1.194,0.051,0.0,-3.911,0.284,4.25,2.727,-0.338,0.005,0.003,3145.495,138098.0,20,0.406,True,False,False,False,False,False
1167,-14652.253,-0.234,0.619,-0.315,-0.089,13.387,-0.284,1.056,2.644,-0.158,0.018,0.188,847.937,216935.0,20,-0.047,False,False,False,False,True,False
1168,-3100.714,-2.767,-1.945,0.278,0.064,6.052,-0.855,-0.492,,,,,,177527.0,7,,False,True,False,False,True,False
1169,10997.368,0.137,0.38,-0.142,-0.095,0.886,0.01,0.589,1.335,0.52,0.061,0.006,241.615,283631.0,20,0.054,False,False,False,False,False,False
1184,1079.212,0.285,0.588,0.009,0.006,1.398,0.034,3.904,1.224,0.026,0.04,-0.005,293.441,581199.0,20,0.221,False,False,False,False,False,False
1198,3094.054,0.997,0.802,-0.013,-0.002,-2.428,0.144,3.27,3.105,0.298,0.014,0.008,988.697,296056.0,20,-0.091,True,False,False,False,False,False
1208,472.004,0.337,0.495,0.046,0.077,3.012,-0.123,1.287,,,,,,3108145.0,18,,False,False,False,False,True,False
1209,94369.002,0.424,0.232,-0.053,-0.024,-0.359,0.037,3.14,1.657,0.509,0.11,0.031,67.586,1707118.0,20,0.296,True,False,True,False,False,False
1210,333629.663,0.337,0.388,0.027,0.072,0.057,-0.059,1.629,,,,,,2541208.0,19,,False,False,False,False,False,False
1213,634064.851,1.049,1.364,0.635,0.5,2.504,0.025,16.613,-5.131,-1.315,0.582,0.429,8.439,3798501.0,20,10.834,False,True,True,False,False,True
1218,8157.85,0.572,0.615,0.072,0.066,-4.2,0.228,2.879,1.866,0.283,0.035,0.039,459.966,191218.0,20,0.268,True,False,False,False,False,False
1219,24006.764,-0.408,-0.076,1.364,0.747,-0.309,0.006,-0.485,1.749,0.836,0.093,0.094,122.801,650168.0,20,-0.063,False,True,False,False,False,False
1225,75517.817,0.473,0.371,0.105,0.059,4.349,-0.13,2.282,2.435,0.311,0.032,0.09,,11856598.0,20,-0.1,True,False,False,False,True,False
1237,5855.008,0.358,0.423,0.361,0.176,-0.135,-0.009,0.06,2.979,0.039,-0.011,0.002,,361667.0,20,-0.296,False,True,False,False,False,False
1265,12801.263,0.58,0.859,0.099,0.044,0.905,0.016,0.436,1.064,-0.403,0.084,0.057,72.751,2300997.0,20,-0.014,True,False,False,False,False,False
1291,231586.256,-0.15,0.068,-0.025,-0.002,0.814,-0.003,2.165,1.474,0.452,0.056,0.001,85.289,3143422.0,20,0.785,False,False,False,False,False,True
1294,47306.129,-0.326,-0.097,-0.061,-0.04,0.467,-0.054,1.415,1.168,1.16,0.05,0.043,202.007,844038.0,20,0.451,False,False,False,False,False,False
1296,4948.021,-0.233,0.177,0.029,0.017,0.76,-0.029,0.75,1.82,0.113,0.015,0.02,933.798,286600.0,20,0.469,False,False,False,False,False,False
1299,135699.456,0.738,0.519,-0.058,-0.099,6.936,-0.615,0.053,3.193,-0.933,-0.244,-0.274,,1208364.0,20,0.191,True,False,False,False,True,False
1331,122045.248,0.639,0.617,0.004,0.001,-1.662,0.082,1.39,1.303,0.02,0.027,0.032,81.14,5836466.0,20,0.158,True,False,False,False,False,False
1365,135903.585,-0.125,0.025,-0.073,-0.02,-1.811,0.023,3.309,1.819,0.158,0.273,0.161,30.345,1599701.0,20,0.918,False,False,True,False,False,True
1373,196176.376,0.382,0.367,0.239,0.209,0.951,-0.229,-2.618,0.387,-0.736,0.121,-0.194,66.065,1522511.0,20,0.572,False,True,False,False,False,True
1374,3427.892,-0.13,-0.13,-0.176,-0.091,-4.359,0.183,-0.645,-0.362,0.014,0.102,0.014,194.631,88409.0,20,0.117,False,False,False,False,False,False
1376,12782.983,0.305,0.325,-0.078,-0.05,2.963,-0.05,4.704,1.015,0.525,0.057,0.051,220.358,471372.0,20,0.448,False,False,False,False,False,False
1380,6821.69,0.148,0.339,0.065,0.124,-1.021,0.066,3.378,0.629,0.394,0.043,-0.024,383.459,170946.0,20,-0.199,False,False,False,False,False,False
1386,-228.009,-0.061,0.274,0.128,0.064,3.374,-0.112,4.313,,,,,,42592.0,14,,False,False,False,False,True,False
1390,-172043.429,3.079,-0.171,0.271,0.023,-19.414,3.14,-47.368,,,,,,149191.0,6,,False,True,False,False,False,False
1391,-3119.414,-0.051,0.458,-1.873,-0.525,4.183,-0.022,1.826,3.004,-0.156,-0.006,0.07,,56607.0,20,-0.161,False,False,False,False,False,False
1399,246888.418,0.365,0.634,0.215,0.166,-0.326,-0.043,3.607,2.593,0.379,0.027,-0.011,148.013,3688224.0,20,0.117,False,True,False,False,False,False
1401,-861.762,1.308,-0.181,-0.006,0.001,-5.558,0.013,10.658,,,,,,59470.0,12,,False,False,False,False,False,False
1402,114874.135,0.023,0.107,-0.072,-0.108,1.152,-0.158,1.452,2.287,-1.887,-0.084,-0.113,,1453104.0,20,0.562,False,False,False,False,False,True
1409,32308.767,0.072,0.218,0.18,0.161,-3.888,0.104,4.264,1.241,0.645,-0.008,-0.094,,450823.0,20,0.142,False,True,False,False,False,False
1413,-421.353,0.393,0.582,0.016,0.029,-0.122,-0.004,4.121,2.029,0.109,0.072,0.042,239.561,155937.0,20,1.184,False,False,False,False,False,True
1415,-1607.699,0.004,0.34,0.001,0.002,2.554,-0.065,0.838,1.702,0.487,0.044,0.054,397.368,140514.0,20,-0.081,False,False,False,False,False,False
1417,-9796.734,0.323,0.673,0.31,0.149,5.381,-0.154,-0.673,2.642,0.088,-0.003,0.086,,314404.0,20,-0.167,False,True,False,False,True,False
1418,7883.976,0.454,0.312,0.012,-0.125,-4.108,0.15,5.555,0.804,0.792,0.073,0.004,212.058,240391.0,20,0.365,True,False,False,False,False,False
1426,14475.576,0.089,0.197,0.002,-0.008,0.419,-0.008,1.481,0.332,0.227,0.051,0.026,193.836,885782.0,20,0.359,False,False,False,False,False,False
1427,3600.905,0.127,0.297,-0.013,-0.021,-1.175,0.054,7.239,2.098,1.139,0.07,0.069,271.98,98235.0,20,0.417,False,False,False,False,False,False
1434,10371.038,0.027,0.187,0.001,-0.006,-0.199,0.013,2.258,1.778,0.219,0.033,-0.01,471.915,227138.0,20,1.013,False,False,False,False,False,True
1435,86481.552,-0.03,0.169,0.445,0.305,0.357,-0.093,-1.223,0.446,-0.313,0.045,-0.024,167.793,1559458.0,20,0.132,False,True,False,False,False,False
1436,-535.543,0.163,0.056,-1.56,-5.633,-27.067,0.831,-10.23,,,,,,18972.0,6,,False,False,False,False,False,False
1438,3189.179,0.195,0.178,0.03,0.016,-0.244,0.01,2.683,1.011,0.505,0.019,-0.043,932.771,120650.0,20,0.521,False,False,False,False,False,True
1439,504.728,0.709,0.918,0.021,0.01,-5.354,0.649,-2.436,-3.66,-1.125,0.063,-0.069,286.785,127844.0,20,-0.226,False,False,False,False,False,False
1464,13815.137,0.149,0.263,-0.05,-0.034,-0.238,0.004,4.051,1.655,0.42,0.064,0.04,235.021,256103.0,20,1.392,False,False,False,False,False,True
1468,18065.88,0.092,0.365,-0.015,-0.002,0.954,-0.083,5.828,0.646,0.207,0.058,0.037,247.863,301078.0,20,0.088,False,False,False,False,False,False
1475,5828.051,0.794,0.84,-0.118,-0.061,-1.889,0.106,3.958,1.942,0.144,0.037,-0.042,453.259,170365.0,20,0.194,True,False,False,False,False,False
1484,16423.209,0.216,0.086,1.57,1.34,5.013,-0.16,-1.434,1.751,0.187,-0.137,-0.08,,433957.0,20,-0.218,False,True,False,False,True,False
1487,-52508.598,0.595,0.722,-0.002,0.005,-0.709,0.052,3.783,3.079,0.509,0.011,0.068,633.767,1794226.0,20,0.061,True,False,False,False,False,False
1490,,,,,,,,,,,,,,126428.0,2,,False,False,False,False,False,False
1497,46542.55,-0.265,0.062,0.17,0.131,-0.066,0.003,3.296,-0.121,0.528,0.248,0.221,39.302,1131558.0,20,0.527,False,True,True,False,False,True
1513,56908.716,0.714,0.694,0.319,0.21,-0.129,-0.174,-2.654,3.568,1.44,-0.046,-0.124,,652985.0,20,0.224,True,True,False,False,False,False
1527,41747.474,-0.287,0.007,-0.003,0.006,1.458,-0.087,1.945,0.817,0.345,0.095,0.054,103.685,947203.0,20,0.103,False,False,False,False,False,False
1528,201583.663,0.784,0.967,0.14,0.082,3.011,-0.099,2.694,-0.145,-0.022,0.01,-0.06,494.468,2810125.0,20,0.484,False,False,False,False,False,False
1536,20789.471,1.198,1.116,-0.07,-0.028,1.128,0.547,4.243,3.303,2.741,0.062,0.047,48.033,4834846.0,20,0.225,True,False,False,False,False,False
1545,-2734.202,0.189,0.272,0.049,0.053,3.189,-0.095,2.229,1.985,0.827,-0.022,-0.01,,1092193.0,20,-0.123,False,False,False,False,False,False
1547,-9822.28,0.64,1.234,0.004,0.002,1.125,0.044,4.593,2.612,0.094,0.023,0.066,681.19,211364.0,20,-0.462,True,False,False,False,False,False
1550,12547.937,-0.118,0.219,0.016,0.026,1.356,-0.121,0.821,1.387,0.701,-0.042,-0.026,,441188.0,20,-0.128,False,False,False,False,False,False
1552,140912.096,0.112,-0.3,0.111,0.078,-0.669,-0.004,1.6,1.592,-0.097,0.034,0.019,213.228,1657965.0,20,0.396,False,False,False,False,False,False
1553,29447.492,0.051,0.003,0.101,0.07,0.282,0.023,2.297,0.984,0.622,-0.002,0.016,,539970.0,20,0.503,False,False,False,False,False,True
1556,18207.227,0.767,0.791,0.532,0.455,-7.852,0.037,10.402,1.624,-0.996,0.047,-0.3,387.619,117223.0,20,2.667,True,True,False,False,False,True
1562,21853.714,-0.427,-0.287,0.116,0.097,1.74,-0.2,5.615,0.821,0.265,0.05,-0.041,320.393,195257.0,20,1.181,False,False,False,False,False,True
1566,-1020.68,-0.369,0.213,-0.135,-0.043,0.192,0.096,4.378,0.522,0.14,0.069,-0.02,255.841,142941.0,20,0.52,False,False,False,False,False,True
1596,10794.049,-0.755,1.113,0.0,0.0,9.986,-9.242,0.0,,,,,,125335.0,19,,False,False,False,False,True,False
1599,,,,,,,,,,,,,,111774.0,1,,False,False,False,False,False,False
1600,534.869,-1.176,-1.016,0.429,0.362,-1.012,-0.229,2.893,1.629,0.302,0.007,0.084,2674.177,96583.0,20,-0.151,False,True,False,False,False,False
1604,12749.242,0.092,0.123,0.162,0.121,0.864,-0.036,1.943,0.369,0.7,0.108,0.084,139.992,275649.0,20,0.029,False,True,True,False,False,False
1607,23002.896,0.025,0.27,-0.017,-0.004,0.725,-0.075,2.894,1.987,0.125,0.026,-0.032,415.454,714696.0,20,0.579,False,False,False,False,False,True
1609,-886.313,0.249,0.408,-0.189,-0.054,0.826,-0.029,0.2,1.41,-0.824,0.059,0.058,262.252,238342.0,20,-0.099,False,False,False,False,False,False
1610,7704.875,-0.06,0.135,0.102,0.028,1.483,-0.08,1.418,2.456,0.798,0.035,-0.009,396.71,323153.0,20,0.213,False,False,False,False,False,False
1611,8271.808,-0.665,-0.388,-0.669,-0.225,3.787,-0.15,1.799,2.152,-0.017,-0.015,-0.031,,207651.0,20,1.633,False,False,False,False,True,True
1612,1865.438,0.019,0.044,0.366,0.27,2.253,-0.082,4.977,2.697,0.905,0.049,0.122,407.088,77742.0,20,0.468,False,True,False,False,False,False
1616,32791.329,-0.318,-0.201,0.473,0.431,-0.131,0.082,2.437,0.816,1.724,0.115,0.012,113.975,447040.0,20,0.821,False,True,False,False,False,True
1617,150521.438,-0.1,-0.043,-0.082,-0.055,1.755,-0.009,2.976,0.777,0.365,0.413,0.402,9.933,4236274.0,20,0.474,False,False,True,False,False,False
1622,3230.659,0.158,0.077,-0.055,-0.037,-0.153,-0.021,0.32,0.242,-0.019,0.049,-0.004,423.265,61922.0,20,-0.151,False,False,False,False,False,False
1635,-24642.073,0.44,1.064,-1.122,-0.321,-9.354,0.387,0.779,,,,,,407398.0,11,,False,False,False,False,False,False
1639,13472.481,-0.372,-0.067,-0.171,-0.113,-0.01,-0.067,5.563,2.728,0.29,0.065,0.048,242.566,216280.0,20,0.861,False,False,False,False,False,True
1654,5993.907,0.055,0.106,0.084,0.064,-0.883,0.062,5.839,1.974,0.383,0.012,0.072,1089.764,349142.0,20,-0.112,False,False,False,False,False,False
1655,100336.18,-0.563,-0.307,-0.007,-0.003,-0.286,-0.058,3.3,1.157,-0.394,0.073,-0.148,130.222,994599.0,20,1.64,False,False,False,False,False,True
1660,5429.88,0.799,0.993,-0.137,-0.053,-8.716,0.369,2.459,1.623,-0.028,0.144,0.039,90.814,476231.0,20,1.138,True,False,True,False,False,True
1673,104514.782,-0.919,-1.031,0.035,0.078,-2.261,0.008,-3.424,-1.558,-0.204,-0.008,-0.064,,1333008.0,20,0.378,False,False,False,False,False,False
1675,-3499.11,0.492,1.108,0.021,0.009,6.938,-0.332,2.104,0.372,-2.267,0.148,0.239,155.905,46211.0,20,-0.722,False,False,True,False,True,False
1678,72200.4,-0.647,-0.498,0.13,0.135,-0.662,-0.002,4.854,-0.744,0.182,0.09,0.039,92.756,1346131.0,20,0.047,False,False,False,False,False,False
1686,-1278.232,-0.359,0.275,-0.004,-0.002,3.384,-0.102,2.336,2.181,0.195,0.03,0.015,495.192,258864.0,20,0.162,False,False,False,False,True,False
1687,703.287,-0.227,-0.124,-0.374,-0.134,-0.912,-0.024,6.274,1.083,0.839,0.121,0.176,173.279,70552.0,20,0.066,False,False,True,False,False,False
1693,21610.409,-0.258,-0.352,0.143,0.107,-8.483,0.363,3.332,0.437,0.551,0.108,0.024,156.771,180128.0,20,0.157,False,False,False,False,False,False
1696,17465.353,0.66,0.801,0.152,0.104,-0.778,0.034,2.79,1.32,0.23,0.064,-0.015,150.598,950916.0,20,-0.071,True,True,False,False,False,False
1700,60567.946,0.064,0.041,-0.003,-0.001,-0.185,-0.02,3.117,0.769,0.321,0.049,-0.084,213.111,780870.0,20,0.112,False,False,False,False,False,False
1705,33129.435,0.215,0.128,-0.114,-0.062,-0.016,0.027,8.006,0.689,0.239,-0.011,-0.104,,256449.0,20,0.012,False,False,False,False,False,False
1711,96623.038,0.063,0.179,-0.093,-0.024,0.445,-0.023,5.194,1.018,0.448,0.046,-0.034,154.906,1776310.0,20,0.487,False,False,False,False,False,False
1713,9845.233,0.119,0.128,-0.049,-0.048,0.817,-0.055,0.223,-0.005,0.135,0.06,0.004,251.902,249774.0,20,0.403,False,False,False,False,False,False
1715,8870.517,-0.029,0.327,0.263,0.19,1.928,-0.068,8.477,1.064,0.822,0.072,0.007,143.69,828366.0,20,0.719,False,True,False,False,False,True
1720,117403.065,-0.127,0.017,0.092,0.281,-0.933,0.127,2.129,-0.012,0.738,0.14,-0.006,71.833,944019.0,20,0.376,False,True,False,False,False,False
1730,-649.053,-0.003,0.271,-0.146,-0.048,3.202,-0.108,1.238,2.892,0.192,0.042,0.053,433.17,112895.0,20,0.694,False,False,False,False,True,True
1735,521.011,-0.014,0.332,-0.375,-0.182,0.258,0.032,1.181,1.64,-0.091,0.001,-0.099,11497.445,311839.0,20,0.014,False,False,False,False,False,False
1744,4508.194,-2.526,0.48,-0.083,-0.031,0.65,-0.451,1.14,,,,,,126241.0,10,,False,False,False,False,False,False
1745,-2749.272,-1.065,-0.39,-0.299,-0.009,7.394,-0.379,0.283,2.256,0.599,0.054,0.146,351.651,98772.0,20,3.836,False,False,False,False,True,True
1753,14209.251,0.063,0.224,0.249,0.2,1.59,-0.115,2.343,1.463,0.564,0.045,0.031,307.886,329266.0,20,0.047,False,True,False,False,False,False
1756,120133.444,0.337,0.317,0.585,0.503,-2.904,0.059,6.451,1.305,-0.344,0.249,0.005,42.59,937589.0,20,0.896,False,True,False,False,False,True
1778,1916.702,1.015,1.189,0.065,0.051,-5.354,0.181,3.861,,,,,,144967.0,19,,False,False,False,False,False,False
1779,12419.702,-0.325,-0.208,0.013,0.009,7.243,-0.215,1.211,0.661,0.395,0.048,0.01,323.585,225576.0,20,0.086,False,False,False,False,True,False
1780,12226.337,-0.354,-0.018,0.062,-0.01,2.794,-0.144,0.01,1.489,0.305,0.022,0.003,580.303,418389.0,20,-0.034,False,False,False,False,True,False
1781,-4634.024,0.116,0.514,0.05,0.064,-2.684,0.134,2.74,2.771,0.168,-0.003,0.005,,191974.0,20,-0.233,False,False,False,False,False,False
1786,115487.528,0.046,0.002,0.107,0.081,-0.736,0.055,4.05,0.624,0.786,0.075,0.033,148.844,680425.0,20,0.82,False,False,False,False,False,True
1787,,,,,,,,,,,,,,114787.0,1,,False,False,False,False,False,False
1808,7333.82,0.195,0.457,0.161,0.105,0.447,-0.014,2.247,2.426,0.666,-0.013,0.047,,425891.0,20,0.198,False,True,False,False,False,False
1821,-2944.126,0.473,0.725,-0.002,0.021,-1.537,0.022,7.667,2.696,0.059,-0.018,0.026,,190462.0,20,-0.329,True,False,False,False,False,False
1829,211.392,0.387,0.14,0.482,0.426,-2.593,0.067,5.683,0.775,0.368,0.01,-0.025,2035.273,58114.0,20,,False,True,False,False,False,False
1833,48385.615,-0.068,-0.009,0.028,0.009,0.427,-0.02,4.854,1.407,0.42,0.038,0.016,264.798,855705.0,20,0.292,False,False,False,False,False,False
1839,1321.185,-0.067,0.255,0.138,-0.072,1.394,-0.029,1.012,2.239,0.277,-0.037,-0.051,,169347.0,20,-0.308,False,False,False,False,False,False
1843,7646.325,-0.083,-0.065,-0.018,0.017,-0.572,0.029,4.237,1.064,0.217,0.025,-0.047,624.83,215752.0,20,0.185,False,False,False,False,False,False
1847,37237.85,0.173,0.285,0.13,0.113,0.919,-0.181,2.665,0.939,0.608,0.101,-0.015,130.566,432084.0,20,-0.016,False,False,False,False,False,False
1849,8659.871,-0.374,-0.102,-0.197,-0.142,2.432,-0.18,2.828,0.257,0.777,0.127,0.088,121.987,258826.0,20,0.325,False,False,True,False,False,False
1852,-13233.66,0.091,0.261,-0.011,-0.003,5.601,-0.118,1.552,2.024,-0.196,-0.04,-0.047,,549785.0,20,-0.35,False,False,False,False,True,False
1857,14421.826,-0.024,0.023,-0.018,0.005,1.042,-0.021,3.139,-0.049,0.94,0.061,0.026,210.039,450245.0,20,-0.351,False,False,False,False,False,False
1860,707.612,0.687,0.75,-0.008,-0.133,-3.55,0.248,0.208,2.473,0.218,0.036,0.096,594.203,55824.0,20,0.337,True,False,False,False,False,False
1862,-3364.571,0.598,1.794,-0.887,-0.488,-1.473,0.25,3.478,,,,,,125361.0,13,,False,False,False,False,False,False
1865,3184.25,0.042,0.354,0.122,0.08,-0.087,-0.04,3.571,1.321,-0.287,0.113,0.082,171.616,102474.0,20,0.231,False,False,True,False,False,False
1867,41532.496,-0.597,-0.545,0.084,0.058,0.608,-0.07,-0.48,0.316,-0.076,0.294,0.198,50.453,389065.0,20,1.955,False,False,True,False,False,True
1868,42432.027,-0.585,-0.496,-0.619,-0.444,1.772,-0.079,0.901,-2.156,0.528,0.268,0.148,46.265,642301.0,20,0.631,False,False,True,False,False,True
1869,25696.051,0.078,0.261,-0.038,-0.036,-1.017,0.081,1.941,2.634,0.542,-0.021,-0.002,,661850.0,20,0.014,False,False,False,False,False,False
1874,50397.492,-0.1,0.197,0.309,0.069,-4.789,0.163,0.006,2.395,-0.03,0.064,0.03,143.332,1099845.0,20,0.496,False,True,False,False,False,False
1895,39449.582,-0.268,0.007,-0.203,-0.132,2.724,-0.102,1.337,0.759,0.292,0.056,0.027,179.113,863204.0,20,0.144,False,False,False,False,True,False
1900,41950.295,-0.238,-0.256,-0.19,-0.149,2.481,-0.188,5.319,1.819,0.563,0.209,0.2,58.065,634126.0,20,1.327,False,False,True,False,False,True
1903,5470.92,0.188,0.222,-0.015,-0.01,-1.279,0.108,2.086,-0.071,0.404,0.051,-0.042,344.756,133054.0,20,-0.289,False,False,False,False,False,False
1905,4390.941,-0.013,0.244,-0.124,-0.082,3.519,-0.095,3.305,1.41,0.887,0.009,0.008,1349.944,523895.0,20,-0.002,False,False,False,False,False,False
1906,-270.953,1.025,1.117,0.525,0.391,-6.032,0.265,6.171,1.913,0.094,0.017,0.03,1135.448,94870.0,20,-0.305,True,True,False,False,False,False
1908,9981.823,-0.353,-0.362,-0.013,0.007,1.119,-0.077,2.974,-1.035,0.255,0.261,0.25,64.604,236231.0,20,,False,False,True,False,False,False
1913,4174.06,0.327,0.313,-0.14,-0.071,0.998,0.034,2.878,0.184,0.681,0.067,0.039,217.073,293108.0,20,1.199,False,False,False,False,False,True
1929,590.271,0.108,0.35,0.477,0.292,-1.222,-0.183,4.859,2.305,-2.92,-0.024,0.034,,72377.0,20,-0.57,False,True,False,False,False,False
1931,-679.552,0.534,0.426,-0.13,-0.16,-1.13,0.008,3.536,1.716,0.61,0.02,0.049,778.964,193734.0,20,-0.029,True,False,False,False,False,False
1933,7019.386,-0.118,-0.15,0.646,0.184,-0.962,-0.036,-0.084,0.983,0.711,0.023,-0.054,761.87,141486.0,20,0.007,False,True,False,False,False,False
1936,10180.707,-0.068,-0.072,-0.377,-0.242,-2.583,0.136,1.836,-0.061,0.455,0.076,-0.003,184.065,341913.0,20,0.485,False,False,False,False,False,False
1937,-1051.134,0.445,0.59,0.001,-0.076,-4.284,0.105,1.04,2.395,0.051,0.024,0.012,714.471,147771.0,20,0.427,True,False,False,False,False,False
1941,8327.78,-0.185,-0.064,0.056,0.046,0.883,-0.159,2.107,0.782,-0.26,0.056,-0.031,287.66,193152.0,20,1.003,False,False,False,False,False,True
1945,3194.081,0.298,0.264,-0.016,-0.01,0.888,-0.019,2.42,0.821,0.411,0.097,0.018,192.586,115961.0,20,0.021,False,False,False,False,False,False
1946,13135.868,-0.172,-0.106,0.091,0.191,2.263,-0.155,2.909,-1.157,-0.434,0.057,-0.134,261.283,263759.0,20,0.412,False,True,False,False,False,False
1956,9419.074,0.178,0.055,0.019,0.046,-2.559,0.188,4.182,1.297,0.858,0.041,-0.009,369.033,243538.0,20,1.154,False,False,False,False,False,True
1964,9419.453,-0.324,-0.071,-0.38,-0.238,0.613,0.016,4.024,0.911,0.18,0.018,-0.061,821.739,262558.0,20,-0.003,False,False,False,False,False,False
1970,,,,,,,,,,,,,,148106.0,2,,False,False,False,False,False,False
1972,5431.669,0.141,0.077,0.252,0.155,-1.882,0.068,5.309,0.544,0.177,0.068,-0.005,250.918,158342.0,20,0.512,False,True,False,False,False,True
1978,53452.277,-0.296,-0.298,0.058,0.031,-2.253,0.187,0.077,0.719,0.925,0.06,0.156,136.918,1343203.0,20,0.132,False,False,False,False,False,False
1980,6780.451,-0.023,0.096,-0.041,-0.017,0.517,-0.039,2.413,1.559,0.771,0.079,0.118,202.363,210813.0,20,0.053,False,False,False,False,False,False
1982,5117.155,-0.195,0.059,-3.398,-1.292,1.271,-0.056,-0.256,0.07,0.443,0.143,0.13,118.04,193421.0,20,0.384,False,False,True,False,False,False
1983,8308.445,-0.257,0.07,-0.014,-0.011,0.99,-0.004,2.691,0.897,0.537,0.052,0.01,318.322,183168.0,20,0.006,False,False,False,False,False,False
1986,3413.711,-1.269,-0.779,0.0,0.0,2.509,-0.117,-0.264,1.619,0.763,-0.008,-0.057,,72803.0,20,,False,False,False,False,True,False
1992,32442.647,0.288,0.329,0.006,-0.019,0.237,-0.023,1.924,1.168,0.909,0.02,-0.051,669.686,343823.0,20,-0.047,False,False,False,False,False,False
1993,3036.487,-0.144,-0.006,-0.077,-0.037,-1.811,0.113,1.2,1.842,0.698,0.055,-0.023,358.115,79615.0,20,1.17,False,False,False,False,False,True
2036,1392.186,1.543,1.553,0.043,-0.013,-4.221,0.343,2.46,2.314,0.189,0.065,0.058,148.081,985580.0,20,-0.075,True,False,False,False,False,False
2057,9778.863,-0.493,-0.077,-0.292,-0.284,-0.88,0.02,0.761,1.498,0.38,0.073,0.017,222.67,197706.0,20,0.724,False,False,False,False,False,True
2068,24174.65,-0.885,-0.763,-0.239,-0.053,-1.027,0.142,3.529,-0.453,1.734,0.061,-0.07,218.733,384184.0,20,0.865,False,False,False,False,False,True
2093,16936.577,0.355,0.453,0.349,0.254,-3.82,0.069,3.154,1.534,-0.104,0.026,0.014,408.48,734775.0,20,0.285,False,True,False,False,False,False
2102,33797.97,0.593,0.439,-0.037,-0.01,-1.428,0.071,3.373,1.193,0.436,0.039,-0.02,173.059,1940788.0,20,0.282,True,False,False,False,False,False
2107,8603.561,0.533,0.555,0.003,-0.004,-5.42,0.212,4.07,2.573,-0.075,0.055,0.002,259.121,310358.0,20,0.308,True,False,False,False,False,False
2124,,,,,,,,,,,,,,715960.0,1,,False,False,False,False,False,False
2138,76905.056,0.211,0.312,-0.272,-0.181,-0.242,-0.023,2.229,0.582,0.362,0.077,0.048,78.605,2342102.0,20,0.179,False,False,False,False,False,False
2145,-1644.298,1.248,1.411,0.257,0.237,-2.889,0.351,7.221,2.423,0.453,0.033,0.011,502.847,160429.0,20,0.211,True,True,False,False,False,False
2154,-11056.271,1.205,1.209,0.033,-0.085,-3.46,0.207,3.377,3.081,0.028,0.017,0.12,937.329,206660.0,20,-0.351,True,False,False,False,False,False
2157,-1987.014,-0.971,0.002,-0.224,0.031,4.334,-0.141,0.559,2.761,-0.502,-0.0,0.008,,88090.0,20,-0.146,False,False,False,False,True,False
2160,8117.859,0.947,1.039,-0.011,0.001,-2.24,0.238,4.891,2.772,-0.17,0.009,-0.058,1645.644,226697.0,20,-0.244,True,False,False,False,False,False
2176,,,,,,,,,,,,,,385852.0,4,,False,False,False,False,False,False
2205,9506.177,0.042,0.053,0.001,-0.074,-1.16,-0.007,5.02,0.526,0.487,0.008,-0.04,1766.528,261038.0,20,0.5,False,False,False,False,False,False
2208,89063.519,0.162,0.103,-0.021,-0.012,1.299,-0.153,1.444,0.512,0.6,0.117,0.036,85.219,946553.0,20,0.453,False,False,True,False,False,False
2224,12655.302,-0.049,0.249,0.112,0.052,2.026,-0.065,1.468,2.007,0.394,0.026,-0.014,395.699,791892.0,20,-0.1,False,False,False,False,False,False
2228,8265.429,-0.211,0.033,0.046,0.024,0.381,0.016,-0.575,1.479,0.453,0.069,0.005,212.039,286852.0,20,-0.204,False,False,False,False,False,False
2229,-10122.791,-0.84,0.225,0.02,0.01,4.539,-0.214,2.339,2.621,-0.057,0.067,0.139,199.867,389455.0,20,-0.016,False,False,False,False,True,False
2232,3349.759,0.117,0.114,-0.038,0.008,0.704,-0.054,3.059,2.276,0.817,-0.009,0.045,,1274405.0,20,0.428,False,False,False,False,False,False
2240,68187.783,0.202,0.54,0.136,0.078,-2.751,0.211,3.759,2.949,0.598,-0.011,-0.086,,1931040.0,20,0.516,False,False,False,False,False,True
2241,115500.316,-0.107,-0.061,-0.024,-0.015,1.52,-0.106,3.111,1.941,-0.148,0.062,0.003,156.835,957828.0,20,4.141,False,False,False,False,False,True
2244,31392.424,0.038,0.095,-0.017,-0.082,-2.244,0.08,0.489,2.588,0.706,0.077,0.001,168.006,443218.0,20,0.403,False,False,False,False,False,False
2247,-5840.794,0.652,0.607,0.053,-0.064,-3.369,0.317,1.221,-0.081,-1.079,-0.06,-0.116,,174791.0,20,0.039,False,False,False,False,False,False
2249,10081.567,0.525,0.695,0.133,0.032,-1.9,0.021,-0.9,-0.575,-0.003,0.106,0.064,136.139,328609.0,20,0.739,False,False,True,False,False,True
2273,-4190.686,-0.75,0.29,-0.957,-0.061,3.179,-0.038,1.116,2.85,-0.32,0.092,0.074,196.514,132534.0,20,1.658,False,False,False,False,False,True
2281,,,,,,,,,,,,,,795629.0,2,,False,False,False,False,False,False
2284,28914.656,0.392,0.159,0.034,0.018,1.666,-0.033,0.703,1.061,0.331,0.008,-0.316,1650.921,414572.0,20,0.056,False,False,False,False,False,False
2285,56378.195,-0.177,-0.236,-0.004,-0.003,-0.014,-0.054,0.364,0.571,0.392,0.041,-0.099,258.836,731282.0,20,0.571,False,False,False,False,False,True
2286,70672.683,-0.479,-1.25,0.024,0.015,1.363,-0.029,-6.426,0.21,0.161,0.161,0.113,77.857,548430.0,20,0.607,False,False,True,False,False,True
2289,-1425.327,-0.954,-0.217,-0.717,-0.315,0.683,-0.098,2.522,,,,,,89042.0,14,,False,False,False,False,False,False
2290,-8136.665,-1.1,0.979,-0.597,-0.122,2.302,-0.08,2.195,,,,,,293136.0,18,,False,False,False,False,False,False
2300,1641.528,0.516,0.512,-0.044,-0.018,-3.705,0.229,5.798,1.15,-0.325,0.035,-0.001,526.024,109758.0,20,0.581,True,False,False,False,False,True
2301,14912.571,0.18,-0.026,0.054,0.048,-1.111,-0.085,3.272,1.788,-0.17,0.042,-0.129,408.576,153892.0,20,0.146,False,False,False,False,False,False
2308,3430.725,-0.699,-0.693,2.185,1.028,2.429,-0.177,-1.801,-1.413,0.266,0.11,0.055,189.982,70588.0,20,9.198,False,True,True,False,False,True
2312,,,,,,,,,,,,,,35139.0,4,,False,False,False,False,False,False
2315,35647.826,-0.261,0.414,-0.168,-0.08,1.516,-0.034,5.244,1.355,0.871,0.097,0.097,56.519,2712746.0,20,0.615,False,False,False,False,False,True
2317,52690.511,-4.723,-4.337,-0.114,0.007,-19.99,0.84,6.0,-0.168,0.796,0.235,-0.475,70.165,248044.0,20,0.121,False,False,False,False,False,False
2318,,,,,,,,,,,,,,253756.0,2,,False,False,False,False,False,False
2320,-667.329,-0.166,0.457,-0.123,-0.065,2.609,-0.171,0.575,3.576,5.107,0.006,0.035,2894.803,166841.0,20,0.115,False,False,False,False,True,False
2326,20884.544,-0.184,-0.105,0.082,0.066,0.635,0.029,3.273,0.653,0.547,0.11,0.125,109.486,574303.0,20,0.356,False,False,True,False,False,False
2327,60976.95,0.272,0.216,0.03,0.026,3.72,-0.212,6.062,-1.925,-0.02,0.079,-0.057,164.065,441385.0,20,1.138,False,False,False,False,True,True
2328,2254.039,-0.092,0.206,-0.004,0.054,-1.071,0.03,3.166,0.426,0.859,0.031,-0.06,609.672,100290.0,20,0.492,False,False,False,False,False,False
2331,-5874.869,2.311,1.348,0.035,0.086,13.968,-0.697,-4.044,0.882,-5.345,0.113,0.105,196.782,50536.0,20,-0.443,True,False,True,False,True,False
2359,13114.914,-1.281,0.179,0.174,0.079,4.34,-0.178,-0.494,1.048,-0.489,0.009,0.058,1238.554,637949.0,20,1.085,False,True,False,False,True,True
2379,979.588,-0.613,-0.097,-0.054,0.081,1.744,-0.068,3.568,0.335,0.04,0.061,0.06,291.698,134325.0,20,0.424,False,False,False,False,False,False
2380,58976.806,-0.252,-0.156,0.17,0.119,1.01,-0.06,1.453,-0.089,0.269,0.148,0.016,78.66,658079.0,20,0.431,False,True,False,False,False,False
2391,-5611.194,0.048,0.405,-0.107,-0.003,1.711,-0.118,3.867,0.452,0.354,0.063,0.025,246.977,233228.0,20,0.641,False,False,False,False,False,True
2429,-7725.286,-4.971,0.22,0.022,0.025,13.566,-0.822,3.759,,,,,,595511.0,7,,False,False,False,False,True,False
2443,39166.914,0.193,0.416,-0.008,0.006,-0.508,0.021,3.37,2.194,0.53,0.02,0.009,467.455,1011712.0,20,0.011,False,False,False,False,False,False
2444,5004.334,0.138,0.232,-0.05,-0.033,0.672,0.009,-0.288,0.487,-0.099,0.043,-0.014,412.989,134610.0,20,0.331,False,False,False,False,False,False
2448,9098.448,0.317,0.352,-0.107,-0.177,0.597,-0.089,1.485,0.132,-0.418,0.028,-0.075,572.556,186808.0,20,0.552,False,False,False,False,False,True
2452,14125.251,-0.506,-0.08,0.017,0.013,-0.842,0.002,2.851,1.82,0.715,0.017,-0.109,843.742,303312.0,20,0.579,False,False,False,False,False,True
2453,17353.059,-0.162,-0.378,-0.684,-0.982,-1.09,-0.007,6.559,0.581,-0.559,0.11,0.085,138.082,270237.0,20,-0.276,False,False,True,False,False,False
2455,38191.236,-1.046,-0.789,0.107,0.086,4.465,-0.122,3.88,-1.695,-0.03,0.186,0.06,74.461,416677.0,20,0.521,False,False,True,False,True,True
2467,23062.668,-0.16,-0.418,0.14,0.13,-2.711,0.034,7.527,0.977,0.853,0.051,0.011,297.719,242606.0,20,0.313,False,False,False,False,False,False
2468,25325.29,0.266,0.363,-0.014,-0.009,0.947,0.082,9.157,2.418,1.507,0.035,-0.004,305.154,711952.0,20,0.291,False,False,False,False,False,False
2469,5717.14,-0.086,0.073,0.138,0.035,1.418,-0.025,4.245,1.207,0.478,0.056,0.063,282.709,208831.0,20,0.205,False,False,False,False,False,False
2477,19332.394,-0.484,-0.472,-0.088,-0.07,2.152,-0.108,1.432,0.186,0.203,0.117,0.073,131.688,261522.0,20,0.165,False,False,True,False,False,False
2482,6943.444,0.381,0.476,-0.0,-0.0,-0.632,0.056,0.836,0.47,0.128,0.04,-0.015,361.63,283680.0,20,-0.211,False,False,False,False,False,False
2496,15553.681,0.32,0.376,0.001,0.001,0.413,-0.092,1.274,0.532,0.479,0.06,0.048,235.299,319536.0,20,-0.389,False,False,False,False,False,False
2608,6290.511,-0.137,0.009,-0.007,-0.005,5.323,-0.138,2.355,0.454,0.215,-0.006,-0.059,,442306.0,20,-0.344,False,False,False,False,True,False
2616,7717.892,-0.014,-0.221,0.342,0.269,-0.706,0.015,4.535,0.908,0.795,0.043,-0.026,409.323,140829.0,20,0.328,False,True,False,False,False,False
2682,-148.547,0.367,0.276,-0.222,-0.093,0.395,0.008,3.443,2.399,0.876,-0.022,-0.054,,74334.0,20,0.135,False,False,False,False,False,False
2691,26324.592,0.17,0.2,-0.133,-0.078,-0.538,0.035,3.427,0.296,0.471,0.053,-0.033,193.288,833133.0,20,0.168,False,False,False,False,False,False
2695,8587.263,0.323,0.357,0.18,0.129,-2.079,0.145,2.736,1.498,0.449,-0.013,-0.158,,364320.0,20,1.084,False,True,False,False,False,True
2700,21803.832,0.541,0.557,-0.043,-0.026,-1.707,0.291,2.156,2.993,0.498,0.051,0.046,166.121,1277097.0,20,0.005,True,False,False,False,False,False
2708,16196.34,-0.36,-0.311,0.275,0.221,-1.391,0.07,5.312,1.282,0.047,-0.049,-0.1,,231447.0,20,0.021,False,True,False,False,False,False
2710,16401.353,-0.469,-0.114,-0.307,-0.502,2.062,-0.071,5.012,,,,,,412302.0,17,,False,False,False,False,False,False
2711,54122.707,0.036,0.289,-0.153,-0.176,4.853,-0.355,3.873,1.585,0.807,0.022,0.0,266.5,2408557.0,20,0.504,False,False,False,False,True,True
2718,-20979.72,0.279,0.682,0.041,0.005,-0.087,0.035,1.633,1.331,0.344,0.01,-0.004,1031.309,685951.0,20,0.107,False,False,False,False,False,False
2720,293840.46,0.12,0.265,0.005,0.014,-0.537,-0.036,2.952,0.706,0.315,0.074,0.001,22.38,6698348.0,20,0.208,False,False,False,False,False,False
2723,6896.529,-0.449,0.084,-0.02,-0.01,-3.344,0.143,1.641,1.834,0.327,0.044,-0.026,383.512,161180.0,20,0.371,False,False,False,False,False,False
2725,20404.875,-0.314,0.113,-0.084,-0.07,-0.04,-0.007,1.441,2.402,0.88,0.07,0.011,156.085,706473.0,20,0.121,False,False,False,False,False,False
2733,13415.982,-0.487,-0.444,0.061,0.093,-0.712,-0.065,6.384,0.963,-0.072,0.134,0.019,136.556,134672.0,20,2.396,False,False,False,False,False,True
2735,19439.014,0.046,-0.012,0.065,0.055,-1.199,0.11,0.967,0.637,0.504,0.11,0.041,140.762,257115.0,20,0.305,False,False,True,False,False,False
2738,11306.322,-0.038,0.348,0.12,0.092,-1.811,0.08,4.456,1.228,0.596,0.033,0.038,332.125,679539.0,20,0.06,False,False,False,False,False,False
2740,34561.254,0.261,0.47,-0.011,0.036,-2.059,0.11,6.094,2.363,0.013,0.004,0.027,2097.495,983396.0,20,0.168,False,False,False,False,False,False
2750,14626.102,0.426,0.534,0.075,0.07,-0.003,0.055,4.428,1.695,0.125,0.007,-0.047,1709.714,455921.0,20,0.248,True,False,False,False,False,False
2753,1099.874,-0.304,0.519,-0.158,-0.036,1.567,-0.037,1.676,2.119,0.327,0.057,0.064,296.104,166814.0,20,-0.007,False,False,False,False,False,False
2754,7443.462,0.009,0.052,-0.154,-0.065,-2.012,0.043,5.341,1.04,0.3,0.156,0.088,113.376,162592.0,20,0.612,False,False,True,False,False,True
2759,28505.167,-0.247,0.071,0.042,0.021,0.803,-0.038,0.038,0.904,0.326,0.081,0.036,131.995,765904.0,20,-0.15,False,False,False,False,False,False
2765,11062.911,-0.515,-0.234,-0.007,-0.002,0.131,0.003,3.991,0.809,0.555,0.057,-0.068,271.157,240483.0,20,0.166,False,False,False,False,False,False
2767,40408.223,-0.532,-0.309,0.022,0.015,-0.868,-0.056,0.111,-0.48,0.174,0.084,-0.151,151.068,469503.0,20,0.646,False,False,False,False,False,True
2777,39549.14,-0.085,-0.08,0.043,0.027,-3.137,0.12,3.168,0.924,-0.071,0.048,-0.06,221.107,746492.0,20,0.677,False,False,False,False,False,True
2779,6023.925,-0.213,0.352,-0.321,-0.137,2.901,-0.33,1.359,0.767,-1.335,0.068,0.003,226.62,243510.0,20,0.015,False,False,False,False,True,False
2784,-7360.704,-1.011,0.559,0.004,0.0,5.805,-0.236,1.667,2.105,0.513,-0.058,-0.072,,237192.0,20,0.462,False,False,False,False,True,False
2787,11736.695,-0.147,-0.198,0.001,0.046,-2.503,0.08,0.295,-0.141,0.359,0.135,0.061,125.244,192306.0,20,0.766,False,False,True,False,False,True
2794,3780.433,2.921,2.941,0.338,0.169,-6.746,0.134,6.739,2.431,0.441,0.02,0.012,1043.07,55656.0,20,10.996,True,True,False,False,False,True
2804,6600.872,-0.332,-0.213,-0.136,0.051,-1.493,0.122,2.443,1.384,0.932,0.081,-0.027,207.481,173931.0,20,0.213,False,False,False,False,False,False
2805,15504.989,0.087,0.11,0.123,0.149,1.504,-0.053,2.084,0.187,0.184,0.125,0.041,121.554,280578.0,20,0.966,False,False,True,False,False,True
2828,8590.725,1.211,1.228,0.145,0.094,0.941,0.001,3.42,1.627,-0.669,0.038,-0.044,413.112,217820.0,20,0.516,True,False,False,False,False,True
2829,33449.462,0.013,0.322,-0.005,0.006,0.8,-0.029,2.166,2.112,0.375,0.057,-0.004,175.027,884209.0,20,0.069,False,False,False,False,False,False
2832,91013.447,-0.519,0.012,-0.038,0.002,0.126,0.014,0.15,0.907,0.175,0.221,0.129,39.76,1370032.0,20,0.173,False,False,True,False,False,False
2838,11406.168,0.183,0.385,-0.097,0.006,-4.821,0.185,2.979,-0.482,0.056,0.009,-0.11,1531.406,360613.0,20,0.209,False,False,False,False,False,False
2850,780.454,0.982,0.814,-0.195,-0.048,-1.923,0.082,7.364,3.775,0.773,0.065,0.109,173.188,664795.0,20,0.269,True,False,False,False,False,False
2945,-1886.659,1.235,1.198,-0.072,-0.042,-4.517,0.4,5.734,1.75,-0.011,-0.031,-0.092,,222980.0,20,-0.186,True,False,False,False,False,False
2987,-30523.537,0.464,0.444,0.119,0.067,1.325,-0.091,4.225,1.798,0.469,0.034,0.08,321.409,698667.0,20,-0.223,True,False,False,False,False,False
3017,31863.537,0.287,0.207,0.295,0.27,0.734,-0.094,3.705,-0.852,0.083,0.111,0.047,116.976,460523.0,20,0.399,False,True,True,False,False,False
3018,403.693,0.691,0.713,0.169,0.3,2.194,-0.082,7.939,0.281,0.34,0.075,0.045,319.58,30825.0,20,-0.067,False,True,False,False,False,False
3019,6355.029,0.742,0.837,0.53,0.268,-4.479,0.201,1.151,4.634,0.244,0.021,0.166,840.231,124211.0,20,-0.244,True,True,False,False,False,False
3029,-247.38,0.031,0.247,-0.005,-0.002,3.239,-0.421,-0.589,1.472,-6.869,0.06,0.058,289.35,151118.0,20,-0.281,False,False,False,False,True,False
3031,-2475.344,-0.16,0.101,-0.033,-0.009,1.368,-0.043,3.506,1.735,0.687,0.066,0.07,154.323,855903.0,20,0.384,False,False,False,False,False,False
3034,18671.762,0.173,0.416,0.005,0.003,-0.46,0.013,3.217,1.045,0.243,0.02,-0.072,558.343,626989.0,20,-0.068,False,False,False,False,False,False
3047,-1461.538,0.692,0.999,0.0,-0.031,-31.92,0.753,14.431,,,,,,84450.0,12,,False,False,False,False,False,False
3063,1187.687,0.199,0.267,-0.158,-0.006,2.689,-0.07,3.139,1.41,0.574,0.06,0.034,250.899,252579.0,20,-0.126,False,False,False,False,False,False
3066,515759.068,0.047,0.47,0.068,0.056,0.43,-0.032,2.766,1.354,0.252,0.074,-0.012,,15317679.0,20,0.203,False,False,False,False,False,False
3067,76630.15,-0.277,-0.011,-0.466,-0.295,3.609,0.008,3.466,-0.259,1.05,0.103,-0.023,93.041,1016278.0,20,0.297,False,False,False,False,False,False
3075,1155.005,0.55,0.46,0.198,0.128,-2.713,0.143,2.638,0.988,0.154,0.06,0.046,261.49,223921.0,20,-0.187,True,True,False,False,False,False
3078,4279.976,0.275,0.313,-0.264,-0.174,-3.179,0.26,0.06,-0.526,-0.214,0.583,0.586,39.051,112634.0,20,0.503,False,False,True,False,False,True
3079,8363.732,-1.254,-0.429,0.094,0.031,1.499,-0.06,2.255,2.363,0.562,0.074,-0.067,242.055,136438.0,20,0.645,False,False,False,False,False,True
3087,3323.251,0.48,0.566,-0.198,-0.106,1.061,0.023,2.035,1.492,-0.153,0.073,0.053,204.779,275940.0,20,0.15,True,False,False,False,False,False
3091,38994.147,0.106,0.499,-0.176,-0.068,1.977,-0.052,4.152,2.453,0.909,0.081,0.03,112.8,1099263.0,20,0.317,False,False,False,False,False,False
3098,23705.657,-0.179,-0.257,0.103,0.089,-4.011,0.127,-1.11,-1.523,0.192,0.008,-0.188,1848.692,228894.0,20,-0.023,False,False,False,False,False,False
3099,-32947.186,-4.538,0.114,0.064,0.026,14.853,-0.571,2.272,,,,,,669287.0,17,,False,False,False,False,True,False
3103,24951.528,0.228,0.249,0.184,0.029,-3.086,0.141,0.492,2.2,0.361,0.029,-0.036,396.748,615649.0,20,-0.366,False,True,False,False,False,False
3108,67031.155,-0.088,0.186,0.057,-0.002,-1.016,0.004,1.129,1.512,0.473,0.077,0.004,111.951,1247150.0,20,0.563,False,False,False,False,False,True
3109,2531.272,-0.185,0.24,-0.175,-0.075,1.025,-0.07,1.645,1.634,0.133,0.096,0.135,179.475,161483.0,20,0.029,False,False,False,False,False,False
3110,42918.183,-0.087,-0.053,0.151,0.124,-2.078,0.345,7.987,2.113,1.131,0.202,-0.006,69.993,397152.0,20,1.02,False,True,False,False,False,True
3113,9800.03,-0.058,0.364,0.347,0.165,0.503,-0.021,3.145,2.401,0.503,0.044,0.033,279.33,505644.0,20,0.425,False,True,False,False,False,False
3116,97071.105,-0.231,-0.177,0.003,0.003,1.035,0.149,2.322,,,,,,1383765.0,12,,False,False,False,False,False,False
3121,19438.006,0.537,0.617,0.208,0.185,0.336,-0.237,0.353,0.28,0.374,0.045,-0.003,243.379,689430.0,20,0.114,False,True,False,False,False,False
3126,27240.565,0.383,0.46,-0.012,-0.009,-0.048,0.029,0.148,2.63,0.842,-0.094,-0.137,,666463.0,20,0.031,False,False,False,False,False,False
3127,15914.683,0.772,0.674,-0.011,-0.005,-0.436,0.082,2.318,2.123,0.554,0.071,0.05,158.157,668018.0,20,0.024,True,False,False,False,False,False
3133,3373.389,0.347,0.343,0.001,0.0,-2.692,0.145,-0.2,0.813,-0.068,0.049,0.047,402.087,83716.0,20,0.036,False,False,False,False,False,False
3134,,,,,,,,,,,,,,154380.0,1,,False,False,False,False,False,False
3140,17492.644,0.269,0.292,0.003,0.002,-2.626,0.27,0.834,0.065,-0.566,0.162,0.081,92.851,303986.0,20,-0.063,False,False,True,False,False,False
3144,44795.29,0.545,0.256,-0.076,-0.064,0.499,-0.069,2.369,2.17,0.364,0.486,0.438,31.463,444315.0,20,0.197,True,False,True,False,False,False
3149,-482.602,0.453,0.518,-0.165,-0.037,-1.345,0.066,5.675,0.911,-0.023,0.058,0.054,363.593,58164.0,20,0.389,True,False,False,False,False,False
3158,3346.719,0.598,0.538,0.0,0.0,-11.038,0.584,3.051,0.425,-0.65,0.117,0.097,174.921,77857.0,20,0.646,False,False,True,False,False,True
3161,148100.983,0.016,-0.053,0.154,0.124,0.31,-0.023,-3.045,1.47,0.395,0.042,-0.335,227.77,943826.0,20,1.375,False,True,False,False,False,True
3170,23980.373,1.823,1.678,-0.118,-0.064,-6.849,0.295,1.9,3.659,0.204,0.394,0.227,44.107,255908.0,20,2.244,True,False,True,False,False,True
3178,59890.051,0.452,0.332,0.04,0.036,6.644,-0.194,1.911,-1.682,-3.782,-0.1,-0.254,,685585.0,20,0.141,False,False,False,False,True,False
3179,8928.719,0.034,0.088,0.59,0.356,-3.218,0.151,-0.347,1.356,-0.013,0.083,0.083,203.079,170691.0,20,-0.084,False,True,False,False,False,False
3182,10899.056,0.331,0.229,0.079,0.067,2.666,-0.028,1.446,2.605,-0.066,-0.026,0.087,,1010629.0,20,-0.182,False,False,False,False,False,False
3183,8804.066,0.463,0.491,-0.007,-0.036,-1.483,0.135,3.575,0.514,-0.17,0.006,-0.028,1559.251,955986.0,20,0.13,False,False,False,False,False,False
3184,9508.31,-0.266,-0.318,0.02,-0.01,-1.049,0.101,2.773,-0.014,0.619,0.191,0.152,101.351,119895.0,20,-0.561,False,False,True,False,False,False
3190,9559.179,0.556,0.481,0.043,0.029,-2.93,0.163,5.244,1.82,0.763,0.061,-0.018,265.482,192983.0,20,0.07,True,False,False,False,False,False
3193,15093.856,1.104,1.056,-0.16,0.009,-1.646,0.226,0.477,2.044,-0.879,0.005,-0.039,2182.836,598089.0,20,-0.194,True,False,False,False,False,False
3195,-19965.324,-4.313,0.028,0.012,0.018,56.616,-0.741,-0.174,,,,,,537367.0,17,,False,False,False,False,True,False
3197,14277.044,-0.014,-0.064,0.12,0.098,0.575,0.206,9.519,-1.112,0.797,0.202,0.098,85.268,198033.0,20,1.679,False,False,True,False,False,True
3206,8059.573,0.057,0.197,-0.059,-0.036,4.027,-0.195,3.034,0.622,0.61,0.055,0.07,197.383,722189.0,20,0.158,False,False,False,False,True,False
3210,-3481.122,0.292,0.381,-0.446,-0.137,3.99,-0.129,5.193,2.587,0.075,-0.08,-0.055,,1507059.0,20,-0.081,False,False,False,False,True,False
3217,20599.654,-0.211,0.042,0.298,0.242,-0.853,0.042,5.698,1.262,0.476,0.059,-0.013,233.163,356696.0,20,-0.083,False,True,False,False,False,False
3218,29708.764,-0.486,-0.156,0.023,0.022,1.487,-0.146,1.43,0.496,1.047,0.045,0.004,253.851,602014.0,20,0.418,False,False,False,False,False,False
3219,28092.469,-0.947,-0.921,0.491,0.359,1.053,-0.099,0.479,-0.075,0.152,0.067,-0.025,202.645,376055.0,20,1.057,False,True,False,False,False,True
3225,76052.466,1.254,1.131,0.091,0.05,-5.949,2.783,2.278,2.734,7.427,0.264,0.073,41.257,890741.0,20,0.748,True,False,True,False,False,True
3226,29613.678,0.363,0.568,-0.003,0.097,0.587,0.297,1.842,1.465,0.538,0.049,0.057,196.041,969580.0,20,0.073,False,False,False,False,False,False
3228,17022.532,0.35,0.43,0.023,0.039,-0.503,0.018,3.147,2.233,0.418,0.012,-0.023,774.834,944535.0,20,0.276,False,False,False,False,False,False
3230,77444.812,0.688,0.675,-0.134,-0.07,-3.553,0.265,5.499,3.639,-0.433,0.035,-0.082,309.637,703342.0,20,1.313,True,False,False,False,False,True
3232,1518.806,0.167,0.452,-0.362,-0.052,16.21,-0.411,8.945,3.404,-1.33,0.069,0.095,318.598,50327.0,20,41.084,False,False,False,False,True,True
3237,4835.922,1.109,1.138,-0.029,-0.24,6.491,-0.689,5.912,-9.32,2.178,0.024,-0.36,845.064,60856.0,20,1.916,False,False,False,False,True,True
3248,-488.827,-0.448,0.192,0.004,-0.022,0.344,0.024,-0.392,0.425,0.425,0.073,-0.004,261.999,99323.0,20,-0.395,False,False,False,False,False,False
3250,182558.313,0.449,0.609,0.057,0.049,-1.04,0.08,3.496,1.02,0.352,0.041,-0.015,78.275,4530899.0,20,0.036,True,False,False,False,False,False
3255,-2351.107,-0.344,0.398,-0.01,-0.002,2.079,-0.041,1.342,3.875,0.698,0.055,0.012,282.13,226082.0,20,0.695,False,False,False,False,False,True
3256,42685.221,0.359,0.427,-0.036,-0.019,1.008,-0.008,4.165,0.221,0.419,0.006,-0.043,895.054,2435028.0,20,0.05,False,False,False,False,False,False
3268,-6346.574,0.197,0.303,0.157,0.226,-3.223,0.347,4.708,-0.112,-1.337,0.01,0.03,1320.392,321576.0,20,-0.363,False,True,False,False,False,False
3269,-9964.024,0.789,0.739,0.021,0.018,-6.116,0.326,5.756,0.963,0.441,0.064,0.04,183.839,586659.0,20,0.096,True,False,False,False,False,False
3275,4256.905,-0.491,0.08,-0.236,-0.087,-0.826,-0.005,4.131,3.155,1.013,-0.022,0.034,,291491.0,20,-0.006,False,False,False,False,False,False
3276,145306.37,0.621,0.583,-0.031,0.019,-1.243,0.116,4.835,1.538,0.516,0.048,-0.044,96.295,3267608.0,20,0.075,True,False,False,False,False,False
3279,21421.338,-0.101,0.134,0.346,0.693,0.214,-0.049,5.426,0.809,-0.17,0.157,0.154,78.212,579700.0,20,0.61,False,True,True,False,False,True
3281,181818.19,0.501,0.34,-0.045,-0.021,-3.124,-0.066,-1.685,,,,,,376689.0,8,,False,False,False,False,False,False
3285,147950.066,-0.164,0.124,0.25,0.137,0.205,-0.085,3.307,1.67,0.18,0.064,0.033,49.232,4679568.0,20,0.604,False,True,False,False,False,True
3286,8148.466,-0.119,0.284,-0.028,-0.002,-0.848,0.039,3.608,2.213,-0.358,0.035,0.072,301.624,743443.0,20,0.219,False,False,False,False,False,False
3289,3432.785,-0.622,-0.079,-0.003,0.007,5.188,-0.152,6.558,0.511,0.067,0.071,0.056,216.844,245569.0,20,1.559,False,False,False,False,True,True
3292,6172.809,0.92,0.608,-0.401,-0.06,-8.703,0.322,0.496,2.427,1.0,0.064,0.026,202.359,441327.0,20,0.622,True,False,False,False,False,True
3293,12233.531,0.212,0.193,-0.028,-0.013,-2.584,0.126,-2.643,0.096,0.481,0.101,0.015,153.188,248881.0,20,0.496,False,False,False,False,False,False
3301,101049.254,0.304,-0.086,0.013,0.007,-2.171,0.014,-2.371,2.722,0.442,0.037,-0.742,263.371,890047.0,20,0.761,False,False,False,False,False,True
3302,19222.301,0.121,0.183,0.125,0.073,-2.552,0.4,3.707,0.373,0.223,0.176,0.128,82.7,352752.0,20,-0.142,False,False,True,False,False,False
3303,-147.059,0.612,0.586,0.0,0.0,-4.3,0.188,0.462,1.573,0.228,0.019,0.04,1241.851,26714.0,20,,True,False,False,False,False,False
3305,-14637.48,0.819,0.829,-0.05,-0.011,-1.185,0.189,6.713,4.832,1.162,0.033,0.102,372.383,468688.0,20,0.205,True,False,False,False,False,False
3320,-993.675,-0.291,0.289,0.013,0.002,-1.962,0.2,0.34,2.574,0.199,0.062,0.035,273.448,166149.0,20,-0.742,False,False,False,False,False,False
3325,95830.265,0.995,0.897,0.014,-0.037,-1.212,0.153,2.606,1.147,0.068,0.101,0.146,73.892,1697242.0,20,-0.024,True,False,True,False,False,False
3327,-685.546,0.444,1.08,0.65,0.396,-0.911,0.073,3.713,2.753,0.05,0.099,0.116,177.711,151267.0,20,0.022,True,True,False,False,False,False
3330,74221.82,-0.186,-0.063,-0.241,-0.205,-0.725,0.008,1.188,-0.318,0.487,0.06,-0.052,153.683,1047468.0,20,0.453,False,False,False,False,False,False
3335,12503.747,1.515,1.125,0.146,0.1,-10.219,0.39,-1.444,5.279,-0.911,1.019,1.016,24.05,146286.0,20,0.554,True,False,True,False,False,True
3336,5961.717,0.502,0.911,0.0,0.0,-7.031,0.389,-0.126,5.602,0.408,0.094,0.116,209.764,89390.0,20,2.252,True,False,False,False,False,True
3337,105205.573,0.43,0.122,0.017,0.009,2.916,-0.233,-0.157,0.524,0.572,0.21,0.086,44.968,1172965.0,20,0.905,False,False,True,False,True,True
3339,-1264.364,1.703,1.65,0.004,0.001,-6.512,0.348,0.951,3.69,-0.28,-0.089,-0.186,,504922.0,20,0.842,True,False,False,False,False,True
3342,14852.971,0.062,0.228,0.059,0.088,-0.367,-0.008,3.601,1.605,0.686,0.114,0.128,132.412,282454.0,20,0.92,False,False,True,False,False,True
3351,-625.089,-0.195,-0.068,-0.556,-0.231,-3.88,0.16,-1.435,4.451,-0.443,-0.005,0.199,,53106.0,20,0.378,False,False,False,False,False,False
3363,151517.486,-1.248,0.131,0.017,0.061,-8.246,0.027,5.144,,,,,,4272248.0,6,,False,False,False,False,False,False
3368,5127.579,-0.429,0.098,-0.05,-0.006,3.526,-0.104,3.608,-0.527,-0.357,0.155,0.099,112.451,173228.0,20,0.473,False,False,True,False,True,False
3376,-3879.862,0.34,0.763,0.638,0.39,0.815,-0.031,5.218,3.011,-0.139,0.082,0.195,170.219,345802.0,20,0.131,False,True,False,False,False,False
3384,19061.717,-0.372,-0.403,0.075,0.053,-0.346,-0.004,2.976,1.162,0.674,-0.008,-0.046,,450527.0,20,-0.188,False,False,False,False,False,False
3387,129282.944,0.493,0.602,0.008,0.043,-0.199,0.013,4.469,1.944,0.157,-0.014,-0.087,,1862376.0,20,0.519,True,False,False,False,False,True
3388,7546.842,-0.164,0.13,-0.275,-0.097,-0.829,0.047,3.834,3.198,0.394,0.057,0.077,280.513,204770.0,20,3.13,False,False,False,False,False,True
3389,69778.731,-0.12,0.086,0.13,0.066,0.188,-0.032,1.978,1.88,0.197,0.115,0.154,79.743,1139913.0,20,0.181,False,False,True,False,False,False
3399,6709.805,0.204,0.24,0.443,0.313,-2.241,0.078,0.439,-0.828,1.374,0.125,0.019,153.515,107177.0,20,-0.015,False,True,False,False,False,False
3400,26559.862,0.59,0.564,0.401,0.33,-0.149,0.035,2.414,1.471,0.549,0.038,-0.006,319.005,518795.0,20,0.537,True,True,False,False,False,True
3401,15462.553,0.057,0.057,0.138,0.066,-7.702,0.237,0.565,0.978,-0.116,0.158,0.14,111.318,167945.0,20,-0.45,False,False,True,False,False,False
3402,-119090.4,2.686,-0.128,-3.086,-2.024,2.974,-0.499,5.151,,,,,,1821396.0,6,,False,False,False,False,True,False
3405,473353.371,-0.387,-0.321,-0.031,-0.018,-1.416,0.051,-0.428,0.268,-0.108,0.113,0.058,26.373,4934452.0,20,0.132,False,False,True,False,False,False
3430,-369280.523,0.556,0.756,0.031,0.003,-1.536,0.192,-0.4,1.622,-0.429,-0.017,0.059,,5827278.0,20,0.008,True,False,False,False,False,False
3440,3790.331,0.861,0.848,-0.159,-0.043,-1.195,0.079,3.183,2.534,0.323,0.026,0.032,256.565,1924057.0,20,0.096,True,False,False,False,False,False
3579,-4952.051,-0.013,0.414,-0.578,-0.159,3.814,-0.159,3.086,2.38,-0.45,-0.04,0.03,,354872.0,20,0.213,False,False,False,False,True,False
3598,-4131.678,-3.198,0.507,0.0,0.0,8.566,-0.136,3.57,,,,,,121475.0,12,,False,False,False,False,True,False
3599,8113.477,0.124,0.102,-0.012,-0.006,-2.571,0.147,2.978,1.412,0.493,0.079,0.033,219.205,157639.0,20,0.05,False,False,False,False,False,False
3600,-17.368,0.216,0.387,0.039,0.024,-1.922,0.065,1.266,1.3,-0.077,-0.033,-0.105,,24164.0,20,0.46,False,False,False,False,False,False
3601,1418.466,-0.183,0.05,0.143,0.069,3.462,-0.065,3.686,-0.373,0.602,0.123,0.042,165.672,83007.0,20,0.353,False,False,True,False,False,False
3603,375778.818,0.709,0.52,-0.061,0.024,-2.377,0.1,5.781,2.151,-0.015,0.196,0.175,8.479,6846609.0,20,0.05,True,False,True,True,False,False
3607,2393.116,0.848,-0.418,0.116,0.065,-8.194,0.451,1.05,,,,,,165136.0,14,,False,False,False,False,False,False
3612,29230.734,-0.207,-0.029,1.078,0.787,1.69,-0.107,1.153,0.303,-0.084,0.051,0.028,219.344,662189.0,20,0.073,False,True,False,False,False,False
3614,21887.771,0.127,0.322,-0.063,-0.049,0.214,0.05,2.039,1.355,0.593,0.062,0.052,196.843,506410.0,20,0.508,False,False,False,False,False,True
3615,8596.286,-1.675,-1.153,-0.025,-0.06,20.183,-0.891,-6.392,,,,,,86748.0,8,,False,False,False,False,True,False
3639,16280.09,-1.88,-0.602,-0.01,0.058,2.661,-0.07,2.659,1.126,0.822,-0.025,-0.056,,383823.0,20,1.198,False,False,False,False,False,True
3657,562232.114,0.276,0.173,0.032,0.008,-6.849,0.254,3.634,0.294,-0.238,0.051,-0.037,15.714,8221637.0,20,0.391,False,False,False,False,False,False
3661,-4759.29,0.122,0.0,-0.053,-0.08,0.31,0.077,-1.876,-1.037,0.705,0.051,-0.03,258.433,409070.0,20,0.211,False,False,False,False,False,False
3664,225731.095,0.352,0.352,0.101,0.094,-1.874,0.058,5.393,0.312,0.478,0.063,-0.048,90.001,2542843.0,20,0.031,False,False,False,False,False,False
3674,33455.925,0.272,0.328,0.028,0.018,1.502,-0.057,-1.698,0.344,0.162,0.079,-0.003,165.577,427470.0,20,0.412,False,False,False,False,False,False
3677,-199.113,0.602,0.778,0.009,0.059,-3.42,0.196,7.497,0.715,0.156,0.082,0.044,170.61,341050.0,20,0.134,False,False,False,False,False,False
3688,5005.805,0.245,0.151,0.126,0.081,-2.026,0.047,1.407,1.839,-0.149,0.027,-0.036,694.9,93109.0,20,0.957,False,False,False,False,False,True
3691,1616.764,0.437,0.513,-0.207,-0.111,-1.171,0.067,-1.049,1.367,0.19,-0.019,-0.077,,319553.0,20,-0.362,True,False,False,False,False,False
3693,-2344.435,-0.169,-0.194,0.0,0.415,24.167,-0.415,-0.19,,,,,,49120.0,19,,False,True,False,False,True,False
3698,9060.018,0.12,0.099,0.076,0.058,1.172,0.02,1.011,-0.612,-0.558,0.169,0.119,107.904,148930.0,20,1.406,False,False,True,False,False,True
3701,31075.862,0.061,0.171,0.26,0.186,0.402,-0.047,3.735,1.632,0.314,0.066,0.059,152.725,865346.0,20,0.154,False,True,False,False,False,False
3702,6564.722,0.502,0.37,0.004,0.002,-0.88,0.033,2.118,2.106,0.822,0.023,-0.046,647.872,263263.0,20,0.306,True,False,False,False,False,False
3705,480904.4,0.234,0.24,-0.017,-0.018,-1.078,0.087,2.616,0.082,0.246,0.09,0.105,9.177,8200993.0,20,0.449,False,False,False,True,False,False
3711,13986.036,-0.499,-0.054,-0.231,-0.125,-0.068,-0.035,3.83,0.611,0.332,0.043,0.024,251.62,702788.0,20,0.265,False,False,False,False,False,False
3713,2490.992,0.932,0.975,-0.027,-0.012,-4.1,0.442,5.82,1.569,0.329,0.04,-0.024,336.773,374740.0,20,0.348,True,False,False,False,False,False
3719,232861.158,0.047,0.08,-0.064,-0.056,-2.221,0.036,-0.956,0.315,0.172,0.154,0.012,44.552,2035262.0,20,0.925,False,False,False,False,False,True
3720,30823.077,0.046,0.098,-0.213,-0.145,-1.023,0.071,1.177,-0.111,0.053,0.127,-0.035,107.205,405122.0,20,0.103,False,False,False,False,False,False
3722,440.758,-0.317,-0.069,0.041,0.108,10.226,-0.297,2.483,1.939,0.114,-0.027,0.001,,701422.0,20,0.018,False,False,False,False,True,False
3732,13866.989,0.104,0.388,0.026,0.023,0.763,-0.096,5.006,1.456,0.115,0.021,-0.033,458.174,913916.0,20,0.231,False,False,False,False,False,False
3745,1854.394,0.017,0.121,-0.175,-0.069,-1.315,0.071,0.668,2.432,0.14,0.07,0.009,259.762,123696.0,20,0.11,False,False,False,False,False,False
3747,44086.902,0.079,0.178,-0.066,-0.062,-1.095,0.072,3.221,0.115,0.228,0.114,0.016,96.799,739816.0,20,0.69,False,False,False,False,False,True
3749,9179.011,-0.39,-0.271,-0.045,-0.017,-2.461,0.076,1.728,-0.662,0.68,0.1,-0.033,165.285,196293.0,20,0.045,False,False,False,False,False,False
3759,-9213.386,0.211,0.555,-0.141,-0.036,0.796,0.064,0.921,2.799,0.449,0.001,0.021,10846.491,237143.0,20,0.694,False,False,False,False,False,True
3761,-217.426,-0.131,0.174,-0.229,-0.086,2.14,-0.018,2.96,1.698,0.402,0.005,-0.06,3681.76,78665.0,20,1.89,False,False,False,False,False,True
3762,5960.331,0.262,0.335,-0.097,-0.062,-0.629,0.085,5.18,-0.306,0.707,0.073,-0.072,223.637,196243.0,20,1.112,False,False,False,False,False,True
3770,2542.141,0.008,0.206,0.004,-0.012,-4.457,0.122,-0.44,1.617,0.524,0.025,-0.019,847.113,58495.0,20,0.118,False,False,False,False,False,False
3775,66352.611,-0.196,0.167,-0.489,-0.254,-0.005,0.021,5.509,,,,,,1794976.0,19,,False,False,False,False,False,False
3777,-5051.356,0.799,0.916,-0.47,-0.287,-2.797,0.136,4.947,1.543,0.088,0.019,0.021,600.611,632355.0,20,-0.06,True,False,False,False,False,False
3787,56815.802,-0.019,0.249,0.093,0.104,1.272,-0.017,4.402,0.691,0.36,0.121,0.081,65.221,1550080.0,20,0.349,False,False,True,False,False,False
3792,-10716.144,-0.259,0.166,0.116,0.03,6.724,-0.14,-4.849,1.272,-0.172,-0.034,-0.062,,627517.0,20,-0.217,False,False,False,False,True,False
3799,47416.141,-0.669,-0.567,-0.27,-0.056,2.036,-0.059,0.788,1.179,0.49,0.16,0.121,70.023,740219.0,20,0.543,False,False,True,False,False,True
3805,2566.075,0.461,0.628,0.058,0.091,-1.3,0.139,3.791,1.169,0.38,0.099,0.048,207.111,76177.0,20,,True,False,False,False,False,False
3807,2608.586,0.152,0.251,-0.065,-0.043,0.813,-0.039,2.333,0.093,0.326,0.087,0.028,200.864,151073.0,20,0.817,False,False,False,False,False,True
3808,3405.811,0.119,0.194,-0.281,-0.175,-0.827,0.031,-0.346,1.662,0.765,0.088,0.1,202.153,142916.0,20,0.141,False,False,False,False,False,False
3809,108212.129,0.169,0.208,-0.088,-0.045,-0.795,0.021,2.813,0.633,0.64,0.07,-0.023,95.393,2005305.0,20,0.097,False,False,False,False,False,False
3814,-6959.179,-0.089,0.365,0.082,0.065,0.758,0.005,3.217,1.679,0.003,-0.021,-0.049,,442017.0,20,-0.161,False,False,False,False,False,False
3817,,,,,,,,,,,,,,101491.0,1,,False,False,False,False,False,False
3818,-1271.29,-0.108,0.09,0.253,0.794,2.971,-0.148,1.154,1.447,0.499,-0.047,0.001,,82696.0,20,-0.453,False,True,False,False,True,False
3821,6792.451,-0.036,0.313,0.061,0.064,-0.036,0.049,2.955,2.084,0.529,0.041,0.023,354.512,279954.0,20,0.454,False,False,False,False,False,False
3826,-2864.827,0.337,0.573,0.011,0.004,1.166,-0.015,1.573,1.738,0.125,0.073,0.188,280.738,71387.0,20,-0.386,False,False,False,False,False,False
3827,459.362,-0.217,0.314,0.027,0.016,-0.201,-0.003,3.092,2.027,0.202,0.048,-0.04,397.38,92081.0,20,0.153,False,False,False,False,False,False
3830,-740.776,-0.32,0.342,-0.033,-0.001,-0.426,0.07,1.369,2.492,0.81,0.054,0.062,301.884,184679.0,20,0.675,False,False,False,False,False,True
3834,11527.648,-0.723,-0.568,-0.174,-0.102,7.38,-0.285,1.042,-0.873,-0.699,0.082,-0.082,224.738,120622.0,20,1.581,False,False,False,False,True,True
3837,1163.266,0.301,0.614,-0.021,0.002,0.428,0.102,0.532,2.159,0.263,0.081,0.074,229.9,114175.0,20,0.125,False,False,False,False,False,False
3840,7141.065,-0.401,0.189,-0.12,-0.057,1.825,-0.067,3.672,1.984,0.55,0.037,0.046,330.743,492423.0,20,0.394,False,False,False,False,False,False
3842,34494.8,0.317,0.175,0.24,0.154,-0.018,-0.006,2.16,0.919,0.534,0.02,0.024,473.13,948812.0,20,0.057,False,True,False,False,False,False
3845,-1089.315,-0.051,0.653,0.226,0.113,-1.567,0.073,-1.173,,,,,,96141.0,12,,False,True,False,False,False,False
3846,4279.218,0.162,0.215,0.156,0.053,0.25,0.036,1.931,1.088,0.195,0.001,-0.015,19700.217,270115.0,20,-0.164,False,True,False,False,False,False
3850,916.971,0.135,0.358,0.325,0.181,-1.639,0.141,1.164,2.913,-0.065,0.001,-0.01,18679.478,56959.0,20,0.353,False,True,False,False,False,False
3854,10214.8,0.499,0.511,0.135,0.144,-2.46,0.199,5.43,0.231,-0.086,0.11,0.06,130.126,334697.0,20,0.172,False,False,True,False,False,False
3863,10670.478,0.634,0.588,-0.139,-0.059,-2.742,0.129,4.335,1.392,-0.19,0.084,0.058,137.601,614947.0,20,0.473,True,False,False,False,False,False
3864,100253.498,0.763,0.66,0.006,0.01,-0.4,0.117,3.998,0.194,0.329,0.031,-0.011,194.978,2297413.0,20,0.217,False,False,False,False,False,False
3869,45662.574,0.155,0.322,0.006,0.013,0.258,0.015,2.354,1.199,0.936,0.077,-0.011,115.887,1177237.0,20,0.521,False,False,False,False,False,True
3873,2386.809,-0.195,0.448,0.027,-0.213,0.22,-0.175,1.977,1.363,0.358,0.026,0.0,472.685,498566.0,20,0.867,False,False,False,False,False,True
3887,83546.165,0.087,0.069,-0.019,-0.016,0.624,-0.028,0.306,0.478,0.089,0.019,-0.023,293.273,2554094.0,20,0.072,False,False,False,False,False,False
3896,6204.932,-0.088,0.151,-0.085,-0.04,-0.427,0.035,-0.088,1.205,0.526,0.073,0.08,198.807,308386.0,20,0.888,False,False,False,False,False,True
3902,1470.857,0.801,0.872,-0.579,-0.271,-7.843,0.169,2.393,0.683,0.539,-0.002,-0.078,,179838.0,20,0.048,False,False,False,False,False,False
3914,,,,,,,,,,,,,,319992.0,5,,False,False,False,False,False,False
3919,-303.648,-0.174,0.241,0.885,0.422,-0.599,0.085,-1.931,0.011,-0.469,0.103,0.026,199.143,77594.0,20,0.62,False,True,False,False,False,True
3931,517143.874,0.108,-0.176,0.311,0.246,-0.974,-0.135,6.747,2.629,1.066,-0.009,-0.242,,5277526.0,20,0.966,False,True,False,False,False,True
3934,1702.665,0.413,0.397,0.138,0.12,0.207,-0.095,3.724,1.99,0.631,-0.06,-0.075,,61946.0,20,-0.041,True,False,False,False,False,False
3973,200649.738,0.224,0.231,0.027,-0.01,1.506,-0.086,1.561,0.973,-0.986,0.017,-0.016,168.145,4868698.0,20,-0.057,False,False,False,False,False,False
3977,1371.573,-0.086,0.227,0.015,0.004,0.671,-0.126,-0.71,1.543,0.793,0.091,0.059,203.407,119632.0,20,0.748,False,False,False,False,False,True
3985,-355.624,0.463,0.524,0.006,0.002,-0.825,0.006,-1.107,3.731,-0.073,-0.074,-0.021,,28637.0,20,,True,False,False,False,False,False
3999,23657.194,-0.016,0.055,-0.016,-0.009,0.901,-0.01,1.723,-0.342,0.474,0.101,-0.067,127.123,465664.0,20,0.159,False,False,False,False,False,False
4009,103768.866,-0.131,-0.044,0.023,0.097,1.847,-0.091,5.527,0.327,0.053,0.06,-0.015,113.762,1919735.0,20,0.88,False,False,False,False,False,True
4016,88230.084,-0.342,-0.151,-0.304,-0.194,0.623,-0.036,3.829,0.883,0.335,0.071,0.092,90.656,2105071.0,20,0.158,False,False,False,False,False,False
4028,173303.374,0.249,0.305,0.012,0.036,0.293,-0.08,4.011,1.166,0.542,0.099,0.066,46.934,3296280.0,20,0.342,False,False,False,False,False,False
4029,27043.48,-0.187,0.15,0.21,0.216,0.817,-0.006,3.681,1.521,0.905,0.037,0.056,255.471,991793.0,20,0.008,False,True,False,False,False,False
4031,1224.43,0.756,0.857,-0.186,-0.198,0.089,-0.003,0.89,1.459,0.467,0.059,0.152,232.46,364370.0,20,-0.608,True,False,False,False,False,False
4032,17623.353,0.058,0.336,0.196,0.164,-2.451,-0.217,3.609,,,,,,894163.0,17,,False,True,False,False,False,False
4033,-92068.682,-0.697,0.884,1.74,0.254,34.134,-0.663,-6.795,,,,,,243005.0,16,,False,True,False,False,True,False
4037,13246.105,0.4,0.154,0.009,0.009,-0.442,0.021,2.221,2.466,0.718,0.058,0.062,189.071,708374.0,20,0.189,False,False,False,False,False,False
4041,34609.847,-0.583,-0.193,0.145,0.17,1.256,-0.068,6.799,-1.046,0.426,0.457,-0.036,37.122,304336.0,20,3.782,False,True,False,False,False,True
4042,-61460.289,0.745,0.241,0.496,0.265,7.549,-0.2,-14.773,-1.346,-0.521,0.098,0.037,114.172,694019.0,20,0.088,False,True,False,False,True,False
4048,46809.97,-0.405,-0.303,0.305,0.148,-0.827,-0.078,-7.11,-1.29,0.875,0.135,0.07,74.573,939588.0,20,-0.002,False,True,True,False,False,False
4049,80.274,0.206,0.222,1.15,1.148,0.815,-0.427,6.255,-1.894,-3.642,-0.023,-0.042,,197565.0,20,0.032,False,True,False,False,False,False
4050,2903.865,1.425,1.408,0.331,0.187,-6.326,0.423,9.665,2.487,0.674,0.077,0.028,195.439,270466.0,20,0.483,True,True,False,False,False,False
4051,7409.314,-0.212,-0.233,-0.141,0.117,-10.981,0.277,2.862,-0.744,0.155,0.179,-0.022,115.144,86667.0,20,11.537,False,False,False,False,False,True
4054,8832.872,-0.034,0.083,-0.794,-0.526,-3.952,0.098,3.165,0.06,0.132,0.186,-0.088,102.943,123047.0,20,0.696,False,False,False,False,False,True
4059,867.871,0.455,0.207,-0.031,-0.009,-0.612,0.036,0.211,2.817,0.209,0.001,-0.022,18185.951,172543.0,20,-0.247,True,False,False,False,False,False
4061,5449.573,-0.336,-0.188,-0.972,-0.724,4.034,-0.174,1.813,1.456,0.967,0.073,0.088,240.416,143781.0,20,-0.155,False,False,False,False,True,False
4062,35420.499,0.229,0.464,0.294,0.203,1.068,0.016,-0.68,2.303,0.427,0.033,0.025,277.847,1068072.0,20,-0.008,False,True,False,False,False,False
4067,2979.02,-0.01,0.155,0.077,0.034,-0.119,-0.021,0.393,1.158,0.136,0.03,-0.02,520.612,204623.0,20,-0.084,False,False,False,False,False,False
4071,4642.024,0.366,0.428,-0.277,-0.105,-4.069,0.243,4.0,3.144,0.908,0.056,0.002,319.884,124804.0,20,0.469,False,False,False,False,False,False
4076,-1254.319,0.565,0.664,0.027,0.071,-2.676,0.122,3.747,-0.14,0.044,0.051,0.049,381.819,82911.0,20,0.082,False,False,False,False,False,False
4084,17113.474,-0.224,-0.112,0.096,0.082,2.664,-0.141,0.23,-0.749,-0.995,0.064,-0.032,200.844,439954.0,20,0.009,False,False,False,False,True,False
4086,-3978.141,-0.514,0.289,0.034,0.05,0.017,-0.03,1.409,2.396,-0.021,-0.038,-0.007,,293745.0,20,0.13,False,False,False,False,False,False
4087,24007.417,0.062,0.083,0.275,0.249,-1.827,0.171,4.305,-0.407,-0.779,0.133,0.047,97.858,466922.0,20,0.892,False,True,True,False,False,True
4091,617565.05,0.347,0.375,-0.136,-0.058,-5.565,0.27,6.32,1.19,0.142,0.295,0.342,8.837,5644142.0,20,1.541,False,False,True,True,False,True
4092,3497.973,1.062,1.123,-0.159,-0.143,-1.622,0.247,-0.742,1.063,-1.883,0.042,-0.028,431.784,117309.0,20,0.611,True,False,False,False,False,True
4094,-5621.125,-0.212,-0.152,0.384,0.136,3.929,-0.174,-0.337,4.366,1.398,-0.111,-0.022,,85254.0,20,0.875,False,True,False,False,True,True
4097,-1195.371,-1.059,0.25,0.518,0.226,2.313,-0.16,3.64,3.437,-0.58,0.019,0.002,938.411,125060.0,20,1.519,False,True,False,False,False,True
4098,-209.856,-0.108,0.194,0.059,0.01,-3.643,0.142,-0.346,0.094,0.121,-0.029,-0.1,,23000.0,20,,False,False,False,False,False,False
4111,1658.803,0.337,0.344,0.072,0.063,-1.025,0.147,0.956,0.647,0.524,0.001,-0.04,18069.445,103917.0,20,-0.066,False,False,False,False,False,False
4122,-893.134,0.067,0.216,-0.513,-0.158,-1.105,-0.005,1.102,1.431,1.078,0.046,0.039,484.594,44523.0,20,-0.797,False,False,False,False,False,False
4123,-647.802,0.638,0.771,0.039,0.171,-0.294,0.002,2.59,2.034,0.317,0.013,0.001,1474.349,92416.0,20,0.308,True,True,False,False,False,False
4132,-37.859,0.462,0.449,0.095,0.612,0.214,-0.056,3.154,0.952,-0.002,-0.003,-0.011,,445116.0,20,0.056,True,True,False,False,False,False
4134,9207.332,-0.463,-0.485,0.673,0.3,10.798,-0.4,-1.236,,,,,,114298.0,14,,False,True,False,False,True,False
4144,-188.602,0.719,0.705,0.779,0.408,0.328,-0.053,0.781,2.426,-1.675,-0.055,-0.026,,22333.0,20,,True,True,False,False,False,False
4145,1188.923,0.322,0.243,-0.082,-0.179,-0.243,0.108,1.701,1.596,0.834,0.024,0.044,483.755,575618.0,20,-0.062,False,False,False,False,False,False
4146,-5774.683,0.322,0.566,-0.174,-0.036,2.438,0.035,4.181,0.69,0.073,0.052,0.044,239.73,482448.0,20,0.201,False,False,False,False,False,False
4147,147457.05,0.884,0.68,-0.21,-0.156,0.381,0.121,1.766,3.202,-0.089,0.089,0.084,76.475,1944068.0,20,0.411,True,False,False,False,False,False
4148,-6535.432,1.627,1.568,0.069,0.001,-5.838,0.427,7.745,3.366,-0.308,-0.005,0.041,,206413.0,20,0.857,True,False,False,False,False,True
4160,252215.892,0.067,0.116,0.525,0.47,1.494,-0.099,-1.065,1.375,0.011,0.17,0.116,40.134,2072897.0,20,0.715,False,True,True,False,False,True
4161,1287.807,-0.663,0.4,-0.737,-1.26,1.876,0.119,-0.189,,,,,,84158.0,14,,False,False,False,False,False,False
4170,1171.678,-0.278,0.09,-0.705,-0.424,3.357,-0.101,-0.265,1.087,0.029,0.047,0.053,307.589,301964.0,20,0.113,False,False,False,False,True,False
4173,9424.048,-0.336,0.067,1.004,0.623,-1.502,-0.001,2.089,1.659,0.112,0.006,-0.056,2290.563,351216.0,20,0.33,False,True,False,False,False,False
4178,38416.827,0.342,0.363,-0.099,-0.04,0.904,0.088,3.669,0.893,0.166,0.026,-0.034,373.324,915660.0,20,0.156,False,False,False,False,False,False
4181,20240.343,-0.792,-0.216,-0.031,-0.009,11.314,-0.31,1.106,,,,,,341703.0,6,,False,False,False,False,True,False
4185,52845.257,0.211,0.21,0.257,0.22,4.369,-0.037,0.03,0.604,-0.37,0.127,0.041,97.965,540106.0,20,0.013,False,True,True,False,False,False
4187,2247.477,-0.015,-0.083,0.075,0.055,-1.626,0.146,0.725,0.59,-0.201,0.028,-0.014,510.52,293501.0,20,0.476,False,False,False,False,False,False
4190,-11291.272,0.117,0.311,-0.031,-0.011,0.27,-0.044,0.591,0.926,0.282,-0.023,-0.034,,1494982.0,20,0.14,False,False,False,False,False,False
4193,13691.459,-0.642,-0.569,-0.188,-0.11,3.73,-0.248,1.427,1.603,1.486,0.049,0.013,326.661,200690.0,20,0.08,False,False,False,False,True,False
4196,1015.359,0.394,0.493,0.677,0.623,3.575,-0.159,1.452,0.869,0.249,-0.099,-0.128,,129053.0,20,-0.926,False,True,False,False,True,False
4199,-7291.035,-3.724,0.352,0.194,0.059,-1.034,-0.012,-0.114,,,,,,129675.0,12,,False,True,False,False,False,False
4208,30455.134,-0.379,-0.217,-0.002,-0.002,-3.812,0.049,0.976,1.061,-0.106,0.011,-0.117,1220.03,389424.0,20,0.055,False,False,False,False,False,False
4209,637.735,-0.066,0.103,0.27,0.157,-1.277,0.063,2.354,-0.854,0.611,0.109,0.076,198.608,58370.0,20,0.328,False,True,True,False,False,False
4211,45409.368,0.353,0.375,0.154,0.155,-0.489,0.055,2.89,1.413,0.76,0.046,-0.032,213.342,909962.0,20,0.371,False,True,False,False,False,False
4217,-7937.068,1.211,1.365,0.485,0.359,-0.289,0.128,8.459,2.277,0.221,-0.088,-0.131,,72450.0,20,-0.437,True,True,False,False,False,False
4222,906.508,-0.544,0.241,-0.16,-0.048,1.097,-0.041,0.756,2.305,0.369,0.053,0.003,396.553,57976.0,20,,False,False,False,False,False,False
4228,6484.544,-0.519,-0.019,0.004,0.008,0.484,-0.079,2.909,1.793,0.488,0.05,0.006,286.579,312971.0,20,0.093,False,False,False,False,False,False
4232,1837.429,-0.35,0.117,0.0,-0.028,1.593,-0.091,0.525,1.542,2.276,0.009,-0.021,2064.62,114014.0,20,0.6,False,False,False,False,False,True
4235,4779.904,0.011,-0.085,0.124,0.064,1.179,-0.045,0.365,0.83,-0.457,0.112,0.152,136.008,270117.0,20,0.026,False,False,True,False,False,False
4236,18403.083,-0.284,-0.089,-0.019,-0.005,0.146,-0.033,3.551,2.128,0.477,0.066,0.016,186.714,503740.0,20,0.534,False,False,False,False,False,True
4241,10729.853,1.044,1.139,2.04,1.45,4.016,-0.305,-0.628,2.781,-0.436,-0.023,0.052,,250821.0,20,-0.228,True,True,False,False,True,False
4255,363412.962,0.145,0.046,0.02,0.016,1.613,-0.11,3.436,1.692,0.344,0.0,-0.201,2912.173,6951638.0,20,0.31,False,False,False,False,False,False
4256,174014.31,-0.109,-0.004,0.032,0.033,2.678,-0.143,2.548,0.879,0.328,0.004,-0.067,1097.651,3165021.0,20,0.062,False,False,False,False,True,False
4288,2152.111,0.349,0.438,-0.009,-0.005,-1.987,0.186,4.349,-0.528,-0.306,0.136,0.121,86.627,629160.0,20,0.486,False,False,True,False,False,False
4290,47857.997,0.377,0.35,-0.233,-0.045,-3.917,0.342,7.625,0.4,-0.544,0.172,0.062,69.396,638074.0,20,1.11,False,False,True,False,False,True
4318,24239.02,-0.224,-0.222,0.092,0.121,0.966,-0.059,2.351,0.763,0.601,0.066,-0.014,203.144,381038.0,20,0.23,False,False,False,False,False,False
4319,19432.09,-0.248,0.123,-0.104,-0.05,2.217,-0.069,4.384,1.556,0.57,0.025,0.035,414.291,797557.0,20,0.061,False,False,False,False,False,False
4324,-5305.062,0.222,0.557,-0.053,-0.009,-0.388,0.027,4.051,1.076,-0.143,0.04,0.04,326.506,420165.0,20,0.597,False,False,False,False,False,True
4360,-43839.281,0.273,0.179,0.024,0.042,0.84,-0.398,6.238,2.124,0.969,-0.14,-0.112,,6540325.0,20,0.386,False,False,False,False,False,False
4364,5162.469,-0.031,0.224,-0.069,-0.035,-0.193,-0.011,1.834,1.68,0.68,0.046,-0.003,282.22,429586.0,20,-0.017,False,False,False,False,False,False
4382,232748.421,0.16,0.328,0.001,0.014,-0.957,0.003,6.144,0.466,0.428,0.105,-0.04,19.732,6121994.0,20,0.897,False,False,False,False,False,True
4398,5977.152,0.115,0.113,-0.071,-0.04,-0.67,0.056,7.15,0.171,0.871,0.166,0.163,103.75,184828.0,20,0.121,False,False,True,False,False,False
4419,37001.922,-0.221,-0.034,-0.169,-0.145,0.108,-0.014,-2.675,2.093,0.987,0.008,-0.054,1445.24,644211.0,20,0.118,False,False,False,False,False,False
4432,28918.526,0.423,0.502,0.236,0.188,-2.085,0.131,6.716,2.84,-1.521,0.001,-0.024,13307.609,490003.0,20,-0.043,True,True,False,False,False,False
4433,77396.217,-0.193,-0.08,-0.121,-0.055,-0.568,-0.021,2.969,1.753,0.799,-0.03,-0.095,,1822778.0,20,0.473,False,False,False,False,False,False
4439,-7089.248,-0.034,0.343,0.0,0.038,-1.203,0.056,3.522,3.105,0.584,0.005,0.032,2680.824,431853.0,20,0.022,False,False,False,False,False,False
4444,16980.573,-0.636,0.34,-0.03,-0.017,5.03,-0.217,4.54,,,,,,449724.0,12,,False,False,False,False,True,False
4457,3534.758,0.234,0.112,-0.005,-0.003,-1.482,0.047,7.415,1.921,1.019,0.033,-0.068,606.212,72111.0,20,0.065,False,False,False,False,False,False
4464,9096.153,-0.004,0.12,0.206,0.173,-0.683,-0.012,4.396,0.671,0.649,0.045,-0.005,337.122,252571.0,20,0.945,False,True,False,False,False,True
4465,-2642.58,0.239,0.672,-0.461,-0.236,0.572,-0.064,3.726,3.16,0.65,-0.009,-0.004,,631356.0,20,0.212,False,False,False,False,False,False
4476,2262.316,0.368,0.407,0.086,0.08,1.359,-0.077,5.157,0.175,0.025,0.074,0.024,263.965,90541.0,20,-0.45,False,False,False,False,False,False
4477,-1777.107,0.441,0.293,0.0,0.0,-0.3,0.011,3.982,0.787,0.678,0.04,0.01,486.686,83878.0,20,0.938,True,False,False,False,False,True
4482,-829.164,0.643,0.635,0.028,0.021,-2.008,0.082,6.413,3.665,0.762,0.005,0.089,3411.428,104648.0,20,0.041,True,False,False,False,False,False
4494,-216.626,0.013,-0.137,0.0,0.0,-1.117,0.038,5.498,1.892,0.523,0.005,0.036,4512.698,37940.0,20,1.578,False,False,False,False,False,True
4506,77204.256,0.69,0.762,0.012,0.029,-1.236,0.121,7.236,0.978,0.25,0.03,-0.007,237.497,1736177.0,20,1.797,True,False,False,False,False,True
4511,-2010.367,1.423,1.357,-0.051,0.029,0.43,0.194,3.957,3.005,0.441,-0.019,-0.069,,248920.0,20,0.094,True,False,False,False,False,False
4514,263.94,0.504,0.412,-0.47,-0.231,2.928,-0.067,4.552,-0.204,-0.042,0.108,0.12,164.836,144869.0,20,0.583,False,False,True,False,False,True
4519,24091.053,0.331,0.337,-0.003,0.008,-1.056,0.053,5.523,2.021,0.804,0.0,-0.048,102049.174,747696.0,20,0.406,False,False,False,False,False,False
4526,19367.78,0.411,0.432,0.024,0.02,-1.307,0.16,4.957,2.926,0.871,-0.029,0.049,,376945.0,20,-0.046,True,False,False,False,False,False
4533,-14286.571,-0.548,0.526,-1.104,-0.698,-5.23,-0.156,-4.428,,,,,,968802.0,7,,False,False,False,False,False,False
4534,,,,,,,,,,,,,,2446697.0,2,,False,False,False,False,False,False
4536,,,,,,,,,,,,,,2801357.0,2,,False,False,False,False,False,False
4539,18159.158,0.115,0.342,0.003,0.001,2.074,-0.128,3.424,1.503,-0.075,0.066,0.019,179.638,568584.0,20,0.607,False,False,False,False,False,True
4540,84976.448,0.072,-0.131,-0.037,-0.013,-0.817,0.001,4.265,2.039,0.645,0.033,-0.084,287.516,995437.0,20,0.895,False,False,False,False,False,True
4549,49224.141,-0.461,-0.217,0.096,0.081,3.458,-0.165,2.595,1.423,0.872,0.023,-0.064,431.518,852685.0,20,0.258,False,False,False,False,True,False
4551,,,,,,,,,,,,,,224979.0,2,,False,False,False,False,False,False
4556,3799.585,-0.146,0.132,0.014,0.008,2.054,-0.102,4.99,1.738,0.418,0.054,0.018,341.742,115949.0,20,-0.084,False,False,False,False,False,False
4569,,,,,,,,,,,,,,559395.0,2,,False,False,False,False,False,False
4598,185.233,0.452,0.706,-0.271,-0.088,-1.609,0.029,2.274,1.907,-0.061,0.006,-0.02,3207.324,116939.0,20,0.307,True,False,False,False,False,False
4611,-1481.164,1.063,1.233,-0.269,-0.203,-1.979,0.192,1.609,0.727,0.262,0.051,0.018,322.192,176121.0,20,0.273,False,False,False,False,False,False
4619,12377.444,0.728,0.689,0.02,0.013,-1.265,0.117,1.652,1.891,0.44,0.043,-0.019,262.077,627375.0,20,-0.051,True,False,False,False,False,False
4621,8122.713,-0.278,0.098,-0.035,-0.006,-0.081,-0.113,1.35,1.446,-0.145,-0.062,-0.204,,158054.0,20,-0.079,False,False,False,False,False,False
4624,11869.744,-0.027,0.006,-0.006,-0.003,-8.978,0.323,2.639,-0.531,0.015,-0.024,-0.422,,187243.0,20,-0.524,False,False,False,False,False,False
4630,2687.859,-0.173,0.252,0.302,0.207,0.907,-0.043,9.175,,,,,,105667.0,16,,False,True,False,False,False,False
4636,16676.144,-0.529,-0.128,0.037,0.025,0.152,-0.012,1.798,0.975,0.313,0.149,0.073,101.023,300448.0,20,0.987,False,False,True,False,False,True
4638,3704.114,-0.077,0.329,0.086,0.044,-0.66,0.072,3.807,3.018,-0.062,0.027,-0.037,631.286,145791.0,20,1.545,False,False,False,False,False,True
4649,5506.072,-0.278,0.192,0.063,0.114,-1.835,0.068,3.14,-0.625,-0.226,0.164,0.046,113.341,136087.0,20,0.148,False,False,True,False,False,False
4652,355.266,-0.264,0.293,0.894,0.375,-1.171,-0.04,2.333,2.216,-0.003,0.029,-0.049,752.6,44137.0,20,-0.02,False,True,False,False,False,False
4654,2933.762,-0.155,-0.142,0.74,0.503,-1.009,0.025,8.42,1.077,0.039,0.08,0.095,248.81,83566.0,20,,False,True,False,False,False,False
4660,5025.257,0.238,0.301,-0.081,-0.074,0.343,0.043,1.033,0.648,-0.193,0.013,0.005,1135.501,245282.0,20,-0.479,False,False,False,False,False,False
4664,8028.523,0.264,0.241,0.013,0.012,-2.957,0.142,3.445,0.54,0.691,0.021,-0.099,771.104,180623.0,20,-0.073,False,False,False,False,False,False
4666,52889.395,-0.326,-0.138,-0.011,-0.008,-1.966,0.085,1.507,0.683,0.546,0.015,-0.029,530.307,1439702.0,20,-0.27,False,False,False,False,False,False
4668,712.499,-0.577,0.213,-0.363,-0.115,3.859,-0.168,3.142,1.747,0.231,0.036,0.002,571.375,61698.0,20,-0.51,False,False,False,False,True,False
4673,17985.134,0.507,0.548,-0.323,-0.151,0.386,0.092,4.764,1.686,0.718,0.105,0.129,89.496,1068527.0,20,0.622,True,False,True,False,False,True
4678,1375.814,-0.215,0.285,0.001,0.001,2.475,-0.097,2.517,1.94,0.304,0.056,0.053,274.793,232022.0,20,1.408,False,False,False,False,False,True
4683,7349.155,2.892,2.946,-0.085,-0.046,5.058,-0.17,4.496,10.398,-0.855,0.37,-0.6,69.011,43747.0,20,1.423,True,False,False,False,True,True
4690,-348.376,-0.275,0.425,-0.085,0.017,1.387,-0.061,2.027,1.598,0.142,0.001,-0.01,12922.113,85556.0,20,-0.117,False,False,False,False,False,False
4693,832.785,0.196,0.649,-0.115,-0.017,-3.454,0.279,7.234,2.676,0.736,0.074,0.049,270.097,79373.0,20,-0.656,False,False,False,False,False,False
4697,82230.388,-0.248,-0.116,0.076,0.057,0.049,-0.054,1.386,1.083,0.467,0.027,-0.029,310.411,1225665.0,20,0.019,False,False,False,False,False,False
4702,20615.474,0.029,0.283,-0.123,-0.051,1.238,-0.059,3.026,0.519,0.556,0.088,0.074,94.252,1376153.0,20,0.066,False,False,False,False,False,False
4705,37475.152,-0.099,0.319,-0.007,-0.005,-1.414,0.075,4.371,2.543,0.331,0.051,0.076,78.029,3821766.0,20,0.338,False,False,False,False,False,False
4707,6837.615,-0.819,0.125,-0.03,-0.008,0.461,-0.01,0.6,1.361,0.438,0.065,0.033,184.255,543934.0,20,0.212,False,False,False,False,False,False
4722,1562.343,0.347,0.347,-0.04,-0.014,0.482,0.028,8.07,3.286,1.281,0.077,0.159,211.027,195637.0,20,1.355,False,False,False,False,False,True
4728,1205.173,0.075,0.26,0.0,0.0,-2.641,0.123,5.32,0.388,0.828,0.05,-0.111,464.246,34912.0,20,3.487,False,False,False,False,False,True
4735,2976.559,-0.56,0.022,0.079,0.059,1.149,0.013,3.011,1.784,-1.161,0.079,0.125,211.162,182900.0,20,-0.191,False,False,False,False,False,False
4746,48480.18,-0.188,-0.041,0.076,0.048,1.68,-0.088,4.677,1.39,0.705,0.099,0.086,108.241,786352.0,20,0.508,False,False,False,False,False,True
4752,7263.907,0.063,0.193,0.236,0.168,4.143,-0.162,-1.449,0.297,0.15,0.164,0.061,117.524,116706.0,20,0.018,False,True,True,False,True,False
4756,11783.353,-0.111,0.021,0.164,0.177,-1.782,0.081,4.722,2.089,0.563,0.063,0.042,225.614,319340.0,20,0.049,False,True,False,False,False,False
4766,15357.489,0.238,0.114,-2.113,-0.939,-0.038,0.03,7.519,0.794,1.828,0.09,0.016,164.187,292454.0,20,0.28,False,False,False,False,False,False
4767,636157.636,0.693,0.736,0.078,0.083,-3.581,0.083,1.864,1.465,0.319,0.042,-0.014,15.028,8553297.0,20,0.115,True,False,False,False,False,False
4769,3567.086,0.586,0.734,-0.248,-0.101,-4.495,0.168,6.162,2.501,0.33,0.076,0.058,222.857,172871.0,20,1.644,True,False,False,False,False,True
4770,-1168.725,0.916,0.503,-0.138,-0.051,-8.428,0.489,8.0,-0.867,-0.269,0.134,0.105,160.876,63096.0,20,4.649,False,False,True,False,False,True
4773,-3688.848,0.748,0.824,0.004,0.004,1.047,0.109,2.666,-0.525,-0.016,0.02,-0.003,828.101,181502.0,20,-0.26,False,False,False,False,False,False
4774,3744.905,-0.376,-0.137,-0.028,-0.012,-0.382,-0.037,1.57,-1.422,0.491,0.025,-0.121,827.823,58430.0,20,,False,False,False,False,False,False
4775,-271.382,0.136,0.335,0.006,0.004,3.986,-0.059,3.655,,,,,,133596.0,17,,False,False,False,False,False,False
4778,6093.134,0.028,0.222,-0.031,-0.031,2.053,-0.03,2.005,0.546,0.898,0.065,0.053,232.919,261777.0,20,0.373,False,False,False,False,False,False
4779,116270.385,-0.211,-0.148,0.182,0.068,2.005,-0.031,-0.732,0.676,-0.21,0.375,0.296,29.654,943759.0,20,-0.102,False,True,True,False,False,False
4789,87709.287,-0.067,0.089,0.044,0.034,-0.456,0.037,3.805,0.485,0.466,0.071,0.055,74.575,2773623.0,20,0.393,False,False,False,False,False,False
4791,27445.272,-0.096,-0.029,-0.095,-0.076,0.205,0.045,0.447,0.009,0.28,0.116,0.034,107.844,523099.0,20,-0.069,False,False,True,False,False,False
4792,322.65,0.535,0.42,0.209,0.104,-3.786,0.24,3.806,2.171,0.38,-0.032,-0.085,,88093.0,20,-0.653,True,True,False,False,False,False
4794,1451.441,-0.767,0.181,-0.246,-0.051,0.417,-0.02,5.487,3.304,0.298,0.023,-0.012,817.417,101700.0,20,2.288,False,False,False,False,False,True
4796,3666.716,-0.373,0.055,0.375,0.16,-0.762,-0.036,-0.71,1.801,-0.109,0.017,0.025,1085.756,112614.0,20,-0.37,False,True,False,False,False,False
4799,-157879.317,0.184,0.703,0.128,0.088,1.642,0.015,3.209,2.256,0.584,-0.043,-0.036,,6783388.0,20,0.292,False,False,False,False,False,False
4801,1486.274,0.094,0.184,-0.258,-0.256,1.436,-0.052,1.226,1.141,0.356,-0.052,0.019,,501718.0,20,-0.124,False,False,False,False,False,False
4832,936009.82,-0.085,-0.062,0.131,0.108,-1.681,0.048,3.584,0.69,0.545,0.004,-0.057,429.909,6203118.0,20,1.042,False,False,False,False,False,True
4857,69220.58,0.437,0.298,-0.002,-0.049,0.079,-0.023,2.839,1.62,0.544,0.029,-0.005,221.215,2012851.0,20,0.28,True,False,False,False,False,False
4865,367838.806,0.121,0.301,0.118,0.109,7.925,-0.501,2.128,,,,,,13765535.0,16,,False,False,False,False,True,False
4931,114290.944,-0.243,-0.238,0.049,0.121,7.181,-0.346,-0.69,0.436,-0.154,-0.006,-0.001,,1781141.0,20,0.178,False,False,False,False,True,False
4945,9073.2,0.104,0.092,-0.124,-0.085,-2.19,0.192,4.806,1.27,0.77,0.009,-0.066,1695.647,231440.0,20,0.045,False,False,False,False,False,False
4952,58847.777,-0.268,-0.227,0.208,0.175,1.667,-0.092,0.329,-0.161,0.548,0.037,-0.017,257.107,940511.0,20,-0.058,False,True,False,False,False,False
4958,12233.35,0.2,0.402,0.067,0.044,-2.715,0.19,2.743,1.403,0.308,0.081,0.027,170.136,367909.0,20,0.169,False,False,False,False,False,False
4960,7749.856,0.265,0.226,0.0,0.003,3.432,-0.019,1.717,1.592,0.057,0.036,0.072,433.322,223819.0,20,-0.035,False,False,False,False,False,False
4972,96855.095,-0.399,0.042,0.019,0.111,2.372,-0.123,2.408,,,,,,2651069.0,19,,False,False,False,False,False,False
4993,20170.86,0.161,0.285,0.125,0.065,1.935,-0.083,3.665,0.73,0.274,0.046,-0.006,149.684,1879784.0,20,0.441,False,False,False,False,False,False
5005,103759.263,0.333,0.362,0.038,0.017,0.794,-0.079,1.339,0.539,0.071,0.08,-0.027,123.611,931179.0,20,0.919,False,False,False,False,False,True
5006,30980.571,-0.524,-0.36,0.099,0.075,4.712,-0.16,2.782,0.085,-0.969,0.089,0.04,134.694,558741.0,20,0.538,False,False,False,False,True,True
5015,6744.451,0.863,0.874,0.041,0.05,-2.473,0.207,2.555,2.865,0.274,0.024,0.003,505.205,494988.0,20,0.624,True,False,False,False,False,True
5018,-2383.008,-0.037,0.492,0.231,0.126,-0.415,0.035,4.99,3.192,0.19,-0.007,0.042,,463876.0,20,0.049,False,True,False,False,False,False
5019,125226.803,-0.231,-0.098,0.106,0.108,1.767,-0.08,3.916,0.373,0.04,0.092,0.032,80.779,1704832.0,20,0.29,False,False,False,False,False,False
5033,180494.839,-0.444,-0.454,0.272,0.222,3.82,-0.218,0.559,0.609,0.36,0.025,-0.096,323.447,1368016.0,20,0.187,False,True,False,False,True,False
5058,-4796.671,0.246,0.511,0.084,0.084,1.316,-0.097,2.597,1.672,0.506,0.056,0.076,166.027,1052628.0,20,-0.074,False,False,False,False,False,False
5062,125.23,0.259,0.128,0.666,0.371,-0.225,-0.026,3.19,2.855,0.319,0.022,0.057,593.835,413807.0,20,0.173,False,True,False,False,False,False
5072,23773.711,0.454,0.389,-0.161,-0.094,-0.661,0.009,2.674,3.121,0.694,0.063,0.066,182.419,619781.0,20,0.205,True,False,False,False,False,False
5074,-6309.426,0.058,0.432,-0.603,-0.2,-0.857,0.03,2.188,3.19,1.086,0.042,-0.017,327.691,334449.0,20,0.204,False,False,False,False,False,False
5076,-1703.377,0.489,0.353,0.14,0.076,0.121,0.032,1.341,1.425,0.156,-0.002,0.012,,53275.0,20,-0.24,True,False,False,False,False,False
5087,3627.534,-0.103,0.027,0.08,0.074,2.171,-0.148,2.999,1.054,0.543,0.058,-0.014,309.719,125567.0,20,0.242,False,False,False,False,False,False
5093,-1539.937,-0.313,0.303,0.48,0.283,4.904,-0.225,2.614,1.805,0.523,0.107,0.092,89.035,1030296.0,20,0.482,False,True,True,False,True,False
5095,23268.713,0.359,0.187,-0.037,0.11,-1.184,-0.119,4.341,0.64,-1.737,-0.004,-0.18,,456716.0,20,0.306,False,False,False,False,False,False
5097,2299.964,-0.088,0.223,0.041,0.033,4.848,-0.329,4.11,1.354,-0.608,0.059,0.029,241.408,321164.0,20,0.101,False,False,False,False,True,False
5105,11030.749,0.285,0.347,0.124,0.017,-1.201,-0.14,-1.977,4.912,-3.073,-0.256,-0.356,,61988.0,20,1.449,False,False,False,False,False,True
5107,-31.332,0.116,0.353,-0.253,-0.123,-0.417,0.03,-0.251,2.246,0.198,0.049,0.028,396.443,86016.0,20,0.036,False,False,False,False,False,False
5110,-338.875,0.344,0.3,0.106,0.01,-3.614,0.319,-1.331,0.425,1.023,0.143,0.179,166.787,37387.0,20,-0.232,False,False,True,False,False,False
5113,-2764.499,0.025,0.393,0.992,0.404,2.536,-0.135,-3.246,,,,,,78982.0,18,,False,True,False,False,True,False
5115,5890.319,0.338,0.368,0.197,0.141,0.393,-0.094,5.092,2.542,0.591,-0.06,-0.144,,128035.0,20,-0.003,False,True,False,False,False,False
5116,48569.892,-0.084,-0.253,0.076,0.118,7.605,-0.124,4.633,-0.269,1.082,0.125,0.074,114.571,346878.0,20,0.265,False,False,True,False,True,False
5117,195.57,-0.033,0.087,0.0,0.0,0.965,-0.011,1.962,1.427,0.348,0.089,0.088,210.128,112687.0,20,-0.218,False,False,False,False,False,False
5123,83113.901,0.164,0.159,0.021,0.068,-2.153,0.214,1.761,-1.742,0.67,0.326,0.185,26.382,1557977.0,20,0.328,False,False,True,False,False,False
5131,842.719,-0.051,0.019,-0.014,0.246,0.065,0.004,1.805,-0.717,-0.205,0.15,0.186,123.356,135279.0,20,0.03,False,True,True,False,False,False
5136,-5585.817,0.174,0.465,-0.165,-0.074,0.744,-0.043,7.201,1.908,-0.253,-0.001,-0.032,,362488.0,20,-0.035,False,False,False,False,False,False
5141,1888.325,0.52,0.508,0.004,0.004,-2.902,0.089,3.566,0.783,0.105,0.088,0.078,220.336,98188.0,20,0.382,True,False,False,False,False,False
5142,140.391,0.869,0.829,1.151,0.238,-2.853,0.152,-6.443,3.208,-1.036,-0.077,-0.105,,34885.0,20,-0.466,True,True,False,False,False,False
5146,-776921.663,3.209,2.935,-0.171,-0.124,-6.173,0.276,2.166,8.71,0.727,-0.375,-0.484,,2700336.0,20,,True,False,False,False,False,False
5150,4160.83,0.134,0.087,-0.127,-0.095,2.454,-0.105,-0.404,-0.215,-0.152,0.063,0.015,310.073,87422.0,20,-0.239,False,False,False,False,False,False
5162,31315.314,-0.369,-0.439,0.157,0.15,3.179,-0.125,4.085,0.841,0.718,0.104,0.049,128.121,420541.0,20,0.528,False,True,True,False,True,True
5170,37090.337,0.217,0.254,0.123,0.109,1.064,-0.108,3.267,1.682,0.228,-0.023,-0.037,,1317428.0,20,0.955,False,False,False,False,False,True
5175,17772.337,0.029,0.327,0.19,0.115,2.318,-0.021,2.105,-4.751,-0.548,0.171,-0.335,113.79,111309.0,20,,False,True,False,False,False,False
5180,9812.863,-0.367,-0.387,-0.676,-0.379,-1.408,0.053,4.252,0.56,1.054,0.084,0.073,201.631,175254.0,20,0.362,False,False,False,False,False,False
5186,3923.423,-0.736,-0.647,-1.015,-0.683,-0.27,-0.171,1.086,1.012,0.462,0.079,0.115,193.417,248954.0,20,0.222,False,False,False,False,False,False
5193,30070.842,0.049,0.22,-0.208,-0.108,-0.537,0.048,2.555,1.35,0.48,0.06,0.026,167.781,885027.0,20,0.413,False,False,False,False,False,False
5196,2168.974,0.448,0.402,0.256,0.101,-9.663,0.317,2.908,-1.645,1.275,0.189,0.111,123.975,46330.0,20,4.265,False,True,True,False,False,True
5197,2707.732,-0.039,-0.035,0.206,0.138,-2.086,0.099,1.033,1.878,1.04,0.053,0.056,340.57,126422.0,20,-0.072,False,True,False,False,False,False
5198,3442.974,0.243,0.07,0.143,0.1,-1.934,0.086,3.977,2.003,1.372,0.016,-0.045,872.424,285828.0,20,0.16,False,False,False,False,False,False
5214,3094.728,0.071,0.345,-0.242,-0.168,-0.484,0.012,1.648,2.192,1.067,-0.01,-0.042,,135495.0,20,0.166,False,False,False,False,False,False
5219,37576.932,-0.09,-0.092,0.303,0.227,1.627,-0.089,0.759,1.193,0.85,0.512,0.544,27.633,575584.0,20,0.403,False,True,True,False,False,False
5221,1392.983,-0.037,0.313,0.048,0.059,2.169,0.038,7.203,0.749,0.712,0.03,-0.001,634.206,96561.0,20,0.085,False,False,False,False,False,False
5223,8501.684,0.5,0.448,0.056,0.056,0.099,0.013,1.799,0.68,0.708,0.085,0.042,160.788,380050.0,20,0.321,False,False,False,False,False,False
5229,29561.597,-0.096,0.186,0.273,0.272,0.345,-0.118,3.123,0.985,0.278,0.06,-0.041,215.206,425932.0,20,0.228,False,True,False,False,False,False
5232,853.185,0.235,0.101,-0.092,-0.235,-4.368,0.117,-0.605,0.608,0.436,0.035,-0.035,656.247,34506.0,20,-0.289,False,False,False,False,False,False
5247,9304.881,-0.06,0.094,0.407,0.34,1.407,-0.228,3.067,2.067,0.57,-0.011,0.002,,434031.0,20,-0.061,False,True,False,False,False,False
5249,8395.438,0.093,0.1,0.007,0.03,-1.001,0.06,9.067,2.411,0.817,-0.06,-0.082,,285947.0,20,0.374,False,False,False,False,False,False
5252,-22660.716,1.464,1.188,0.221,0.03,-4.903,0.037,-1.452,1.653,-7.938,0.017,-0.011,946.221,189134.0,20,-0.698,True,True,False,False,False,False
5269,13903.188,0.802,0.798,0.006,-0.001,-1.019,0.238,6.385,1.338,0.265,0.082,0.048,125.541,840051.0,20,0.108,True,False,False,False,False,False
5270,4057.161,0.02,0.106,0.024,0.02,-0.404,0.045,3.0,0.784,1.156,0.039,-0.015,404.731,198453.0,20,-0.051,False,False,False,False,False,False
5271,,,,,,,,,,,,,,378834.0,2,,False,False,False,False,False,False
5278,1552.779,-0.528,-0.223,0.068,0.056,1.363,-0.048,1.684,1.885,3.061,-0.019,-0.041,,56960.0,20,-0.237,False,False,False,False,False,False
5280,1519.161,0.032,0.25,-0.024,-0.01,3.686,-0.16,3.632,1.165,0.489,0.04,0.053,289.096,569960.0,20,-0.058,False,False,False,False,True,False
5283,6016.302,0.086,0.23,0.476,0.142,0.144,-0.036,-8.658,,,,,,218987.0,19,,False,True,False,False,False,False
5285,7605.432,-0.174,-0.008,0.057,0.038,2.425,-0.024,3.578,,,,,,1591626.0,19,,False,False,False,False,False,False
5286,34125.826,0.46,0.43,0.086,0.083,-1.477,0.05,6.379,1.062,0.229,0.065,0.006,165.999,722966.0,20,0.327,True,False,False,False,False,False
5295,10176.238,-0.453,-0.086,-0.053,-0.007,4.31,-0.123,4.664,1.035,0.645,0.007,-0.031,1628.576,585975.0,20,0.34,False,False,False,False,True,False
5297,22188.623,0.064,0.061,-0.021,-0.015,2.395,-0.065,1.112,-0.195,0.411,0.016,-0.092,784.067,407402.0,20,0.181,False,False,False,False,False,False
5304,480864.331,0.459,-0.008,0.001,0.002,1.196,0.013,1.358,-0.915,0.027,0.346,0.247,6.724,6064567.0,20,0.474,False,False,True,True,False,False
5306,6632.021,0.094,0.182,-0.052,0.004,1.624,-0.029,2.146,2.079,0.506,-0.008,0.008,,684088.0,20,0.265,False,False,False,False,False,False
5317,7835.438,-0.312,-0.053,-0.022,-0.011,2.042,-0.054,4.552,1.343,0.332,0.04,-0.019,361.093,299354.0,20,-0.046,False,False,False,False,False,False
5335,22262.325,0.218,0.373,0.217,0.13,-1.227,0.28,0.292,-0.029,0.376,0.064,0.021,171.349,707460.0,20,0.054,False,True,False,False,False,False
5336,5213.254,-0.185,0.072,0.327,0.214,-0.507,-0.197,2.276,1.88,0.701,0.03,0.031,483.534,266827.0,20,-0.179,False,True,False,False,False,False
5337,23710.472,0.317,0.304,0.111,0.091,-1.428,0.245,9.382,4.725,0.765,0.019,-0.027,713.04,359371.0,20,0.221,False,False,False,False,False,False
5357,6356.135,0.164,0.339,-0.183,-0.101,1.292,-0.088,3.51,2.4,0.619,0.01,-0.041,1379.594,336799.0,20,0.28,False,False,False,False,False,False
5364,-6287.513,-0.468,0.077,0.009,0.006,2.019,-0.071,3.296,1.724,0.5,0.015,0.006,930.955,325888.0,20,0.701,False,False,False,False,False,True
5369,1406.839,0.248,0.251,-0.0,-0.0,-0.271,0.053,1.617,-1.175,0.523,0.083,0.061,215.264,135875.0,20,1.99,False,False,False,False,False,True
5377,7939.588,0.126,0.153,0.004,0.003,-2.155,0.071,4.668,1.559,0.63,0.043,-0.053,400.249,146228.0,20,0.349,False,False,False,False,False,False
5380,-40.854,0.061,-0.008,-0.704,-0.203,3.327,-0.105,6.006,,,,,,27527.0,18,,False,False,False,False,True,False
5384,31571.657,-0.257,-0.261,0.023,0.017,-1.81,-0.003,1.883,0.78,0.308,0.22,0.094,68.408,335354.0,20,0.37,False,False,True,False,False,False
5394,7884.292,0.253,0.141,0.132,0.096,2.759,-0.133,3.857,1.972,0.576,0.086,0.103,155.397,405220.0,20,0.142,False,False,False,False,True,False
5396,13898.719,0.325,0.209,0.088,0.079,-3.233,0.138,5.406,0.561,0.257,-0.016,-0.111,,328228.0,20,0.252,False,False,False,False,False,False
5401,385.395,0.603,0.573,-0.052,-0.023,0.584,0.042,0.214,-0.34,0.113,0.081,-0.013,219.666,142282.0,20,-0.166,False,False,False,False,False,False
5405,2473.774,-0.345,-0.171,-0.073,-0.05,-0.214,0.014,-2.307,0.638,0.117,0.009,-0.047,1922.495,107079.0,20,3.684,False,False,False,False,False,True
5408,1177.374,0.108,0.272,-0.0,-0.0,0.744,0.031,1.994,0.937,0.37,0.036,0.023,565.632,70484.0,20,-0.504,False,False,False,False,False,False
5410,19663.023,0.716,0.591,-0.19,-0.096,-3.935,0.422,-1.93,2.776,-0.566,-0.037,-0.137,,372974.0,20,-0.024,True,False,False,False,False,False
5415,170820.325,0.023,0.034,-0.047,-0.026,0.695,-0.073,-0.818,1.53,0.103,0.042,0.056,151.473,2139871.0,20,0.444,False,False,False,False,False,False
5422,-122.836,-0.09,-0.23,-0.401,-0.101,2.032,-0.034,2.61,-0.72,0.689,0.04,0.047,476.751,96593.0,20,-0.666,False,False,False,False,False,False
5424,6226.74,0.342,0.522,0.042,0.066,2.212,-0.158,3.534,1.411,-0.083,-0.002,-0.027,,315961.0,20,0.396,False,False,False,False,False,False
5425,26707.567,-0.918,-0.778,0.845,0.729,1.534,-0.222,13.182,-18.344,-0.399,0.742,-0.101,30.07,154033.0,20,,False,True,False,False,False,False
5432,29021.66,0.154,0.224,-0.041,-0.023,-3.725,0.122,-1.772,1.127,-0.083,0.046,-0.015,267.403,501170.0,20,-0.026,False,False,False,False,False,False
5434,38102.656,-0.556,-0.651,-0.222,-0.096,1.799,-0.069,4.732,1.656,0.549,0.01,0.014,1148.54,593636.0,20,0.963,False,False,False,False,False,True
5438,1758.737,0.313,0.23,0.361,0.184,0.851,0.048,0.821,2.322,0.592,-0.043,-0.039,,92370.0,20,-0.443,False,True,False,False,False,False
5439,2950.818,0.692,0.698,0.281,0.151,-3.079,0.177,1.932,1.799,0.072,0.03,0.004,538.094,199144.0,20,-0.033,True,True,False,False,False,False
5442,54431.621,-0.164,-0.163,-0.191,-0.137,0.98,-0.194,3.156,0.695,1.552,0.083,0.029,125.981,803561.0,20,0.522,False,False,False,False,False,True
5447,,,,,,,,,,,,,,36137.0,3,,False,False,False,False,False,False
5460,1302.92,0.839,0.795,0.026,0.013,-5.197,0.367,2.574,1.166,-0.793,0.037,-0.01,455.638,165392.0,20,-0.199,True,False,False,False,False,False
5469,924.367,-0.214,-0.011,-0.182,-0.207,3.033,-0.106,5.014,1.625,0.627,-0.017,-0.041,,232944.0,20,0.801,False,False,False,False,True,True
5472,16637.618,-0.064,0.059,0.021,0.022,-0.245,0.003,2.648,1.246,0.65,0.031,-0.028,412.706,416305.0,20,0.113,False,False,False,False,False,False
5473,12674.698,-0.423,0.206,0.047,0.031,0.669,-0.045,4.188,2.656,0.303,-0.01,-0.018,,438351.0,20,0.167,False,False,False,False,False,False
5478,506.15,0.322,0.107,0.182,0.108,-1.688,0.07,4.812,1.521,1.148,0.044,0.039,469.248,63079.0,20,1.59,False,True,False,False,False,True
5486,28955.197,-0.264,0.313,0.057,0.016,1.723,-0.234,0.332,1.001,0.44,0.033,-0.032,380.506,470290.0,20,0.978,False,False,False,False,False,True
5490,12455.811,-0.411,-0.405,-0.168,-0.039,0.063,0.003,5.838,2.591,1.06,0.002,0.027,8121.205,249384.0,20,0.296,False,False,False,False,False,False
5495,43275.889,-0.397,-0.15,-0.138,-0.059,0.552,-0.043,0.909,-0.59,0.147,0.059,-0.044,191.59,653531.0,20,1.876,False,False,False,False,False,True
5496,194770.283,-0.164,-0.067,0.149,0.116,0.086,-0.058,2.57,1.997,0.085,-0.059,-0.12,,2646823.0,20,0.032,False,False,False,False,False,False
5518,-1608.265,0.496,0.412,0.0,0.0,-3.5,0.095,0.372,3.736,0.642,-0.028,0.094,,82633.0,20,0.993,True,False,False,False,False,True
5520,4219.594,-1.107,-0.353,0.182,0.109,0.1,0.016,2.023,,,,,,76938.0,16,,False,True,False,False,False,False
5529,-47955.5,-4.27,0.288,0.091,0.039,20.533,-0.556,2.032,,,,,,753151.0,17,,False,False,False,False,True,False
5531,24535.552,-0.107,-0.055,0.084,0.241,2.322,0.027,2.117,-0.918,-0.219,0.032,-0.063,341.967,704745.0,20,0.247,False,True,False,False,False,False
5536,27484.168,1.461,1.699,-0.001,0.0,-8.617,0.465,2.895,3.477,-0.033,-0.024,-0.162,,414063.0,20,1.254,True,False,False,False,False,True
5538,1252.863,0.654,0.822,-0.172,-0.022,-3.34,0.18,1.688,5.306,0.257,0.142,0.216,109.916,259133.0,20,-0.072,True,False,True,False,False,False
5544,53211.762,0.162,0.271,0.05,0.038,-1.424,0.062,3.471,1.253,0.741,0.052,0.026,156.963,1373215.0,20,0.188,False,False,False,False,False,False
5548,-10826.454,0.975,1.076,-0.145,-0.04,-0.362,0.012,5.876,1.71,-0.41,0.02,0.042,756.401,246357.0,20,-0.075,True,False,False,False,False,False
5551,123355.026,-0.032,0.001,0.009,0.005,1.096,-0.059,2.145,0.156,0.132,0.008,-0.049,687.548,2495690.0,20,-0.043,False,False,False,False,False,False
5557,4911.744,0.298,0.34,0.053,0.012,-4.181,0.167,3.544,1.506,0.032,0.035,0.025,491.874,147231.0,20,-0.316,False,False,False,False,False,False
5558,21164.135,0.227,0.378,-0.085,-0.037,0.425,-0.068,1.94,,,,,,330493.0,16,,False,False,False,False,False,False
5559,4056.911,-0.337,0.061,0.004,0.062,-0.14,0.017,0.322,1.013,-0.229,0.136,0.104,143.867,102577.0,20,0.158,False,False,True,False,False,False
5564,1678.478,0.947,0.914,-0.085,-0.007,-2.328,0.285,5.747,2.354,-0.152,0.037,0.049,434.609,186236.0,20,0.685,True,False,False,False,False,True
5568,-643.88,0.419,0.572,0.035,0.032,3.017,-0.212,0.956,0.391,-0.205,0.061,0.057,197.907,528406.0,20,0.078,False,False,False,False,True,False
5569,-5411.441,0.367,0.519,0.26,0.135,2.035,-0.108,0.413,0.354,0.532,0.061,0.041,226.282,357206.0,20,0.232,False,True,False,False,False,False
5574,37799.91,0.943,0.982,0.095,0.071,0.36,0.116,8.17,0.458,0.682,0.099,0.03,65.648,2109952.0,20,0.402,False,False,False,False,False,False
5575,16903.702,0.338,0.313,1.122,0.64,3.797,-0.147,-1.772,1.208,-0.558,-0.035,-0.018,,965376.0,20,-0.281,False,True,False,False,True,False
5589,2454.665,-0.088,0.215,-0.035,-0.014,-0.217,0.058,0.785,3.177,1.727,0.052,0.005,332.606,152974.0,20,-0.061,False,False,False,False,False,False
5590,1642.283,0.364,0.592,-0.447,-0.23,-5.613,0.376,3.121,-0.285,-4.905,-0.034,-0.024,,156164.0,20,0.184,False,False,False,False,False,False
5595,34953.991,-1.057,-1.032,0.087,0.063,-2.38,0.051,3.288,1.02,0.46,0.149,0.094,93.861,381955.0,20,0.811,False,False,True,False,False,True
5598,54828.099,0.458,0.562,0.092,0.04,-3.071,0.068,3.161,3.163,0.418,0.021,0.012,359.52,1560774.0,20,0.07,True,False,False,False,False,False
5600,,,,,,,,,,,,,,206835.0,3,,False,False,False,False,False,False
5602,-15931.119,0.115,0.889,-0.244,-0.03,-4.042,0.101,3.536,2.77,0.558,-0.059,-0.099,,205400.0,20,0.185,False,False,False,False,False,False
5605,-1802.036,-0.094,-0.122,-0.874,-0.486,-0.953,0.019,2.825,-0.196,0.147,0.088,0.094,250.221,50745.0,20,-0.994,False,False,False,False,False,False
5615,75712.989,0.593,0.698,0.042,-0.007,-1.292,0.166,-2.292,0.169,0.23,0.111,0.042,70.526,1570169.0,20,-0.032,False,False,True,False,False,False
5619,12914.773,0.003,0.35,0.039,0.034,6.21,-0.449,1.504,-4.523,0.407,0.294,-0.375,73.275,88671.0,20,4.365,False,False,False,False,True,True
5623,11351.308,-0.547,-0.412,0.129,0.098,0.036,-0.017,7.863,0.585,0.778,0.002,-0.088,7584.899,248680.0,20,0.106,False,False,False,False,False,False
5624,18028.932,-0.038,-0.061,0.17,0.199,0.888,-0.077,2.054,1.132,0.396,0.056,0.063,272.871,250988.0,20,-0.118,False,True,False,False,False,False
5628,3483.043,-1.15,0.435,0.124,0.08,0.5,0.002,8.325,,,,,,125526.0,15,,False,False,False,False,False,False
5629,-7366.629,0.87,0.842,0.232,0.054,5.567,-0.088,5.744,,,,,,65212.0,6,,False,True,False,False,False,False
5632,5285.167,-0.507,-0.589,-0.019,0.005,-0.34,0.002,4.591,0.704,0.733,0.039,0.002,462.208,117295.0,20,0.935,False,False,False,False,False,True
5633,77363.886,-0.496,0.073,-0.028,-0.019,0.718,0.011,4.177,-1.694,0.289,0.041,0.032,17.404,8404781.0,20,0.158,False,False,False,False,False,False
5634,3305.928,-0.166,0.33,-0.027,-0.02,-0.872,0.066,0.329,0.977,-0.091,0.071,0.032,254.178,128062.0,20,0.217,False,False,False,False,False,False
5635,37638.316,0.489,0.483,0.194,0.159,-0.008,0.028,4.733,1.424,0.365,0.033,-0.046,340.289,620995.0,20,0.433,True,True,False,False,False,False
5673,61137.456,-0.486,0.153,0.209,0.105,0.702,-0.035,3.601,2.866,0.806,0.057,-0.006,137.821,1476326.0,20,0.24,False,True,False,False,False,False
5676,54934.322,-0.157,0.197,-0.023,0.012,-3.495,0.208,3.757,1.34,-0.206,0.064,-0.001,147.489,1021832.0,20,0.115,False,False,False,False,False,False
5685,-4000.126,0.77,0.956,0.032,0.009,-1.093,0.103,7.047,2.081,-0.093,0.026,0.024,438.943,620808.0,20,0.199,True,False,False,False,False,False
5686,4234.839,-0.354,0.036,0.317,0.153,-1.421,0.005,2.509,2.116,0.033,0.054,0.073,359.446,84922.0,20,0.522,False,True,False,False,False,True
5694,107569.044,0.515,0.775,0.087,0.063,-2.348,0.165,3.648,1.393,0.397,0.124,0.036,63.942,1538347.0,20,0.282,True,False,True,False,False,False
5699,6041.656,0.064,0.418,-0.042,-0.02,-4.358,0.245,0.355,,,,,,98163.0,19,,False,False,False,False,False,False
5704,35045.047,-0.027,0.006,0.095,0.129,0.488,-0.073,-0.438,0.454,-0.063,0.153,0.083,95.526,331214.0,20,0.208,False,False,True,False,False,False
5709,11146.923,-0.874,-0.479,0.142,0.025,-2.389,0.032,2.207,1.675,0.628,0.03,-0.051,552.918,177458.0,20,0.695,False,False,False,False,False,True
5716,35994.959,0.587,0.764,-0.004,0.032,-2.812,0.159,3.6,0.812,0.158,0.074,-0.03,140.775,800620.0,20,1.002,True,False,False,False,False,True
5722,2435.817,0.337,0.403,-0.003,0.009,-2.024,0.125,6.199,1.057,0.326,0.108,0.05,162.688,151942.0,20,0.355,False,False,True,False,False,False
5730,1283.074,0.498,0.363,-0.358,-0.119,-1.59,0.004,3.108,,,,,,87627.0,19,,False,False,False,False,False,False
5740,2104.012,-0.758,0.018,-0.525,-0.202,0.979,-0.048,5.097,,,,,,171362.0,16,,False,False,False,False,False,False
5744,195457.666,-0.081,0.315,-0.027,-0.033,-3.79,0.132,2.792,-1.344,-0.098,0.25,0.166,23.534,2689580.0,20,0.654,False,False,True,False,False,True
5749,263519.002,0.187,0.421,0.166,0.098,1.087,-0.011,-0.543,1.335,0.223,4.249,4.247,4.194,1757504.0,20,5.585,False,True,True,False,False,True
5753,21556.403,-0.501,-0.236,-0.332,-0.049,4.568,-0.091,11.854,0.238,0.37,0.086,0.037,190.439,198429.0,20,2.522,False,False,False,False,False,True
5768,22959.747,0.172,0.23,-0.106,-0.039,0.265,0.018,1.487,3.128,0.46,0.26,0.293,42.56,854676.0,20,0.2,False,False,True,False,False,False
5779,13215.332,-0.252,0.102,0.055,0.031,-4.331,0.145,1.625,2.437,0.555,0.067,0.036,209.731,325598.0,20,0.808,False,False,False,False,False,True
5786,-1707.777,0.907,0.927,0.224,0.179,-1.919,0.078,4.23,1.903,0.101,0.019,0.022,921.017,131393.0,20,-0.347,True,True,False,False,False,False
5791,771.065,0.149,0.375,0.136,0.074,0.633,-0.034,5.019,1.733,0.487,0.043,0.032,405.595,138416.0,20,0.504,False,False,False,False,False,True
5792,6299.053,-0.217,0.222,0.0,0.0,2.449,-0.109,2.104,0.724,0.239,0.097,0.127,197.304,106197.0,20,-0.603,False,False,False,False,False,False
5796,-2215.792,0.586,0.465,0.024,0.02,-6.624,0.229,4.829,1.211,0.612,0.028,0.005,475.342,383147.0,20,0.694,True,False,False,False,False,True
5797,-1171.732,-0.295,0.259,0.188,0.159,2.594,-0.195,7.817,1.054,1.657,-0.012,-0.032,,221409.0,20,0.879,False,True,False,False,True,True
5800,40287.359,-0.154,-0.191,-0.071,-0.058,2.498,-0.113,2.698,1.228,0.505,-0.01,-0.008,,546511.0,20,0.232,False,False,False,False,False,False
5814,5135.329,0.317,0.355,0.016,0.012,-0.847,0.095,3.093,0.262,0.673,0.026,-0.11,630.944,166950.0,20,0.445,False,False,False,False,False,False
5817,24730.523,-0.706,0.272,0.274,0.167,1.913,-0.08,2.091,-0.284,-0.216,0.132,0.11,103.54,403464.0,20,1.278,False,True,True,False,False,True
5819,13754.303,1.672,-2.503,0.142,0.106,1.589,-0.622,-1.018,,,,,,253889.0,10,,False,False,False,False,False,False
5820,2581.408,1.51,1.542,-3.213,-0.919,-7.22,0.36,7.33,5.905,0.835,0.02,-0.16,1053.328,61524.0,20,2.893,True,False,False,False,False,True
5821,23485.507,0.08,-0.19,-0.087,-0.049,-2.064,0.11,4.058,0.134,0.662,0.062,-0.047,216.993,390115.0,20,2.738,False,False,False,False,False,True
5826,81688.77,-0.042,-0.182,0.005,0.012,0.324,-0.043,5.919,1.548,0.551,0.017,0.001,431.056,1600806.0,20,0.158,False,False,False,False,False,False
5830,-4019.383,1.545,1.439,0.005,0.003,-5.922,0.427,8.564,1.39,0.294,0.078,0.059,241.216,106009.0,20,-0.147,True,False,False,False,False,False
5835,6644.803,-0.075,0.419,-0.378,-0.165,0.033,0.01,4.084,3.028,0.531,0.022,-0.01,553.839,498476.0,20,1.68,False,False,False,False,False,True
5838,332.205,-0.336,0.261,0.087,0.079,-1.035,0.024,2.868,1.761,0.163,0.141,0.171,150.711,68593.0,20,0.686,False,False,True,False,False,True
5840,,,,,,,,,,,,,,1105283.0,3,,False,False,False,False,False,False
5847,2037.026,-0.411,0.08,0.155,0.112,-1.644,0.137,3.235,1.255,0.352,0.03,-0.013,588.936,120298.0,20,-0.103,False,True,False,False,False,False
5854,127696.427,-0.059,0.061,-0.039,-0.009,0.119,-0.028,2.929,0.63,0.267,0.098,0.033,65.247,2166977.0,20,0.221,False,False,False,False,False,False
5867,15163.783,0.694,0.667,0.088,0.066,1.704,-0.017,7.211,1.276,0.533,0.005,-0.071,2112.025,661276.0,20,0.265,True,False,False,False,False,False
5873,19568.265,0.114,0.374,-0.002,-0.04,-2.474,0.096,3.912,1.948,0.432,0.059,0.01,212.968,469634.0,20,0.169,False,False,False,False,False,False
5874,21926.887,0.58,0.598,0.036,0.03,-0.656,0.099,5.211,0.722,0.163,0.049,-0.05,193.359,993460.0,20,0.125,False,False,False,False,False,False
5885,13751.323,0.486,0.393,-0.011,-0.081,-2.877,0.126,3.983,2.286,0.307,-0.044,-0.042,,536743.0,20,0.209,True,False,False,False,False,False
5892,-1372.854,0.329,0.434,0.036,0.022,-0.068,-0.002,1.604,2.574,0.136,-0.013,-0.02,,120866.0,20,0.999,False,False,False,False,False,True
5902,27847.149,-0.131,-0.076,-0.096,-0.04,1.938,-0.146,3.843,1.606,0.68,0.011,-0.045,1182.544,349312.0,20,0.757,False,False,False,False,False,True
5903,621116.162,0.644,0.522,0.053,0.043,-0.898,0.002,1.732,1.177,0.418,0.032,0.001,24.245,8279783.0,20,-0.132,True,False,False,False,False,False
5907,-13403.392,0.855,0.898,-0.369,-0.204,-3.684,0.247,4.124,0.851,0.226,0.009,0.013,1235.923,558388.0,20,0.232,True,False,False,False,False,False
5956,20592.716,0.191,0.415,0.011,0.021,-0.263,0.035,3.741,1.815,0.053,0.024,0.011,290.631,1733567.0,20,0.343,False,False,False,False,False,False
5962,63435.862,1.499,0.735,-0.169,-0.043,-1.325,0.754,1.057,4.848,0.661,0.055,0.278,132.855,1683330.0,20,0.49,True,False,False,False,False,False
5969,254770.989,0.018,0.091,-0.033,-0.02,1.092,-0.042,2.961,0.981,0.451,0.029,-0.001,145.715,3479335.0,20,0.056,False,False,False,False,False,False
5981,27134.439,0.36,0.41,-0.164,-0.085,-0.551,0.024,3.363,0.864,0.631,-0.003,-0.148,,690979.0,20,0.016,False,False,False,False,False,False
5994,96734.626,-0.453,-0.127,0.042,0.011,-2.343,-0.058,1.198,-2.058,0.49,0.367,-0.1,35.137,640664.0,20,2.422,False,False,False,False,False,True
5999,-272.484,0.009,0.788,0.446,0.265,1.215,-0.113,1.04,2.735,-0.734,0.101,0.187,246.733,26718.0,20,,False,True,True,False,False,False
6051,6915.573,-0.01,0.025,0.021,0.019,0.679,-0.016,9.955,0.661,0.339,0.026,-0.005,595.115,210538.0,20,-0.025,False,False,False,False,False,False
6063,-18159.741,0.218,0.41,0.017,0.013,3.543,-0.159,3.448,1.131,0.052,0.064,0.104,119.073,1581898.0,20,-0.027,False,False,False,False,True,False
6064,2404.211,0.105,-0.096,0.036,0.025,-1.802,-0.012,0.333,1.735,0.565,0.078,0.103,276.938,55309.0,20,0.283,False,False,False,False,False,False
6078,-9926.421,-1.145,-0.765,0.134,0.083,20.237,0.01,-9.356,0.412,-0.627,-0.066,0.079,,360324.0,20,-0.335,False,False,False,False,False,False
6084,-205.519,0.148,0.162,0.325,0.162,5.928,-0.239,3.025,0.699,-0.007,0.006,-0.116,3427.9,40211.0,20,-0.526,False,True,False,False,True,False
6085,89696.43,0.684,0.532,0.016,0.003,-0.59,0.065,4.173,1.349,0.048,0.14,0.146,31.633,3550585.0,20,0.353,True,False,True,False,False,False
6088,889.092,-0.131,0.103,-0.668,-0.234,0.708,-0.014,0.784,0.611,0.561,0.045,-0.027,336.025,249289.0,20,0.686,False,False,False,False,False,True
6091,50677.014,-0.407,-0.08,-0.073,-0.027,-3.383,0.076,5.426,1.903,0.479,0.126,0.075,83.905,825426.0,20,0.393,False,False,True,False,False,False
6100,19983.663,-2.36,-2.083,-0.12,0.038,-14.305,0.253,1.796,4.522,-4.222,-0.065,0.309,,186188.0,20,-0.34,False,False,False,False,False,False
6101,26095.468,-0.192,-0.186,0.016,0.028,3.848,-0.183,1.877,1.558,0.374,0.116,0.095,124.991,321233.0,20,0.052,False,False,True,False,True,False
6103,,,,,,,,,,,,,,290691.0,1,,False,False,False,False,False,False
6110,-897.997,0.315,0.447,0.023,0.181,0.797,-0.02,2.714,1.356,0.129,0.014,-0.01,1279.097,112529.0,20,0.158,False,True,False,False,False,False
6123,155640.141,0.596,0.488,0.153,0.116,-0.166,-0.199,1.045,4.258,0.228,-0.035,-0.103,,1838119.0,20,0.082,True,True,False,False,False,False
6128,,,,,,,,,,,,,,267189.0,1,,False,False,False,False,False,False
6137,61430.659,0.366,0.345,-0.085,-0.052,0.006,0.022,5.363,0.754,0.407,0.084,0.005,117.43,938035.0,20,0.566,False,False,False,False,False,True
6139,33012.782,-0.35,0.15,-0.064,-0.04,4.936,-0.25,5.542,,,,,,660780.0,14,,False,False,False,False,True,False
6149,13786.4,10.801,10.679,0.712,0.195,84.377,-3.091,53.682,,,,,,16323.0,9,,False,True,False,False,True,False
6156,-3149.714,0.987,0.967,-0.147,-0.008,-7.127,0.227,0.141,2.858,0.85,0.007,0.113,2840.686,50557.0,20,0.684,True,False,False,False,False,True
6158,-76380.782,0.954,0.92,-0.012,0.006,0.241,0.009,5.517,0.701,0.268,0.033,0.006,172.441,2513864.0,20,0.019,False,False,False,False,False,False
6161,-388.786,0.014,0.526,-0.011,0.005,2.017,-0.082,4.895,,,,,,1653440.0,19,,False,False,False,False,False,False
6176,47408.081,0.032,0.159,0.151,0.125,-0.279,0.011,6.826,1.348,0.618,0.054,0.031,188.542,825030.0,20,0.009,False,True,False,False,False,False
6180,14069.026,-0.042,0.06,0.07,0.043,0.594,-0.038,1.696,1.065,0.388,0.038,-0.04,390.082,251210.0,20,0.545,False,False,False,False,False,True
6186,8505.618,-0.122,0.062,-0.034,-0.015,0.627,-0.005,4.719,0.959,0.501,0.011,-0.063,1302.866,307286.0,20,1.035,False,False,False,False,False,True
6194,44944.851,-0.382,-0.366,0.107,0.095,0.544,-0.046,3.095,0.921,0.568,0.058,-0.007,214.215,488081.0,20,0.403,False,False,False,False,False,False
6195,8338.65,0.196,0.187,-0.01,-0.017,1.375,-0.097,5.217,0.787,0.728,0.003,-0.019,4671.22,355833.0,20,-0.002,False,False,False,False,False,False
6198,1079.191,0.303,0.351,0.239,0.073,-4.135,0.14,0.938,-0.098,0.438,0.107,0.079,210.488,46978.0,20,,False,True,True,False,False,False
6271,66214.989,0.183,0.306,-0.03,-0.001,0.268,0.012,4.0,1.251,0.373,0.04,-0.033,213.706,1234804.0,20,0.42,False,False,False,False,False,False
6275,5541.892,0.191,0.359,-0.064,-0.03,-0.361,0.043,2.504,2.562,0.538,0.015,0.04,777.364,555199.0,20,0.18,False,False,False,False,False,False
6280,572.713,0.609,0.613,-0.004,0.083,-0.583,0.037,3.684,-0.729,0.106,0.024,-0.104,797.639,90103.0,20,-0.52,False,False,False,False,False,False
6354,-12038.743,0.438,0.531,-0.175,-0.099,-0.699,0.056,2.551,1.492,0.341,0.01,-0.02,1092.553,654385.0,20,0.193,True,False,False,False,False,False
6423,14257.85,0.094,0.082,-0.019,-0.021,-1.395,0.158,4.036,-0.908,-1.063,0.03,-0.025,166.91,2872182.0,20,0.242,False,False,False,False,False,False
6442,3835.789,0.134,0.275,-0.077,-0.038,-2.538,0.098,3.207,1.485,-0.226,-0.009,-0.06,,194016.0,20,0.051,False,False,False,False,False,False
6464,6117.762,0.508,0.504,-0.066,-0.024,-0.88,0.089,4.001,0.678,-0.057,0.039,-0.028,334.211,400002.0,20,0.213,False,False,False,False,False,False
6516,-13613.143,-0.187,1.002,-0.003,-0.003,9.42,-0.401,-7.256,,,,,,427094.0,6,,False,False,False,False,True,False
6528,1707.215,0.108,0.175,0.202,0.109,4.174,-0.415,-0.163,1.797,0.062,-0.008,-0.008,,316609.0,20,-0.168,False,True,False,False,True,False
6530,-305.546,0.209,0.201,-0.142,-0.122,-0.935,0.075,2.041,0.45,0.709,-0.025,-0.056,,77892.0,20,1.12,False,False,False,False,False,True
6531,31310.286,-0.134,0.09,-0.039,-0.028,-0.2,-0.047,1.464,0.611,0.426,0.025,-0.011,360.957,1078019.0,20,0.035,False,False,False,False,False,False
6540,500890.785,0.212,0.265,0.057,0.049,1.117,-0.112,3.011,3.042,0.298,0.403,0.388,3.853,7215780.0,20,0.584,False,False,True,True,False,True
6544,799841.2,0.318,0.274,-0.053,-0.044,-2.935,0.044,2.283,0.711,-0.144,0.044,0.045,3.451,9637896.0,20,0.705,False,False,False,True,False,True
6574,-3770.105,-0.17,0.291,0.04,0.026,0.16,0.039,2.335,0.84,-0.317,0.013,0.041,1132.72,271532.0,20,-0.05,False,False,False,False,False,False
6584,-1415.45,0.294,0.238,0.001,0.0,-0.216,0.018,2.434,1.832,0.54,0.005,0.037,4507.222,58415.0,20,0.182,False,False,False,False,False,False
6592,3673.699,-0.01,0.001,0.032,0.018,2.886,-0.091,-0.131,1.416,-0.038,0.03,0.043,630.13,94348.0,20,0.248,False,False,False,False,False,False
6605,32900.156,0.102,0.143,-0.01,-0.009,1.405,-0.04,0.871,1.19,0.402,-0.032,-0.063,,1338064.0,20,-0.007,False,False,False,False,False,False
6616,25523.669,-0.274,0.021,0.061,0.043,2.783,-0.097,0.242,0.539,0.469,0.042,0.012,276.63,582779.0,20,-0.246,False,False,False,False,False,False
6623,114724.481,-0.018,-0.35,0.021,0.021,1.657,-0.084,2.073,1.974,0.478,-0.028,-0.036,,2233698.0,20,0.206,False,False,False,False,False,False
6636,65522.18,-0.043,0.085,0.021,0.017,-0.217,-0.015,1.839,0.573,0.615,0.026,-0.053,286.896,1577252.0,20,0.291,False,False,False,False,False,False
6637,1697.056,0.49,0.528,0.093,0.05,-2.614,0.13,0.547,1.757,0.336,0.031,0.005,517.324,203236.0,20,-0.029,True,False,False,False,False,False
6638,-223.678,0.16,0.227,-0.064,0.044,-4.281,0.184,3.072,1.985,0.712,-0.033,-0.033,,106267.0,20,-0.192,False,False,False,False,False,False
6646,3581.005,0.232,0.334,-0.088,-0.044,-5.043,0.218,2.589,2.483,0.154,-0.083,-0.038,,253429.0,20,-0.37,False,False,False,False,False,False
6653,22243.289,0.542,0.496,-0.027,0.008,-0.691,0.056,3.395,,,,,,9742967.0,18,,False,False,False,False,False,False
6659,23183.588,0.278,0.138,-0.045,-0.02,-3.269,0.101,4.346,2.523,0.665,0.124,-0.119,119.114,304446.0,20,0.526,False,False,False,False,False,True
6662,17303.66,0.479,0.328,-0.315,-0.171,-0.65,0.006,6.904,1.735,0.2,0.071,0.13,196.634,343930.0,20,0.681,True,False,False,False,False,True
6671,13323.233,-0.181,-0.158,0.025,0.02,2.899,-0.112,1.177,1.179,0.694,0.057,0.008,254.809,291047.0,20,0.17,False,False,False,False,True,False
6680,2836.259,-0.386,-0.204,-0.571,-0.299,2.641,-0.121,1.601,0.651,0.161,-0.013,-0.133,,90753.0,20,0.833,False,False,False,False,True,True
6700,6132.316,-0.16,0.157,0.257,0.187,3.364,-0.114,1.283,0.134,0.21,0.081,0.048,181.046,294300.0,20,0.014,False,True,False,False,True,False
6706,12157.669,-0.344,-0.013,0.008,0.005,-2.602,0.044,3.278,1.459,0.523,0.007,-0.1,2237.635,239423.0,20,0.7,False,False,False,False,False,True
6725,970.039,0.383,0.335,0.541,0.266,4.789,-0.161,1.639,1.952,0.706,-0.065,0.001,,204392.0,20,-0.218,False,True,False,False,True,False
6728,1555.435,0.479,0.498,-0.034,0.026,-5.321,0.381,3.787,0.445,0.276,0.064,0.056,287.786,115285.0,20,1.524,False,False,False,False,False,True
6732,-3028.668,0.522,0.587,0.073,0.032,-1.885,0.085,2.784,2.845,0.389,0.063,0.075,274.063,151726.0,20,0.811,True,False,False,False,False,True
6760,70719.236,0.326,0.064,0.009,-0.044,-1.531,0.033,2.029,1.131,0.92,0.128,0.107,84.836,775093.0,20,0.538,False,False,True,False,False,True
6762,2356.147,-0.157,-0.045,-0.18,-0.11,2.249,-0.092,1.104,1.965,-0.049,0.062,0.067,276.331,157056.0,20,0.303,False,False,False,False,False,False
6786,4092.009,0.494,0.368,0.049,0.048,-4.696,0.219,1.544,1.537,0.144,0.022,-0.014,723.849,204197.0,20,0.172,True,False,False,False,False,False
6787,68.755,0.726,0.802,0.01,-0.004,-2.451,0.135,-0.834,2.449,-0.011,-0.003,-0.009,,86164.0,20,-0.132,True,False,False,False,False,False
6794,4571.158,0.1,0.275,0.004,-0.006,2.711,-0.064,0.022,1.094,0.274,0.022,0.02,671.382,271869.0,20,-0.154,False,False,False,False,False,False
6800,-330.289,-0.151,0.052,0.016,-0.095,6.25,-0.182,-1.277,0.331,0.986,0.012,-0.051,1360.617,160621.0,20,-0.196,False,False,False,False,True,False
6803,3998.259,0.082,0.142,-0.294,-0.571,3.236,-0.118,1.669,1.068,0.329,0.019,0.03,711.201,365540.0,20,0.124,False,False,False,False,True,False
6805,2089.326,1.74,1.757,0.55,0.364,8.642,-0.143,1.984,14.556,-0.073,0.009,0.044,2075.864,113461.0,20,-0.243,True,True,False,False,True,False
6811,19901.591,0.456,0.441,-0.012,-0.005,-1.405,0.102,3.575,0.013,0.27,0.05,0.012,180.851,1087944.0,20,0.216,False,False,False,False,False,False
6813,15391.624,-0.214,-0.049,-0.017,-0.016,0.591,-0.077,0.971,1.16,-0.017,0.029,-0.005,455.958,369001.0,20,0.578,False,False,False,False,False,True
6821,38541.2,-0.214,-0.131,-0.062,-0.043,4.31,-0.128,1.921,1.544,0.455,-0.003,-0.09,,1826168.0,20,0.039,False,False,False,False,True,False
6837,-88257.79,0.241,0.753,0.041,0.035,4.23,-0.175,9.222,,,,,,3069984.0,12,,False,False,False,False,True,False
6861,79387.838,-0.106,-0.111,0.016,0.02,-0.523,0.046,3.22,0.527,0.647,0.047,-0.145,178.162,1309619.0,20,0.307,False,False,False,False,False,False
6862,88512.689,0.044,0.072,0.011,-0.019,2.967,-0.215,1.776,2.226,0.649,0.076,0.014,95.703,1724117.0,20,0.572,False,False,False,False,True,True
6863,19530.692,-0.097,-0.09,-0.155,-0.091,2.362,-0.084,5.132,0.476,0.353,0.074,0.073,165.366,518026.0,20,0.769,False,False,False,False,False,True
6892,43742.137,0.172,0.372,-0.069,-0.063,0.043,-0.023,2.708,,,,,,1395312.0,17,,False,False,False,False,False,False
6913,18136.532,0.154,0.073,-0.117,-0.072,-2.668,0.027,7.383,2.127,0.811,0.034,0.053,398.681,362827.0,20,1.459,False,False,False,False,False,True
6917,190256.129,0.066,-0.036,0.055,0.02,1.638,-0.096,3.129,1.25,0.103,0.021,-0.384,301.129,2076629.0,20,0.788,False,False,False,False,False,True
6947,16150.371,0.295,0.66,0.037,0.065,3.401,-0.162,3.221,,,,,,2177426.0,16,,False,False,False,False,True,False
6954,13241.516,-0.305,-0.078,0.454,0.289,4.566,-0.068,0.039,0.961,0.329,0.001,0.005,18162.438,281055.0,20,-0.314,False,True,False,False,False,False
6959,46385.323,0.202,0.136,-0.047,-0.03,2.61,-0.064,5.699,2.594,-0.393,0.048,-0.011,202.607,941552.0,20,0.228,False,False,False,False,False,False
6976,580875.937,0.117,0.209,0.043,0.028,0.042,-0.078,-0.454,0.655,0.39,0.064,0.019,,14990679.0,20,-0.189,False,False,False,False,False,False
6985,263977.056,0.107,0.087,0.102,0.072,0.112,-0.026,0.254,0.87,0.571,0.06,0.017,41.484,5456717.0,20,0.198,False,False,False,False,False,False
6990,-6020.177,1.769,1.806,-0.415,-0.169,-5.412,0.203,6.323,2.278,-0.448,-0.007,-0.019,,172907.0,20,0.15,True,False,False,False,False,False
7018,15546.962,0.228,0.172,0.1,0.07,8.266,-0.215,2.784,1.549,-0.603,-0.032,-0.028,,517108.0,20,0.257,False,False,False,False,True,False
7025,-866.647,-0.076,0.209,0.047,0.046,1.105,-0.004,2.855,0.183,0.301,0.055,0.016,238.116,407614.0,20,0.397,False,False,False,False,False,False
7031,-6346.205,0.778,1.041,-0.557,-0.114,-4.225,0.222,6.025,3.042,-0.359,-0.017,0.046,,211185.0,20,0.57,True,False,False,False,False,True
7072,3472.959,-0.203,0.05,0.021,0.016,8.264,-0.253,2.618,,,,,,4075121.0,16,,False,False,False,False,True,False
7074,332595.979,0.129,0.104,0.013,0.017,2.078,-0.097,2.844,1.414,0.508,0.014,-0.284,235.621,4500795.0,20,0.657,False,False,False,False,False,True
7085,-3713.308,0.205,0.418,-0.268,-0.081,0.482,0.012,2.492,1.202,0.376,0.017,-0.011,906.069,212458.0,20,0.463,False,False,False,False,False,False
7123,-9337.895,1.246,1.284,-0.886,-0.365,-3.917,0.243,4.344,3.652,0.461,0.033,0.086,328.963,671880.0,20,0.283,True,False,False,False,False,False
7151,112298.583,0.035,0.102,0.008,0.01,-1.339,0.001,1.34,1.211,0.24,0.04,0.002,157.58,2110424.0,20,0.355,False,False,False,False,False,False
7153,,,,,,,,,,,,,,1551206.0,3,,False,False,False,False,False,False
7274,-4554.159,1.716,1.194,0.0,0.0,-1.372,0.28,0.0,5.739,1.35,0.028,-0.001,601.972,157991.0,20,,True,False,False,False,False,False
7356,10880.953,-0.179,0.335,-0.371,-0.229,2.544,-0.096,1.685,2.046,0.305,0.007,-0.013,1615.603,500247.0,20,0.384,False,False,False,False,False,False
7404,49178.523,-0.715,-0.153,0.036,0.033,5.3,-0.354,3.74,0.236,5.689,0.061,0.043,126.242,1521898.0,20,-0.063,False,False,False,False,True,False
7461,-27093.0,1.197,1.424,-0.111,-0.047,5.294,0.03,3.862,,,,,,1078774.0,7,,False,False,False,False,False,False
7468,197717.571,-1.017,0.279,-0.178,-0.109,1.96,-0.162,6.192,,,,,,9776999.0,7,,False,False,False,False,False,False
7472,97856.176,-1.076,-0.137,0.049,0.036,4.842,-0.264,6.221,,,,,,1812547.0,13,,False,False,False,False,True,False
7493,158987.42,0.037,0.1,0.114,0.085,-0.197,0.01,3.805,1.098,0.007,0.092,-0.024,64.708,2423035.0,20,0.393,False,False,False,False,False,False
7506,107186.707,0.773,0.587,0.009,0.025,2.176,-0.003,8.507,1.605,0.56,0.0,-0.357,13115.064,3253225.0,20,0.716,True,False,False,False,False,True
7514,521821.489,0.073,0.016,0.071,0.063,1.291,-0.06,2.834,1.079,0.727,0.085,-0.276,30.114,5415574.0,20,0.31,False,False,False,False,False,False
7526,49395.672,0.17,0.254,0.004,0.015,-0.932,0.022,4.907,0.111,0.245,0.078,-0.033,114.51,1152101.0,20,0.545,False,False,False,False,False,True
7542,33112.126,0.062,0.033,0.209,0.162,0.416,-0.029,-0.385,1.151,0.142,0.029,-0.011,267.265,1468483.0,20,0.117,False,True,False,False,False,False
7586,47122.951,-0.066,0.14,-0.096,-0.056,-2.542,0.07,6.598,,,,,,722235.0,17,,False,False,False,False,False,False
7590,5093.038,0.76,0.847,-0.175,-0.122,-0.772,0.145,-0.02,2.56,0.263,0.042,0.027,372.421,222308.0,20,-0.075,True,False,False,False,False,False
7593,251158.502,0.541,0.118,0.173,0.15,1.155,-0.056,3.829,0.837,0.414,0.003,-0.029,1453.458,3022065.0,20,0.474,True,True,False,False,False,False
7598,,,,,,,,,,,,,,1241968.0,2,,False,False,False,False,False,False
7599,4991.182,-0.061,0.212,-0.035,-0.019,-2.337,0.078,-1.33,1.502,0.268,0.057,0.038,266.177,256080.0,20,0.22,False,False,False,False,False,False
7613,-5893.549,-0.227,0.144,0.132,0.098,4.84,-0.132,1.131,1.525,0.425,-0.016,0.048,,657407.0,20,-0.244,False,False,False,False,True,False
7614,16203.868,-0.32,0.187,0.014,0.009,-1.191,0.007,3.868,1.728,0.6,0.056,0.069,176.659,900948.0,20,0.405,False,False,False,False,False,False
7631,-697.868,-0.33,0.156,0.0,-0.0,1.738,-0.027,0.271,0.992,-0.025,0.017,0.019,981.737,166485.0,20,0.052,False,False,False,False,False,False
7646,1333.263,-0.167,0.06,-0.029,-0.002,4.896,-0.109,3.162,0.962,0.14,0.007,-0.005,1826.612,466790.0,20,0.163,False,False,False,False,True,False
7658,-46202.914,0.637,1.152,-0.058,-0.016,-0.041,0.085,4.809,4.18,-0.007,0.027,0.033,325.45,1156591.0,20,-0.033,True,False,False,False,False,False
7659,22550.523,-0.764,-0.161,0.068,0.062,4.417,-0.172,1.628,0.511,0.707,0.057,0.053,195.934,672738.0,20,0.175,False,False,False,False,True,False
7666,-1207.922,-0.098,0.17,0.032,0.028,1.835,-0.05,3.644,,,,,,684477.0,17,,False,False,False,False,False,False
7675,-8380.027,0.685,0.8,0.085,0.021,-2.037,0.157,1.816,1.624,0.499,0.029,0.014,332.366,930393.0,20,0.204,True,False,False,False,False,False
7714,70718.514,0.318,0.561,-0.048,-0.014,1.212,-0.044,2.475,2.997,0.246,0.014,-0.087,485.433,1899721.0,20,0.501,False,False,False,False,False,True
7748,,,,,,,,,,,,,,1945388.0,3,,False,False,False,False,False,False
7759,376403.997,0.016,0.088,-0.069,0.002,-0.032,-0.06,1.131,0.048,0.114,0.02,-0.009,43.09,8108083.0,20,0.092,False,False,False,False,False,False
7789,11438.968,0.022,0.179,-0.169,-0.079,0.122,0.017,3.124,-0.397,0.612,0.115,0.04,137.311,235779.0,20,0.525,False,False,True,False,False,True
7799,134096.247,-0.235,-0.082,0.031,0.036,1.549,-0.149,2.413,0.108,-0.824,0.214,0.179,23.755,3153919.0,20,0.41,False,False,True,False,False,False
7848,29852.129,0.559,0.67,-0.142,-0.099,-0.933,0.012,0.869,0.974,-0.189,0.069,0.061,111.1,1583033.0,20,0.303,True,False,False,False,False,False
7875,-55015.143,-2.034,-0.384,0.146,0.14,11.555,-0.576,4.088,,,,,,1011490.0,7,,False,False,False,False,True,False
7886,3044.241,-0.106,0.164,0.055,0.036,2.012,-0.062,2.191,2.105,0.571,0.031,-0.001,437.377,369935.0,20,0.541,False,False,False,False,False,True
7900,277736.695,0.358,0.003,0.279,0.211,-2.465,0.065,0.422,1.397,0.776,0.004,-0.044,1412.165,2853576.0,20,0.432,False,True,False,False,False,False
7909,8835.386,-0.043,0.154,-0.096,-0.063,0.546,-0.028,0.981,1.954,0.79,-0.012,-0.045,,421671.0,20,-0.056,False,False,False,False,False,False
7910,18076.655,-1.56,-0.346,-0.007,-0.004,6.218,-0.181,3.388,,,,,,529562.0,11,,False,False,False,False,True,False
8011,-20412.677,0.043,0.612,0.007,0.007,2.463,-0.034,5.074,2.211,0.166,-0.015,-0.02,,1293076.0,20,0.102,False,False,False,False,False,False
8018,64271.693,-0.345,-0.348,-0.004,-0.002,-1.903,0.049,7.653,-0.978,0.872,0.029,-0.174,269.867,1410085.0,20,0.593,False,False,False,False,False,True
8021,394735.853,0.133,0.124,-0.206,-0.117,1.766,0.006,-0.336,0.098,0.072,0.04,0.002,147.77,2364087.0,20,1.093,False,False,False,False,False,True
8028,8972.15,-0.538,-0.196,0.203,0.14,-1.62,0.119,5.191,2.123,-0.155,0.037,0.024,435.771,194560.0,20,0.801,False,True,False,False,False,True
8033,20879.035,1.264,1.324,0.127,0.104,-5.299,0.281,3.031,2.332,-0.6,0.023,-0.024,449.405,786846.0,20,0.038,True,False,False,False,False,False
8035,22254.033,-0.53,-0.067,0.075,0.064,0.9,-0.069,5.016,1.482,0.594,0.03,0.002,463.113,332904.0,20,0.031,False,False,False,False,False,False
8056,2432247.676,0.159,0.115,0.445,0.392,3.57,-0.238,2.736,,,0.081,,,20263028.0,17,-0.001,False,True,False,False,True,False
8063,51522.653,0.148,0.163,0.049,0.041,0.111,0.069,3.129,0.509,0.097,0.145,0.092,75.58,775081.0,20,0.199,False,False,True,False,False,False
8067,13713.221,-0.464,-0.445,-0.461,-0.322,4.219,-0.177,4.173,0.065,0.26,0.092,0.015,189.385,155040.0,20,0.052,False,False,False,False,True,False
8074,17005.72,0.072,0.101,-0.006,-0.006,-0.205,-0.024,0.302,0.721,0.63,0.063,0.028,213.485,378460.0,20,1.576,False,False,False,False,False,True
8083,12248.078,-0.429,-0.037,-0.02,0.241,2.092,-0.107,3.919,1.712,0.259,0.075,0.133,197.356,287589.0,20,0.128,False,True,False,False,False,False
8094,18841.931,-0.036,0.049,0.099,0.074,2.312,-0.201,3.061,0.616,-0.308,0.02,-0.067,620.646,478973.0,20,-0.038,False,False,False,False,False,False
8101,52428.608,-0.183,-0.148,0.272,0.244,0.268,-0.093,2.254,1.264,0.829,0.04,-0.017,261.475,783847.0,20,-0.003,False,True,False,False,False,False
8108,5619.48,0.059,0.219,0.271,0.246,0.087,-0.148,2.554,-2.575,-0.509,0.195,-0.037,106.806,86795.0,20,1.174,False,True,False,False,False,True
8110,33699.63,1.074,0.556,0.619,0.517,-7.222,0.29,16.148,4.514,0.222,-0.042,-2.938,,210745.0,20,8.422,True,True,False,False,False,True
8117,28552.493,0.461,0.903,-0.392,-0.19,-2.706,0.116,5.636,0.756,-1.002,0.251,0.2,56.103,431657.0,20,0.736,True,False,True,False,False,True
8118,6729.528,0.457,0.464,0.008,0.003,-1.608,0.08,0.64,1.466,0.181,0.02,-0.044,728.464,262799.0,20,0.359,True,False,False,False,False,False
8120,14199.45,-0.347,-0.343,0.432,0.369,-0.628,-0.155,10.779,1.456,-1.673,0.079,0.123,155.129,523738.0,20,2.063,False,True,False,False,False,True
8121,1185.696,-0.133,-0.148,-0.023,-0.008,-3.459,0.213,0.657,0.676,0.24,0.018,0.07,1098.426,71647.0,20,-0.112,False,False,False,False,False,False
8122,-10170.911,-2.259,-2.219,5.393,2.448,15.548,-0.413,-3.572,0.7,0.253,-0.006,0.046,,209287.0,20,0.017,False,True,False,False,True,False
8126,-5.453,0.169,-0.219,-0.059,-0.019,7.239,-0.173,3.684,3.904,1.067,-0.004,-0.014,,157720.0,20,0.256,False,False,False,False,True,False
8128,,,,,,,,,,,,,,333817.0,2,,False,False,False,False,False,False
8136,160179.558,0.039,0.252,0.019,0.011,3.974,-0.224,2.436,1.747,0.777,-0.002,-0.025,,3794060.0,20,0.404,False,False,False,False,True,False
8140,-1261.296,0.341,0.558,-0.004,-0.014,1.868,-0.111,1.432,1.961,-0.123,-0.005,0.007,,151074.0,20,0.312,False,False,False,False,False,False
8141,16193.104,0.105,0.158,0.244,0.245,-3.478,0.341,7.295,-0.444,-1.057,-0.027,-0.091,,1357381.0,20,0.229,False,True,False,False,False,False
8144,-2751.459,0.65,0.641,1.754,0.664,-1.071,0.025,4.46,0.31,0.282,-0.017,0.009,,70963.0,20,0.006,False,True,False,False,False,False
8149,17060.683,0.128,0.418,0.094,0.071,1.225,-0.024,2.256,2.064,0.13,0.015,0.009,520.123,1387108.0,20,-0.086,False,False,False,False,False,False
8152,334942.198,0.195,0.145,0.058,0.045,6.127,-0.299,5.229,,,,,,5325505.0,13,,False,False,False,False,True,False
8162,13276.941,0.291,0.311,-0.005,-0.007,2.604,-0.082,2.319,-0.289,-0.053,0.056,-0.004,235.845,404574.0,20,0.168,False,False,False,False,False,False
8165,16365.72,0.366,0.345,0.011,0.007,0.893,-0.03,3.693,0.878,0.266,0.008,-0.053,1646.657,413398.0,20,0.255,False,False,False,False,False,False
8172,14291.221,0.172,0.34,0.001,-0.012,-0.965,0.138,1.572,2.138,0.425,0.067,0.046,187.249,481410.0,20,0.094,False,False,False,False,False,False
8183,96087.982,-1.305,-1.371,0.116,0.245,-13.892,0.383,4.99,-0.865,-0.266,0.423,-0.045,32.988,543781.0,20,3.019,False,True,False,False,False,True
8188,-1633.72,0.424,0.491,-0.004,-0.036,2.122,0.126,8.817,,,,,,332097.0,12,,False,False,False,False,False,False
8190,-866.061,1.279,1.36,0.093,0.08,-9.31,0.857,3.581,,,,,,61854.0,10,,False,False,False,False,False,False
8191,-2279.056,-0.772,0.296,0.294,0.121,5.086,-0.139,2.621,2.647,0.095,0.026,0.027,749.989,84943.0,20,-0.183,False,True,False,False,True,False
8193,1414.982,1.137,0.327,-0.011,-0.007,1.986,0.292,2.2,,,,,,138319.0,11,,False,False,False,False,False,False
8197,13727.573,-0.637,-0.812,0.379,0.298,7.794,-0.444,1.75,-3.131,-1.06,0.41,0.223,52.156,113780.0,20,0.221,False,True,True,False,True,False
8200,2696.974,0.093,0.198,-0.003,0.005,4.987,-0.216,4.055,1.498,0.459,0.022,0.032,511.161,589979.0,20,-0.001,False,False,False,False,True,False
8205,5200.571,0.66,0.738,-0.088,-0.127,-0.375,0.022,5.905,1.424,0.166,0.007,-0.016,2372.36,178989.0,20,0.04,True,False,False,False,False,False
8207,2522.114,0.024,0.369,0.982,0.726,2.134,-0.139,7.66,2.504,0.516,-0.062,-0.053,,105668.0,20,1.206,False,True,False,False,False,True
8210,6540.048,0.145,0.106,-0.092,-0.078,-2.63,0.089,2.488,1.802,0.289,-0.029,-0.094,,167260.0,20,-0.126,False,False,False,False,False,False
8214,4676.767,-0.142,-0.017,0.001,0.0,-0.655,0.0,1.818,3.587,0.57,-0.026,-0.034,,188783.0,20,-0.432,False,False,False,False,False,False
8218,-715.471,1.071,1.027,0.1,0.155,-8.349,0.467,3.618,2.577,0.134,-0.017,-0.007,,23429.0,20,-0.449,True,True,False,False,False,False
8231,8121.441,0.602,0.559,-0.017,-0.021,0.866,-0.029,-4.427,0.89,-0.111,-0.002,-0.076,,331623.0,20,-0.196,True,False,False,False,False,False
8232,47626.635,0.477,0.565,0.424,0.36,-1.08,-0.075,-0.166,-0.157,-0.08,0.017,-0.043,667.641,597440.0,20,-0.001,False,True,False,False,False,False
8234,10061.6,0.631,0.543,0.155,0.055,-0.166,0.024,1.701,1.276,0.699,0.027,-0.034,472.798,447075.0,20,1.37,True,True,False,False,False,True
8235,162276.535,0.37,0.232,-0.164,-0.06,1.278,-0.024,4.864,2.233,0.744,0.289,0.248,20.691,2688272.0,20,0.448,False,False,True,False,False,False
8243,5104.352,1.377,1.069,1.2,0.512,-6.403,0.211,0.925,4.469,-0.789,-0.016,-0.046,,199368.0,20,-0.458,True,True,False,False,False,False
8250,6878.493,-0.836,-0.456,0.282,0.098,2.443,-0.092,-1.498,-0.333,-0.044,0.099,-0.007,159.886,233558.0,20,0.125,False,True,False,False,False,False
8251,2548.256,0.243,0.509,0.376,0.274,0.147,0.061,5.043,1.615,0.249,0.094,0.05,175.589,196742.0,20,0.361,False,True,False,False,False,False
8252,323151.585,-0.401,-0.39,0.093,0.1,-0.172,-0.075,-1.874,0.585,0.239,0.158,-0.059,41.257,2205885.0,20,0.462,False,False,False,False,False,False
8255,1849.774,0.937,0.571,0.076,0.052,-0.538,0.123,6.604,1.129,0.735,0.029,0.051,294.673,1221231.0,20,0.6,True,False,False,False,False,True
8259,-189.371,-3.387,-0.411,0.43,0.178,27.72,-0.927,-5.427,,,,,,111160.0,6,,False,True,False,False,True,False
8268,348.848,0.384,0.598,0.006,-0.047,-1.509,0.085,1.192,2.055,0.24,0.03,-0.019,644.338,81009.0,20,1.13,False,False,False,False,False,True
8274,29974.641,-0.031,0.084,0.186,0.114,-3.083,0.161,1.355,-0.105,0.384,0.143,-0.177,99.997,357623.0,20,2.366,False,True,False,False,False,True
8276,6779.519,-0.641,-0.633,0.023,0.01,2.551,-0.084,1.851,0.696,1.0,0.03,-0.121,571.932,138814.0,20,-0.396,False,False,False,False,False,False
8282,17272.421,-0.128,-0.126,-0.077,-0.059,-1.654,0.068,0.86,,,,,,278469.0,19,,False,False,False,False,False,False
8283,361294.565,0.368,-0.046,0.284,-0.037,-2.763,0.125,-9.734,-4.448,0.125,0.534,-0.137,12.312,2680831.0,20,0.532,False,True,False,False,False,True
8295,13764.238,0.142,0.176,0.204,0.15,-0.252,0.02,0.392,0.423,-0.019,0.077,-0.022,183.564,333810.0,20,0.12,False,True,False,False,False,False
8296,10030.003,0.05,0.054,0.279,0.26,-0.812,0.004,3.668,-0.496,0.074,0.096,0.065,153.114,297340.0,20,0.199,False,True,False,False,False,False
8317,2967.75,-0.326,0.184,0.159,0.127,-0.577,0.125,1.822,1.95,0.348,0.087,0.055,197.036,167764.0,20,0.568,False,True,False,False,False,True
8321,32160.8,0.338,0.393,0.021,0.023,0.293,0.063,1.584,1.348,0.224,0.109,0.122,109.069,591778.0,20,-0.149,False,False,True,False,False,False
8322,-1600.592,0.606,0.732,-0.248,-0.204,-0.683,0.107,4.073,1.978,0.047,0.004,-0.024,3632.054,280562.0,20,0.057,True,False,False,False,False,False
8323,535.088,0.548,0.603,0.04,0.022,4.44,-0.156,5.135,,,,,,43531.0,18,,False,False,False,False,True,False
8333,685.423,0.091,0.128,-0.049,-0.032,0.826,0.077,0.581,-0.481,0.858,0.066,0.082,306.906,75860.0,20,1.293,False,False,False,False,False,True
8383,-536.373,-0.236,0.26,-0.013,0.012,-0.023,-0.015,1.709,1.704,0.308,0.052,0.002,366.267,100416.0,20,0.322,False,False,False,False,False,False
8386,40622.839,-0.35,-0.277,0.032,0.033,0.364,0.013,3.558,-0.44,0.227,0.081,-0.069,147.214,567295.0,20,0.923,False,False,False,False,False,True
8387,47687.417,0.071,0.208,-0.004,-0.002,0.798,-0.042,5.803,1.346,0.068,0.059,-0.032,188.668,669239.0,20,0.069,False,False,False,False,False,False
8390,4530.95,-0.213,0.203,0.06,0.038,0.927,-0.053,2.375,1.69,0.622,0.048,-0.059,373.179,125380.0,20,0.884,False,False,False,False,False,True
8397,-583.131,0.404,0.303,0.031,0.022,1.428,-0.035,5.327,3.022,0.278,-0.041,-0.025,,54397.0,20,0.854,True,False,False,False,False,True
8403,1059.498,0.095,0.314,-0.039,-0.018,-2.327,0.095,-1.047,1.107,-0.04,0.0,-0.02,78450.838,92050.0,20,-0.064,False,False,False,False,False,False
8405,146053.008,-0.112,-0.044,-0.069,-0.028,-0.371,-0.043,5.025,1.089,0.448,0.018,-0.105,337.274,2298449.0,20,0.835,False,False,False,False,False,True
8421,16014.341,-0.712,-0.139,0.024,0.027,4.956,-0.217,4.748,,,,,,587268.0,18,,False,False,False,False,True,False
8426,41872.391,-0.41,-0.134,0.016,0.021,6.491,-0.16,3.003,0.097,0.804,0.06,0.011,128.757,1512087.0,20,1.065,False,False,False,False,True,True
8432,62883.856,0.435,0.344,-0.002,-0.025,-2.999,0.177,3.931,2.688,0.929,0.007,-0.054,1023.546,1670707.0,20,0.198,True,False,False,False,False,False
8439,53029.245,-0.064,0.271,-0.154,-0.098,0.286,0.088,3.558,-0.952,-0.051,0.334,0.203,31.127,1062984.0,20,0.437,False,False,True,False,False,False
8468,-51571.735,0.545,0.694,0.082,0.047,3.451,-0.066,2.722,3.15,0.333,-0.002,0.016,,3266467.0,20,0.364,True,False,False,False,False,False
8487,1401.666,0.818,0.881,-0.766,-0.54,0.052,0.021,1.209,1.436,1.317,-0.017,-0.088,,178076.0,20,-0.192,True,False,False,False,False,False
8491,1331.681,-0.16,0.076,0.024,0.041,-0.326,0.041,6.111,2.758,0.447,-0.023,-0.049,,207498.0,20,0.465,False,False,False,False,False,False
8492,,,,,,,,,,,,,,62676.0,4,,False,False,False,False,False,False
8499,19801.26,-0.308,-0.454,0.033,0.012,-0.959,-0.068,-2.212,0.672,0.462,0.047,-0.263,353.052,168793.0,20,1.945,False,False,False,False,False,True
8500,,,,,,,,,,,,,,183828.0,3,,False,False,False,False,False,False
8503,340.929,0.116,0.126,-0.228,0.079,0.85,0.001,3.769,2.468,0.893,0.042,0.072,468.015,77955.0,20,0.263,False,False,False,False,False,False
8506,10979.832,-0.398,-0.07,-0.025,-0.007,2.644,-0.125,0.158,0.321,0.178,0.051,0.02,269.391,348269.0,20,0.442,False,False,False,False,True,False
8507,1228.394,-0.453,0.472,-0.102,-0.039,1.135,-0.017,0.196,2.19,-0.134,0.183,0.133,112.839,86658.0,20,-0.578,False,False,True,False,False,False
8510,4581.762,0.286,0.22,0.016,0.01,0.868,-0.039,2.602,1.135,0.733,0.039,-0.021,443.479,149941.0,20,1.227,False,False,False,False,False,True
8511,5048.965,0.365,0.452,0.067,0.05,-1.593,0.117,1.359,2.222,0.38,0.006,-0.023,2433.778,285319.0,20,6.261,False,False,False,False,False,True
8513,1222.774,0.686,0.659,-0.564,-0.369,-1.811,0.13,3.678,,,,,,82038.0,18,,False,False,False,False,False,False
8519,12685.203,-0.558,-0.382,0.021,0.001,-0.269,-0.041,-2.813,2.15,0.094,0.039,0.026,473.479,103520.0,20,1.277,False,False,False,False,False,True
8522,-598.214,0.839,1.025,0.092,0.047,-1.667,0.002,1.749,2.927,-0.229,0.013,0.031,1315.864,125877.0,20,0.03,True,False,False,False,False,False
8527,3298.22,-0.071,0.206,0.446,0.385,2.491,-0.083,2.475,1.122,0.096,0.043,0.09,254.67,672299.0,20,0.215,False,True,False,False,False,False
8531,8286.475,0.053,0.105,0.199,0.135,3.201,-0.103,2.505,1.734,0.212,0.038,-0.036,363.404,324381.0,20,0.033,False,True,False,False,True,False
8532,-2249.597,0.527,0.601,0.45,0.352,-0.971,0.038,-2.033,2.182,-0.253,-0.006,0.033,,108614.0,20,-0.244,True,True,False,False,False,False
8533,2556.653,-0.163,0.185,-0.084,0.023,1.423,-0.076,2.046,0.658,-1.08,0.026,-0.014,611.006,184548.0,20,-0.437,False,False,False,False,False,False
8534,-9337.549,0.524,0.831,0.369,0.127,-4.041,0.14,2.928,3.979,-0.288,-0.002,-0.013,,296298.0,20,0.134,True,True,False,False,False,False
8535,1003.965,0.471,0.217,-0.009,-0.004,-1.628,-0.123,0.646,,,,,,89953.0,19,,False,False,False,False,False,False
8536,40802.0,-0.795,-0.855,-0.011,-0.003,4.436,-0.27,-3.444,1.398,-3.08,-0.086,-0.093,,370922.0,20,0.033,False,False,False,False,True,False
8537,6346.668,0.264,0.31,0.038,0.036,2.345,-0.064,5.811,1.251,0.222,0.055,0.004,234.968,420382.0,20,0.248,False,False,False,False,False,False
8541,4145.206,-0.049,0.076,-0.297,-0.217,0.54,0.046,0.401,0.433,0.705,0.098,0.075,177.804,155685.0,20,-0.324,False,False,False,False,False,False
8544,5155.275,-0.11,0.224,0.386,0.248,0.276,0.001,2.853,1.373,0.136,0.006,-0.055,2236.793,352389.0,20,-0.283,False,True,False,False,False,False
8546,20972.28,-0.001,-0.012,0.02,0.017,1.037,-0.007,4.078,0.891,0.312,0.13,0.109,107.495,378626.0,20,0.692,False,False,True,False,False,True
8552,-5230.764,0.143,0.361,-0.022,0.085,2.112,-0.089,2.297,2.022,0.232,0.008,0.081,1597.986,342752.0,20,0.095,False,False,False,False,False,False
8556,-1907.806,-1.27,0.776,-1.348,-0.74,-1.562,0.183,1.505,,,,,,76966.0,10,,False,False,False,False,False,False
8560,6940.063,0.627,0.671,0.024,0.282,-3.951,0.3,3.605,1.414,1.356,0.134,0.128,125.452,196089.0,20,0.26,True,True,True,False,False,False
8564,-1359.149,1.017,0.925,0.0,0.0,-0.119,0.109,1.36,2.848,0.082,-0.063,-0.094,,103366.0,20,0.059,True,False,False,False,False,False
8569,16059.702,0.373,0.36,-0.014,-0.013,-4.817,0.211,3.755,0.127,-0.268,0.119,0.037,123.431,310177.0,20,0.569,False,False,True,False,False,True
8572,1565.642,0.108,0.166,0.05,0.051,3.366,-0.21,3.409,1.687,0.232,-0.043,-0.056,,121835.0,20,-0.108,False,False,False,False,True,False
8576,10313.011,-0.185,-0.013,-0.016,0.008,0.715,-0.023,2.561,2.023,0.721,-0.005,-0.02,,601513.0,20,0.759,False,False,False,False,False,True
8584,1481.699,0.264,0.213,-0.086,-0.025,-2.835,0.115,3.425,1.191,0.605,0.044,0.003,460.696,72473.0,20,0.014,False,False,False,False,False,False
8594,1567.305,0.408,0.317,-0.123,-0.068,-4.105,0.258,1.287,0.666,0.757,0.082,0.039,258.234,61601.0,20,1.532,False,False,False,False,False,True
8595,6834.021,-0.435,-0.129,0.567,0.438,-1.103,0.078,2.415,-1.538,-3.844,0.113,0.048,141.117,226169.0,20,0.261,False,True,True,False,False,False
8604,205.417,0.217,0.099,-0.032,-0.022,0.827,-0.015,-0.769,1.251,-0.11,-0.107,-0.172,,45463.0,20,-0.411,False,False,False,False,False,False
8632,3121.432,0.006,0.095,0.001,0.021,-1.936,0.079,3.406,-0.16,0.105,0.107,0.047,188.181,84094.0,20,0.695,False,False,True,False,False,True
8637,22298.445,-0.171,0.013,-0.287,-0.185,-1.281,0.016,0.884,1.904,0.604,0.064,0.036,205.732,412006.0,20,1.949,False,False,False,False,False,True
8640,-1263.086,0.365,0.624,0.278,0.13,-0.312,0.062,-0.35,1.399,0.016,0.047,-0.005,383.314,123986.0,20,-0.357,False,True,False,False,False,False
8647,1406.268,0.171,0.446,-0.009,0.001,-0.448,0.039,0.6,1.718,0.357,0.03,0.023,539.846,188142.0,20,-0.11,False,False,False,False,False,False
8660,-1746.86,0.142,0.674,-0.157,-0.068,2.554,-0.141,2.954,1.12,0.133,0.003,-0.072,2550.693,1096299.0,20,0.377,False,False,False,False,True,False
8661,8448.971,-0.53,-0.508,0.043,0.052,-3.895,0.099,13.892,-1.544,-1.049,0.219,-0.059,96.981,82726.0,20,7.421,False,False,False,False,False,True
8668,44400.617,-0.022,-0.047,0.05,0.045,-1.06,-0.043,1.841,1.73,0.548,0.074,0.077,110.023,1407432.0,20,0.168,False,False,False,False,False,False
8672,1191.964,0.022,0.023,-0.121,-0.056,2.637,-0.075,2.083,-0.145,0.3,0.071,0.077,294.702,61955.0,20,0.304,False,False,False,False,False,False
8675,,,,,,,,,,,,,,1771169.0,2,,False,False,False,False,False,False
8681,-1281.197,-1.356,-1.302,1.614,1.099,7.786,-1.469,3.23,-1.305,-10.056,-0.16,-0.147,,55859.0,20,,False,True,False,False,True,False
8693,6836.893,-0.955,-0.784,-0.043,-0.026,1.145,-0.056,0.5,-1.341,-0.75,0.073,0.058,237.955,153837.0,20,0.548,False,False,False,False,False,True
8695,51819.684,-0.469,-0.471,0.147,0.126,3.297,-0.159,5.449,-0.841,-1.146,0.074,-0.258,165.167,530089.0,20,0.388,False,False,False,False,True,False
8698,19299.684,-0.016,0.206,0.059,0.039,3.268,-0.064,3.133,1.034,0.351,0.042,-0.02,224.212,1003271.0,20,0.273,False,False,False,False,False,False
8700,11575.041,-0.403,-0.432,0.127,0.144,1.469,-0.06,6.081,-0.1,0.154,0.005,-0.196,3299.074,153406.0,20,1.082,False,False,False,False,False,True
8714,5696.271,0.188,0.127,1.218,0.918,2.179,-0.3,1.64,-0.391,-0.696,-0.077,-0.103,,587615.0,20,0.111,False,True,False,False,False,False
8718,15074.275,-0.228,0.396,-0.002,-0.001,-0.119,-0.226,0.903,,,,,,318327.0,17,,False,False,False,False,False,False
8724,5972.81,0.886,-0.681,-0.124,0.003,-6.19,-0.145,11.454,,,,,,73981.0,8,,False,False,False,False,False,False
8725,-954.102,0.682,0.783,0.517,0.565,0.147,0.062,5.173,-0.641,-0.096,0.017,-0.081,1227.534,51961.0,20,1.559,False,True,False,False,False,True
8730,19530.716,-0.05,-0.104,0.639,0.725,2.412,-0.112,0.579,1.058,0.069,-0.011,-0.089,,176714.0,20,0.348,False,True,False,False,False,False
8735,20501.636,0.156,0.161,0.009,0.034,-2.465,0.152,1.694,-0.577,0.107,0.084,-0.022,176.76,283272.0,20,0.48,False,False,False,False,False,False
8738,4081.227,0.162,0.295,-0.141,-0.047,0.013,0.031,3.839,0.769,0.184,0.044,0.013,267.023,562966.0,20,0.295,False,False,False,False,False,False
8745,20349.868,0.15,0.421,0.057,0.07,-1.632,0.015,5.294,1.78,0.194,0.014,-0.021,719.102,811763.0,20,0.367,False,False,False,False,False,False
8751,7213.137,-0.083,0.04,-0.006,-0.002,-1.188,0.066,1.001,0.611,0.537,0.004,-0.052,3188.176,287078.0,20,0.408,False,False,False,False,False,False
8752,15655.008,0.168,0.249,0.23,0.236,-3.115,0.146,4.242,-0.105,0.248,0.115,0.033,126.964,314891.0,20,0.631,False,True,True,False,False,True
8758,344.388,-3.891,-1.747,5.05,3.366,6.442,-2.557,9.583,,,,,,65558.0,10,,False,True,False,False,True,False
8760,1555.789,0.594,0.549,-0.096,-0.045,0.283,-0.001,4.464,1.316,0.165,0.062,0.05,276.245,157396.0,20,0.36,True,False,False,False,False,False
8761,783.916,0.155,0.268,0.045,0.141,-2.008,0.095,3.319,2.356,3.278,0.04,0.145,342.585,350950.0,20,0.113,False,False,False,False,False,False
8762,3491.976,-0.34,-0.071,0.03,0.015,0.792,0.017,2.201,1.66,0.749,0.031,-0.014,543.561,149405.0,20,0.598,False,False,False,False,False,True
8772,21810.337,-0.276,-0.085,-0.061,-0.023,0.658,-0.058,5.735,0.944,0.338,0.078,0.012,162.658,477932.0,20,0.556,False,False,False,False,False,True
8774,40597.257,0.431,0.543,0.03,0.026,-0.539,0.044,3.097,1.759,0.756,0.027,0.023,273.701,1573393.0,20,0.246,True,False,False,False,False,False
8775,10039.901,-0.077,0.065,-0.122,-0.063,-0.249,0.05,3.021,0.452,0.316,0.079,0.013,198.84,229782.0,20,-0.244,False,False,False,False,False,False
8785,25876.024,0.087,0.147,0.008,0.016,-0.205,-0.001,2.899,0.629,0.614,0.078,0.02,148.031,626923.0,20,0.318,False,False,False,False,False,False
8798,23532.824,0.446,0.459,0.165,0.116,-1.756,0.113,1.489,1.001,0.215,0.05,-0.087,235.151,581058.0,20,0.157,True,True,False,False,False,False
8799,-1455.955,0.874,1.338,0.139,0.119,-5.337,0.256,6.356,2.065,-0.592,0.06,0.032,341.516,67585.0,20,3.549,True,False,False,False,False,True
8810,-66598.133,1.149,1.447,-0.407,-0.331,-6.774,0.462,11.334,,,,,,892349.0,10,,False,False,False,False,False,False
8811,-5753.197,1.19,1.311,-0.177,-0.113,-2.426,0.237,4.811,1.544,-0.013,0.065,-0.006,159.526,821929.0,20,0.3,True,False,False,False,False,False
8813,426.143,-1.647,0.132,-0.08,-0.047,21.61,-0.58,-0.125,,,,,,568274.0,8,,False,False,False,False,True,False
8816,15503.621,0.054,0.176,-0.066,-0.039,2.211,-0.066,1.432,1.495,0.102,0.054,0.084,200.508,730382.0,20,0.077,False,False,False,False,False,False
8821,12820.965,-0.378,-0.244,0.022,0.02,-1.301,0.025,7.507,-0.155,0.291,0.069,-0.04,226.58,233559.0,20,0.262,False,False,False,False,False,False
8822,-1034.225,0.505,0.506,-0.977,-0.607,0.208,0.067,2.564,,,,,,63686.0,19,,False,False,False,False,False,False
8824,2505.284,0.941,0.808,0.03,0.05,-3.485,0.239,4.852,3.386,0.859,0.041,0.088,382.182,223099.0,20,0.028,True,False,False,False,False,False
8827,12886.143,-8.415,-10.013,0.009,0.004,14.939,-1.158,-24.32,,,,,,122291.0,7,,False,False,False,False,True,False
8831,5443.371,-0.883,-0.571,0.093,0.077,7.622,-0.228,-0.481,,,,,,143178.0,15,,False,False,False,False,True,False
8833,3468.051,-0.023,0.031,-0.047,-0.015,-0.239,0.026,0.87,-0.226,-0.112,-0.02,-0.131,,97719.0,20,-0.06,False,False,False,False,False,False
8840,-471.296,0.161,0.301,-0.121,-0.085,-0.642,0.077,1.97,0.012,-1.01,0.007,0.095,3078.689,59907.0,20,-0.492,False,False,False,False,False,False
8842,1838.541,0.513,0.405,-0.197,-0.096,2.082,-0.043,4.864,1.379,1.013,0.687,0.671,29.863,201549.0,20,0.829,True,False,True,False,False,True
8843,14220.211,0.57,0.642,-0.009,-0.008,-1.306,0.077,6.692,0.874,0.547,0.075,0.068,155.582,600999.0,20,0.182,True,False,False,False,False,False
8845,212.791,0.378,0.412,-0.026,0.209,-1.647,0.244,6.835,2.118,1.309,0.006,0.065,3387.368,61161.0,20,0.956,False,True,False,False,False,True
8848,-857.677,0.199,0.187,-0.004,-0.003,0.739,-0.019,-1.884,,,,,,87184.0,19,,False,False,False,False,False,False
8850,44433.777,-0.304,-0.269,-0.04,-0.03,-0.073,-0.041,3.106,0.782,0.382,0.081,0.024,145.477,580807.0,20,0.255,False,False,False,False,False,False
8851,99865.657,0.258,0.395,0.056,0.027,-0.487,0.0,-0.295,0.898,0.101,0.027,-0.047,289.974,1471716.0,20,-0.172,False,False,False,False,False,False
8853,27383.973,0.418,0.397,0.207,0.204,1.066,-0.02,2.558,1.602,0.836,0.016,-0.003,733.362,549277.0,20,0.21,True,True,False,False,False,False
8857,3894.992,-0.457,-0.172,0.024,0.017,8.839,-0.2,-2.541,-0.791,-0.189,-0.073,-0.26,,54726.0,20,,False,False,False,False,True,False
8858,1794.25,0.24,0.18,0.244,0.159,-0.354,0.032,1.888,1.023,0.229,0.011,0.01,1844.637,68470.0,20,0.351,False,True,False,False,False,False
8863,7911.57,-0.193,-0.183,-0.008,0.016,0.226,-0.011,3.702,0.024,0.335,0.074,0.009,226.93,171888.0,20,0.578,False,False,False,False,False,True
8865,9660.211,-0.369,-0.248,0.128,0.107,0.618,-0.164,4.622,-0.036,0.046,0.174,0.145,109.417,123251.0,20,1.515,False,False,True,False,False,True
8866,34528.066,0.385,0.478,-0.021,0.025,1.555,-0.049,4.07,0.122,0.288,0.043,-0.042,117.447,2930432.0,20,0.081,False,False,False,False,False,False
8867,28758.974,-0.043,-0.044,-0.113,-0.11,-0.174,-0.163,0.451,0.902,-0.583,0.055,-0.054,255.922,319057.0,20,-0.021,False,False,False,False,False,False
8870,307060.887,0.493,0.376,-0.054,-0.042,0.259,-0.04,1.727,0.141,0.269,0.191,0.156,25.231,3323022.0,20,0.269,False,False,True,False,False,False
8871,,,,,,,,,,,,,,56974.0,4,,False,False,False,False,False,False
8879,124556.28,0.199,0.111,-0.016,-0.022,1.181,-0.043,2.713,1.257,0.614,0.067,0.087,41.493,5123303.0,20,0.362,False,False,False,False,False,False
8884,,,,,,,,,,,,,,130808.0,2,,False,False,False,False,False,False
8885,,,,,,,,,,,,,,57042.0,2,,False,False,False,False,False,False
8888,-45598.134,0.831,0.873,0.075,0.073,-0.022,0.02,5.843,,,,,,2234069.0,18,,False,False,False,False,False,False
8889,56462.704,0.171,0.049,1.242,1.028,2.153,-0.126,0.635,2.31,0.202,-0.104,-0.138,,989782.0,20,0.027,False,True,False,False,False,False
8892,132319.657,-0.123,-0.161,0.26,0.339,0.903,-0.043,-0.76,0.325,0.061,0.1,-0.021,84.341,1338745.0,20,0.257,False,True,False,False,False,False
8893,5302.286,-0.309,-0.288,-0.005,0.322,-2.844,0.113,4.975,-0.446,-0.129,0.261,0.185,86.862,65213.0,20,0.119,False,True,True,False,False,False
8896,2274.478,0.457,0.446,-0.003,-0.002,-3.903,0.334,5.364,1.38,0.601,0.04,0.02,430.034,141206.0,20,0.486,True,False,False,False,False,False
8898,-14756.62,0.985,0.853,0.765,0.532,-1.764,0.104,5.0,3.411,0.006,-0.032,0.024,,295696.0,20,-0.166,True,True,False,False,False,False
8903,44438.177,-0.157,0.084,0.112,0.059,-2.126,0.041,3.044,1.372,0.505,0.017,-0.078,585.575,904857.0,20,0.759,False,False,False,False,False,True
8904,54432.12,0.042,0.586,-0.005,-0.011,-2.171,0.192,3.811,2.284,0.111,0.117,0.065,64.965,1651548.0,20,0.032,False,False,True,False,False,False
8908,,,,,,,,,,,,,,83038.0,5,,False,False,False,False,False,False
8941,63510.472,0.263,0.372,0.13,0.092,0.522,-0.024,2.672,0.309,0.49,0.117,0.092,77.417,1177195.0,20,0.128,False,False,True,False,False,False
8942,6595.269,-0.264,0.472,0.075,0.022,1.563,-0.071,1.92,1.806,0.67,0.023,0.0,599.434,334833.0,20,0.12,False,False,False,False,False,False
8943,9395.786,0.447,0.43,0.16,0.142,-0.057,0.085,4.425,1.746,0.245,0.012,-0.053,1253.45,257560.0,20,0.113,True,True,False,False,False,False
8946,101.928,0.543,0.613,-0.109,-0.031,-4.808,0.23,4.079,0.612,0.189,-0.034,-0.105,,47138.0,20,,False,False,False,False,False,False
8975,678.259,0.544,0.504,0.068,0.095,-3.589,0.333,7.901,0.366,-0.199,0.042,0.055,434.069,114456.0,20,0.729,False,False,False,False,False,True
8980,3856.316,0.117,0.019,-0.252,-0.159,-0.844,0.044,1.799,-2.183,0.599,0.035,-0.048,372.665,394805.0,20,0.072,False,False,False,False,False,False
9005,1428.8,0.923,0.824,-0.686,-0.327,-1.668,0.094,1.728,1.919,0.369,0.103,0.131,171.189,152269.0,20,0.09,True,False,True,False,False,False
9007,8270.74,0.024,-0.047,-0.004,-0.003,-1.683,0.128,5.026,1.428,-0.016,0.036,0.043,471.22,156028.0,20,0.335,False,False,False,False,False,False
9023,60592.286,-0.004,-0.079,0.058,0.046,0.498,-0.022,1.726,0.584,0.473,0.09,0.042,108.077,975423.0,20,0.196,False,False,False,False,False,False
9024,6742.165,0.24,0.19,0.037,0.018,1.0,-0.01,-1.372,0.46,0.867,0.055,-0.041,290.31,210289.0,20,-0.166,False,False,False,False,False,False
9030,-402.776,-0.028,0.33,0.031,0.021,2.663,-0.074,1.336,1.098,0.291,0.073,0.064,232.809,163812.0,20,-0.681,False,False,False,False,False,False
9035,7758.586,0.675,-0.173,1.946,1.328,-1.431,-0.036,5.883,-2.349,1.024,0.074,-0.119,246.557,119616.0,20,-0.513,False,True,False,False,False,False
9036,1794.325,0.709,0.833,-0.814,-0.447,-3.093,0.255,1.11,-0.589,1.652,0.012,-0.149,1398.644,140565.0,20,-0.142,False,False,False,False,False,False
9037,22642.379,0.176,0.248,-0.059,-0.039,1.442,-0.025,1.43,1.044,0.698,0.079,0.033,152.534,545892.0,20,0.247,False,False,False,False,False,False
9047,24355.146,-0.802,0.003,0.259,0.152,5.129,-0.339,2.489,1.935,0.81,0.042,-0.052,275.463,582879.0,20,0.191,False,True,False,False,True,False
9057,4722.409,1.085,1.716,0.299,0.155,3.573,-0.131,3.894,1.415,0.255,0.081,0.043,219.978,138502.0,20,0.045,True,True,False,False,True,False
9064,18880.905,0.115,0.293,0.222,0.107,-3.725,0.166,-0.141,1.396,-0.007,0.072,0.043,176.167,466215.0,20,0.243,False,True,False,False,False,False
9068,45843.371,-0.177,-0.152,-0.001,0.006,-0.912,0.055,2.516,-0.215,-0.144,0.155,0.026,81.674,525548.0,20,0.645,False,False,False,False,False,True
9069,21164.253,-0.558,-0.542,-0.181,-0.133,1.065,-0.069,1.168,2.539,-0.109,-0.097,-0.35,,298992.0,20,0.616,False,False,False,False,False,True
9070,3106.779,0.445,0.45,0.157,0.111,-1.216,0.137,2.127,0.726,0.251,0.137,0.084,146.724,89862.0,20,0.392,False,True,True,False,False,False
9079,395.922,-0.058,0.174,-0.092,-0.072,1.392,-0.043,4.093,1.35,0.704,0.047,0.017,298.62,327101.0,20,0.217,False,False,False,False,False,False
9080,10018.677,-0.484,-0.212,-0.07,-0.068,0.961,-0.016,4.8,1.613,0.688,0.048,0.116,296.719,314075.0,20,0.145,False,False,False,False,False,False
9087,293924.605,0.569,0.566,0.035,0.045,-1.282,0.064,3.316,2.21,0.408,0.017,-0.017,22.293,9110853.0,20,0.665,True,False,False,False,False,True
9096,11243.573,-0.526,-0.396,-0.032,0.009,0.382,-0.204,3.927,0.675,0.667,0.074,-0.02,229.016,172336.0,20,-0.175,False,False,False,False,False,False
9099,-11660.352,0.494,0.688,0.079,0.064,2.391,-0.108,4.925,2.297,0.703,-0.021,-0.023,,536116.0,20,0.295,True,False,False,False,False,False
9100,88850.069,0.046,-0.281,-0.129,-0.089,-0.909,0.037,1.38,-0.74,0.606,0.11,-0.12,81.458,1183399.0,20,0.835,False,False,False,False,False,True
9102,,,,,,,,,,,,,,16345.0,2,,False,False,False,False,False,False
9104,,,,,,,,,,,,,,55723.0,2,,False,False,False,False,False,False
9105,2791.85,0.76,0.907,0.03,0.016,1.556,-0.041,0.699,4.151,0.052,-0.019,-0.005,,169258.0,20,0.426,True,False,False,False,False,False
9106,2925.188,0.12,0.211,0.0,0.0,-2.445,0.081,2.461,1.668,0.642,-0.002,-0.167,,74437.0,20,5.029,False,False,False,False,False,True
9120,493.97,0.584,0.578,0.02,-0.022,-7.069,0.386,5.636,0.892,0.274,0.12,0.146,185.446,52507.0,20,,True,False,True,False,False,False
9121,6738.406,-0.088,-0.059,0.012,0.01,-1.558,0.064,3.677,0.028,-0.198,0.055,-0.047,331.349,116855.0,20,0.133,False,False,False,False,False,False
9122,,,,,,,,,,,,,,72699.0,3,,False,False,False,False,False,False
9123,217962.15,0.282,0.284,0.031,0.04,0.576,-0.143,1.348,1.443,0.476,0.059,-0.039,95.063,2585304.0,20,0.154,False,False,False,False,False,False
9128,327.64,1.816,-0.481,0.882,0.492,-14.056,0.266,2.546,,,,,,47681.0,14,,False,True,False,False,False,False
9137,39103.702,-0.355,-0.171,0.11,0.065,0.394,-0.094,-1.947,0.075,0.198,0.047,-0.17,257.099,514064.0,20,0.026,False,False,False,False,False,False
9139,31075.735,0.427,0.451,-0.008,0.004,-1.725,0.028,4.506,0.685,0.386,0.038,-0.016,219.17,1265131.0,20,0.425,False,False,False,False,False,False
9155,14443.134,-0.145,0.147,0.106,0.056,-0.761,0.014,2.762,1.595,1.165,0.027,-0.015,394.977,748364.0,20,0.156,False,False,False,False,False,False
9168,48033.66,-0.188,-0.111,-0.303,-0.198,-4.392,0.17,3.296,0.389,0.258,0.068,-0.067,172.762,582848.0,20,1.63,False,False,False,False,False,True
9172,180158.565,0.352,0.39,0.008,0.005,0.509,-0.097,-0.506,0.955,0.415,0.096,-0.104,80.09,1601377.0,20,1.345,False,False,False,False,False,True
9176,100304.746,0.417,0.372,0.058,0.087,1.896,-0.29,7.395,0.771,-0.159,0.014,-0.055,561.108,1406483.0,20,0.103,True,False,False,False,False,False
9179,-2320.0,0.506,0.461,-0.87,-0.494,3.092,-0.08,4.484,-0.208,0.651,0.024,0.002,774.204,98367.0,20,0.252,False,False,False,False,False,False
9189,-584.343,0.748,0.787,-0.505,-0.258,-0.159,-0.135,2.325,0.451,-2.371,-0.02,-0.006,,55050.0,20,0.003,False,False,False,False,False,False
9196,1233.75,0.211,0.281,0.215,0.112,0.569,-0.074,4.101,3.947,0.636,-0.122,-0.071,,129584.0,20,0.452,False,True,False,False,False,False
9204,33817.125,0.834,0.692,0.202,0.113,-0.21,0.105,6.77,2.232,0.545,0.062,0.024,102.852,2149085.0,20,0.18,True,True,False,False,False,False
9244,15559.531,0.15,0.328,0.046,0.019,-0.491,0.042,0.944,0.886,0.081,0.083,0.02,155.65,441684.0,20,-0.044,False,False,False,False,False,False
9245,14715.48,-0.774,-0.069,-0.094,-0.008,-3.585,0.08,3.322,3.225,0.124,0.099,0.073,131.562,452029.0,20,-0.101,False,False,False,False,False,False
9259,7507.886,-0.578,-0.259,-0.14,-0.044,0.447,0.022,5.977,2.001,0.454,0.043,0.079,365.114,219823.0,20,1.631,False,False,False,False,False,True
9260,,,,,,,,,,,,,,743200.0,2,,False,False,False,False,False,False
9263,1701.05,0.066,0.306,0.016,-0.056,4.727,-0.189,4.077,1.996,0.672,0.043,-0.01,259.809,638743.0,20,1.551,False,False,False,False,True,True
9265,960.605,-0.214,0.509,-0.609,-0.215,-0.627,0.125,2.079,2.95,0.244,0.047,0.022,374.664,132948.0,20,-0.517,False,False,False,False,False,False
9273,338.917,0.367,0.337,-0.031,-0.019,-1.943,0.14,1.929,0.326,0.061,0.054,0.047,360.049,89018.0,20,0.268,False,False,False,False,False,False
9274,1627.699,1.101,1.113,-0.383,-0.153,-4.093,0.311,1.636,,,,,,62573.0,18,,False,False,False,False,False,False
9288,16672.986,-0.342,0.254,0.054,0.052,1.605,-0.063,2.411,2.078,0.928,0.012,0.019,755.275,1078099.0,20,0.065,False,False,False,False,False,False
9295,-1523.242,0.808,0.802,0.0,0.0,-0.666,0.086,1.812,-0.118,0.363,0.055,0.037,415.808,38593.0,20,0.022,False,False,False,False,False,False
9298,-1442.259,0.091,0.086,0.302,0.205,0.235,-0.096,1.357,1.645,-0.199,-0.008,0.012,,595263.0,20,-0.034,False,True,False,False,False,False
9299,1629.982,-0.011,0.076,0.215,0.165,2.078,-0.072,5.433,1.912,0.233,-0.05,-0.045,,284135.0,20,0.092,False,True,False,False,False,False
9300,7689.925,0.534,0.782,0.13,0.086,-0.61,0.064,2.537,0.738,0.096,0.039,0.008,435.831,150323.0,20,-0.505,False,False,False,False,False,False
9306,8746.012,0.121,0.615,-0.173,-0.121,1.966,-0.067,1.599,1.146,0.64,0.094,0.032,169.837,223981.0,20,0.311,False,False,False,False,False,False
9309,19231.97,0.18,0.258,-0.201,-0.107,-1.081,0.043,5.075,1.713,0.511,0.024,-0.036,553.46,360301.0,20,0.105,False,False,False,False,False,False
9310,7022.346,-0.417,-0.174,0.27,0.189,-3.417,0.045,3.273,0.902,0.393,0.031,0.004,499.527,215847.0,20,0.331,False,True,False,False,False,False
9313,3809.72,0.723,0.932,-0.08,-0.039,-2.088,0.187,2.345,1.923,0.003,0.027,-0.065,599.101,172049.0,20,-0.095,True,False,False,False,False,False
9314,89141.857,-0.545,0.675,-0.083,-0.056,-2.588,0.087,6.724,,,,,,1487347.0,8,,False,False,False,False,False,False
9315,1287.564,0.413,0.481,0.021,0.011,-1.513,0.082,2.068,2.56,0.54,-0.014,-0.069,,163904.0,20,0.347,True,False,False,False,False,False
9319,12783.771,-0.229,0.059,-0.082,-0.09,-0.497,0.006,-0.985,0.942,0.566,0.027,-0.107,434.48,536342.0,20,0.2,False,False,False,False,False,False
9320,3457.555,0.387,0.326,0.188,0.159,0.927,-0.001,3.246,1.395,0.738,0.049,0.046,313.945,240200.0,20,0.491,False,True,False,False,False,False
9322,38166.793,0.311,0.538,0.128,0.119,2.227,-0.204,4.787,,,,,,627030.0,19,,False,False,False,False,False,False
9323,-1241.91,0.211,0.528,-0.428,-0.224,-0.871,0.09,0.162,2.292,-0.134,-0.044,-0.074,,153524.0,20,-0.219,False,False,False,False,False,False
9325,161140.623,-0.487,-0.576,0.139,-0.013,5.154,-0.353,-3.544,1.437,1.515,0.233,-0.124,39.297,1281701.0,20,-0.845,False,False,False,False,True,False
9326,3935.179,0.742,0.721,-0.008,0.018,-2.673,0.147,2.205,1.27,0.212,0.021,0.023,668.791,303550.0,20,-0.036,True,False,False,False,False,False
9327,7396.839,0.574,0.623,-0.429,-0.253,-1.196,0.133,3.166,1.163,-0.251,-0.014,-0.033,,448243.0,20,0.017,True,False,False,False,False,False
9328,1127.486,0.295,-0.839,0.118,0.049,1.672,-0.1,0.41,1.593,6.158,-0.034,-0.082,,87247.0,20,-0.314,False,False,False,False,False,False
9330,1603.441,0.243,0.215,0.173,0.118,-1.623,0.049,4.814,0.391,0.185,0.018,-0.021,1018.806,110909.0,20,0.125,False,True,False,False,False,False
9332,-5532.382,0.144,0.557,-0.135,-0.015,5.765,-0.188,3.331,1.818,0.425,-0.016,0.066,,85150.0,20,-0.484,False,False,False,False,True,False
9336,3871.296,5.255,5.061,0.021,0.024,43.017,-0.998,-3.431,23.149,-9.661,1.133,1.103,22.645,137362.0,20,-0.979,True,False,True,False,True,False
9337,-871.642,0.123,0.722,0.69,0.341,2.754,-0.128,2.575,,,,,,117590.0,19,,False,True,False,False,True,False
9340,-548.105,-0.599,0.131,0.245,0.129,2.992,-0.163,1.075,1.859,-0.68,0.049,0.071,401.098,82226.0,20,-0.229,False,True,False,False,True,False
9349,-527.798,-0.406,0.076,0.012,0.004,7.132,-0.144,-1.017,1.304,0.32,0.037,-0.019,601.744,41032.0,20,-0.723,False,False,False,False,True,False
9351,-154.195,0.196,0.383,0.123,0.089,-1.086,0.006,2.132,2.006,0.822,0.043,0.082,514.087,45749.0,20,1.109,False,False,False,False,False,True
9354,447.098,0.02,0.447,-0.008,-0.003,-1.522,0.042,0.962,1.901,0.554,0.1,0.093,234.116,38303.0,20,-0.493,False,False,False,False,False,False
9356,13237.353,-0.57,0.321,-0.015,-0.01,3.204,-0.197,2.057,1.353,0.002,0.063,-0.045,233.408,286491.0,20,2.749,False,False,False,False,True,True
9359,81374.683,0.629,0.66,0.031,0.028,2.43,-0.076,0.848,0.54,0.153,0.179,0.148,52.31,1159601.0,20,0.679,False,False,True,False,False,True
9366,12094.391,0.193,0.341,0.154,0.245,1.793,-0.408,2.639,-0.179,-0.509,0.102,0.151,123.155,503356.0,20,0.137,False,True,True,False,False,False
9369,22541.206,0.147,0.161,0.112,0.11,0.794,0.001,1.629,1.245,0.16,0.037,0.022,324.962,510463.0,20,0.407,False,False,False,False,False,False
9374,1698.057,-3.318,-0.687,-0.466,-0.527,28.979,-0.736,-11.515,,,,,,25266.0,6,,False,False,False,False,True,False
9378,40695.308,0.025,0.043,-0.041,-0.03,-1.814,-0.013,2.623,0.185,0.076,0.117,-0.015,110.272,473001.0,20,0.458,False,False,False,False,False,False
9385,1217.582,0.309,0.145,-0.007,-0.001,-0.735,0.002,-0.266,1.572,0.048,0.019,-0.027,947.696,116230.0,20,0.485,False,False,False,False,False,False
9388,5556.818,0.117,0.141,-0.057,-0.001,-0.546,-0.02,3.502,0.415,-0.15,0.073,0.039,221.551,206525.0,20,0.564,False,False,False,False,False,True
9392,9153.603,-0.139,-0.172,0.443,0.313,0.381,-0.036,3.059,0.363,0.587,0.028,-0.032,540.171,232863.0,20,2.588,False,True,False,False,False,True
9406,314.592,0.804,0.91,0.086,0.124,-1.511,0.116,6.076,1.169,0.032,0.033,0.036,703.293,34855.0,20,-0.413,True,False,False,False,False,False
9410,12950.247,-0.186,0.009,0.106,0.072,2.761,-0.123,0.6,-0.174,0.435,0.105,0.106,110.263,639671.0,20,0.134,False,False,True,False,True,False
9417,634.364,0.785,0.833,0.0,0.0,-2.12,0.275,-0.593,-0.724,-2.163,0.02,-0.023,1055.411,47600.0,20,,False,False,False,False,False,False
9420,16722.388,-0.331,0.047,0.386,0.204,1.462,-0.006,-0.495,-0.32,1.058,0.066,-0.016,213.203,325433.0,20,3.903,False,True,False,False,False,True
9422,4225.224,-0.457,-0.066,0.139,0.103,-3.357,0.073,4.506,0.261,0.489,0.143,0.051,145.544,76935.0,20,-0.239,False,False,True,False,False,False
9423,693996.764,0.066,0.3,0.133,0.049,1.249,-0.098,-6.088,0.524,-0.299,0.09,-0.082,22.798,6133303.0,20,0.32,False,False,False,False,False,False
9437,85796.737,-0.224,0.063,-0.083,-0.042,-2.958,0.018,0.318,1.692,0.26,0.107,0.024,84.063,1188670.0,20,0.721,False,False,False,False,False,True
9438,-205.299,0.411,0.445,0.151,0.095,-7.247,0.232,5.451,0.718,0.291,0.098,0.095,258.466,23493.0,20,-0.237,False,True,False,False,False,False
9439,-60.373,0.286,0.442,0.049,0.05,-3.306,0.111,3.748,2.542,0.046,0.023,0.013,885.118,68082.0,20,-0.505,False,False,False,False,False,False
9440,-675.218,0.135,1.134,-0.361,-0.147,-4.456,0.125,4.601,,,,,,39298.0,14,,False,False,False,False,False,False
9443,170311.543,-0.551,-0.181,0.019,0.016,0.92,-0.035,0.248,,,,,,1968452.0,15,,False,False,False,False,False,False
9450,6025.651,0.954,0.809,0.033,0.022,2.215,-0.08,-1.086,6.102,0.342,-0.014,0.06,,286911.0,20,,True,False,False,False,False,False
9457,30893.771,-0.083,0.244,0.03,0.023,2.465,-0.087,1.173,0.347,-0.134,0.108,0.071,83.778,1161035.0,20,0.862,False,False,True,False,False,True
9462,22506.953,0.459,0.608,-0.096,-0.044,-1.995,0.092,4.805,2.141,0.454,0.069,-0.035,199.669,354799.0,20,0.803,True,False,False,False,False,True
9463,29269.946,-0.708,-0.333,-0.04,0.044,1.63,-0.088,0.523,-0.17,-0.197,0.033,0.039,304.529,852639.0,20,0.011,False,False,False,False,False,False
9465,41879.967,-0.128,0.071,-0.528,-0.528,1.046,0.071,-1.223,1.19,-1.156,0.063,-0.046,183.987,600888.0,20,0.415,False,False,False,False,False,False
9467,27224.174,0.082,0.094,0.017,0.019,-2.359,0.058,4.972,0.722,0.523,0.075,-0.071,193.646,305638.0,20,0.544,False,False,False,False,False,True
9472,23951.143,-0.279,0.007,0.032,0.023,3.514,-0.253,1.597,0.52,0.589,0.045,0.062,285.983,442415.0,20,-0.049,False,False,False,False,True,False
9486,-7890.096,0.55,0.523,0.0,0.0,2.688,-0.092,4.072,3.46,0.254,-0.055,0.002,,263478.0,20,0.349,True,False,False,False,False,False
9489,39594.505,0.785,0.811,-0.001,-0.063,-2.386,0.152,1.021,1.196,-0.396,0.054,-0.039,238.634,428853.0,20,0.039,True,False,False,False,False,False
9499,172513.423,-1.617,-2.495,-0.2,-0.108,-8.28,0.342,2.562,1.523,0.469,0.303,0.198,34.268,1038742.0,20,0.366,False,False,True,False,False,False
9502,11342.556,-1.727,-2.135,-0.108,-0.044,1.619,-0.236,4.156,0.821,1.28,0.03,0.016,556.002,163831.0,20,0.148,False,False,False,False,False,False
9507,19581.42,-0.169,0.316,0.086,0.097,0.393,0.003,3.949,1.346,0.308,0.035,-0.029,321.042,614064.0,20,2.362,False,False,False,False,False,True
9517,14041.892,-0.409,-0.249,0.028,0.03,1.908,-0.095,3.275,1.102,0.562,0.05,-0.047,303.747,239576.0,20,-0.028,False,False,False,False,False,False
9523,2839.946,0.038,0.056,-0.016,-0.015,2.587,0.009,1.113,-1.22,0.319,0.156,0.082,108.818,192921.0,20,0.76,False,False,True,False,False,True
9526,3004.069,0.519,0.523,0.007,0.005,-1.583,0.14,4.368,0.768,0.319,0.055,0.005,314.005,149428.0,20,0.2,True,False,False,False,False,False
9529,24435.747,-0.395,-0.382,-0.046,-0.031,-1.102,0.139,3.054,-0.892,0.424,0.083,-0.073,170.87,330893.0,20,1.125,False,False,False,False,False,True
9536,5532.508,0.07,0.567,-0.247,-0.13,1.94,-0.057,0.374,2.106,0.165,0.056,0.02,199.855,651945.0,20,0.239,False,False,False,False,False,False
9614,21189.221,-2.175,-3.381,-1.413,-0.21,-2.477,-0.046,16.186,-10.753,-0.631,0.242,-0.225,84.084,105437.0,20,3.324,False,False,False,False,False,True
9615,8502.689,-0.106,0.066,-0.666,-0.578,-4.673,0.302,0.124,-0.862,-0.448,0.093,-0.038,188.144,154866.0,20,2.34,False,False,False,False,False,True
9620,49207.275,0.447,0.35,-0.057,-0.032,-1.865,0.108,0.63,1.03,0.354,0.011,-0.116,898.588,822615.0,20,0.475,True,False,False,False,False,False
9622,44535.275,0.636,0.406,0.037,0.032,-2.841,0.173,3.151,1.226,0.267,-0.002,-0.051,,4450684.0,20,-0.202,True,False,False,False,False,False
9631,15409.227,-0.35,0.057,-0.124,-0.053,-0.126,0.038,4.625,2.194,0.544,-0.004,-0.02,,410246.0,20,0.749,False,False,False,False,False,True
9632,74032.262,-0.017,0.077,0.157,0.141,2.95,-0.067,1.77,0.075,0.289,0.061,-0.052,165.549,853333.0,20,0.559,False,True,False,False,False,True
9647,11621.233,0.038,0.191,-0.045,-0.023,-0.603,0.057,3.953,0.292,0.432,0.065,0.048,168.65,699726.0,20,0.327,False,False,False,False,False,False
9658,2277.669,0.051,0.521,-0.003,0.001,-0.802,0.147,4.457,1.416,0.669,0.105,0.027,186.576,95320.0,20,0.374,False,False,False,False,False,False
9659,5196.027,0.472,0.473,0.086,0.049,-0.034,-0.006,-3.326,-0.013,-0.626,0.055,-0.012,310.679,153566.0,20,-0.127,False,False,False,False,False,False
9661,-1726.701,0.695,0.895,0.357,0.289,0.815,-0.009,1.679,1.581,-1.23,0.045,0.06,451.497,69263.0,20,-0.23,True,True,False,False,False,False
9665,-2720.189,0.355,0.308,-0.56,-0.418,-0.954,0.104,2.714,0.413,0.255,0.078,0.057,178.849,344514.0,20,0.356,False,False,False,False,False,False
9668,,,,,,,,,,,,,,67832.0,4,,False,False,False,False,False,False
9669,4217.738,-0.609,-0.305,-0.125,-0.06,3.056,-0.117,1.906,-0.627,0.065,0.126,0.073,149.494,120354.0,20,0.296,False,False,True,False,True,False
9672,5235.293,0.644,0.095,-0.111,-0.092,-1.495,0.077,1.798,2.598,-0.181,0.029,-0.034,638.401,101335.0,20,-0.023,True,False,False,False,False,False
9678,110417.591,-0.124,-0.393,-0.03,-0.015,-2.29,0.161,3.126,-0.245,0.115,0.073,0.008,122.419,1168092.0,20,0.433,False,False,False,False,False,False
9719,42424.644,0.722,0.572,0.335,0.405,2.186,-0.035,5.114,2.074,-0.956,0.095,0.162,106.08,902079.0,20,0.217,True,True,False,False,False,False
9727,1433.925,0.562,0.639,0.55,0.485,-3.617,0.203,6.864,0.28,-0.841,0.157,0.171,129.289,89979.0,20,-0.175,False,True,True,False,False,False
9728,16621.017,-0.163,-0.118,0.204,0.166,-1.356,-0.089,4.899,0.445,-0.388,0.093,-0.012,185.661,159131.0,20,0.697,False,True,False,False,False,True
9733,4919.347,0.431,0.448,-0.084,-0.054,-3.338,0.173,10.37,0.057,0.226,0.138,0.042,149.449,80756.0,20,0.337,False,False,True,False,False,False
9735,3904.674,-0.25,-0.147,-0.087,-0.073,1.619,-0.202,4.341,-0.097,0.53,0.012,-0.056,1514.013,125471.0,20,0.133,False,False,False,False,False,False
9737,51259.392,0.431,0.437,-0.203,-0.139,-1.121,0.046,7.953,-0.047,0.125,0.142,0.045,71.834,915488.0,20,0.981,False,False,True,False,False,True
9745,2325.63,-0.07,0.466,-0.028,-0.004,-1.302,0.009,4.427,2.18,0.114,0.055,-0.005,282.313,223679.0,20,0.384,False,False,False,False,False,False
9746,223.889,0.287,0.324,0.062,0.223,-1.384,0.078,0.804,1.004,0.435,0.012,0.012,1363.28,166863.0,20,0.321,False,True,False,False,False,False
9747,564.078,0.32,0.231,0.013,0.016,-7.745,0.238,7.557,0.575,0.473,0.093,0.104,230.036,59076.0,20,1.541,False,False,False,False,False,True
9751,58861.257,-0.55,-0.367,0.042,-0.021,2.436,-0.154,0.931,-0.078,0.324,0.082,0.026,122.395,887940.0,20,0.429,False,False,False,False,False,False
9752,1506.776,0.35,0.247,-0.007,-0.002,-11.343,0.304,3.19,-0.576,0.662,0.081,0.062,278.882,44170.0,20,,False,False,False,False,False,False
9760,34735.805,0.173,0.122,0.56,0.458,2.769,-0.131,3.657,1.338,0.425,-0.01,-0.015,,539835.0,20,0.21,False,True,False,False,True,False
9764,,,,,,,,,,,,,,25685.0,1,,False,False,False,False,False,False
9769,12691.729,-0.639,-0.479,0.569,0.446,4.755,-0.174,2.912,-0.328,0.175,0.094,-0.092,184.624,155433.0,20,-0.253,False,True,False,False,True,False
9770,4361.642,-0.272,0.139,0.17,0.097,2.79,-0.181,4.167,2.13,0.266,0.005,-0.013,2743.284,395374.0,20,0.614,False,True,False,False,True,True
9773,3490.087,-0.233,0.314,0.612,0.243,0.49,-0.028,1.083,1.888,-0.005,-0.025,-0.034,,142935.0,20,1.331,False,True,False,False,False,True
9775,22187.97,-0.502,0.04,0.202,0.131,3.093,-0.27,2.953,0.998,0.136,0.072,0.06,194.407,344304.0,20,0.728,False,True,False,False,True,True
9777,-7307.666,1.815,1.772,-1.259,-0.545,-12.164,0.518,4.169,1.288,0.201,-0.005,0.023,,105444.0,20,-0.563,True,False,False,False,False,False
9788,16476.235,0.025,0.138,-0.065,-0.018,-0.212,-0.003,4.584,1.18,0.983,0.048,-0.079,275.425,397214.0,20,-0.022,False,False,False,False,False,False
9791,-6233.507,0.614,0.577,0.053,0.045,2.246,0.043,3.396,0.656,0.574,0.029,0.058,573.515,162378.0,20,-0.174,False,False,False,False,False,False
9794,11037.287,0.564,0.536,0.127,0.067,-1.524,0.158,2.586,2.396,0.605,0.03,-0.047,463.595,325102.0,20,0.041,True,False,False,False,False,False
9797,153782.828,0.356,0.279,-0.006,-0.006,5.869,-0.143,2.866,,,,,,1196604.0,19,,False,False,False,False,True,False
9803,80505.988,-0.41,-0.393,0.158,0.106,-0.883,0.125,-1.569,0.22,0.137,0.045,-0.071,244.795,669531.0,20,-0.013,False,True,False,False,False,False
9811,5714.429,-0.547,-0.161,-0.178,-0.195,-12.689,0.219,1.945,,,,,,113677.0,7,,False,False,False,False,False,False
9812,2123.338,-0.163,-0.256,0.023,0.017,2.774,-0.162,6.021,1.648,0.668,-0.035,-0.102,,70625.0,20,-0.611,False,False,False,False,True,False
9818,-547.281,0.357,0.419,0.04,0.02,-1.351,0.057,3.311,0.098,0.486,0.046,-0.007,404.042,105806.0,20,0.379,False,False,False,False,False,False
9819,674.538,0.691,0.933,0.176,0.355,-0.608,0.122,-0.347,-1.535,-0.611,0.055,-0.096,365.866,74029.0,20,,False,True,False,False,False,False
9822,6221.886,0.285,0.291,0.016,0.022,-1.813,0.093,4.836,0.592,-0.225,0.016,-0.118,1036.957,148500.0,20,0.082,False,False,False,False,False,False
9831,-4283.29,1.03,1.048,-0.259,-0.166,1.935,0.039,1.466,0.667,-0.291,0.025,-0.029,492.161,452360.0,20,0.306,False,False,False,False,False,False
9860,-1784.529,-2.381,-0.135,0.0,0.0,9.231,-0.387,3.208,,,,,,54434.0,15,,False,False,False,False,True,False
9865,654.971,0.974,0.95,0.477,0.396,0.821,0.041,2.859,,,,,,59101.0,17,,False,True,False,False,False,False
9871,27632.704,-0.603,-0.158,0.208,0.109,-1.272,0.096,0.361,0.8,0.565,-0.051,-0.237,,447852.0,20,0.111,False,True,False,False,False,False
9875,3890.815,-0.275,-0.301,1.098,0.89,-1.592,0.125,-1.461,0.424,-0.215,-0.067,-0.171,,59580.0,20,0.914,False,True,False,False,False,True
9879,-486.313,0.018,0.371,-0.116,-0.048,-1.621,0.061,1.391,1.854,-0.73,-0.031,-0.076,,50244.0,20,0.385,False,False,False,False,False,False
9881,13997.501,-0.28,-0.222,0.103,0.06,-1.225,0.139,1.633,0.113,0.084,0.049,0.016,348.648,155261.0,20,0.454,False,False,False,False,False,False
9888,44199.991,0.212,0.349,-0.098,-0.053,-1.298,0.051,1.061,1.261,0.722,0.036,-0.066,242.962,1146168.0,20,0.548,False,False,False,False,False,True
9889,578554.238,0.244,0.272,0.046,0.068,0.924,-0.032,2.305,1.369,0.006,0.253,0.213,6.475,6938525.0,20,0.392,False,False,True,True,False,False
9923,205013.068,0.039,0.052,0.044,0.03,0.889,-0.209,1.656,0.997,0.322,0.101,0.035,61.466,2275809.0,20,0.756,False,False,True,False,False,True
9932,2431.585,0.203,0.334,-0.344,-0.158,2.012,0.002,2.242,1.769,1.194,0.035,0.035,428.302,262998.0,20,-0.4,False,False,False,False,False,False
9935,18808.445,0.073,0.05,-0.131,-0.085,-1.583,0.009,4.212,0.762,0.566,0.11,0.044,128.908,346325.0,20,0.183,False,False,True,False,False,False
9947,-273.267,0.509,0.455,-0.078,-0.025,-44.978,1.146,-2.772,,,,,,68646.0,9,,False,False,False,False,False,False
9963,62873.123,-0.379,-0.149,0.004,0.011,0.043,-0.128,-1.63,,,,,,1549080.0,19,,False,False,False,False,False,False
9967,-3107.197,0.611,0.481,0.406,0.226,9.474,-0.343,-3.085,3.311,0.514,-0.052,0.215,,652775.0,20,-0.455,True,True,False,False,True,False
9973,,,,,,,,,,,,,,221586.0,5,,False,False,False,False,False,False
9978,-53181.859,0.612,1.221,0.23,0.101,1.18,0.021,4.219,4.571,0.156,-0.034,0.018,,1755759.0,20,-0.004,True,True,False,False,False,False
9986,3033.227,0.062,0.02,-0.034,-0.005,-0.706,0.038,6.304,0.142,0.431,0.046,0.024,415.757,93499.0,20,1.892,False,False,False,False,False,True
9997,34984.959,-0.076,-0.1,-0.144,-0.083,0.707,-0.026,3.388,1.777,0.311,0.061,0.036,192.41,577617.0,20,0.228,False,False,False,False,False,False
9998,8961.023,-0.014,-0.051,0.117,0.031,-0.343,0.002,1.609,0.862,0.437,0.066,0.032,234.333,239663.0,20,0.664,False,False,False,False,False,True
10004,32129.206,0.353,-0.088,0.439,0.356,2.055,-0.022,1.7,0.173,-0.047,0.096,0.066,158.787,263059.0,20,0.155,False,True,False,False,False,False
10011,35150.752,-0.473,-0.299,0.04,0.037,-0.176,-0.129,5.698,1.54,0.999,0.084,0.004,147.742,509650.0,20,0.578,False,False,False,False,False,True
10012,3919.188,0.505,0.516,0.034,0.017,-4.509,0.244,0.282,2.37,0.363,0.012,0.018,1322.885,212581.0,20,-0.148,True,False,False,False,False,False
10015,22083.504,-0.213,-0.152,-0.256,-0.182,0.267,-0.012,2.312,-0.045,0.678,0.055,-0.168,277.904,241081.0,20,-0.084,False,False,False,False,False,False
10044,84056.379,0.678,0.729,0.389,0.241,-1.881,0.09,2.641,2.583,0.314,-0.006,-0.058,,2933056.0,20,-0.082,True,True,False,False,False,False
10055,8698.427,0.731,0.915,0.008,-0.034,-4.868,-0.024,7.383,1.562,0.247,0.017,-0.02,820.257,334787.0,20,0.184,True,False,False,False,False,False
10057,-904.968,-0.422,0.411,-0.033,-0.018,0.835,-0.024,-0.728,0.641,0.063,-0.012,-0.11,,84575.0,20,-0.379,False,False,False,False,False,False
10072,3937.844,-0.178,0.13,-0.095,-0.01,-0.402,0.035,5.724,1.282,-0.357,0.009,-0.106,1926.956,145493.0,20,0.393,False,False,False,False,False,False
10074,3829.699,-0.882,-0.576,-0.104,-0.104,-2.694,0.036,4.622,-0.206,1.575,0.152,0.088,139.152,73232.0,20,0.798,False,False,True,False,False,True
10075,946.842,0.291,0.261,0.0,0.0,-1.371,0.099,-0.292,-0.145,0.185,0.085,-0.005,261.96,47037.0,20,-0.829,False,False,False,False,False,False
10077,-590.081,1.168,1.225,-0.078,-0.018,-5.831,0.223,4.684,1.132,0.214,-0.012,-0.046,,38322.0,20,0.179,True,False,False,False,False,False
10101,21531.158,0.319,0.347,-0.011,-0.005,-1.374,0.1,2.903,0.732,0.074,0.055,-0.056,224.442,507010.0,20,0.168,False,False,False,False,False,False
10111,23397.353,0.196,0.24,0.13,0.102,-0.429,0.004,2.864,0.697,0.4,0.07,-0.031,178.468,489249.0,20,0.652,False,False,False,False,False,True
10118,18075.11,-0.133,-0.039,0.183,0.144,0.654,-0.052,0.255,0.964,0.451,0.054,-0.01,269.757,293411.0,20,0.223,False,True,False,False,False,False
10120,-1545.086,-0.59,-0.365,3.491,0.716,9.333,-0.163,0.731,3.1,-0.119,-0.146,-0.163,,28689.0,20,-0.534,False,True,False,False,True,False
10121,1173.576,0.171,0.468,0.039,0.022,0.43,0.006,5.192,-0.294,0.603,0.03,-0.065,533.895,182910.0,20,5.293,False,False,False,False,False,True
10122,381.362,-0.093,0.395,0.003,0.002,-0.627,0.046,2.981,2.772,0.228,0.018,-0.072,836.886,232530.0,20,1.403,False,False,False,False,False,True
10123,-3529.333,-0.695,0.04,-1.11,-0.112,23.499,-0.514,2.609,,,,,,52641.0,17,,False,False,False,False,True,False
10125,-1636.89,0.054,0.336,-0.067,-0.023,2.439,-0.057,2.224,1.656,0.236,0.032,-0.036,509.662,175037.0,20,0.681,False,False,False,False,False,True
10127,7171.528,0.342,0.329,0.003,0.003,0.766,-0.041,-0.041,1.543,0.964,-0.005,-0.047,,267113.0,20,-0.356,False,False,False,False,False,False
10132,1422.881,0.411,0.496,0.072,0.06,-3.138,0.336,6.342,0.655,0.263,0.005,-0.081,3481.093,146440.0,20,-0.118,False,False,False,False,False,False
10137,5648.602,-0.161,-0.156,0.617,0.401,-1.363,0.068,4.61,0.178,-0.027,0.03,-0.042,508.626,244276.0,20,-0.066,False,True,False,False,False,False
10145,-2128.998,2.336,2.349,-0.005,-0.003,-3.796,0.24,4.432,1.77,0.788,-0.059,-0.05,,24001.0,20,1.481,True,False,False,False,False,True
10146,,,,,,,,,,,,,,1299520.0,3,,False,False,False,False,False,False
10157,1582.256,0.403,0.453,0.011,-0.004,-0.258,-0.036,2.466,1.698,0.358,0.106,0.11,128.735,391544.0,20,0.051,True,False,True,False,False,False
10159,21230.854,0.12,0.17,0.006,0.005,-2.787,0.191,3.53,0.811,0.608,0.146,0.112,89.589,471002.0,20,0.563,False,False,True,False,False,True
10160,92650.55,5.905,7.954,-0.046,-0.033,11.24,-0.458,6.845,-5.285,0.564,3.585,2.432,6.691,782851.0,20,,False,False,True,False,True,False
10162,2247.591,0.517,0.504,0.12,0.129,-0.503,0.064,6.257,0.468,0.618,0.088,0.038,215.154,105200.0,20,0.912,False,False,False,False,False,True
10163,10081.326,0.39,0.359,-0.029,-0.011,-3.132,0.165,4.539,0.158,0.008,0.027,-0.107,573.327,235431.0,20,-0.033,False,False,False,False,False,False
10165,8058.839,0.083,0.35,0.22,0.139,2.216,-0.165,0.612,0.239,0.128,0.032,-0.007,426.769,330978.0,20,-0.284,False,True,False,False,False,False
10167,289.191,0.318,0.455,-0.005,0.003,-0.137,0.032,3.473,3.324,0.593,0.01,0.092,1437.412,286018.0,20,-0.219,False,False,False,False,False,False
10168,5042.58,-0.371,-0.335,-0.297,-0.166,-0.541,-0.207,2.238,1.412,0.713,0.049,0.079,256.285,473457.0,20,0.119,False,False,False,False,False,False
10169,26310.812,0.252,0.272,0.044,0.035,-0.79,0.003,9.347,1.414,0.49,0.133,0.002,108.153,343385.0,20,0.574,False,False,False,False,False,True
10174,2943.904,0.258,0.279,0.035,-0.009,-3.137,0.164,1.269,1.728,0.652,0.073,0.094,254.885,111995.0,20,0.598,False,False,False,False,False,True
10175,-4322.848,0.314,0.492,0.121,0.149,-0.002,0.024,5.778,2.197,-0.087,-0.006,0.032,,146163.0,20,-0.031,False,False,False,False,False,False
10176,6728.8,3.161,0.9,-0.218,-0.162,-4.323,-0.126,18.061,,,,,,149734.0,11,,False,False,False,False,False,False
10178,-3982.051,0.861,0.991,0.112,0.08,0.054,0.124,3.153,-0.018,-0.629,-0.005,0.002,,110591.0,20,-0.155,False,False,False,False,False,False
10185,2193.314,0.601,0.607,-0.294,-0.129,-1.488,0.113,5.939,-0.39,-0.126,0.123,0.004,166.898,78786.0,20,0.535,False,False,False,False,False,True
10187,2237.898,0.149,0.059,-0.187,-0.004,-10.793,0.299,3.945,0.282,0.639,0.02,0.012,1064.388,53476.0,20,11.625,False,False,False,False,False,True
10191,13501.459,-0.371,-0.425,0.306,0.194,1.802,-0.186,-0.696,-3.792,-0.026,0.356,0.224,46.172,296243.0,20,0.596,False,True,True,False,False,True
10194,2658.168,0.518,0.309,0.025,0.052,-0.516,0.035,3.838,1.74,0.515,0.058,0.052,282.622,183686.0,20,0.042,True,False,False,False,False,False
10197,5855.612,-0.123,-0.029,0.268,0.245,-0.513,0.003,4.492,0.122,0.832,0.097,0.01,198.296,103054.0,20,1.001,False,True,False,False,False,True
10200,-128.123,0.839,0.844,-0.001,-0.0,-9.322,0.363,5.524,1.384,0.503,0.036,-0.033,620.612,39845.0,20,,True,False,False,False,False,False
10202,5670.132,0.315,0.307,0.566,0.559,-0.315,-0.049,0.261,1.481,0.225,0.017,-0.051,1127.758,86563.0,20,0.063,False,True,False,False,False,False
10208,,,,,,,,,,,,,,58705.0,2,,False,False,False,False,False,False
10212,-8083.197,0.541,0.488,0.276,0.198,-1.193,-0.008,10.075,2.841,0.594,-0.08,-0.043,,226753.0,20,-0.179,True,True,False,False,False,False
10214,28097.056,0.395,0.168,-0.171,-0.067,-0.831,0.132,1.802,0.909,0.625,0.091,0.079,108.838,936640.0,20,0.209,False,False,False,False,False,False
10218,-3190.779,-0.101,0.379,-0.042,-0.047,2.075,-0.063,2.21,3.093,0.386,-0.009,-0.004,,310003.0,20,-0.099,False,False,False,False,False,False
10236,7709.077,0.444,0.502,0.593,0.451,0.815,-0.021,3.774,1.591,-0.626,-0.008,-0.069,,179210.0,20,0.041,True,True,False,False,False,False
10243,2560.737,-0.015,0.415,0.873,0.344,-2.361,0.236,0.778,0.831,-0.687,0.071,0.047,257.675,120879.0,20,0.687,False,True,False,False,False,True
10248,285019.895,0.258,0.359,0.312,0.291,0.483,0.038,2.454,1.02,-0.209,0.105,0.05,20.199,6047838.0,20,0.035,False,True,True,False,False,False
10249,3750.594,-0.682,0.189,-0.644,-0.471,4.423,-0.128,4.256,,,,,,384944.0,10,,False,False,False,False,True,False
10250,11850.761,0.022,0.126,-0.404,-0.273,0.912,-0.118,1.544,-1.072,0.44,0.236,0.101,73.429,206073.0,20,0.142,False,False,True,False,False,False
10253,-239.507,0.142,0.433,-1.586,-0.664,-1.978,0.522,0.231,2.261,-1.096,0.035,0.051,572.241,74118.0,20,0.68,False,False,False,False,False,True
10255,15760.653,0.025,0.212,0.014,0.008,2.53,-0.142,0.735,2.105,0.634,0.022,0.012,449.602,853794.0,20,0.214,False,False,False,False,True,False
10266,8395.768,0.159,0.51,0.038,0.022,1.539,0.001,-0.538,1.425,0.596,0.023,-0.036,602.424,329652.0,20,-0.149,False,False,False,False,False,False
10280,3859.928,0.026,0.043,0.14,0.081,0.586,-0.01,-0.246,0.846,0.735,-0.004,-0.098,,134933.0,20,-0.356,False,False,False,False,False,False
10306,-4065.133,-1.587,0.339,-0.046,-0.012,10.012,-0.294,3.262,,,,,,41198.0,9,,False,False,False,False,True,False
10307,188404.668,0.47,-0.032,-0.045,-0.016,-2.852,0.194,2.623,0.601,-0.098,0.19,0.118,33.717,2302796.0,20,0.362,False,False,True,False,False,False
10308,77151.531,-0.052,-0.024,0.062,0.057,2.199,-0.083,1.37,-0.201,-0.107,0.097,-0.01,94.62,1121513.0,20,0.225,False,False,False,False,False,False
10315,6508.009,-0.189,-0.143,-0.193,-0.087,-1.891,-0.008,-0.014,1.66,0.213,-0.042,-0.039,,134944.0,20,0.634,False,False,False,False,False,True
10317,-2365.041,-0.456,0.324,-0.346,-0.066,0.044,0.01,4.748,1.563,-0.187,0.022,0.013,661.418,274617.0,20,0.712,False,False,False,False,False,True
10318,,,,,,,,,,,,,,475234.0,1,,False,False,False,False,False,False
10319,14427.943,-0.095,-0.186,0.176,0.344,2.282,-0.156,1.543,-0.724,1.19,0.008,-0.038,1985.083,185762.0,20,-0.042,False,True,False,False,False,False
10327,-1595.829,0.611,0.663,0.907,0.736,-0.95,0.067,3.348,4.53,-0.375,-0.074,-0.055,,63861.0,20,-0.128,True,True,False,False,False,False
10330,2329.462,0.517,0.665,0.301,0.325,-3.389,0.22,1.301,1.891,-0.905,0.043,0.027,418.74,121297.0,20,0.876,True,True,False,False,False,True
10334,57057.037,-0.026,0.11,0.21,0.17,3.476,-0.079,3.988,,,,,,862027.0,14,,False,True,False,False,False,False
10344,44646.884,0.709,0.64,0.011,0.03,1.136,-0.051,0.287,4.59,0.997,-0.064,0.004,,761914.0,20,-0.173,True,False,False,False,False,False
10345,3764.271,0.368,0.521,0.133,0.071,-1.197,0.06,6.236,3.113,0.094,0.034,0.017,481.699,182477.0,20,0.104,False,False,False,False,False,False
10352,1790.448,0.32,0.244,-0.21,-0.119,-1.815,0.188,0.527,0.079,0.576,0.054,-0.083,394.107,56919.0,20,0.085,False,False,False,False,False,False
10359,,,,,,,,,,,,,,6749038.0,4,,False,False,False,False,False,False
10363,122585.618,0.26,0.308,-0.013,-0.004,-0.729,-0.095,3.045,1.392,0.468,0.077,0.019,68.834,2790564.0,20,0.479,False,False,False,False,False,False
10374,393.726,0.742,0.362,0.043,-0.02,-1.345,0.091,-2.439,0.026,-1.301,0.071,0.008,250.932,131598.0,20,0.042,False,False,False,False,False,False
10378,107517.275,-0.049,-0.509,-0.057,-0.012,0.432,-0.003,6.204,1.759,0.749,0.083,-0.464,125.013,824180.0,20,0.984,False,False,False,False,False,True
10380,20128.051,0.0,0.121,0.061,0.046,2.315,-0.033,1.271,-0.095,0.162,0.1,-0.0,132.541,429931.0,20,0.333,False,False,False,False,False,False
10382,-493.42,0.002,0.262,0.01,0.063,0.293,0.004,4.077,1.386,0.57,0.031,0.014,537.966,173633.0,20,0.139,False,False,False,False,False,False
10383,14441.916,0.146,0.292,-0.146,-0.065,-1.313,0.078,4.78,1.29,0.197,0.047,-0.045,253.258,537110.0,20,0.336,False,False,False,False,False,False
10384,5297.961,0.03,0.07,0.181,0.152,1.009,0.014,3.193,0.582,0.641,0.036,0.012,376.813,350631.0,20,-0.006,False,True,False,False,False,False
10407,-1661.811,0.548,0.5,0.028,0.02,4.799,-0.17,2.327,2.451,0.371,-0.015,-0.012,,112280.0,20,0.058,True,False,False,False,True,False
10434,9399.768,0.217,0.191,0.493,0.31,2.434,-0.074,2.776,2.103,0.404,0.001,0.001,20722.907,323117.0,20,0.134,False,True,False,False,False,False
10437,2784.171,0.262,0.22,0.232,0.13,-1.703,0.042,1.279,1.979,0.381,0.034,-0.011,582.524,77512.0,20,0.289,False,True,False,False,False,False
10438,5283.383,0.362,0.331,0.039,0.071,0.797,-0.02,3.076,1.934,0.413,0.025,0.049,603.234,255391.0,20,2.137,False,False,False,False,False,True
10439,9730.2,3.059,-0.872,0.264,0.022,-13.265,-0.006,-3.624,,,,,,125876.0,9,,False,True,False,False,False,False
10446,4010.761,0.511,0.418,0.02,0.01,-4.708,0.343,2.557,0.286,0.013,0.019,-0.063,843.973,197597.0,20,-0.259,False,False,False,False,False,False
10458,4193.326,-0.019,0.086,0.092,-0.001,-2.081,0.066,2.125,1.078,0.505,0.026,-0.005,686.32,130980.0,20,0.122,False,False,False,False,False,False
10460,6629.317,0.832,0.85,-0.146,0.219,-2.348,0.358,5.92,2.529,0.971,0.291,0.262,55.641,286643.0,20,0.412,True,True,True,False,False,False
10463,640.857,0.801,0.059,-0.007,-0.022,3.885,-0.302,-2.504,3.554,-0.849,0.109,0.139,209.032,45350.0,20,-0.315,True,False,True,False,True,False
10464,2980.027,0.79,0.137,0.064,0.228,-1.477,-0.041,3.419,5.087,1.085,0.143,0.133,128.772,134571.0,20,2.217,True,True,True,False,False,True
10467,-190.028,1.205,1.205,-0.145,-0.078,-7.119,0.504,4.999,,,,,,189640.0,19,,False,False,False,False,False,False
10469,-182.992,0.451,0.462,0.1,0.069,-1.094,0.143,5.477,0.72,0.213,0.061,0.103,353.803,53114.0,20,0.477,False,False,False,False,False,False
10471,8610.331,-1.36,-1.449,-1.037,-0.3,-47.037,1.172,-0.468,2.476,-0.594,-0.097,-0.124,,53758.0,20,-0.344,False,False,False,False,False,False
10473,6254.472,0.202,0.327,0.025,-0.003,1.933,-0.086,2.089,0.694,0.271,0.058,0.107,271.206,215111.0,20,0.055,False,False,False,False,False,False
10474,33345.913,-0.238,-0.118,-0.141,-0.068,-1.82,0.049,1.935,2.119,0.188,0.062,0.03,206.105,449197.0,20,0.203,False,False,False,False,False,False
10489,-404.914,-0.826,-0.066,0.007,0.011,9.751,-0.286,4.321,,,,,,29543.0,15,,False,False,False,False,True,False
10492,9622.836,-0.251,0.074,0.001,0.002,2.037,-0.105,-3.67,1.29,0.189,0.003,0.003,6527.514,123935.0,20,-0.004,False,False,False,False,False,False
10494,4390.704,-0.114,0.097,0.011,0.012,2.807,-0.135,3.867,1.476,0.673,0.073,0.1,222.895,195567.0,20,0.403,False,False,False,False,True,False
10497,7900.244,0.221,0.29,0.174,0.172,2.438,-0.11,2.419,0.896,0.44,0.077,0.052,205.76,217843.0,20,-0.087,False,True,False,False,False,False
10500,-1999.729,-0.398,0.019,-0.182,-0.086,4.906,-0.187,5.409,0.117,0.534,0.031,0.001,565.528,133585.0,20,1.123,False,False,False,False,True,True
10502,-1346.571,0.162,0.534,1.573,0.93,-4.921,0.317,2.843,,,,,,133712.0,15,,False,True,False,False,False,False
10503,1986.722,-0.922,-0.303,0.048,0.02,1.281,-0.052,3.812,1.582,0.133,0.07,0.12,282.204,85820.0,20,,False,False,False,False,False,False
10505,3785.053,0.496,0.344,0.15,0.059,0.218,0.094,0.475,2.581,0.618,0.035,-0.017,460.129,199910.0,20,-0.15,True,True,False,False,False,False
10520,5822.165,0.346,0.479,-0.106,-0.06,-3.721,0.279,4.12,1.762,0.906,0.012,-0.109,1314.773,227919.0,20,-0.221,False,False,False,False,False,False
10523,-4539.405,0.331,0.303,-0.648,-0.13,0.745,0.0,1.904,3.444,-0.053,0.036,0.0,373.343,374604.0,20,0.75,False,False,False,False,False,True
10528,1647.257,0.623,0.904,-0.334,-0.099,0.009,0.091,3.721,0.867,0.027,0.082,-0.01,194.283,221046.0,20,-0.236,True,False,False,False,False,False
10531,14887.621,0.189,0.257,0.534,0.416,5.35,-0.339,0.555,1.017,-0.109,-0.114,-0.157,,250034.0,20,0.152,False,True,False,False,True,False
10532,18892.683,0.455,0.499,0.12,0.131,-0.605,0.023,2.982,0.965,-0.667,0.091,0.04,154.051,343895.0,20,0.842,True,False,False,False,False,True
10533,30517.486,0.344,0.429,0.193,0.181,0.746,-0.094,0.306,0.117,0.04,0.136,0.098,99.668,412536.0,20,0.565,False,True,True,False,False,True
10561,13817.805,-0.228,-0.045,0.026,0.024,0.273,-0.125,1.526,0.495,0.804,0.075,0.065,204.75,241415.0,20,0.208,False,False,False,False,False,False
10567,1234.863,0.481,0.471,0.075,0.069,-3.034,0.144,3.658,0.266,-0.112,0.076,0.039,284.666,53601.0,20,-0.15,False,False,False,False,False,False
10568,-10889.297,0.146,0.683,0.672,0.393,-2.265,0.389,3.227,,,,,,167299.0,13,,False,True,False,False,False,False
10571,1281.585,-0.035,-0.076,-1.06,-0.617,0.766,0.006,1.219,-0.283,-0.176,0.079,0.074,279.05,48306.0,20,-0.173,False,False,False,False,False,False
10576,6502.141,0.124,0.231,-0.014,-0.105,-2.919,0.124,10.508,1.876,0.879,0.096,0.002,182.507,153702.0,20,0.84,False,False,False,False,False,True
10582,,,,,,,,,,,,,,30346.0,4,,False,False,False,False,False,False
10588,,,,,,,,,,,,,,136988.0,1,,False,False,False,False,False,False
10594,18626.214,0.541,0.468,0.241,0.166,1.027,-0.055,3.41,0.318,-0.754,0.244,0.182,64.064,303255.0,20,0.358,False,True,True,False,False,False
10595,-1921.624,0.132,0.165,0.046,0.055,-1.78,0.266,5.439,0.132,0.467,0.039,0.041,383.521,258908.0,20,-0.127,False,False,False,False,False,False
10597,42649.883,0.843,1.351,-0.203,0.099,-7.148,0.319,12.539,-0.403,-0.314,0.511,0.005,35.871,246896.0,20,50.672,False,False,False,False,False,True
10608,23704.388,0.003,0.008,0.045,0.036,-0.686,0.021,0.6,1.175,0.573,-0.041,-0.121,,497269.0,20,0.03,False,False,False,False,False,False
10618,178946.09,-0.219,-0.193,0.019,0.049,-1.675,0.066,9.396,2.109,0.477,0.161,-0.002,48.757,1618873.0,20,1.127,False,False,False,False,False,True
10619,24109.347,-0.12,0.009,-0.439,-0.449,-0.502,0.001,0.921,0.498,0.202,-0.015,-0.04,,1842799.0,20,-0.075,False,False,False,False,False,False
10623,1569.501,0.133,0.118,0.378,0.235,-1.509,0.042,2.858,1.428,0.471,-0.049,-0.034,,139381.0,20,0.248,False,True,False,False,False,False
10626,-917.164,0.162,0.53,-0.024,-0.007,-7.425,0.227,0.202,,,,,,31866.0,18,,False,False,False,False,False,False
10628,-1685.555,-0.28,0.174,0.071,-0.143,0.437,0.142,3.533,1.505,0.25,0.003,0.005,6437.825,138119.0,20,1.285,False,False,False,False,False,True
10634,368122.532,0.12,0.077,-0.035,0.009,0.537,-0.06,3.058,1.87,0.816,0.078,0.096,4.928,9115395.0,20,0.201,False,False,False,True,False,False
10635,1818.626,0.048,0.02,-0.066,-0.042,-3.86,0.198,-2.422,-2.717,0.418,0.083,-0.293,298.303,25387.0,20,,False,False,False,False,False,False
10637,5134.574,0.241,0.27,-0.382,-0.164,-0.486,-0.008,1.373,0.747,-1.243,-0.019,-0.076,,137631.0,20,0.193,False,False,False,False,False,False
10639,31333.639,-0.802,-0.412,-0.39,-0.195,-1.696,-0.002,4.636,0.637,0.023,0.157,0.105,92.359,346649.0,20,0.616,False,False,True,False,False,True
10641,56937.693,0.031,0.058,-0.049,-0.036,1.825,-0.122,2.427,0.011,0.867,0.126,0.123,95.764,586729.0,20,0.469,False,False,True,False,False,False
10643,90269.853,-0.035,0.02,-0.131,-0.118,0.592,-0.285,-0.008,0.702,1.043,0.207,-0.002,50.736,922392.0,20,0.6,False,False,False,False,False,True
10644,-99.309,-1.002,0.28,0.62,0.149,-12.096,0.384,-0.652,,,,,,33216.0,11,,False,True,False,False,False,False
10647,1907.344,0.188,0.369,-1.486,-0.637,-5.954,0.434,6.998,-1.151,-0.415,0.101,0.1,203.944,74745.0,20,17.364,False,False,True,False,False,True
10663,1953.558,-0.275,0.416,-0.004,-0.002,3.24,-0.071,-0.401,1.416,0.042,0.062,0.039,186.026,602083.0,20,5.133,False,False,False,False,False,True
10667,93798.445,-0.067,0.128,0.137,0.104,-0.477,-0.0,2.425,1.057,0.649,0.071,0.013,93.894,1994473.0,20,0.542,False,False,False,False,False,True
10672,1844.902,0.153,0.505,0.224,0.053,-0.809,0.024,-1.73,1.485,0.239,0.022,-0.021,769.351,155435.0,20,0.255,False,True,False,False,False,False
10674,8415.651,0.054,0.079,0.029,0.025,-3.402,0.334,-0.966,-0.206,-0.084,0.047,-0.073,349.222,181469.0,20,-0.193,False,False,False,False,False,False
10677,41508.878,0.368,0.346,-0.045,-0.041,-1.375,0.046,-0.711,0.964,0.69,0.037,-0.012,255.792,1004066.0,20,0.316,False,False,False,False,False,False
10678,39266.303,-1.485,-0.133,-0.028,-0.022,5.436,-0.346,6.796,,,,,,659970.0,10,,False,False,False,False,True,False
10685,116281.546,0.052,-0.033,-0.002,0.009,0.917,-0.075,2.692,0.256,0.659,1.081,0.995,11.305,1259608.0,20,2.54,False,False,True,False,False,True
10693,-6389.802,-0.305,0.298,-0.597,-0.437,8.397,-0.214,1.355,,,,,,683028.0,13,,False,False,False,False,True,False
10704,-1651.086,1.823,1.523,0.003,0.001,1.03,-0.085,0.098,0.533,-0.588,-0.06,-0.088,,39236.0,20,2.368,False,False,False,False,False,True
10709,15214.4,-0.112,0.398,0.171,0.164,0.367,0.083,2.51,2.293,0.651,0.119,0.05,115.885,381174.0,20,0.173,False,True,True,False,False,False
10719,14265.723,-0.413,-0.147,-0.029,-0.009,0.145,-0.047,0.83,1.061,0.288,0.097,0.146,138.245,407529.0,20,0.068,False,False,False,False,False,False
10741,469.38,0.327,0.476,-0.226,-0.14,-2.769,0.14,2.95,1.352,0.522,0.014,-0.047,1381.373,85884.0,20,0.265,False,False,False,False,False,False
10788,3581.194,0.062,0.429,0.44,0.279,2.914,-0.113,2.892,2.828,0.16,0.025,0.034,650.484,171415.0,20,-0.033,False,True,False,False,True,False
10791,11415.997,0.002,0.299,0.155,0.114,2.171,-0.045,3.87,1.068,-0.252,0.058,0.007,245.944,304070.0,20,0.495,False,True,False,False,False,False
10799,4130.478,0.561,0.563,-0.038,-0.017,-1.976,0.111,2.356,1.861,0.33,0.007,-0.032,2548.762,161022.0,20,1.187,True,False,False,False,False,True
10803,363.311,0.476,0.632,-0.061,-0.164,-3.288,0.193,5.204,1.025,0.736,-0.033,-0.186,,30279.0,20,0.345,True,False,False,False,False,False
10804,959.068,-1.305,0.716,0.073,0.031,0.69,0.017,1.747,0.778,0.034,0.016,-0.022,1044.133,143158.0,20,2.62,False,False,False,False,False,True
10809,-819.525,0.259,0.647,0.114,-0.012,-4.174,0.128,2.279,3.731,-0.456,-0.118,-0.185,,40900.0,20,-0.294,False,False,False,False,False,False
10816,-26.592,0.309,0.226,2.727,1.012,-3.142,0.18,2.549,0.341,-2.687,-0.17,0.086,,15141.0,20,-0.017,False,True,False,False,False,False
10820,2207.398,-0.483,-0.277,0.035,0.025,0.121,-0.008,0.941,0.53,0.394,-0.006,-0.121,,67060.0,20,0.438,False,False,False,False,False,False
10821,-211.281,0.187,0.269,0.16,0.066,-1.007,0.095,-0.72,2.91,0.455,0.015,0.014,1183.726,106654.0,20,0.237,False,True,False,False,False,False
10828,,,,,,,,,,,,,,268874.0,5,,False,False,False,False,False,False
10829,54750.722,-0.25,-0.307,-0.028,-0.007,-1.723,0.054,1.757,1.753,0.459,0.04,-0.512,308.482,502539.0,20,0.585,False,False,False,False,False,True
10831,3363.086,0.479,0.573,-0.009,-0.003,-1.559,0.187,3.823,0.385,-0.153,0.062,0.036,224.86,333386.0,20,6.627,False,False,False,False,False,True
10840,62.812,0.518,0.488,-0.096,-0.059,-5.913,0.305,1.658,1.975,0.789,-0.013,0.016,,25498.0,20,-0.134,True,False,False,False,False,False
10843,-645.946,-0.444,0.623,0.044,-0.02,2.125,-0.063,-3.397,3.665,-0.848,-0.05,-0.034,,38414.0,20,-0.179,False,False,False,False,False,False
10844,17344.28,-0.15,-0.008,-0.047,-0.004,-1.207,0.039,5.164,1.202,0.643,0.054,-0.019,257.822,336492.0,20,0.122,False,False,False,False,False,False
10845,10436.054,0.191,0.362,-0.125,-0.085,0.058,-0.002,-0.071,1.164,0.694,0.108,0.044,142.291,256234.0,20,0.156,False,False,True,False,False,False
10849,7661.576,-0.012,0.325,0.117,0.079,1.135,-0.038,-0.306,1.837,-0.256,0.018,0.01,794.25,304921.0,20,-0.239,False,False,False,False,False,False
10853,5580.003,-0.046,0.396,0.346,0.207,-2.242,0.08,4.728,2.852,0.554,-0.038,-0.06,,237943.0,20,-0.051,False,True,False,False,False,False
10855,9917.726,0.182,0.076,0.055,0.056,-2.968,0.065,4.179,0.991,-0.053,0.084,0.097,198.003,185141.0,20,1.629,False,False,False,False,False,True
10858,1129.341,0.716,0.622,-0.0,-0.0,-1.987,0.105,4.983,3.572,0.655,-0.034,-0.095,,107366.0,20,0.499,True,False,False,False,False,False
10860,10690.424,0.163,0.338,-0.024,0.026,0.159,-0.007,2.111,1.532,0.137,0.023,-0.11,696.273,207717.0,20,0.407,False,False,False,False,False,False
10871,3544.544,0.766,0.771,-0.543,-0.3,-1.88,0.295,4.878,0.707,-0.138,0.032,-0.068,569.818,113469.0,20,0.152,False,False,False,False,False,False
10872,-13.323,-0.335,-0.35,2.32,1.633,6.942,-0.377,-0.09,-1.146,0.211,-0.052,-0.028,,21884.0,20,-0.862,False,True,False,False,True,False
10878,21472.635,-0.724,-1.557,0.143,0.104,2.118,-0.336,0.945,-0.64,0.241,0.004,-0.148,3929.543,172363.0,20,1.11,False,False,False,False,False,True
10883,30107.985,-0.452,-0.322,0.076,0.056,-1.962,0.088,3.258,-2.581,0.962,2.738,2.715,11.448,229730.0,20,,False,False,True,False,False,False
10885,-212.952,-1.457,0.162,-0.033,-0.101,-9.492,0.339,-1.223,,,,,,21128.0,8,,False,False,False,False,False,False
10886,2002.256,-0.161,0.108,0.05,0.052,0.486,0.041,2.005,1.795,0.253,-0.022,-0.043,,648266.0,20,0.13,False,False,False,False,False,False
10903,46506.102,-0.594,-0.463,-0.247,-0.176,5.611,-0.295,0.962,0.457,0.294,0.019,-0.044,615.417,562158.0,20,0.1,False,False,False,False,True,False
10906,2154.965,0.224,0.204,-0.248,-0.122,0.377,0.033,-0.985,1.069,0.329,0.016,-0.024,1117.726,107678.0,20,-0.662,False,False,False,False,False,False
10907,8806.244,-0.225,0.092,0.097,0.072,0.644,-0.081,1.963,1.24,0.346,0.032,0.001,417.147,386468.0,20,0.259,False,False,False,False,False,False
10916,,,,,,,,,,,,,,150161.0,1,,False,False,False,False,False,False
10918,7807.392,0.075,0.206,0.482,0.233,-0.167,0.013,0.787,0.97,0.621,0.027,0.02,529.832,306274.0,20,0.097,False,True,False,False,False,False
10919,2418.415,0.381,0.551,-0.028,-0.012,0.137,0.049,3.532,1.213,0.193,0.087,0.083,210.208,126405.0,20,-0.954,False,False,False,False,False,False
10920,-3507.823,1.352,1.374,-0.09,-0.013,-4.897,0.305,-0.474,2.819,0.049,0.003,-0.019,5122.982,199575.0,20,-0.248,True,False,False,False,False,False
10928,-5799.167,0.453,0.628,0.048,0.088,-1.783,0.079,3.828,0.996,0.874,-0.003,-0.027,,141345.0,20,-0.008,True,False,False,False,False,False
10956,11986.114,0.081,0.078,0.024,0.043,1.505,-0.06,7.324,1.834,2.919,0.032,-0.014,392.103,477816.0,20,0.277,False,False,False,False,False,False
10957,,,,,,,,,,,,,,137758.0,1,,False,False,False,False,False,False
10958,44361.642,-0.063,0.087,-0.127,-0.186,1.504,-0.132,0.371,0.164,0.458,0.054,-0.008,178.591,974587.0,20,0.159,False,False,False,False,False,False
10960,-101.044,0.327,0.326,0.0,0.0,0.383,-0.0,4.881,1.006,0.688,0.095,0.14,206.346,94511.0,20,0.847,False,False,False,False,False,True
10962,-8224.18,0.253,0.31,0.199,0.302,-3.057,0.014,1.882,0.358,0.86,0.115,0.144,134.213,257125.0,20,0.239,False,True,True,False,False,False
10965,-2773.167,0.324,0.6,-0.162,-0.241,-0.355,0.061,5.051,0.689,0.148,0.063,0.079,272.732,151299.0,20,1.053,False,False,False,False,False,True
10967,7595.904,-0.273,-0.023,-0.012,-0.018,1.959,-0.119,3.504,1.633,0.694,0.02,0.014,779.062,209906.0,20,0.04,False,False,False,False,False,False
10969,2908.226,1.052,0.071,0.339,0.293,-0.483,-0.095,4.41,7.303,0.616,0.242,0.227,90.457,74838.0,20,-0.053,True,True,True,False,False,False
10971,10202.541,-0.088,-0.092,0.167,0.314,3.812,-0.306,-0.689,0.913,0.635,0.032,0.0,534.272,148610.0,20,0.19,False,True,False,False,True,False
10973,-1555.492,0.078,0.081,-0.052,-0.031,1.722,-0.077,2.399,1.505,0.408,-0.013,-0.019,,767465.0,20,0.134,False,False,False,False,False,False
10976,-6395.934,0.243,0.392,-0.005,-0.002,-0.736,0.081,4.997,2.009,0.532,-0.054,-0.093,,232611.0,20,0.149,False,False,False,False,False,False
10980,11243.032,0.074,0.112,0.071,0.106,1.205,-0.111,2.878,-0.235,0.195,0.097,0.022,170.189,198105.0,20,0.701,False,False,False,False,False,True
10982,1844.144,0.246,0.143,0.0,0.009,-4.414,0.171,1.351,0.265,0.764,0.031,-0.017,689.803,47585.0,20,-0.453,False,False,False,False,False,False
10984,-1007.609,-0.032,0.07,0.607,0.368,0.801,-0.178,-0.414,-0.088,0.011,0.02,0.028,845.21,152208.0,20,-0.124,False,True,False,False,False,False
10987,-1336.909,-1.026,-0.089,-0.03,-0.078,-0.369,-0.215,3.043,,,,,,86565.0,11,,False,False,False,False,False,False
10988,317541.717,-2.079,-2.128,-0.553,-0.093,1.333,-0.412,3.472,-1.774,1.156,0.043,0.042,105.047,3296457.0,20,0.094,False,False,False,False,False,False
10989,20838.298,-0.058,-0.051,-0.004,0.001,-1.127,0.083,7.318,4.136,1.161,0.045,-0.202,325.521,282475.0,20,0.977,False,False,False,False,False,True
10991,3910.884,0.227,0.234,0.186,0.162,1.405,-0.115,0.535,0.181,0.59,0.059,0.017,309.05,118152.0,20,0.024,False,True,False,False,False,False
10993,-428.087,-0.015,0.197,-0.051,-0.057,-1.802,0.061,6.537,0.735,0.854,0.004,0.013,4543.296,74595.0,20,-0.34,False,False,False,False,False,False
10998,55300.902,-0.041,0.071,-0.078,-0.032,-0.171,-0.053,5.594,1.683,0.622,0.073,0.007,151.667,702579.0,20,5.569,False,False,False,False,False,True
11000,,,,,,,,,,,,,,1144350.0,2,,False,False,False,False,False,False
11002,11282.571,0.078,0.092,0.063,0.054,-2.291,0.152,2.048,0.587,-1.717,0.054,0.006,287.729,226584.0,20,1.07,False,False,False,False,False,True
11003,15019.871,0.234,0.296,-0.123,-0.097,-3.762,-0.281,4.066,-2.374,0.86,0.095,-0.036,188.235,139503.0,20,0.962,False,False,False,False,False,True
11013,-3323.841,-0.194,0.65,-0.268,-0.034,5.074,-0.116,1.158,0.19,0.995,0.058,0.071,287.654,169018.0,20,-0.213,False,False,False,False,True,False
11035,337612.09,-0.215,-0.105,0.3,0.246,4.757,-0.146,-0.348,-1.893,0.221,0.08,-0.031,13.582,7690114.0,20,0.055,False,True,False,False,True,False
11112,156514.334,0.143,0.28,0.267,0.184,-0.789,0.019,2.172,1.401,0.164,0.027,-0.035,209.402,2460076.0,20,0.693,False,True,False,False,False,True
11113,-1087.158,0.319,0.252,-0.043,-0.007,4.096,-0.153,4.753,-0.411,1.129,0.122,0.073,104.783,495683.0,20,1.175,False,False,True,False,True,True
11124,137251.341,0.448,0.514,-0.134,-0.113,0.747,0.02,2.599,0.743,0.104,0.023,0.005,1.052,9939635.0,20,0.167,False,False,False,True,False,False
11133,4415.489,-0.399,-0.354,0.023,0.016,3.358,-0.103,-2.898,-0.701,-0.012,0.101,-0.047,200.713,81373.0,20,-0.081,False,False,False,False,True,False
11159,23345.579,-0.29,-0.518,-0.097,-0.026,-0.366,0.024,-1.663,0.56,0.079,0.027,0.052,461.54,444973.0,20,0.094,False,False,False,False,False,False
11175,16534.045,0.055,0.083,0.339,0.413,1.758,-0.515,6.033,-0.971,-1.406,0.054,-0.144,335.711,123813.0,20,0.954,False,True,False,False,False,True
11178,134818.099,0.263,0.056,0.771,0.394,6.11,-0.166,-8.431,-1.212,-2.628,0.199,0.12,49.866,1038922.0,20,-0.414,False,True,True,False,True,False
11181,-463.489,-0.305,0.521,0.007,0.009,0.121,0.014,1.601,2.049,0.701,0.098,0.1,182.397,139652.0,20,-0.436,False,False,False,False,False,False
11225,5768.319,-0.018,0.119,0.034,0.026,2.644,-0.137,3.705,1.275,0.369,0.048,-0.022,350.823,162747.0,20,0.355,False,False,False,False,True,False
11228,27012.674,-0.089,-0.117,0.0,0.0,-1.281,0.071,7.781,-0.02,0.613,-0.009,-0.187,,511423.0,20,1.232,False,False,False,False,False,True
11232,9999.636,0.142,0.103,0.225,0.196,0.116,0.033,3.237,0.287,-0.297,0.076,-0.02,208.494,222207.0,20,0.634,False,True,False,False,False,True
11235,8826.259,-0.449,-0.33,0.097,0.076,-1.689,0.021,9.267,-0.203,0.496,0.067,-0.057,266.204,130666.0,20,0.834,False,False,False,False,False,True
11236,110391.281,0.461,0.194,-0.123,-0.061,-0.838,-0.046,4.296,0.42,0.793,0.09,0.062,83.066,1675596.0,20,0.657,False,False,False,False,False,True
11242,10715.726,1.99,1.96,0.197,0.138,-0.997,0.032,4.154,5.322,-0.096,0.206,0.179,83.096,205380.0,20,2.264,True,True,True,False,False,True
11243,22245.591,0.449,0.506,0.122,0.113,0.129,-0.049,4.059,0.792,-0.295,0.066,-0.303,226.934,267419.0,20,2.299,True,False,False,False,False,True
11252,6731.233,0.028,0.133,-0.024,0.04,-2.634,0.194,4.714,-0.021,1.047,0.063,0.004,245.24,235872.0,20,0.662,False,False,False,False,False,True
11259,9767.51,1.052,0.97,0.047,0.03,-0.739,0.089,7.147,2.382,0.013,0.062,0.097,244.747,247341.0,20,0.192,True,False,False,False,False,False
11261,9212.577,-0.516,-0.528,0.14,0.123,-0.501,-0.06,0.801,0.589,0.197,0.035,-0.116,559.924,79099.0,20,3.14,False,False,False,False,False,True
11295,29889.798,0.459,0.525,-0.027,-0.017,-3.272,0.191,1.179,0.932,0.047,0.047,-0.128,274.346,418889.0,20,0.467,True,False,False,False,False,False
11299,10332.737,0.213,0.173,0.269,0.228,1.623,-0.067,4.135,0.56,0.223,-0.026,-0.081,,356740.0,20,0.846,False,True,False,False,False,True
11300,-783.743,1.057,1.152,0.148,0.072,-2.996,0.268,2.485,,,,,,24384.0,15,,False,False,False,False,False,False
11302,-1324.349,0.943,1.056,-0.265,-0.023,-2.304,0.174,1.87,2.072,0.478,-0.038,-0.074,,30318.0,20,,True,False,False,False,False,False
11306,-12926.755,0.246,0.261,-0.226,-0.132,0.378,-0.062,1.928,2.303,0.557,0.018,0.035,653.745,580357.0,20,0.271,False,False,False,False,False,False
11307,5800.286,0.606,0.711,0.039,0.061,-0.293,0.089,3.589,0.275,-1.326,0.07,0.037,195.966,358113.0,20,0.015,False,False,False,False,False,False
11310,11760.592,-0.267,-0.085,0.038,0.019,1.941,-0.021,2.426,2.141,0.279,0.057,0.015,241.09,359114.0,20,-0.007,False,False,False,False,False,False
11311,,,,,,,,,,,,,,37543.0,4,,False,False,False,False,False,False
11317,6389.967,0.04,0.136,0.854,0.855,-0.155,-0.028,6.822,0.459,0.071,-0.009,0.009,,136216.0,20,-0.517,False,True,False,False,False,False
11319,48418.644,0.19,-0.796,0.479,0.338,-6.618,0.144,15.527,-4.139,-0.072,0.063,-1.602,236.43,271268.0,20,11.248,False,True,False,False,False,True
11324,-661.287,0.584,0.557,0.006,0.003,-3.046,0.166,2.031,2.628,0.171,0.003,0.004,5709.255,90179.0,20,0.046,True,False,False,False,False,False
11329,17630.982,0.882,0.649,-0.024,-0.036,-1.136,0.1,-5.397,,,,,,286687.0,11,,False,False,False,False,False,False
11343,-75.257,0.135,0.563,0.228,-0.007,2.301,-0.04,3.22,1.651,0.262,-0.005,-0.024,,55018.0,20,,False,True,False,False,False,False
11347,14703.275,-0.026,0.251,0.365,0.417,1.066,-0.048,8.5,1.813,0.368,-0.017,-0.08,,496789.0,20,0.096,False,True,False,False,False,False
11348,-1584.571,-3.317,0.275,-1.007,-0.624,5.243,-0.27,1.827,,,,,,148908.0,7,,False,False,False,False,True,False
11351,-1725.915,-1.571,0.272,-0.248,-0.212,3.987,-0.244,3.845,,,,,,32422.0,10,,False,False,False,False,True,False
11352,3746.183,-0.032,-0.118,-0.089,-0.062,1.457,-0.097,4.127,0.755,0.552,0.049,0.054,394.744,90162.0,20,0.511,False,False,False,False,False,True
11355,-144.358,0.345,0.708,0.071,0.095,3.446,-0.127,3.84,0.872,0.108,0.053,0.063,344.718,119636.0,20,-0.103,False,False,False,False,True,False
11358,33010.953,0.201,0.204,-0.002,0.003,-2.728,0.297,1.979,0.647,0.481,0.118,0.027,113.539,416580.0,20,0.82,False,False,False,False,False,True
11406,149970.043,-0.262,-0.199,0.038,0.041,3.17,-0.208,3.516,,,,,,1806828.0,15,,False,False,False,False,True,False
11407,43012.457,-0.021,-0.015,0.0,-0.007,-3.516,0.092,-0.26,1.605,-0.287,-0.065,-0.13,,597210.0,20,0.433,False,False,False,False,False,False
11409,4526.523,-0.057,0.21,-0.006,-0.003,-3.248,0.127,3.098,2.343,0.633,0.059,-0.026,293.463,146148.0,20,0.382,False,False,False,False,False,False
11411,7618.307,0.114,-0.003,0.18,0.096,-3.427,0.126,-0.361,1.657,0.928,0.079,0.034,234.902,114578.0,20,-0.48,False,True,False,False,False,False
11415,15184.869,0.111,0.225,0.226,0.231,2.76,-0.163,1.514,1.957,0.372,0.529,0.499,31.406,356190.0,20,0.587,False,True,True,False,True,True
11417,1154.159,0.675,0.587,-0.126,-0.075,-2.257,0.236,2.871,1.643,0.498,0.025,-0.034,892.232,44436.0,20,0.48,True,False,False,False,False,False
11423,17284.0,-2.326,-0.389,-0.356,-0.325,21.318,-0.695,-5.171,,,,,,325298.0,6,,False,False,False,False,True,False
11431,1943.227,0.355,0.333,-0.002,-0.204,1.873,-0.048,1.241,2.449,0.275,0.015,0.045,900.226,325961.0,20,0.268,False,False,False,False,False,False
11445,11221.949,0.59,0.672,-0.046,-0.028,0.269,-0.003,0.252,-0.55,-0.814,0.22,0.231,78.604,202502.0,20,8.607,False,False,True,False,False,True
11446,11481.224,-0.506,0.127,0.18,0.145,-0.217,0.061,4.848,1.047,0.162,-0.011,-0.025,,287990.0,20,-0.172,False,True,False,False,False,False
11448,27699.528,0.05,0.117,0.03,0.033,-0.28,-0.005,2.471,1.148,0.344,0.028,-0.058,411.32,562243.0,20,0.176,False,False,False,False,False,False
11459,122486.436,0.342,0.118,-0.165,-0.121,-1.336,0.18,-0.895,0.162,0.197,0.118,0.039,76.22,1194073.0,20,0.232,False,False,True,False,False,False
11462,-638.782,-0.136,0.401,-0.024,-0.003,-0.176,-0.001,3.634,2.108,0.042,0.019,0.054,892.902,153900.0,20,0.457,False,False,False,False,False,False
11463,9423.402,-0.047,-0.01,-0.068,0.049,-0.151,0.096,1.356,0.252,0.987,0.068,-0.02,236.316,208742.0,20,0.064,False,False,False,False,False,False
11465,6.337,-0.181,0.229,0.18,0.11,2.575,-0.06,4.086,0.462,0.07,-0.026,-0.029,,60471.0,20,-0.38,False,True,False,False,False,False
11466,2404.608,0.342,0.322,-0.116,-0.304,1.741,-0.068,1.538,0.808,-0.19,0.004,-0.007,4876.081,125530.0,20,-0.379,False,False,False,False,False,False
11475,1399.338,0.139,0.552,-0.074,-0.099,2.231,-0.03,1.336,1.734,0.199,0.003,-0.051,6549.097,84497.0,20,-0.415,False,False,False,False,False,False
11477,5839.904,-0.503,-0.083,0.001,0.0,0.732,-0.037,0.701,2.102,0.346,-0.031,-0.06,,250212.0,20,-0.039,False,False,False,False,False,False
11482,17516.442,0.87,0.799,0.122,0.086,-2.294,0.104,4.77,2.97,0.494,0.029,-0.007,416.95,530478.0,20,-0.173,True,False,False,False,False,False
11491,19181.08,-0.777,0.165,0.146,0.2,-2.154,0.125,5.12,2.282,-0.069,0.005,0.039,2305.176,503362.0,20,0.127,False,True,False,False,False,False
11492,141620.917,0.348,0.378,0.149,0.133,-2.976,0.052,2.504,1.353,0.415,-0.027,-0.081,,1360927.0,20,-0.11,False,False,False,False,False,False
11501,7285.483,0.647,0.45,0.277,0.208,-0.034,0.036,2.331,1.457,-0.026,0.023,-0.034,463.1,706452.0,20,0.101,True,True,False,False,False,False
11507,209289.501,0.66,0.856,0.06,0.054,-1.048,0.113,4.634,3.023,0.275,0.083,-0.009,40.191,4498624.0,20,0.293,True,False,False,False,False,False
11519,12930.686,0.096,0.156,0.38,0.315,-2.13,0.106,4.874,0.509,0.274,0.07,0.007,206.905,296633.0,20,0.057,False,True,False,False,False,False
11521,17107.293,0.693,0.932,0.681,0.408,4.51,-0.222,-2.161,4.782,2.071,-0.026,-0.038,,447230.0,20,0.064,True,True,False,False,True,False
11522,98969.065,0.299,0.347,-0.015,-0.007,-2.617,0.171,1.802,2.119,0.807,0.057,0.033,146.396,1313993.0,20,0.025,False,False,False,False,False,False
11526,4970.361,0.057,0.326,0.072,0.068,-0.307,-0.039,1.538,0.911,0.516,0.027,0.018,500.606,369256.0,20,1.044,False,False,False,False,False,True
11527,1003.669,0.617,0.641,-0.515,-0.326,-3.132,0.24,5.654,0.771,0.366,0.057,0.014,365.9,61216.0,20,2.709,True,False,False,False,False,True
11539,12314.854,-0.089,0.167,0.882,0.341,-39.626,1.164,0.984,5.195,8.025,0.033,-0.076,367.432,522223.0,20,0.033,False,True,False,False,False,False
11557,-3226.135,0.33,0.36,-0.008,-0.003,-0.844,0.107,5.324,3.097,0.586,0.016,-0.04,833.247,330958.0,20,0.467,False,False,False,False,False,False
11559,-12202.92,-0.748,0.108,0.082,0.052,3.96,-0.123,1.548,2.145,0.618,0.02,0.098,582.563,552169.0,20,0.219,False,False,False,False,True,False
11569,10412.74,0.167,0.481,0.218,0.27,1.383,-0.119,2.991,2.671,1.235,-0.013,-0.022,,1369574.0,20,0.107,False,True,False,False,False,False
11570,63071.005,2.514,1.733,0.017,0.013,-4.461,0.086,8.691,-3.752,-0.447,0.225,-0.489,68.05,316954.0,20,14.98,False,False,False,False,False,True
11578,1248770.424,0.465,0.153,0.053,0.112,-3.544,0.1,7.398,3.258,0.899,0.011,-1.108,87.37,7912763.0,20,1.519,True,False,False,False,False,True
11580,-6954.947,1.164,1.438,-0.017,-0.005,-3.682,0.25,7.503,4.23,0.021,-0.049,-0.04,,631656.0,20,-0.286,True,False,False,False,False,False
11582,19654.665,-0.281,-0.634,0.062,-0.114,-4.47,0.131,-5.391,1.076,0.085,0.019,0.002,792.44,259927.0,20,0.161,False,False,False,False,False,False
11595,17992.009,-0.095,0.185,-0.086,-0.05,1.105,-0.078,1.732,1.894,0.742,0.016,-0.042,685.894,637644.0,20,0.464,False,False,False,False,False,False
11601,5241.636,-0.237,0.113,-0.411,-0.174,6.592,-0.142,2.004,0.923,-0.534,0.085,0.069,174.093,289711.0,20,0.763,False,False,False,False,True,True
11608,33769.438,-0.479,-0.378,0.085,0.07,1.791,-0.188,2.302,0.662,0.967,0.117,0.057,110.162,475359.0,20,0.016,False,False,True,False,False,False
11623,71617.756,-0.053,0.208,-0.118,-0.09,8.758,-0.361,-0.972,-0.174,0.349,0.349,0.232,32.186,899766.0,20,1.125,False,False,True,False,True,True
11666,174776.015,0.271,0.389,-0.057,-0.031,0.124,-0.051,1.342,1.056,0.484,0.083,0.01,50.586,3660167.0,20,0.204,False,False,False,False,False,False
11667,5723.805,0.3,0.447,0.025,0.022,0.749,0.029,3.648,1.026,0.06,0.086,0.074,191.132,193666.0,20,-0.546,False,False,False,False,False,False
11669,18308.352,0.009,-0.001,0.327,0.262,2.186,-0.071,2.917,0.396,0.303,0.071,0.029,199.733,329462.0,20,0.673,False,True,False,False,False,True
11670,76640.06,0.027,0.26,0.003,0.043,-0.183,-0.084,7.519,1.164,-0.325,0.06,-0.001,130.566,1474470.0,20,0.648,False,False,False,False,False,True
11671,-2649.976,-0.369,0.464,0.2,0.088,-0.686,0.043,0.536,,,,,,156558.0,16,,False,True,False,False,False,False
11674,11714.65,-0.773,-0.5,-0.021,-0.004,1.054,0.055,1.77,2.269,0.469,-0.083,-0.118,,237595.0,20,-0.202,False,False,False,False,False,False
11680,-2811.459,0.381,0.688,0.25,0.105,-0.953,0.054,2.473,2.415,0.369,0.031,0.035,540.232,164609.0,20,0.011,False,True,False,False,False,False
11681,9187.062,-0.761,-1.1,0.07,0.097,-3.899,0.201,-10.045,-2.652,1.146,0.188,-0.168,113.077,76422.0,20,1.001,False,False,False,False,False,True
11682,120.725,0.047,0.063,-0.147,-0.043,1.459,-0.026,2.431,-0.884,0.417,0.048,0.033,385.423,112272.0,20,1.233,False,False,False,False,False,True
11686,5032.138,-0.042,0.155,0.21,0.25,0.622,0.058,-0.111,-0.463,-0.629,0.082,0.025,216.397,139675.0,20,0.33,False,True,False,False,False,False
11699,20423.51,-0.172,-0.087,-0.023,0.006,-0.405,0.049,2.914,-0.625,0.528,0.237,0.14,66.888,284183.0,20,0.091,False,False,True,False,False,False
11702,15159.215,-0.137,0.193,0.002,-0.04,-3.242,0.101,2.06,1.973,0.71,0.031,0.005,432.554,361070.0,20,0.468,False,False,False,False,False,False
11706,-484.15,0.019,0.049,-0.042,-0.026,-1.264,0.075,0.762,0.029,-0.127,0.017,0.046,1158.729,68328.0,20,-0.618,False,False,False,False,False,False
11708,10346.881,0.301,0.411,0.008,0.005,-0.858,0.066,1.847,2.115,0.385,0.013,-0.08,1002.42,357103.0,20,0.168,False,False,False,False,False,False
11711,1347.143,-0.084,0.375,-0.011,0.006,-1.453,0.114,1.34,0.481,0.019,0.079,0.052,187.382,283562.0,20,-0.011,False,False,False,False,False,False
11715,2822.31,0.057,0.15,0.553,0.423,0.008,-0.01,1.4,1.367,0.2,-0.023,-0.129,,88937.0,20,1.046,False,True,False,False,False,True
11716,-690.114,0.038,0.512,-0.012,0.005,2.409,-0.059,0.939,1.92,0.896,0.084,0.12,316.622,17215.0,20,,False,False,False,False,False,False
11719,12529.161,0.209,0.212,-0.117,-0.068,-1.496,0.15,1.849,2.09,-0.078,0.431,0.353,44.088,192418.0,20,0.023,False,False,True,False,False,False
11722,34124.86,0.008,0.311,-0.042,-0.008,1.386,-0.033,4.527,1.809,0.419,0.038,0.0,279.878,728514.0,20,0.216,False,False,False,False,False,False
11726,-4245.905,-0.287,0.25,-0.227,-0.139,33.96,-3.0,-0.261,,,,,,128936.0,8,,False,False,False,False,True,False
11729,25093.215,-0.309,-0.101,0.328,0.272,1.072,-0.102,2.751,0.993,0.21,-0.023,0.028,,824403.0,20,0.065,False,True,False,False,False,False
11731,1035.783,0.463,0.491,-1.106,-0.713,-1.462,0.079,-0.918,1.62,0.11,0.108,0.158,215.293,40733.0,20,0.007,True,False,True,False,False,False
11732,4480.235,-0.106,0.094,0.41,0.438,2.911,-0.077,0.012,0.699,0.127,0.004,-0.027,3970.355,233797.0,20,0.097,False,True,False,False,False,False
11734,14080.153,-0.678,-0.377,-0.091,-0.016,0.255,-0.251,4.931,1.885,-0.106,0.035,-0.041,407.799,313429.0,20,0.243,False,False,False,False,False,False
11739,17854.409,-0.233,0.051,-0.157,-0.058,1.0,-0.019,5.157,0.973,0.4,0.034,0.013,321.312,682964.0,20,0.336,False,False,False,False,False,False
11741,32253.489,-1.089,-0.363,0.296,0.151,2.153,-0.212,3.378,1.456,0.567,-0.014,0.042,,485596.0,20,0.047,False,True,False,False,False,False
11746,5213.119,0.484,0.261,-0.048,-0.021,-1.377,0.073,4.049,2.726,0.906,0.019,-0.003,871.671,167505.0,20,,True,False,False,False,False,False
11747,-9549.317,0.746,0.656,0.199,0.092,1.507,0.061,1.508,1.617,-0.105,-0.029,-0.01,,214421.0,20,-0.26,True,True,False,False,False,False
11750,138.319,0.563,0.529,0.191,0.071,-0.473,0.042,0.634,1.26,0.06,0.079,0.074,226.913,133365.0,20,2.038,True,True,False,False,False,True
11759,4260.114,-0.633,-0.324,0.376,0.225,-1.702,0.053,1.123,-0.117,-0.253,0.073,0.002,244.033,136763.0,20,0.007,False,True,False,False,False,False
11761,552.097,-3.954,0.289,-0.152,-0.034,-4.38,0.153,-5.302,,,,,,31168.0,10,,False,False,False,False,False,False
11763,81642.153,-0.002,-0.279,0.041,0.03,-2.735,0.111,1.061,0.683,0.397,-0.013,-0.115,,899898.0,20,0.279,False,False,False,False,False,False
11764,1503.802,-0.149,-0.047,0.05,-0.007,1.128,-0.007,2.061,1.072,0.228,0.029,0.008,627.133,110042.0,20,,False,False,False,False,False,False
11767,-5414.541,-0.012,0.291,-0.839,-0.541,1.806,0.023,2.627,2.084,0.756,-0.025,-0.025,,439816.0,20,0.59,False,False,False,False,False,True
11771,63187.892,-0.251,0.066,0.034,0.022,-0.16,-0.053,3.395,0.788,0.452,0.056,0.029,129.249,1737007.0,20,0.268,False,False,False,False,False,False
11777,-10350.048,0.081,0.393,0.166,0.086,1.784,0.12,1.362,0.732,-0.073,0.033,-0.033,401.893,383670.0,20,0.283,False,True,False,False,False,False
11778,6748.304,0.082,0.398,0.004,0.004,0.322,-0.002,2.667,2.298,0.424,0.043,0.016,338.261,275191.0,20,-0.027,False,False,False,False,False,False
11782,6127.922,-0.177,0.041,-0.085,-0.038,-0.791,0.108,0.579,-0.393,-0.213,0.115,0.022,136.2,246422.0,20,0.399,False,False,False,False,False,False
11785,22660.18,0.015,0.012,0.269,0.23,1.97,-0.099,2.285,0.571,0.351,0.009,-0.19,1515.111,293294.0,20,0.652,False,True,False,False,False,True
11788,3009.182,0.304,0.489,0.201,0.161,-0.762,0.085,3.643,1.465,0.716,-0.007,-0.063,,196247.0,20,0.197,False,True,False,False,False,False
11792,3041.889,0.434,0.337,0.048,0.047,-0.762,0.119,0.676,0.321,-0.257,0.043,0.006,363.476,227230.0,20,-0.232,False,False,False,False,False,False
11807,56550.665,0.032,-0.002,0.013,0.012,-1.291,-0.009,2.465,0.793,0.345,0.03,-0.018,299.461,1091126.0,20,0.118,False,False,False,False,False,False
11810,5005.88,-0.234,-0.123,-0.063,0.075,1.231,-0.061,3.334,1.561,0.176,0.036,0.095,386.763,316245.0,20,-0.031,False,False,False,False,False,False
11817,-1913.014,0.286,0.56,0.013,0.138,2.434,-0.109,2.756,1.878,0.424,0.031,0.017,674.796,53768.0,20,-0.418,False,False,False,False,False,False
11821,64746.111,-0.04,0.134,-0.026,-0.016,-2.008,-0.226,2.259,-0.28,0.34,0.16,-0.265,86.555,405803.0,20,3.594,False,False,False,False,False,True
11823,2684.28,0.248,0.528,-0.078,-0.045,1.162,0.001,2.007,1.835,0.341,0.015,-0.07,937.767,279545.0,20,0.425,False,False,False,False,False,False
11860,40579.176,0.106,0.173,-0.03,-0.014,-1.812,0.072,4.739,1.769,0.059,0.06,0.001,163.321,941216.0,20,0.156,False,False,False,False,False,False
11862,7155.483,-0.552,-0.29,0.021,0.019,-0.524,0.069,4.109,2.794,0.53,0.031,-0.041,522.527,184375.0,20,0.07,False,False,False,False,False,False
11866,,,,,,,,,,,,,,5040019.0,3,,False,False,False,False,False,False
11868,114598.367,0.15,0.312,-0.0,0.003,1.473,-0.084,2.765,0.852,0.22,0.055,-0.044,94.212,2859364.0,20,0.473,False,False,False,False,False,False
11891,-426.743,1.099,1.077,1.384,0.205,-7.074,0.33,0.215,2.936,0.236,-0.019,-0.059,,47296.0,20,,True,True,False,False,False,False
11902,-2397.629,-0.108,1.222,0.005,0.0,-0.635,0.128,-0.396,,,,,,153614.0,15,,False,False,False,False,False,False
11903,3403.059,0.822,0.23,-0.038,-0.048,1.458,-0.497,3.767,,,,,,227127.0,18,,False,False,False,False,False,False
11904,-2379.738,0.738,0.72,-0.002,-0.0,1.737,-0.047,1.208,0.975,0.389,0.007,0.01,2410.481,187054.0,20,-0.134,True,False,False,False,False,False
11905,7251.949,0.201,0.135,0.182,0.124,0.141,-0.029,2.021,2.791,0.172,0.003,-0.013,4809.431,189893.0,20,-0.183,False,True,False,False,False,False
11907,23144.541,0.778,0.753,0.22,0.156,-3.421,0.3,4.014,1.396,0.095,0.068,-0.063,206.576,335957.0,20,-0.029,True,True,False,False,False,False
11916,7367.585,0.65,0.623,-0.195,-0.082,-2.715,0.283,3.353,0.559,0.051,0.084,-0.011,211.244,138211.0,20,-0.055,False,False,False,False,False,False
11922,26627.561,-0.037,0.046,0.105,0.082,-1.084,-0.005,2.813,0.16,-0.543,0.005,-0.167,2650.114,349004.0,20,0.683,False,False,False,False,False,True
11932,5873.615,-0.144,0.205,0.014,0.007,-0.369,0.052,1.818,3.101,0.547,0.048,0.018,345.873,179894.0,20,-0.084,False,False,False,False,False,False
11934,53431.88,-0.106,-0.512,0.074,0.061,-1.226,0.098,-2.475,-0.453,-0.089,0.101,-0.018,114.14,635249.0,20,0.398,False,False,False,False,False,False
11935,91883.305,0.792,0.791,-0.012,0.023,0.823,0.045,3.678,0.755,0.691,0.011,-0.468,756.247,1329168.0,20,0.973,True,False,False,False,False,True
11952,43104.12,-0.261,-0.167,-0.015,-0.01,1.138,-0.052,0.57,0.495,0.484,0.049,-0.028,227.834,642782.0,20,0.081,False,False,False,False,False,False
11953,17410.346,-0.131,-0.212,-0.018,0.055,-1.274,0.04,3.663,0.607,0.479,0.084,0.009,160.345,396869.0,20,0.127,False,False,False,False,False,False
11971,190362.758,-0.029,0.187,-0.017,-0.005,0.046,-0.022,1.7,0.179,0.175,0.151,0.125,21.615,4672493.0,20,0.276,False,False,True,False,False,False
12013,-70334.818,-2.748,-1.226,-0.678,-0.014,-21.375,-0.019,4.059,1.306,0.513,-0.055,-0.145,,1490109.0,20,0.899,False,False,False,False,False,True
12017,,,,,,,,,,,,,,621113.0,4,,False,False,False,False,False,False
12054,490045.455,-0.799,-0.83,-0.348,-0.453,-0.242,-0.468,-5.379,,,,,,6412660.0,10,,False,False,False,False,False,False
12079,5409.561,-0.433,-0.065,0.017,0.028,-0.873,0.073,3.754,-0.748,0.446,0.058,-0.031,269.519,218140.0,20,0.344,False,False,False,False,False,False
12086,565.417,0.092,0.358,-0.031,-0.027,-41.095,1.023,-3.659,-2.956,-0.11,0.333,0.32,85.878,20729.0,20,,False,False,True,False,False,False
12087,-6213.011,0.011,0.315,0.155,0.1,4.396,-0.079,0.238,1.667,0.429,0.019,0.064,815.93,209443.0,20,-0.178,False,True,False,False,False,False
12098,634.102,-0.034,0.021,-0.096,-0.193,1.984,-0.076,-0.281,0.319,0.143,0.092,0.088,257.485,35336.0,20,-0.186,False,False,False,False,False,False
12107,1406.162,-0.765,-0.21,0.367,0.251,3.575,-0.161,1.504,1.137,0.362,0.081,0.117,254.141,70137.0,20,-0.427,False,True,False,False,True,False
12113,12530.662,-0.542,0.032,0.008,0.004,0.38,0.062,2.108,2.126,0.747,0.038,-0.015,319.224,518990.0,20,0.325,False,False,False,False,False,False
12121,-1125.236,0.609,0.732,0.575,0.391,-5.92,0.159,6.595,3.094,0.615,0.042,0.094,512.374,50547.0,20,-0.994,True,True,False,False,False,False
12126,8212.731,0.422,0.494,-0.435,-0.291,0.736,-0.098,5.298,,,,,,230450.0,18,,False,False,False,False,False,False
12128,2628.583,-1.021,-0.148,0.074,0.035,7.003,-0.267,-1.098,0.053,0.373,0.082,0.082,214.79,147515.0,20,0.144,False,False,False,False,True,False
12135,4340.075,-0.15,0.001,-0.058,-0.045,-2.091,0.103,5.995,0.829,1.371,0.1,0.075,189.027,111391.0,20,0.6,False,False,False,False,False,True
12136,892.788,0.19,0.443,-0.123,-0.087,-0.047,0.017,3.534,1.914,0.488,0.041,0.014,437.528,127707.0,20,-0.661,False,False,False,False,False,False
12139,2295.558,-0.315,-0.175,-0.008,0.001,-7.859,0.141,7.119,2.106,0.96,-0.006,-0.133,,58852.0,20,0.218,False,False,False,False,False,False
12149,31215.988,-0.137,0.062,-0.327,-0.189,-2.64,0.076,5.774,0.11,0.348,0.2,0.063,69.922,414467.0,20,0.913,False,False,True,False,False,True
12162,5764.623,0.146,0.261,-0.039,-0.012,0.097,0.021,3.209,1.357,0.236,0.034,0.022,469.513,197405.0,20,0.628,False,False,False,False,False,True
12163,2571.663,-0.637,-0.08,-0.193,-0.072,4.094,-0.113,4.808,1.039,0.213,0.001,-0.026,14118.023,312925.0,20,0.156,False,False,False,False,True,False
12165,,,,,,,,,,,,,,654258.0,1,,False,False,False,False,False,False
12166,51399.738,-0.598,-0.447,-0.082,-0.038,1.359,-0.049,7.024,0.936,0.809,0.065,-0.031,183.152,570546.0,20,0.673,False,False,False,False,False,True
12193,,,,,,,,,,,,,,156508.0,5,,False,False,False,False,False,False
12201,5235.414,0.106,0.331,0.024,0.026,0.393,-0.023,2.138,1.433,-0.126,0.043,0.022,320.655,345735.0,20,-0.253,False,False,False,False,False,False
12203,47957.308,-0.141,-0.196,-0.111,-0.058,0.464,0.032,4.316,-3.241,-0.271,0.317,0.233,34.048,960772.0,20,0.081,False,False,True,False,False,False
12204,61617.994,-0.704,-0.143,-0.021,-0.022,-0.73,-0.01,3.531,1.09,-0.222,-0.036,-0.113,,1528973.0,20,0.631,False,False,False,False,False,True
12206,39469.714,-1.584,-0.614,-0.442,-0.142,7.209,-0.467,-2.213,,,,,,323302.0,7,,False,False,False,False,True,False
12207,-203.789,0.239,0.68,0.261,0.088,4.71,-0.251,0.233,1.402,-0.327,0.007,0.069,2516.454,142569.0,20,-0.542,False,True,False,False,True,False
12208,43645.997,0.049,0.141,0.153,0.142,-2.093,0.056,0.001,1.192,0.129,0.094,-0.005,129.977,537815.0,20,0.523,False,True,False,False,False,True
12214,10299.687,0.282,0.411,-0.2,-0.133,-0.691,0.144,2.902,1.843,0.525,0.033,0.006,434.686,289059.0,20,0.64,False,False,False,False,False,True
12219,22139.392,0.025,0.028,-0.052,-0.002,-1.601,-0.134,8.744,1.125,1.044,0.027,0.04,433.941,557276.0,20,-0.264,False,False,False,False,False,False
12220,701.853,0.102,0.164,-0.0,-0.0,-2.312,0.165,5.066,1.176,0.762,0.075,0.073,238.19,134676.0,20,0.343,False,False,False,False,False,False
12223,10066.093,0.131,0.191,0.1,0.064,-0.843,0.009,1.36,0.688,0.566,0.093,0.068,130.773,539781.0,20,-0.024,False,False,False,False,False,False
12225,-732.334,0.215,0.284,-0.007,-0.002,-1.31,0.048,0.766,2.008,0.076,0.06,0.128,361.748,53161.0,20,-0.115,False,False,False,False,False,False
12226,12701.035,-0.399,-0.245,-0.039,-0.011,1.507,-0.096,4.126,-0.551,-0.212,0.33,0.11,59.405,144093.0,20,4.307,False,False,True,False,False,True
12229,-35535.365,-0.173,0.054,-0.1,-0.038,3.299,-0.106,4.127,1.06,0.401,0.018,0.021,87.79,6691682.0,20,0.306,False,False,False,False,True,False
12230,-2958.412,-0.236,0.308,-0.001,0.012,0.115,0.03,2.338,1.159,0.494,0.011,0.044,1299.106,249214.0,20,0.12,False,False,False,False,False,False
12231,9512.8,-2.742,-1.389,-0.007,0.0,-1.554,0.077,10.659,,,,,,136745.0,9,,False,False,False,False,False,False
12232,4579.907,0.041,0.297,0.518,0.315,-1.531,0.118,0.294,0.889,0.07,0.051,-0.012,337.517,156453.0,20,-0.046,False,True,False,False,False,False
12236,34829.257,3.18,-0.683,-0.038,-0.031,0.595,-0.983,-2.057,,,,,,225742.0,6,,False,False,False,False,False,False
12241,20995.429,0.713,0.801,-0.018,-0.001,-0.699,0.101,3.865,2.644,0.598,0.1,0.12,113.852,662822.0,20,0.285,True,False,True,False,False,False
12244,5392.713,-0.029,0.104,0.057,0.007,2.02,-0.211,-3.144,0.138,0.338,0.04,-0.09,397.242,201688.0,20,0.128,False,False,False,False,False,False
12246,-632.054,0.307,0.518,0.271,0.196,3.284,-0.164,2.331,2.228,-0.203,-0.032,-0.007,,57422.0,20,,False,True,False,False,True,False
12248,-4540.283,0.312,0.45,-0.345,-0.186,-1.819,0.101,3.538,1.068,-0.189,0.018,-0.001,758.206,361032.0,20,0.085,False,False,False,False,False,False
12258,17267.552,0.136,0.164,-1.109,-0.612,-1.402,0.16,0.524,1.055,0.27,-0.056,-0.207,,471473.0,20,0.055,False,False,False,False,False,False
12259,51565.444,-0.299,-0.161,0.771,0.238,-4.215,0.159,-1.136,2.171,-0.336,0.042,0.082,256.771,718641.0,20,-0.016,False,True,False,False,False,False
12266,28345.994,0.607,0.534,0.242,0.137,0.335,-0.05,-0.43,-0.048,-0.021,-0.02,-0.187,,488993.0,20,0.148,False,True,False,False,False,False
12283,5051.405,-0.808,-0.371,-0.07,-0.011,1.636,-0.066,0.966,2.464,0.367,0.073,-0.02,241.1,143644.0,20,0.491,False,False,False,False,False,False
12284,-181.2,0.325,0.383,0.0,0.0,-1.146,0.081,0.494,-1.203,-0.313,0.01,-0.111,2392.373,19800.0,20,,False,False,False,False,False,False
12285,36907.113,0.255,0.269,0.11,0.105,-0.61,-0.1,4.148,0.897,0.13,0.086,0.038,138.13,587967.0,20,0.07,False,False,False,False,False,False
12293,-479.013,0.689,0.691,0.069,0.041,-1.484,0.268,-1.283,,,,,,20943.0,18,,False,False,False,False,False,False
12298,-1962.722,1.522,1.549,0.051,0.205,-0.436,0.09,1.174,1.8,-0.564,-0.043,-0.147,,109261.0,20,-0.285,True,True,False,False,False,False
12299,41281.627,0.619,0.709,0.116,0.147,-0.987,0.043,1.819,1.46,0.204,0.058,0.025,143.852,1336572.0,20,-0.104,True,False,False,False,False,False
12303,51794.875,0.208,0.118,-0.228,-0.108,-11.991,0.354,11.324,3.888,-0.207,0.311,0.222,44.907,478405.0,20,1.464,False,False,True,False,False,True
12305,45567.717,0.933,0.824,0.001,0.0,-9.624,0.221,0.64,4.804,-0.371,0.152,-0.957,95.837,337880.0,20,,True,False,False,False,False,False
12308,22377.429,-0.942,-1.357,0.002,-0.261,23.277,-0.747,-4.782,,,,,,252346.0,8,,False,False,False,False,True,False
12309,1218.02,-0.223,0.222,0.118,0.068,3.813,-0.172,0.739,,,,,,131721.0,17,,False,False,False,False,True,False
12315,-4055.038,0.217,0.84,-0.044,-0.008,-0.854,0.066,2.592,2.91,0.427,0.061,0.05,280.87,153880.0,20,-0.068,False,False,False,False,False,False
12322,12670.881,0.331,0.339,-0.024,-0.011,-3.731,0.334,3.641,0.158,-0.584,0.057,0.064,188.288,735498.0,20,-0.032,False,False,False,False,False,False
12325,5144.683,-0.07,0.025,-0.018,-0.009,-0.845,0.033,3.836,0.293,-0.039,0.045,-0.001,387.97,144667.0,20,0.076,False,False,False,False,False,False
12327,3846.487,0.626,0.657,-0.036,-0.018,1.257,-0.031,2.734,1.864,0.725,0.061,0.069,214.573,419823.0,20,0.072,True,False,False,False,False,False
12331,24081.783,0.549,0.563,-0.085,-0.064,-2.03,0.242,2.56,1.599,0.264,0.078,0.046,157.857,512527.0,20,0.053,True,False,False,False,False,False
12349,13609.991,0.009,0.004,-0.008,-0.005,-0.156,0.055,3.14,0.105,0.045,0.065,-0.058,242.31,221020.0,20,0.261,False,False,False,False,False,False
12354,1735.104,-0.152,-0.174,-0.361,-0.201,1.304,-0.017,8.922,2.314,0.412,-0.005,0.015,,78061.0,20,0.085,False,False,False,False,False,False
12355,-1059.571,0.532,0.51,-1.269,-0.93,2.373,-0.116,-0.706,,,,,,81333.0,7,,False,False,False,False,False,False
12365,21379.185,-0.028,0.033,0.042,0.036,-0.39,0.007,2.081,1.184,0.319,0.088,0.081,149.66,431719.0,20,0.067,False,False,False,False,False,False
12372,7088.108,0.125,0.134,0.802,0.523,-2.028,0.059,7.666,0.196,0.637,0.09,0.052,193.668,152192.0,20,-0.334,False,True,False,False,False,False
12383,188064.953,0.396,0.377,0.04,0.031,-2.662,0.015,3.357,0.127,0.101,0.057,0.011,69.967,3820112.0,20,0.341,False,False,False,False,False,False
12384,1555.23,-0.281,0.256,0.126,0.076,1.012,-0.03,4.451,0.331,0.024,0.079,0.009,208.106,195874.0,20,-0.027,False,False,False,False,False,False
12386,7863.886,-0.01,0.192,-0.063,-0.036,0.373,-0.02,2.379,1.737,0.554,0.042,0.019,327.854,332915.0,20,0.578,False,False,False,False,False,True
12388,-3401.925,0.024,0.654,0.196,0.012,-6.445,0.142,-2.178,2.421,-0.055,-0.023,0.023,,92198.0,20,-0.931,False,True,False,False,False,False
12391,,,,,,,,,,,,,,43774.0,3,,False,False,False,False,False,False
12395,1111.435,-0.512,0.075,-0.084,-0.02,-0.334,-0.009,7.283,,,,,,97383.0,16,,False,False,False,False,False,False
12402,1634.454,-0.315,0.023,-0.026,-0.02,-1.983,-0.002,4.104,1.075,0.169,0.08,0.06,232.103,112274.0,20,0.265,False,False,False,False,False,False
12406,,,,,,,,,,,,,,1435473.0,1,,False,False,False,False,False,False
12410,1278.036,-0.383,0.027,-0.073,-0.018,4.138,-0.139,-0.468,2.407,0.353,0.013,-0.073,1226.904,184593.0,20,0.073,False,False,False,False,True,False
12417,1121.245,-0.411,0.058,0.052,0.2,-1.043,-0.216,5.587,-0.499,-1.082,-0.06,-0.126,,81380.0,20,0.23,False,True,False,False,False,False
12422,-849.705,0.073,0.444,0.099,0.057,-0.559,-0.068,1.833,2.494,0.735,0.07,0.093,309.202,55337.0,20,0.024,False,False,False,False,False,False
12425,788.532,0.909,0.79,0.529,0.348,-3.441,0.224,3.286,2.255,-0.272,0.003,-0.026,8402.307,21183.0,20,1.778,True,True,False,False,False,True
12426,36049.343,-0.374,0.067,0.002,0.004,4.418,0.031,3.372,,,,,,348286.0,12,,False,False,False,False,False,False
12432,-757.218,0.404,0.645,-1.812,-1.013,-0.465,0.047,4.875,-3.042,0.786,0.025,0.039,974.097,25021.0,20,-0.28,False,False,False,False,False,False
12444,-1114.983,0.53,0.388,-0.11,0.036,-1.482,0.093,5.795,2.879,0.774,-0.109,-0.147,,78865.0,20,-0.308,True,False,False,False,False,False
12457,4385.116,0.647,0.647,-0.085,-0.053,-1.347,0.217,1.522,2.025,-0.698,-0.012,-0.12,,103856.0,20,,True,False,False,False,False,False
12484,70922.562,-0.028,-0.004,0.098,0.081,0.034,-0.052,1.637,-0.161,0.705,0.125,0.073,70.093,1269526.0,20,0.414,False,False,True,False,False,False
12485,20282.734,-0.82,-0.629,-0.01,0.021,0.166,-0.054,4.44,0.604,0.401,0.105,0.016,140.019,304028.0,20,1.106,False,False,False,False,False,True
12493,-7883.684,0.529,0.593,0.313,0.237,-1.735,0.156,5.049,-1.751,-0.13,0.049,0.041,278.441,357975.0,20,0.05,False,True,False,False,False,False
12501,-48451.882,-3.895,0.342,-0.095,-0.012,14.722,-0.49,0.972,,,,,,950336.0,17,,False,False,False,False,True,False
12506,-60508.843,-2.82,1.263,-0.051,-0.007,7.384,-0.845,1.15,,,,,,641203.0,17,,False,False,False,False,True,False
12511,5807.329,0.305,0.225,-0.073,-0.03,-1.226,0.123,9.802,1.672,1.44,0.093,0.026,165.071,254060.0,20,1.22,False,False,False,False,False,True
12512,-2834.168,-0.027,0.426,-0.018,-0.007,2.184,-0.09,4.09,1.647,0.243,0.026,0.063,707.593,101355.0,20,-0.562,False,False,False,False,False,False
12513,7366.671,0.078,0.31,-0.074,-0.037,0.701,0.022,3.018,2.218,0.266,0.066,0.112,222.496,286808.0,20,0.018,False,False,False,False,False,False
12514,88453.317,-0.029,0.064,0.072,-0.08,-1.833,0.189,15.093,0.852,-0.185,0.194,0.122,52.901,959880.0,20,1.406,False,False,True,False,False,True
12517,272096.481,-0.508,-0.462,0.071,0.077,0.019,-0.092,2.173,0.852,0.72,0.077,-0.13,72.878,2609889.0,20,0.644,False,False,False,False,False,True
12531,-7138.929,0.695,0.673,0.205,0.141,3.127,-0.099,-1.482,2.305,0.606,-0.045,0.028,,197112.0,20,1.13,True,True,False,False,False,True
12549,3338.4,0.266,0.302,-0.012,-0.069,-5.015,0.158,0.787,1.452,0.068,-0.003,0.018,,97003.0,20,0.218,False,False,False,False,False,False
12585,880.58,1.477,0.151,0.081,0.294,13.292,-0.205,-1.744,10.807,0.442,0.176,0.171,142.397,31213.0,20,,True,True,True,False,True,False
12591,45393.967,0.294,0.493,0.314,0.09,-1.973,0.098,2.296,0.227,-0.55,0.069,-0.004,131.811,1092587.0,20,-0.164,False,True,False,False,False,False
12592,1470.52,-0.107,0.042,-0.316,-0.254,5.615,-0.181,1.598,1.881,0.124,-0.024,-0.017,,430831.0,20,0.032,False,False,False,False,True,False
12594,15086.376,0.675,0.733,0.087,0.122,-1.148,0.205,5.007,-0.232,0.579,0.334,0.336,34.358,842235.0,20,0.356,False,False,True,False,False,False
12602,852.833,0.108,0.305,0.066,0.035,0.271,0.042,2.941,0.952,0.535,0.075,0.065,210.926,223497.0,20,0.301,False,False,False,False,False,False
12608,5066.117,0.775,0.702,0.146,0.135,-0.69,0.119,6.662,0.93,0.053,0.128,0.117,109.153,378106.0,20,0.145,True,False,True,False,False,False
12609,5956.514,-0.047,0.124,-0.015,-0.003,3.318,-0.082,2.201,0.64,0.164,0.05,0.051,277.828,331996.0,20,-0.014,False,False,False,False,False,False
12611,70485.161,-0.204,-0.224,0.187,0.167,-2.417,0.114,1.163,0.673,0.58,0.035,-0.045,253.58,1117417.0,20,0.126,False,True,False,False,False,False
12614,568513.001,0.745,0.472,-0.049,-0.013,1.206,-0.15,1.964,,,,,,9620310.0,17,,False,False,False,False,False,False
12616,31622.003,0.994,0.989,-0.066,-0.041,-3.217,0.261,2.671,1.808,0.106,0.098,0.02,119.46,621286.0,20,0.381,True,False,False,False,False,False
12627,73677.444,0.03,0.057,0.088,-0.074,0.641,-0.186,3.793,-0.231,-1.688,-0.003,-0.107,,1175143.0,20,0.118,False,False,False,False,False,False
12633,,,,,,,,,,,,,,3634702.0,2,,False,False,False,False,False,False
12661,6266.49,-0.007,0.211,0.009,0.006,-1.008,0.064,3.881,1.733,0.397,0.035,-0.06,481.093,154344.0,20,0.507,False,False,False,False,False,True
12694,3577.952,0.156,0.043,-0.015,-0.009,-1.007,0.048,1.755,0.598,0.149,0.041,-0.027,417.939,144319.0,20,0.172,False,False,False,False,False,False
12699,,,,,,,,,,,,,,484067.0,4,,False,False,False,False,False,False
12706,1138.992,0.003,0.262,0.305,0.204,-1.165,0.01,1.276,1.229,0.177,0.063,0.101,225.383,320050.0,20,-0.112,False,True,False,False,False,False
12717,1412.731,1.119,0.367,-0.002,-0.0,-4.313,0.005,6.565,3.461,0.382,0.18,0.153,101.709,148531.0,20,0.108,True,False,True,False,False,False
12722,4112.884,0.055,0.066,-0.301,-0.229,-0.578,0.089,0.426,-0.041,0.882,0.084,0.023,233.058,93284.0,20,-0.174,False,False,False,False,False,False
12745,2371.961,0.056,0.09,0.114,0.086,-1.997,0.153,2.744,-1.187,0.022,0.14,0.076,162.206,48586.0,20,,False,False,True,False,False,False
12757,1835.113,0.558,0.558,0.007,-0.002,-2.694,0.314,-1.951,1.242,-0.407,-0.004,-0.038,,101000.0,20,-0.557,True,False,False,False,False,False
12758,1688.084,0.344,0.361,-0.068,-0.016,-2.499,0.143,2.638,1.242,-0.011,0.019,0.007,1099.044,55943.0,20,-0.754,False,False,False,False,False,False
12761,48919.182,0.407,0.391,0.319,0.242,-1.108,-0.032,5.396,0.234,-0.432,0.228,0.228,46.341,925191.0,20,0.071,False,True,True,False,False,False
12769,117461.471,0.209,0.337,0.222,0.319,1.53,-0.147,1.275,1.628,0.572,0.019,-0.103,296.524,2449456.0,20,0.177,False,True,False,False,False,False
12773,,,,,,,,,,,,,,3648859.0,2,,False,False,False,False,False,False
12781,1847.429,0.252,0.726,0.108,0.072,2.106,0.075,1.966,,,,,,653980.0,7,,False,False,False,False,False,False
12788,12102.761,0.475,0.401,-0.049,-0.026,-1.562,0.059,0.607,-0.137,0.231,0.062,-0.052,191.278,575159.0,20,0.169,False,False,False,False,False,False
12814,8760.965,-0.083,0.282,-0.699,-0.357,-1.154,0.05,4.474,1.644,0.883,0.069,0.065,140.055,973263.0,20,0.611,False,False,False,False,False,True
12815,-4660.066,0.253,0.46,-0.092,-0.148,-0.307,0.042,5.131,1.196,0.529,0.042,0.023,249.169,778098.0,20,0.174,False,False,False,False,False,False
12828,88752.283,-0.416,-0.13,0.025,0.024,2.605,-0.142,3.609,0.799,-0.0,0.074,0.017,123.217,1122769.0,20,0.37,False,False,False,False,True,False
12836,-1833.54,-0.049,0.43,-0.046,-0.02,1.282,-0.018,0.742,1.53,0.1,-0.013,-0.013,,156258.0,20,-0.026,False,False,False,False,False,False
12839,263646.905,-0.289,-0.104,-0.222,-0.157,-0.026,-0.046,0.293,0.321,0.161,0.087,0.037,49.519,3551779.0,20,0.389,False,False,False,False,False,False
12854,1025360.848,-0.011,0.053,0.047,0.044,-1.902,0.041,1.108,1.28,-0.17,0.065,-0.026,,10084903.0,20,0.265,False,False,False,False,False,False
12855,55424.761,-0.162,-0.064,-0.067,-0.068,5.677,-0.33,0.568,1.437,1.105,-0.027,-0.055,,1579523.0,20,0.016,False,False,False,False,True,False
12857,8855.973,-0.207,-0.02,-0.023,-0.051,5.606,-0.176,2.749,0.673,0.432,0.029,0.018,507.462,252547.0,20,0.01,False,False,False,False,True,False
12858,34510.313,-0.156,-0.086,-0.234,-0.164,3.165,-0.158,-0.846,0.94,0.723,0.031,0.015,357.645,638258.0,20,0.06,False,False,False,False,True,False
12865,142.704,0.631,0.686,0.045,0.041,-0.037,-0.007,4.415,3.831,0.94,-0.008,0.077,,52828.0,20,-0.64,True,False,False,False,False,False
12869,61610.009,-0.252,-0.114,-0.01,-0.0,0.652,-0.072,0.942,0.804,0.812,0.09,0.05,119.132,771933.0,20,0.46,False,False,False,False,False,False
12874,39260.758,-0.174,-0.063,0.077,0.06,1.134,-0.033,0.727,-0.624,0.037,0.031,-0.022,285.389,1112819.0,20,0.252,False,False,False,False,False,False
12885,-12427.146,1.223,1.462,-0.096,-0.05,-2.753,0.218,4.915,,,,,,293238.0,18,,False,False,False,False,False,False
12893,2908.397,0.863,-0.086,0.211,0.121,11.241,-0.514,2.976,-1.094,-1.645,0.306,0.127,71.744,83176.0,20,4.17,False,True,True,False,True,True
12899,-3493.426,0.292,0.583,0.314,0.153,-0.055,0.02,2.581,1.738,0.314,0.03,-0.002,631.648,97390.0,20,-0.259,False,True,False,False,False,False
12923,95352.547,-0.181,0.239,0.098,0.082,3.219,-0.212,5.697,,,,,,16414076.0,16,,False,False,False,False,True,False
12944,111549.185,0.793,1.051,0.058,0.057,-1.095,0.155,4.215,3.806,0.196,0.057,0.013,93.94,2697498.0,20,0.291,True,False,False,False,False,False
12956,9.549,0.324,0.472,-0.25,-0.105,0.375,0.045,0.792,1.116,-0.173,0.042,0.027,380.513,192861.0,20,1.574,False,False,False,False,False,True
12959,11273.164,0.41,0.448,0.128,0.232,-2.142,0.025,1.053,1.587,0.209,0.058,0.111,233.635,378964.0,20,-0.122,True,True,False,False,False,False
12969,35306.478,-0.419,-0.023,0.031,0.057,0.265,-0.062,2.338,-0.089,0.56,0.015,-0.111,573.641,1212097.0,20,0.253,False,False,False,False,False,False
12978,56459.155,0.222,0.502,-0.143,-0.075,-0.599,-0.014,3.427,3.384,0.472,0.015,0.035,552.679,1272143.0,20,0.427,False,False,False,False,False,False
12980,5271.642,-1.192,-0.547,0.001,0.001,-2.83,-0.049,6.594,2.104,0.98,0.11,0.022,173.889,106831.0,20,1.378,False,False,False,False,False,True
12982,317033.456,0.203,0.309,0.184,0.143,0.436,-0.052,3.448,3.151,0.707,0.036,-0.033,95.453,4290141.0,20,0.152,False,True,False,False,False,False
12985,24847.444,0.126,0.171,-0.133,-0.116,1.028,0.008,2.807,-0.061,0.71,0.109,0.03,119.795,452074.0,20,0.974,False,False,True,False,False,True
13000,29618.845,-0.14,0.163,0.17,0.136,-0.135,-0.045,7.232,1.847,0.722,0.096,0.048,134.497,455225.0,20,0.686,False,True,False,False,False,True
13006,-2451.263,0.215,0.748,-0.007,-0.003,-0.084,0.05,1.419,2.278,-0.048,-0.014,-0.051,,324526.0,20,-0.129,False,False,False,False,False,False
13012,36511.218,0.504,0.426,-0.047,-0.034,1.114,-0.007,1.225,-0.585,-0.127,0.134,0.133,32.156,3644798.0,20,0.025,False,False,True,False,False,False
13018,660.168,-0.169,-0.154,-0.161,-0.032,4.26,-0.101,2.251,,,,,,66846.0,19,,False,False,False,False,True,False
13020,15991.365,-0.309,-0.124,0.087,0.053,2.661,-0.113,-0.724,0.999,0.362,0.004,0.051,3049.102,385155.0,20,-0.094,False,False,False,False,True,False
13023,77503.429,-2.261,-0.283,0.022,-0.073,4.942,-0.233,-3.245,,,,,,1388430.0,7,,False,False,False,False,True,False
13025,4138.265,0.328,0.409,0.062,0.033,1.189,-0.011,1.711,1.207,0.136,0.089,0.059,143.969,457746.0,20,0.714,False,False,False,False,False,True
13030,9019.414,-0.317,0.005,0.101,0.091,-0.653,0.05,4.766,-0.877,0.386,0.07,-0.013,247.536,151370.0,20,0.203,False,False,False,False,False,False
13032,15438.232,-0.13,0.057,-0.061,-0.048,0.966,-0.028,3.451,1.252,1.221,0.077,0.091,182.752,344168.0,20,0.14,False,False,False,False,False,False
13033,3298.722,-0.158,0.102,-0.016,-0.007,1.818,-0.029,1.906,-0.491,0.187,0.092,0.072,163.766,275930.0,20,0.218,False,False,False,False,False,False
13054,1938.674,-0.089,-0.084,-0.237,-0.176,1.218,-0.039,-2.888,-0.964,-0.512,0.042,-0.012,479.14,75444.0,20,0.303,False,False,False,False,False,False
13055,35077.101,0.343,0.432,0.168,0.117,0.335,0.003,1.5,1.221,0.255,0.054,0.028,162.453,1173908.0,20,0.15,False,True,False,False,False,False
13058,60268.719,-0.077,0.046,0.287,0.236,-0.641,-0.017,4.208,1.89,-0.282,-0.005,-0.041,,773117.0,20,-0.004,False,True,False,False,False,False
13063,45757.705,0.074,0.255,-0.084,-0.052,0.872,-0.028,6.113,0.755,0.602,0.105,0.053,62.62,2099477.0,20,0.243,False,False,True,False,False,False
13068,4949.717,0.156,0.136,-0.033,-0.014,-2.399,0.131,0.433,1.487,0.16,0.026,-0.021,478.398,441949.0,20,-0.14,False,False,False,False,False,False
13071,10015.711,0.156,0.533,-0.01,0.004,-1.279,0.151,2.265,1.879,1.271,0.028,-0.031,368.832,760801.0,20,0.284,False,False,False,False,False,False
13080,-7461.319,-1.206,0.998,-0.011,-0.006,-1.569,0.036,2.247,,,,,,143665.0,13,,False,False,False,False,False,False
13083,51153.447,-0.029,-0.024,0.033,0.022,4.207,-0.201,-0.296,-0.094,0.44,0.082,-0.035,129.046,785601.0,20,0.219,False,False,False,False,True,False
13102,159401.534,0.246,0.491,0.079,0.067,0.547,-0.029,2.492,0.958,0.159,0.034,-0.01,41.649,7078433.0,20,0.269,False,False,False,False,False,False
13107,23081.681,0.444,0.496,0.021,0.017,0.511,-0.006,4.879,0.301,-0.029,0.06,-0.022,166.377,895609.0,20,0.478,False,False,False,False,False,False
13109,80756.205,-0.148,-0.088,-0.004,0.016,0.598,-0.076,5.986,0.406,0.105,0.043,0.001,213.336,1080401.0,20,0.209,False,False,False,False,False,False
13111,5232.057,-0.058,0.033,0.193,0.118,-1.422,-0.066,2.846,2.028,0.326,0.024,0.038,637.052,239933.0,20,0.383,False,True,False,False,False,False
13112,16725.362,-0.431,-0.23,0.1,0.105,-1.128,-0.014,6.828,0.69,0.488,0.061,-0.02,220.013,391553.0,20,0.179,False,False,False,False,False,False
13113,418.953,-0.631,-0.215,0.518,0.371,6.48,-0.275,1.458,1.174,-0.142,0.01,0.116,1522.882,248354.0,20,-0.401,False,True,False,False,True,False
13130,3336.03,-0.118,0.131,0.016,0.01,2.961,-0.1,3.201,1.507,0.454,0.03,0.006,394.562,559782.0,20,0.301,False,False,False,False,True,False
13157,-7751.224,-0.094,0.251,-0.072,-0.041,65.96,-0.497,4.86,,,,,,258530.0,16,,False,False,False,False,True,False
13167,5748.355,-0.285,0.057,-0.323,-0.159,-1.968,0.098,5.727,1.165,0.14,0.087,0.065,191.539,180632.0,20,0.548,False,False,False,False,False,True
13179,-11768.06,0.497,0.509,-0.01,-0.007,0.616,0.076,5.667,0.908,0.791,0.046,0.074,285.643,414025.0,20,-0.074,True,False,False,False,False,False
13195,8140.262,-0.265,0.082,-0.555,-0.257,-1.219,0.127,2.885,1.161,0.584,0.124,0.097,126.33,251837.0,20,1.786,False,False,True,False,False,True
13196,-796.232,0.157,0.166,0.0,0.0,1.631,-0.045,6.239,1.571,-0.026,0.005,0.026,3758.939,70564.0,20,0.956,False,False,False,False,False,True
13198,146322.373,0.135,0.298,-0.077,-0.059,-1.303,0.13,2.719,2.069,-1.623,-0.024,-0.193,,1750393.0,20,0.097,False,False,False,False,False,False
13209,11195.633,0.455,0.557,-0.047,-0.024,-2.449,0.156,1.421,1.512,0.583,0.039,-0.042,375.544,278416.0,20,0.982,True,False,False,False,False,True
13216,6758.532,0.137,-0.025,-0.058,-0.02,-1.572,0.018,5.423,2.249,0.131,-0.001,0.061,,517505.0,20,0.565,False,False,False,False,False,True
13220,41986.159,-0.066,0.164,0.02,0.011,-0.819,0.045,3.227,2.541,0.631,0.008,-0.152,1198.597,842455.0,20,-0.206,False,False,False,False,False,False
13232,-23540.282,2.016,1.966,0.011,-0.028,-7.969,0.768,3.905,,,,,,612965.0,16,,False,False,False,False,False,False
13240,,,,,,,,,,,,,,679960.0,5,,False,False,False,False,False,False
13242,7670.195,0.041,0.046,-0.002,0.001,4.036,-0.106,4.133,0.521,0.22,0.022,-0.001,674.406,245569.0,20,0.116,False,False,False,False,True,False
13249,2951.567,-0.196,0.015,0.013,0.026,-0.148,-0.009,5.274,1.417,-0.08,0.089,0.056,188.079,182771.0,20,1.342,False,False,False,False,False,True
13251,3755.405,0.003,0.073,0.093,0.021,-0.404,0.084,-0.252,0.117,0.162,0.013,-0.092,1446.177,88730.0,20,,False,False,False,False,False,False
13255,74545.669,-0.391,-0.156,0.018,0.017,2.565,-0.152,3.72,0.288,0.479,0.069,-0.041,125.202,1245317.0,20,0.374,False,False,False,False,True,False
13264,47403.047,-0.122,-0.017,0.044,0.028,3.244,-0.118,3.496,1.441,-0.125,0.076,0.063,143.492,724896.0,20,0.381,False,False,False,False,True,False
13274,-1961.29,0.638,0.787,0.031,-0.035,-1.346,0.253,2.677,2.024,-0.201,0.088,0.164,184.558,205476.0,20,0.211,True,False,False,False,False,False
13292,,,,,,,,,,,,,,1865267.0,3,,False,False,False,False,False,False
13297,24366.893,-0.164,0.029,-0.053,-0.029,5.318,-0.129,1.265,1.568,0.132,0.014,0.048,612.609,1190928.0,20,0.06,False,False,False,False,True,False
13303,-57044.454,0.752,1.072,0.826,0.198,3.762,-0.871,-12.195,3.987,1.906,-0.054,0.11,,329016.0,20,-0.108,True,True,False,False,True,False
13305,53268.421,0.157,0.214,0.187,0.145,1.558,-0.153,1.275,1.257,0.077,0.251,0.113,45.793,769029.0,20,0.644,False,True,True,False,False,True
13339,51355.164,-0.189,-0.017,0.006,-0.009,0.807,-0.073,2.701,-0.524,0.33,0.071,-0.054,107.531,1597487.0,20,0.33,False,False,False,False,False,False
13341,40251.383,-0.208,0.089,0.006,0.004,1.938,-0.085,1.873,-0.69,0.007,0.143,0.087,59.901,1352351.0,20,0.557,False,False,True,False,False,True
13366,12005.212,-0.293,0.163,0.324,0.255,0.993,-0.06,3.948,1.198,0.927,0.068,0.038,192.182,433198.0,20,-0.058,False,True,False,False,False,False
13380,2715.429,-3.025,0.14,-0.182,-0.154,-4.279,-0.102,-2.245,,,,,,107411.0,7,,False,False,False,False,False,False
13381,4851.877,-0.279,0.151,0.198,0.086,-0.201,-0.021,1.643,1.843,0.447,0.104,0.034,165.343,164609.0,20,-0.017,False,True,True,False,False,False
13382,-551.332,0.521,0.365,0.247,0.16,-2.712,0.132,4.54,1.203,0.078,0.04,0.063,431.757,141423.0,20,0.155,True,True,False,False,False,False
13397,-24996.695,1.542,1.603,0.026,0.007,2.201,0.171,0.981,0.259,-1.417,0.02,-0.065,382.548,1447578.0,20,-0.121,False,False,False,False,False,False
13407,-8614.283,0.881,0.833,-1.37,-0.492,-5.674,0.361,5.628,0.701,0.263,0.057,0.039,235.366,389110.0,20,1.315,False,False,False,False,False,True
13411,3846.764,-0.38,0.13,-0.02,-0.017,-1.715,0.132,-0.005,,,,,,267746.0,10,,False,False,False,False,False,False
13413,590.539,-1.087,0.191,-0.089,0.011,-0.26,0.051,2.837,,,,,,72316.0,17,,False,False,False,False,False,False
13415,4678.71,-0.039,-0.038,0.013,0.004,-4.125,0.205,-0.193,0.765,-0.184,0.075,-0.016,264.826,83760.0,20,0.096,False,False,False,False,False,False
13416,1090.839,0.149,0.182,-0.594,-0.345,-2.653,0.367,4.109,-0.521,-0.268,0.041,-0.022,494.123,67355.0,20,-0.644,False,False,False,False,False,False
13421,658296.565,0.201,0.197,-0.044,-0.032,0.053,0.022,1.563,0.701,0.263,0.056,0.025,6.241,9188563.0,20,0.196,False,False,False,True,False,False
13430,-3888.337,-0.091,0.221,-0.003,0.001,-0.449,0.073,3.723,0.435,-0.159,0.018,0.019,848.901,204497.0,20,-0.006,False,False,False,False,False,False
13450,3772.881,0.559,0.392,-0.048,-0.014,-13.949,0.389,2.107,-0.338,0.574,0.143,-0.132,138.224,98787.0,20,-0.523,False,False,False,False,False,False
13454,21420.541,0.126,0.179,-0.039,-0.025,0.299,0.035,0.81,0.158,0.269,0.064,0.028,162.246,808607.0,20,0.093,False,False,False,False,False,False
13551,4070.974,-0.313,-0.421,1.292,0.955,7.701,-0.952,-2.823,0.81,-1.798,-0.142,-0.05,,94515.0,20,-0.388,False,True,False,False,True,False
13561,11268.833,0.015,0.017,0.041,0.032,-0.583,0.029,1.975,1.389,0.476,0.027,0.03,490.578,398683.0,20,1.239,False,False,False,False,False,True
13565,46808.595,-0.273,-0.299,-0.037,-0.028,5.97,-0.177,0.784,-0.57,0.105,-0.022,-0.01,,716609.0,20,-0.043,False,False,False,False,True,False
13582,340.144,0.018,0.086,0.069,0.034,-1.918,0.012,-2.252,-0.226,-0.278,0.023,0.027,975.275,37802.0,20,-0.347,False,False,False,False,False,False
13584,-1769.511,-0.949,-0.319,-0.606,-0.277,1.666,-0.736,-0.881,,,,,,60770.0,18,,False,False,False,False,False,False
13599,5418.662,0.27,0.242,-0.012,0.028,1.544,-0.019,4.682,0.488,0.416,0.047,0.004,275.71,408875.0,20,-0.03,False,False,False,False,False,False
13600,-237.062,0.576,0.955,-0.0,-0.0,-4.934,0.304,3.063,3.873,0.135,0.059,0.075,300.03,137899.0,20,-0.161,True,False,False,False,False,False
13611,1452.313,-0.153,-0.134,0.0,0.0,1.477,-0.058,-0.824,0.012,0.316,0.039,-0.047,573.884,39963.0,20,-0.751,False,False,False,False,False,False
13616,4467.874,0.527,1.122,-1.812,-1.048,-0.348,-0.015,-5.481,-1.101,0.231,0.088,-0.007,204.98,131549.0,20,-0.355,False,False,False,False,False,False
13622,79101.392,0.009,0.069,0.038,0.053,5.423,-0.325,-2.289,0.757,0.522,0.037,-0.042,237.801,1183388.0,20,0.258,False,False,False,False,True,False
13625,134241.6,-1.025,-1.053,-0.005,0.012,10.943,-1.299,-2.376,,,,,,572307.0,6,,False,False,False,False,True,False
13632,34317.471,0.337,0.344,-0.013,-0.009,0.956,-0.012,3.134,1.003,-0.709,0.025,-0.115,445.732,612124.0,20,0.584,False,False,False,False,False,True
13652,30961.597,0.481,0.291,-0.117,-0.074,2.414,0.073,1.855,0.65,-0.212,0.009,-0.563,1508.736,387974.0,20,0.918,False,False,False,False,False,True
13654,1740.457,2.275,-1.422,-0.508,-0.312,0.194,-0.954,-4.135,,,,,,201840.0,6,,False,False,False,False,False,False
13656,8034.674,0.01,-0.03,0.438,0.321,2.007,-0.088,2.309,1.086,0.549,0.029,0.01,495.416,284537.0,20,0.408,False,True,False,False,False,False
13662,7441.844,-0.624,-0.687,-0.013,-0.002,-1.943,0.155,2.977,-4.583,0.151,0.095,0.034,167.341,225134.0,20,0.391,False,False,False,False,False,False
13669,,,,,,,,,,,,,,85142.0,2,,False,False,False,False,False,False
13692,5120.192,0.205,0.232,-0.093,-0.046,2.46,-0.007,2.256,-0.232,-0.658,0.006,-0.097,2715.392,174598.0,20,0.008,False,False,False,False,False,False
13696,695.994,0.463,0.536,0.753,0.479,-1.853,0.129,2.892,-0.755,-0.442,0.084,-0.046,296.0,25347.0,20,5.543,False,True,False,False,False,True
13697,,,,,,,,,,,,,,47510.0,2,,False,False,False,False,False,False
13703,9071.687,0.623,0.759,-0.356,-0.188,-2.082,0.114,5.542,1.508,0.23,0.034,-0.046,325.222,647746.0,20,0.115,True,False,False,False,False,False
13710,,,,,,,,,,,,,,51677.0,2,,False,False,False,False,False,False
13712,-8689.856,0.048,0.255,0.293,0.186,-0.788,-0.005,2.51,1.302,1.713,0.004,-0.024,3188.376,393890.0,20,-0.241,False,True,False,False,False,False
13715,1847.462,-0.517,-0.02,-1.388,-0.453,-1.692,0.065,2.98,1.863,0.539,0.073,0.056,267.362,91364.0,20,-0.297,False,False,False,False,False,False
13716,160317.825,0.247,0.216,0.316,0.113,1.839,-0.067,4.648,,,,,,1901612.0,19,,False,True,False,False,False,False
13718,21225.51,0.098,-0.109,0.0,0.0,-15.399,0.307,0.0,-0.091,-1.168,-0.049,-0.076,,1324267.0,20,,False,False,False,False,False,False
13729,377.023,-0.063,-0.09,0.0,0.0,-0.366,-0.006,-1.18,-0.458,0.332,0.015,-0.056,1724.918,16875.0,20,-0.205,False,False,False,False,False,False
13735,12022.595,0.088,0.147,0.242,0.285,1.307,-0.134,2.062,1.649,0.099,0.033,0.011,435.678,298273.0,20,-0.997,False,True,False,False,False,False
13736,11614.611,-0.113,0.054,0.165,0.048,3.656,-0.078,-2.295,3.253,0.605,0.035,0.03,520.266,111778.0,20,0.272,False,True,False,False,False,False
13737,-11965.023,0.313,0.509,-0.018,-0.022,-0.012,0.022,4.299,3.57,0.645,-0.021,0.113,,210705.0,20,0.486,False,False,False,False,False,False
13748,5153.69,0.6,0.687,0.0,0.0,23.734,-0.445,4.6,0.707,0.458,0.061,0.189,239.209,285210.0,20,-0.119,False,False,False,False,True,False
13753,-498.647,0.206,0.191,-0.071,-0.024,0.768,0.012,2.06,2.525,0.595,-0.014,-0.006,,222154.0,20,-0.197,False,False,False,False,False,False
13774,705.447,0.233,0.452,-0.128,-0.085,1.993,-0.051,-1.93,0.435,0.182,0.036,0.024,590.532,53241.0,20,,False,False,False,False,False,False
13775,8131.994,-0.395,-0.074,-0.046,-0.028,0.7,-0.029,2.573,1.144,0.158,0.049,-0.014,314.513,229858.0,20,0.103,False,False,False,False,False,False
13784,-868.923,-0.534,0.046,-0.445,-0.201,-0.573,0.054,1.839,1.044,0.371,0.036,0.036,447.893,193241.0,20,0.424,False,False,False,False,False,False
13788,6467.005,0.427,0.418,0.061,0.056,-0.891,0.047,2.873,0.891,0.827,0.079,0.003,228.599,131025.0,20,0.588,True,False,False,False,False,True
13794,1630.406,0.122,0.312,-0.066,-0.032,-1.536,0.116,2.119,1.873,0.185,0.074,0.128,246.23,121174.0,20,-0.001,False,False,False,False,False,False
13798,-101.122,-0.691,0.103,-0.138,-0.041,0.029,0.039,-1.055,1.919,0.03,0.037,0.001,510.512,101259.0,20,-0.11,False,False,False,False,False,False
13801,19579.922,-0.078,-0.117,-0.034,-0.017,-1.17,0.009,2.48,1.231,0.569,0.126,0.016,116.984,314518.0,20,16.271,False,False,False,False,False,True
13802,6656.12,-0.037,0.132,0.026,0.01,1.375,-0.116,3.737,1.675,-0.104,0.037,-0.033,473.257,139265.0,20,1.224,False,False,False,False,False,True
13809,5918.132,0.736,0.699,0.084,0.068,0.211,-0.132,0.871,1.963,0.176,0.004,0.108,3542.209,197395.0,20,-0.134,True,False,False,False,False,False
13813,-1538.31,-0.546,0.37,-0.027,0.047,-2.901,0.334,2.668,0.318,0.231,0.023,0.005,758.141,139251.0,20,0.839,False,False,False,False,False,True
13816,-955.732,-0.175,0.724,-0.034,-0.018,2.519,-0.091,3.233,2.283,0.466,0.02,0.053,830.552,167055.0,20,-0.111,False,False,False,False,False,False
13819,18940.917,-0.016,-0.051,-0.044,-0.033,0.534,-0.052,3.407,0.905,0.476,0.078,0.019,194.962,253971.0,20,0.146,False,False,False,False,False,False
13821,58761.08,-0.402,-0.369,0.116,0.067,-3.438,0.112,0.323,-0.971,-0.236,0.02,-0.274,582.795,564380.0,20,0.596,False,False,False,False,False,True
13832,-1205.272,1.649,1.6,-0.315,-0.26,-1.713,0.216,3.034,1.605,-1.894,0.002,-0.007,13709.742,45085.0,20,0.404,True,False,False,False,False,False
13838,66585.669,-0.305,-0.048,0.112,0.093,-0.708,-0.002,0.271,0.634,0.258,0.058,-0.019,174.978,859712.0,20,0.213,False,False,False,False,False,False
13843,14173.495,-0.339,-0.138,0.24,0.156,-3.012,0.08,8.068,0.18,0.143,0.033,-0.032,398.759,402166.0,20,0.865,False,True,False,False,False,True
13853,,,,,,,,,,,,,,158863.0,4,,False,False,False,False,False,False
13868,58066.289,0.1,0.094,0.002,0.004,0.217,-0.013,3.416,0.732,0.618,0.041,-0.036,217.11,1113298.0,20,0.427,False,False,False,False,False,False
13876,599500.31,0.442,0.376,0.048,0.051,1.497,-0.06,2.358,1.427,0.374,0.354,0.269,2.149,8496254.0,20,0.547,True,False,True,True,False,True
13879,-50500.44,0.329,0.893,-0.832,-0.528,0.725,0.122,6.565,,,,,,2218961.0,13,,False,False,False,False,False,False
13883,4699.576,-0.311,0.218,0.005,0.005,0.129,-0.037,2.024,2.169,0.169,0.078,0.072,215.391,174585.0,20,0.302,False,False,False,False,False,False
13887,11809.582,-0.632,-0.068,-0.041,-0.031,-0.015,-0.043,2.766,1.675,0.4,0.077,0.036,187.813,305625.0,20,0.619,False,False,False,False,False,True
13892,8520.559,-0.254,0.023,-0.029,-0.021,0.069,-0.076,0.22,0.048,0.403,0.055,0.002,244.994,374791.0,20,0.017,False,False,False,False,False,False
13897,17056.881,-0.053,0.149,0.075,0.055,0.079,-0.001,1.704,1.181,0.288,0.007,-0.016,1868.115,383616.0,20,-0.047,False,False,False,False,False,False
13902,-848.376,-0.101,0.308,-1.279,-0.263,-0.557,-0.005,3.81,1.29,-0.131,0.084,0.154,303.23,22443.0,20,-0.592,False,False,False,False,False,False
13905,-576.713,0.021,0.279,0.728,0.464,0.066,0.013,1.073,0.873,0.3,0.007,-0.008,2047.189,225205.0,20,0.021,False,True,False,False,False,False
13919,15771.104,0.683,0.663,0.015,0.009,-1.718,0.083,3.087,1.482,-0.173,0.081,0.127,145.446,596956.0,20,-0.059,True,False,False,False,False,False
13926,-125.314,1.044,0.983,0.0,-0.051,-7.198,0.201,4.639,0.412,-0.555,0.073,0.054,318.671,36960.0,20,,False,False,False,False,False,False
13931,167.095,0.377,0.456,-0.073,-0.1,-0.697,-0.015,-1.429,0.936,-0.274,-0.042,-0.101,,39798.0,20,0.012,False,False,False,False,False,False
13946,4869.498,0.133,0.481,-0.062,-0.003,0.063,0.051,3.453,1.259,-0.508,0.047,-0.025,319.979,260562.0,20,0.148,False,False,False,False,False,False
13947,-6734.752,1.056,0.956,0.001,-0.009,-3.548,0.273,4.473,3.089,0.11,0.007,0.023,1938.222,326178.0,20,0.045,True,False,False,False,False,False
13951,40429.011,-0.377,0.232,0.115,0.086,1.217,-0.076,-1.193,2.881,0.456,0.039,0.103,259.636,854380.0,20,0.852,False,False,False,False,False,True
13953,99051.065,-0.361,-0.151,0.31,0.215,0.441,-0.068,4.993,1.776,0.223,0.064,0.038,135.279,1234983.0,20,1.143,False,True,False,False,False,True
13955,7143.687,0.817,0.71,0.187,0.103,2.253,-0.145,2.791,2.094,-0.576,0.032,-0.031,492.389,218079.0,20,-0.348,True,True,False,False,False,False
13957,-117.516,-2.023,-0.866,-2.686,-0.951,33.246,-0.762,10.156,,,,,,52553.0,13,,False,False,False,False,True,False
13959,-2536.794,2.974,-2.082,0.145,0.017,12.569,-1.18,-8.222,11.311,-3.195,0.032,0.321,633.459,66016.0,20,,True,False,False,False,True,False
13960,3806.514,0.055,0.165,0.242,0.196,5.081,-0.284,4.171,2.306,1.445,0.002,0.007,11205.368,64483.0,20,-0.038,False,True,False,False,True,False
13962,4966.244,0.116,0.197,0.009,0.017,0.968,-0.093,5.931,0.639,0.077,0.081,0.045,216.556,147054.0,20,0.355,False,False,False,False,False,False
13983,1072.328,0.203,0.347,-0.004,-0.004,-1.379,0.054,3.359,2.049,0.595,0.041,0.036,439.57,118221.0,20,1.907,False,False,False,False,False,True
13986,-3030.547,-0.002,0.476,0.0,0.0,-68.563,1.027,6.768,3.239,23.464,0.05,0.163,592.645,6881.0,20,,False,False,False,False,False,False
13990,233.155,-0.329,0.342,0.0,0.002,2.06,-0.045,0.7,2.151,0.372,0.024,-0.036,910.288,50393.0,20,-0.768,False,False,False,False,False,False
13999,-274.361,0.313,0.666,-0.463,-0.164,-4.048,0.196,1.204,2.2,0.482,0.053,0.054,433.811,36116.0,20,,False,False,False,False,False,False
14009,-4043.696,0.521,0.814,0.127,0.081,1.421,0.057,4.248,1.294,-0.028,0.02,0.026,636.349,422333.0,20,-0.123,True,False,False,False,False,False
14017,80908.322,0.152,0.113,-0.029,-0.02,1.32,0.012,1.905,0.783,0.471,0.09,0.096,100.191,1153306.0,20,0.222,False,False,False,False,False,False
14024,2960.689,-0.044,-0.093,0.063,0.034,0.503,-0.02,-0.628,0.195,0.231,0.089,0.053,237.718,62412.0,20,0.28,False,False,False,False,False,False
14025,45031.886,0.565,0.354,0.0,-0.009,-1.05,-0.058,4.033,-0.171,0.493,0.055,0.012,220.985,520075.0,20,0.536,False,False,False,False,False,True
14026,-814.716,0.733,0.705,0.294,0.204,-3.77,0.412,7.553,2.731,0.249,0.085,0.102,234.42,85976.0,20,-0.012,True,True,False,False,False,False
14028,293837.233,-0.529,-0.503,0.835,0.548,1.581,-0.447,-5.332,-1.955,-0.049,0.034,-0.043,111.616,3956090.0,20,-0.27,False,True,False,False,False,False
14029,77657.17,0.226,0.284,0.345,0.238,-0.519,-0.004,1.497,-0.297,0.001,0.036,-0.089,281.968,835338.0,20,0.516,False,True,False,False,False,True
14036,16187.681,0.24,0.32,-0.0,-0.001,-2.158,0.112,2.975,1.058,0.671,0.04,-0.041,307.78,474299.0,20,0.16,False,False,False,False,False,False
14056,12468.373,0.181,0.315,-0.015,0.02,-0.271,0.003,1.071,1.976,0.348,-0.051,-0.108,,343040.0,20,0.161,False,False,False,False,False,False
14058,8277.732,0.019,0.038,0.426,0.365,1.591,-0.042,0.899,-0.316,0.157,-0.005,-0.136,,378329.0,20,-0.349,False,True,False,False,False,False
14065,104443.248,0.135,0.35,-0.009,-0.003,1.075,0.021,2.845,1.295,0.146,0.037,-0.003,157.935,2345636.0,20,0.167,False,False,False,False,False,False
14069,884.752,0.006,0.014,0.609,0.264,4.489,-0.217,-3.935,0.792,-0.101,-0.023,-0.02,,61629.0,20,2.619,False,True,False,False,True,True
14073,52936.129,0.298,0.34,0.254,0.217,1.736,-0.043,4.757,1.206,0.066,0.028,-0.009,293.409,1331769.0,20,0.666,False,True,False,False,False,True
14078,27506.715,-0.271,-0.293,-0.358,-0.178,-5.428,-0.23,2.761,,,,,,1474412.0,10,,False,False,False,False,False,False
14079,1218.788,0.288,0.179,-0.284,-0.171,-0.71,0.055,3.193,2.928,0.712,-0.0,0.039,,609234.0,20,-0.164,False,False,False,False,False,False
14083,23965.889,-0.881,-1.377,0.21,0.161,-2.155,-0.041,3.83,-0.205,2.125,0.406,-0.015,49.801,143417.0,20,3.941,False,True,False,False,False,True
14084,,,,,,,,,,,,,,22714.0,4,,False,False,False,False,False,False
14095,91.711,0.068,0.139,-0.012,-0.011,-1.298,0.185,-5.245,-0.466,-0.131,0.043,0.005,449.611,84819.0,20,-0.634,False,False,False,False,False,False
14096,3519.579,-0.114,0.043,-0.215,-0.091,0.735,-0.048,5.954,1.902,-0.232,0.103,0.074,208.727,59496.0,20,0.749,False,False,True,False,False,True
14113,14929.392,-0.012,0.234,0.065,0.037,1.003,-0.077,1.885,1.197,0.503,0.063,0.038,197.235,487411.0,20,0.02,False,False,False,False,False,False
14134,13310.869,0.327,0.505,-0.159,0.046,3.65,0.054,1.79,0.331,-1.078,0.052,0.008,186.453,925377.0,20,0.05,False,False,False,False,False,False
14136,7907.82,-0.093,0.197,0.053,0.056,-2.093,0.061,4.225,1.506,-0.032,0.089,0.093,171.108,259539.0,20,0.073,False,False,False,False,False,False
14140,51490.77,-0.01,0.048,0.056,0.044,3.257,-0.114,1.652,1.355,0.338,0.013,-0.023,563.388,1576055.0,20,0.337,False,False,False,False,True,False
14158,104256.307,-0.373,-0.167,0.134,0.106,2.357,-0.104,6.339,0.304,0.066,0.066,-0.01,113.819,1624523.0,20,0.174,False,False,False,False,False,False
14168,1843.224,0.355,0.455,-0.067,-0.005,-2.54,0.141,8.232,1.537,0.303,0.014,-0.016,923.406,379999.0,20,0.505,False,False,False,False,False,True
14178,997.065,0.259,0.206,-0.005,-0.003,0.567,-0.041,5.344,0.167,0.005,0.03,-0.023,635.655,97058.0,20,0.549,False,False,False,False,False,True
14184,10216.638,-0.552,-0.135,-0.486,-0.247,-3.214,0.04,3.258,1.523,0.633,0.032,-0.042,429.917,351134.0,20,0.567,False,False,False,False,False,True
14185,37427.197,-0.161,-0.004,0.54,0.393,-1.686,-0.009,3.027,0.535,0.063,0.084,0.053,135.476,644452.0,20,0.122,False,True,False,False,False,False
14195,14376.932,-0.212,-0.15,0.103,0.094,2.415,-0.109,3.421,-1.056,0.149,0.016,-0.005,854.644,360859.0,20,0.572,False,False,False,False,False,True
14207,67312.192,-0.529,-0.335,0.464,0.397,3.161,-0.344,-0.936,0.27,-3.828,-0.012,0.005,,1780330.0,20,-0.206,False,True,False,False,True,False
14208,6624.424,0.792,0.565,-0.019,-0.01,-2.068,0.158,4.433,2.583,0.739,0.037,0.069,427.08,198802.0,20,-0.029,True,False,False,False,False,False
14209,6865.38,0.409,0.454,0.03,0.019,-0.02,0.037,4.126,0.668,1.066,0.079,0.067,114.11,1128929.0,20,0.166,False,False,False,False,False,False
14222,55768.911,0.124,0.124,0.14,0.129,0.578,0.005,4.565,1.413,0.798,0.053,-0.001,178.157,1021358.0,20,0.609,False,False,False,False,False,True
14225,7104.983,0.312,0.24,0.075,0.064,-0.804,0.018,9.433,2.067,0.409,-0.006,-0.075,,176971.0,20,0.663,False,False,False,False,False,True
14230,16829.383,0.052,0.119,0.064,0.066,-0.462,0.012,2.34,-0.107,0.815,0.124,0.05,126.286,252275.0,20,0.836,False,False,True,False,False,True
14240,4668.971,-0.58,0.074,0.035,0.034,-0.001,0.002,3.441,,,,,,1188010.0,15,,False,False,False,False,False,False
14247,1748.43,0.084,0.509,-0.021,-0.009,-0.083,0.035,1.894,1.45,0.473,0.069,0.046,225.928,227647.0,20,0.436,False,False,False,False,False,False
14251,-13079.381,-0.464,-0.063,-0.209,-0.249,19.842,-1.308,-9.72,,,,,,75679.0,8,,False,False,False,False,True,False
14260,193.973,0.476,0.37,-0.074,-0.024,-1.732,0.167,3.764,1.088,0.536,0.068,0.076,300.299,69886.0,20,2.156,True,False,False,False,False,True
14264,45236.189,0.325,0.306,-0.015,-0.011,0.458,-0.094,3.753,1.109,0.872,-0.001,-0.056,,1032319.0,20,0.301,False,False,False,False,False,False
14266,252079.967,-0.495,-0.567,-0.059,-0.043,0.302,-0.096,-0.942,-0.086,0.205,0.05,-0.461,124.785,2205753.0,20,0.848,False,False,False,False,False,True
14269,10513.525,-0.363,0.085,0.184,0.13,-0.76,0.09,1.076,0.695,0.067,0.062,0.034,208.168,436100.0,20,-0.09,False,True,False,False,False,False
14275,17099.344,-0.253,-0.053,0.019,0.025,-2.068,0.051,4.084,-1.464,-0.479,0.188,0.089,89.648,211828.0,20,-0.136,False,False,True,False,False,False
14276,11980.758,0.392,0.572,-0.159,-0.1,0.221,0.033,3.068,2.348,0.796,0.029,0.009,386.918,632092.0,20,0.18,False,False,False,False,False,False
14281,-474.692,0.841,0.875,0.006,0.022,0.311,0.038,2.896,0.94,-0.608,0.019,0.023,1033.926,78069.0,20,-0.079,True,False,False,False,False,False
14291,20367.853,-1.01,-1.176,0.216,0.166,4.149,-0.338,-1.283,-1.971,0.194,0.299,0.137,59.046,209462.0,20,0.172,False,True,True,False,True,False
14293,-1970.734,0.364,0.48,0.265,0.14,-0.918,0.079,1.782,3.157,0.433,0.013,0.068,1436.217,111338.0,20,-0.016,False,True,False,False,False,False
14311,4653.092,0.521,0.754,0.015,0.011,-0.422,0.079,3.607,1.957,0.612,0.002,-0.04,6618.933,241615.0,20,-0.19,True,False,False,False,False,False
14312,5600.226,0.201,0.128,-0.001,0.0,6.569,-0.144,2.336,0.851,0.415,0.033,0.058,355.204,537504.0,20,0.491,False,False,False,False,True,False
14316,10668.686,0.853,0.915,0.033,0.04,-2.977,0.112,4.775,3.758,0.007,0.161,-0.013,117.707,123074.0,20,1.299,True,False,False,False,False,True
14327,34709.077,0.097,-0.32,0.138,0.172,-1.461,0.196,-0.059,-0.321,0.628,0.141,0.074,88.701,539174.0,20,0.414,False,True,True,False,False,False
14331,16998.114,0.549,0.632,0.026,0.016,3.106,-0.221,-0.172,0.578,-0.128,0.049,0.014,224.017,670172.0,20,-0.199,False,False,False,False,True,False
14333,-20967.576,-0.692,0.48,-0.186,-0.196,3.901,-0.12,0.311,0.87,0.014,-0.027,0.012,,359713.0,20,-0.274,False,False,False,False,True,False
14334,32415.08,-0.489,-0.256,0.131,0.161,1.072,-0.086,3.283,1.086,0.41,0.029,0.022,393.223,583322.0,20,0.096,False,True,False,False,False,False
14344,-155.11,0.091,0.409,-0.998,-0.512,-0.158,-0.04,1.75,1.189,0.166,0.077,0.09,293.653,42506.0,20,-0.029,False,False,False,False,False,False
14345,41217.818,-0.841,-0.39,-0.152,-0.087,0.013,0.114,0.234,,,,,,298698.0,12,,False,False,False,False,False,False
14349,5205.964,-0.002,0.006,-0.015,0.022,-0.916,0.033,2.713,1.948,0.433,0.027,0.022,643.697,147168.0,20,-0.38,False,False,False,False,False,False
14352,-3907.636,0.415,0.556,-0.273,-0.058,-1.125,0.087,1.456,2.481,1.406,-0.014,-0.073,,151163.0,20,0.909,True,False,False,False,False,True
14355,3628.463,0.146,0.237,-0.073,-0.038,-1.449,0.057,2.524,1.804,0.014,-0.002,0.008,,380333.0,20,0.009,False,False,False,False,False,False
14359,87822.137,0.127,0.113,0.037,0.048,1.502,0.026,8.801,,,,,,1615808.0,17,,False,False,False,False,False,False
14370,,,,,,,,,,,,,,664276.0,2,,False,False,False,False,False,False
14382,151003.898,-0.135,0.147,0.094,0.13,-0.203,0.004,3.97,0.403,0.603,0.302,0.256,20.514,2582570.0,20,0.744,False,False,True,False,False,True
14392,4243.474,0.078,0.293,-0.039,-0.008,-1.108,0.206,6.473,1.163,-0.22,0.021,-0.064,765.097,198353.0,20,0.148,False,False,False,False,False,False
14399,-2626.977,0.658,0.667,0.008,0.003,-2.043,0.116,1.696,3.278,0.889,0.042,0.042,470.714,75971.0,20,0.006,True,False,False,False,False,False
14400,-228.024,0.553,0.598,-0.054,-0.019,-8.287,0.344,3.223,0.025,-0.059,0.043,0.021,551.322,30580.0,20,-0.375,False,False,False,False,False,False
14404,-2571.976,-1.489,0.736,-0.097,-0.048,7.232,-0.272,-0.961,,,,,,50660.0,16,,False,False,False,False,True,False
14410,36894.598,0.311,0.344,0.063,0.044,-1.271,0.087,3.955,1.37,0.898,0.023,-0.032,449.283,791630.0,20,0.002,False,False,False,False,False,False
14413,34607.705,-0.248,-0.267,-0.034,-0.021,-2.337,0.015,0.293,0.261,0.372,0.164,0.078,90.245,325288.0,20,0.413,False,False,True,False,False,False
14415,6190.265,0.279,0.431,0.094,0.067,0.998,-0.005,2.086,1.415,0.595,0.071,-0.015,232.392,181003.0,20,0.516,False,False,False,False,False,True
14420,6694.592,-0.458,-0.229,1.202,0.792,0.205,-0.004,2.406,-0.104,0.192,0.14,0.124,108.781,286600.0,20,-0.192,False,True,True,False,False,False
14427,188.782,0.483,0.562,0.228,0.184,-2.712,0.128,3.836,1.658,0.562,0.084,0.059,157.418,425127.0,20,-0.113,True,True,False,False,False,False
14445,71197.624,-0.064,-0.239,0.022,0.023,0.845,-0.097,3.985,-2.027,-0.365,0.399,0.131,28.619,903793.0,20,1.898,False,False,True,False,False,True
14468,3323.902,-0.038,0.518,-0.01,-0.001,-3.916,0.114,6.75,,,,,,194195.0,12,,False,False,False,False,False,False
14488,20062.337,0.271,0.319,0.543,0.489,0.297,0.01,3.937,0.712,0.314,0.076,0.044,180.622,362378.0,20,0.087,False,True,False,False,False,False
14491,9460.277,-0.388,-0.295,0.069,0.067,-2.105,0.127,1.573,-0.131,0.129,0.078,-0.049,203.368,224217.0,20,0.163,False,False,False,False,False,False
14492,55419.666,0.073,0.074,0.129,0.093,-2.542,0.15,3.271,0.228,0.432,0.104,-0.028,105.663,727329.0,20,0.16,False,False,False,False,False,False
14507,53755.705,0.197,0.207,-0.091,-0.191,-0.851,0.01,1.686,2.386,0.248,0.238,0.194,47.155,805206.0,20,0.131,False,False,True,False,False,False
14513,78786.707,0.67,0.408,-0.005,-0.001,-2.21,-0.012,0.779,0.511,0.548,0.05,-0.018,219.175,691980.0,20,0.926,False,False,False,False,False,True
14521,148421.212,-0.136,-0.051,0.163,0.141,1.191,-0.055,3.529,1.084,0.231,0.088,0.069,68.688,2348968.0,20,0.575,False,True,False,False,False,True
14522,2496.385,0.012,0.28,0.041,0.039,3.354,-0.121,1.451,1.566,0.364,0.025,-0.007,546.329,332347.0,20,0.341,False,False,False,False,True,False
14523,2829.961,-0.042,0.201,-0.111,-0.049,1.145,-0.032,0.896,1.02,-0.091,0.037,0.015,449.686,161953.0,20,-0.376,False,False,False,False,False,False
14531,555229.565,0.284,0.292,0.343,0.271,-1.738,0.005,0.609,,,,,,9551998.0,19,,False,True,False,False,False,False
14534,11479.6,-0.569,0.345,-0.198,-0.131,3.257,-0.378,4.056,,,,,,262183.0,11,,False,False,False,False,True,False
14546,2734.331,0.936,0.835,0.318,0.205,-2.407,0.162,2.466,1.993,0.6,0.035,0.017,356.421,449154.0,20,0.002,True,True,False,False,False,False
14556,4059.32,0.303,0.315,-0.217,-0.106,-4.308,0.163,3.676,0.845,0.657,0.031,-0.057,595.956,104767.0,20,-0.045,False,False,False,False,False,False
14560,922.042,0.043,0.253,-0.221,-0.119,1.356,-0.008,2.341,1.906,1.198,0.043,0.003,420.428,119073.0,20,0.393,False,False,False,False,False,False
14561,-414.27,0.453,0.468,-0.089,-0.02,2.281,-0.049,6.1,,,,,,95745.0,18,,False,False,False,False,False,False
14567,9780.108,-0.099,0.119,-0.059,-0.05,0.518,-0.008,0.538,0.698,0.378,0.022,-0.014,547.789,475547.0,20,0.646,False,False,False,False,False,True
14574,6871.832,-0.385,-0.412,-0.256,-0.096,0.416,-0.348,0.317,0.379,-3.483,-0.016,-0.122,,78897.0,20,-0.561,False,False,False,False,False,False
14578,43898.153,0.367,0.451,0.062,0.044,-1.486,0.06,2.415,1.375,0.428,0.019,-0.035,443.599,1260534.0,20,0.469,False,False,False,False,False,False
14581,1603.57,0.184,0.147,-0.142,-0.046,-1.425,0.008,4.315,1.586,0.638,0.024,-0.016,814.186,76356.0,20,0.903,False,False,False,False,False,True
14584,-4892.442,-0.634,0.186,-0.207,-0.024,-2.829,-0.05,6.774,2.047,3.332,-0.001,0.026,,255985.0,20,0.038,False,False,False,False,False,False
14587,131281.125,-0.229,-0.199,-1.181,-0.652,2.151,-0.59,8.86,-0.416,-0.41,0.119,0.035,76.911,1142099.0,20,0.222,False,False,True,False,False,False
14597,97274.743,0.53,0.399,0.035,0.029,0.634,0.01,2.74,0.981,0.693,0.068,0.025,161.337,709946.0,20,1.861,True,False,False,False,False,True
14604,19595.525,-0.283,-0.182,0.022,0.022,-1.246,0.049,3.682,1.343,0.514,0.21,0.056,77.197,254283.0,20,1.24,False,False,True,False,False,True
14619,4770.574,0.108,0.179,0.091,0.048,0.314,0.003,1.078,1.299,-0.336,0.036,-0.013,442.754,192584.0,20,0.135,False,False,False,False,False,False
14633,24949.314,-0.217,0.124,0.057,0.008,-1.345,-0.004,3.658,0.731,0.432,0.014,-0.019,793.161,616145.0,20,0.373,False,False,False,False,False,False
14636,189.306,-0.235,0.247,0.049,0.023,2.347,-0.053,3.384,,,,,,56646.0,16,,False,False,False,False,False,False
14642,2719.684,-0.117,0.493,-0.167,-0.026,2.588,-0.028,3.135,0.917,-0.272,0.107,0.057,139.289,289611.0,20,0.169,False,False,True,False,False,False
14644,14154.821,0.112,0.123,-0.059,-0.047,-1.423,0.067,1.436,0.1,0.335,0.078,0.023,140.472,722820.0,20,0.11,False,False,False,False,False,False
14646,-8903.525,0.192,0.574,-0.074,-0.071,-0.344,0.05,0.85,1.84,-0.011,0.013,0.004,739.128,887431.0,20,0.323,False,False,False,False,False,False
14649,4835.167,-0.087,0.03,0.135,0.091,-3.587,0.138,2.734,0.824,0.398,0.037,-0.029,468.691,139727.0,20,6.535,False,False,False,False,False,True
14650,167933.474,0.167,0.182,0.101,0.087,-1.633,0.041,6.51,1.122,0.805,0.024,-0.016,129.139,4671475.0,20,0.152,False,False,False,False,False,False
14660,27240.529,0.04,0.226,-0.026,-0.014,0.908,-0.017,0.062,-0.588,0.101,0.231,0.183,49.717,755328.0,20,0.172,False,False,True,False,False,False
14662,71485.23,-0.108,-0.048,0.278,0.208,0.088,-0.069,-0.19,0.416,0.438,0.063,0.015,179.758,636349.0,20,0.066,False,True,False,False,False,False
14674,11551.672,0.079,0.357,-0.025,-0.009,1.822,-0.037,2.178,1.852,0.256,0.084,0.086,170.904,321180.0,20,1.362,False,False,False,False,False,True
14679,33903.008,0.788,0.869,0.131,0.132,2.293,-0.148,2.149,-0.025,0.071,0.027,-0.023,380.545,774864.0,20,0.193,False,False,False,False,False,False
14690,6372.379,0.175,0.176,0.051,0.022,-0.122,0.011,-0.554,-0.294,-0.024,0.053,0.016,270.581,294971.0,20,-0.002,False,False,False,False,False,False
14692,22727.456,-0.571,-0.007,-0.175,-0.108,0.73,-0.041,0.517,0.568,1.146,0.089,0.026,138.035,524701.0,20,0.27,False,False,False,False,False,False
14694,5950.89,0.24,0.251,0.058,0.077,1.814,-0.097,1.794,1.342,0.435,0.021,0.016,840.521,123205.0,20,-0.488,False,False,False,False,False,False
14695,11816.505,0.137,0.099,-0.134,-0.038,-0.82,-0.018,2.612,0.793,0.32,0.055,-0.045,237.921,407420.0,20,0.241,False,False,False,False,False,False
14701,-476.123,0.764,0.821,0.058,0.035,-1.784,0.174,3.186,2.084,0.349,-0.026,-0.053,,123241.0,20,-0.414,True,False,False,False,False,False
14705,7501.856,-0.056,0.103,0.176,0.175,-0.423,0.045,3.55,0.602,1.137,0.1,0.055,151.451,275014.0,20,0.718,False,True,False,False,False,True
14712,69340.033,0.803,0.8,0.181,0.106,0.318,-0.216,2.487,-0.525,0.348,0.201,0.175,34.697,2046492.0,20,0.118,False,True,True,False,False,False
14722,16843.077,0.273,0.326,0.004,0.087,-0.024,0.013,9.176,0.794,-0.223,0.039,-0.028,340.156,381118.0,20,0.719,False,False,False,False,False,True
14730,8287.092,0.074,0.242,0.022,0.011,-0.448,0.015,1.306,1.834,0.557,0.031,0.046,406.197,431983.0,20,0.146,False,False,False,False,False,False
14731,1177.519,-0.149,-0.037,0.0,0.002,-3.546,0.159,0.914,-0.092,-0.045,0.021,-0.038,817.938,134285.0,20,-0.295,False,False,False,False,False,False
14735,32730.132,-0.28,0.01,0.192,0.108,2.575,-0.135,-0.09,0.274,0.572,0.056,0.018,220.127,488254.0,20,0.765,False,True,False,False,True,True
14744,7939.931,-0.154,-0.168,0.003,0.01,-0.587,-0.004,2.949,0.278,0.291,0.046,0.052,332.353,236950.0,20,0.168,False,False,False,False,False,False
14761,10657.693,0.188,0.085,0.04,0.03,0.094,0.003,2.946,1.993,0.33,0.052,0.049,275.878,308529.0,20,0.961,False,False,False,False,False,True
14769,36226.226,-0.189,-0.219,-0.0,-0.0,12.551,-0.288,5.112,0.618,0.51,0.043,0.084,236.382,830880.0,20,0.01,False,False,False,False,True,False
14772,-1500.198,0.32,0.382,0.029,0.149,3.073,-0.07,4.412,-0.31,0.321,0.053,0.041,307.953,183337.0,20,0.291,False,False,False,False,False,False
14773,12108.532,0.634,0.238,0.073,0.073,-0.738,-0.223,3.464,-1.305,0.081,0.062,-0.022,258.861,208612.0,20,0.647,False,False,False,False,False,True
14778,66399.952,-2.664,-0.272,-0.053,0.016,-0.45,-0.295,1.137,,,,,,2949987.0,8,,False,False,False,False,False,False
14779,1667.053,0.312,0.116,0.13,0.047,0.53,0.014,-0.254,2.496,0.744,0.028,0.026,514.299,295967.0,20,-0.238,False,False,False,False,False,False
14785,-53.564,0.52,0.554,0.0,0.0,0.808,-0.004,2.77,0.188,-0.036,0.006,-0.078,3497.174,76907.0,20,-0.468,False,False,False,False,False,False
14801,10115.705,-0.03,0.348,0.037,-0.08,1.5,-0.048,2.339,3.02,0.508,-0.021,-0.09,,539700.0,20,1.04,False,False,False,False,False,True
14807,11817.582,-0.46,-0.246,-0.033,-0.053,3.932,-0.134,0.972,-1.093,0.196,0.045,-0.124,321.663,287539.0,20,0.08,False,False,False,False,True,False
14809,15085.245,0.235,0.216,0.222,0.186,-0.786,0.039,3.034,2.355,0.577,0.075,0.083,201.842,264768.0,20,0.576,False,True,False,False,False,True
14812,16437.798,-1.121,0.082,0.131,0.102,-1.575,0.119,1.24,2.058,2.967,0.008,-0.017,1470.275,459413.0,20,0.305,False,False,False,False,False,False
14816,,,,,,,,,,,,,,1516625.0,1,,False,False,False,False,False,False
14820,-100.589,-0.111,-0.001,0.097,0.069,11.192,-0.379,3.075,-0.076,-1.996,-0.131,-0.14,,25014.0,20,,False,False,False,False,True,False
14836,14744.965,0.311,0.373,0.008,0.003,-1.166,0.065,0.261,1.554,0.193,0.013,-0.079,988.068,457215.0,20,0.418,False,False,False,False,False,False
14843,70028.632,0.27,0.268,-0.086,-0.009,1.265,-0.194,4.293,,,,,,6254039.0,19,,False,False,False,False,False,False
14851,69473.374,0.103,0.221,0.159,0.125,2.226,-0.276,0.033,-1.085,0.077,0.072,0.014,112.475,1401762.0,20,0.02,False,True,False,False,False,False
14853,470.039,0.242,0.154,-0.094,-0.065,-2.032,0.139,3.646,1.051,0.295,-0.018,-0.028,,36877.0,20,-0.364,False,False,False,False,False,False
14857,12867.365,0.217,0.284,0.032,0.029,-0.747,0.079,3.401,1.678,0.697,0.043,-0.014,316.931,351915.0,20,0.617,False,False,False,False,False,True
14863,619459.438,-0.002,0.166,0.133,0.116,-6.586,0.251,3.416,0.242,-0.06,0.09,0.062,54.288,3117180.0,20,1.742,False,False,False,False,False,True
14864,5555.555,0.051,-0.281,-0.116,0.043,-7.479,0.356,1.83,0.821,0.015,0.105,0.02,177.496,121387.0,20,1.195,False,False,False,False,False,True
14867,34992.144,-0.031,0.097,0.074,0.081,1.733,-0.333,-0.728,0.342,-2.189,0.094,0.052,135.076,485710.0,20,0.323,False,False,False,False,False,False
14868,14625.014,-0.192,-0.108,-0.364,-0.233,0.098,-0.045,5.304,0.983,0.593,-0.022,-0.122,,183581.0,20,0.073,False,False,False,False,False,False
14883,40999.212,-0.085,0.167,-0.002,0.002,1.483,-0.062,1.332,1.038,-0.434,0.016,-0.089,765.624,521046.0,20,0.48,False,False,False,False,False,False
14885,26896.577,0.023,0.271,-0.069,-0.018,-0.052,-0.001,0.146,2.309,0.351,0.03,-0.008,333.83,857321.0,20,0.306,False,False,False,False,False,False
14894,9999.919,0.393,0.373,-0.026,-0.015,0.574,0.01,5.126,1.152,0.315,0.108,0.102,140.297,271101.0,20,0.171,False,False,True,False,False,False
14899,208605.305,-0.332,-0.222,0.377,0.514,1.105,-0.115,2.173,-0.291,-1.321,0.08,-0.033,104.77,1336844.0,20,1.034,False,True,False,False,False,True
14904,576.629,0.321,0.239,0.42,0.265,-1.722,0.108,5.002,1.558,0.507,0.029,0.04,625.729,121004.0,20,1.334,False,True,False,False,False,True
14907,1790.611,0.441,0.368,-0.011,-0.005,-3.71,0.228,3.109,1.052,0.96,0.021,-0.011,877.662,100125.0,20,-0.081,True,False,False,False,False,False
14911,19582.869,-0.624,-0.442,-0.04,-0.014,-0.729,-0.002,4.142,1.473,0.659,0.034,-0.022,398.252,357524.0,20,0.282,False,False,False,False,False,False
14912,3308.355,0.656,0.678,0.596,0.391,-1.857,0.17,2.347,1.888,-0.054,0.091,0.088,195.651,139475.0,20,0.652,True,True,False,False,False,True
14914,33638.872,-0.387,-0.355,0.052,0.039,1.76,-0.026,0.546,0.067,0.447,0.098,-0.031,151.677,288247.0,20,0.352,False,False,False,False,False,False
14920,5548.093,-0.238,-0.116,0.599,0.415,1.473,-0.184,-1.219,-0.495,0.483,0.077,0.004,236.723,125589.0,20,0.202,False,True,False,False,False,False
14922,-233.299,0.416,0.41,-0.09,-0.054,-0.861,0.085,4.952,0.401,0.007,0.045,0.029,303.4,361098.0,20,0.149,False,False,False,False,False,False
14926,-2522.418,0.331,0.548,0.046,-0.007,-14.13,0.137,-1.345,,,,,,51183.0,14,,False,False,False,False,False,False
14929,35336.632,0.34,0.355,-0.095,-0.085,-0.182,0.023,5.975,1.908,0.416,0.064,0.003,161.321,828074.0,20,0.548,False,False,False,False,False,True
14930,53109.802,-0.229,0.017,0.027,0.098,1.331,-0.106,6.189,1.209,0.28,0.048,-0.048,273.898,404316.0,20,0.79,False,False,False,False,False,True
14944,159.571,0.513,0.522,-0.13,-0.068,16.698,-0.723,0.264,,,,,,22240.0,8,,False,False,False,False,True,False
14952,7573.642,0.078,0.269,0.02,0.016,-1.961,0.103,8.205,2.345,0.538,0.023,-0.041,677.977,210756.0,20,0.901,False,False,False,False,False,True
14960,7873.798,-0.467,-0.088,-0.017,-0.007,3.18,-0.033,-1.344,-0.488,0.557,0.031,-0.021,549.511,157864.0,20,0.069,False,False,False,False,False,False
14966,-2602.722,0.22,0.214,-0.047,-0.02,0.203,0.015,2.628,1.186,-0.014,0.005,-0.063,2414.925,401369.0,20,0.13,False,False,False,False,False,False
14969,185038.65,0.245,0.306,0.015,-0.006,-1.135,0.014,6.617,0.264,0.239,0.118,-0.025,57.868,1980496.0,20,0.875,False,False,False,False,False,True
14974,18868.075,0.159,0.191,0.313,0.228,-1.327,0.028,2.497,0.519,0.56,0.049,-0.009,247.421,511116.0,20,0.068,False,True,False,False,False,False
14982,2365.29,0.146,0.151,-0.004,-0.015,1.09,-0.044,3.149,1.665,0.61,0.056,0.088,307.594,146210.0,20,0.174,False,False,False,False,False,False
14991,19137.747,0.228,0.008,-0.052,-0.024,-0.869,0.041,2.669,-0.274,0.385,0.351,0.277,45.252,332821.0,20,2.901,False,False,True,False,False,True
14994,,,,,,,,,,,,,,210645.0,2,,False,False,False,False,False,False
14995,947.119,0.499,0.524,0.036,0.027,6.302,-0.212,-1.348,1.627,0.024,0.038,0.078,239.502,1052694.0,20,-0.015,True,False,False,False,True,False
14999,-949.555,1.009,0.868,-0.0,-0.004,-1.818,0.191,3.954,1.354,0.07,-0.01,-0.062,,68351.0,20,,True,False,False,False,False,False
15009,,,,,,,,,,,,,,10759.0,1,,False,False,False,False,False,False
15010,22745.185,-0.057,-0.026,-0.298,-0.251,-1.559,0.035,4.926,0.775,0.483,0.081,-0.028,184.518,276188.0,20,0.712,False,False,False,False,False,True
15011,,,,,,,,,,,,,,102169.0,2,,False,False,False,False,False,False
15019,,,,,,,,,,,,,,8491425.0,2,,False,False,False,False,False,False
15032,98568.553,0.034,0.084,0.088,0.086,-3.159,0.142,6.517,1.818,0.151,0.018,-0.017,440.408,1348773.0,20,0.666,False,False,False,False,False,True
15035,8182.514,-0.548,-0.08,0.009,0.009,0.585,0.012,0.969,0.571,0.199,0.136,0.114,128.829,166764.0,20,0.527,False,False,True,False,False,True
15038,3305.612,0.202,0.283,-0.191,-0.115,0.97,-0.026,0.465,1.75,0.109,0.032,0.008,488.307,202483.0,20,0.361,False,False,False,False,False,False
15046,6067.408,0.069,0.312,-0.178,-0.091,-0.106,0.044,3.169,1.101,0.438,0.047,0.0,282.617,393818.0,20,0.816,False,False,False,False,False,True
15050,6998.46,0.099,0.332,-0.071,-0.094,0.443,-0.035,3.241,0.651,0.601,0.063,-0.026,223.949,325537.0,20,0.059,False,False,False,False,False,False
15059,32320.746,0.033,-0.031,0.412,0.41,-2.965,0.067,1.953,0.83,0.938,0.054,0.068,231.999,473507.0,20,0.118,False,True,False,False,False,False
15064,1799.143,-3.198,0.538,-0.567,-0.25,8.199,-0.25,0.65,,,,,,213964.0,7,,False,False,False,False,True,False
15078,151.086,0.465,0.904,-0.066,-0.012,-2.561,0.16,1.571,4.147,-0.173,0.093,0.081,208.368,95420.0,20,0.788,True,False,False,False,False,True
15085,24279.51,-0.151,0.144,0.107,0.085,-0.525,0.056,4.827,1.148,0.392,0.047,0.005,216.687,825812.0,20,0.481,False,False,False,False,False,False
15091,430509.296,-0.007,-0.045,-0.128,-0.088,1.996,-0.111,2.269,0.213,0.582,0.075,0.04,60.918,3334131.0,20,0.107,False,False,False,False,False,False
15092,-1825.528,0.273,0.405,-0.001,-0.0,0.314,0.016,1.778,2.552,0.455,0.019,-0.015,952.583,113602.0,20,-0.01,False,False,False,False,False,False
15098,851.386,0.169,0.512,-0.928,-0.751,-0.594,0.115,3.812,1.43,0.463,0.067,-0.029,336.86,43190.0,20,0.127,False,False,False,False,False,False
15101,1079.077,0.57,0.523,0.18,0.134,-0.664,0.167,2.25,1.259,-0.213,0.025,0.026,742.445,101898.0,20,-0.138,True,True,False,False,False,False
15104,-3585.534,0.964,0.918,-0.081,-0.007,-7.913,0.367,2.107,1.977,0.012,0.043,0.034,328.355,308903.0,20,0.115,True,False,False,False,False,False
15105,-1612.289,0.28,0.822,0.01,0.001,-3.048,0.18,-0.327,1.982,-0.124,0.046,0.116,433.383,79487.0,20,-0.237,False,False,False,False,False,False
15111,7947.795,0.646,0.712,0.068,0.058,-3.699,0.211,4.758,3.146,0.644,0.083,0.084,169.512,336820.0,20,-0.139,True,False,False,False,False,False
15113,7350.842,-0.002,0.22,0.028,0.024,-0.987,0.014,2.174,0.534,0.446,0.084,-0.004,204.759,157677.0,20,0.163,False,False,False,False,False,False
15118,3850.812,-0.865,-0.62,-5.012,-3.468,3.266,-0.658,-5.851,0.921,0.748,0.059,0.175,112.536,2014346.0,20,0.254,False,False,False,False,True,False
15121,,,,,,,,,,,,,,200085.0,1,,False,False,False,False,False,False
15126,2360.267,-0.058,0.101,-0.044,-0.021,2.429,-0.135,6.249,,,,,,209737.0,9,,False,False,False,False,False,False
15136,38928.764,0.348,0.404,0.038,0.029,1.04,-0.021,4.321,1.637,0.792,0.063,0.025,146.361,1073149.0,20,0.265,False,False,False,False,False,False
15142,,,,,,,,,,,,,,257097.0,2,,False,False,False,False,False,False
15146,14236.054,2.53,0.258,-0.058,-0.206,5.861,-0.305,-0.064,8.507,-1.563,0.265,0.145,64.723,221818.0,20,0.341,True,False,True,False,True,False
15152,961.916,-0.276,-0.074,0.08,0.054,0.823,0.0,2.525,0.906,0.536,0.03,0.033,625.661,100734.0,20,0.274,False,False,False,False,False,False
15164,2682.641,-0.125,0.414,0.166,0.111,1.594,-0.102,0.42,1.117,0.712,0.081,0.024,188.94,255455.0,20,-0.272,False,True,False,False,False,False
15165,115.405,0.415,0.38,0.607,0.316,3.272,-0.116,5.697,3.12,-0.458,-0.067,-0.063,,188147.0,20,0.107,True,True,False,False,True,False
15194,20151.447,-1.004,-0.821,0.037,0.017,1.651,-0.227,-1.297,-0.11,0.608,0.034,0.009,412.889,329115.0,20,0.869,False,False,False,False,False,True
15200,38663.937,-0.012,0.156,0.107,0.079,-0.19,-0.016,0.611,0.177,0.738,0.069,0.025,153.638,779937.0,20,0.134,False,False,False,False,False,False
15205,20788.92,0.437,0.532,-0.001,0.001,4.474,-0.126,3.29,-0.8,0.135,0.089,0.066,141.273,491149.0,20,0.143,False,False,False,False,True,False
15206,22224.427,0.472,0.399,-0.161,-0.068,-0.314,0.069,3.792,2.269,0.629,0.068,0.078,155.975,778585.0,20,0.199,True,False,False,False,False,False
15214,-4146.087,1.219,1.225,0.014,0.013,-2.089,0.107,6.132,-0.121,-0.248,0.037,0.034,505.348,98989.0,20,0.309,False,False,False,False,False,False
15216,9076.752,0.677,0.708,0.427,0.202,-2.039,0.059,0.5,-0.036,-0.286,0.069,-0.058,237.012,193753.0,20,0.596,False,True,False,False,False,True
15219,-56101.624,-1.344,0.368,-0.441,-0.108,0.234,-0.084,-2.722,,,,,,1882254.0,10,,False,False,False,False,False,False
15228,10154.626,-0.129,0.02,0.02,-0.062,0.593,0.004,1.779,0.355,-0.054,-0.02,-0.214,,166911.0,20,0.407,False,False,False,False,False,False
15229,363708.162,0.109,0.092,0.183,0.152,-0.616,-0.059,-2.97,0.127,0.155,0.095,-0.021,36.854,4320998.0,20,0.333,False,True,False,False,False,False
15237,-919.753,-0.092,0.327,0.157,0.634,4.579,-0.201,1.394,0.852,3.246,0.111,0.146,174.33,100673.0,20,-0.542,False,True,True,False,True,False
15242,-1113.817,0.798,0.618,0.211,0.103,-4.308,0.272,1.915,1.254,-0.572,0.072,0.086,196.694,328842.0,20,0.164,True,True,False,False,False,False
15243,-706.358,-0.514,-0.543,-0.171,-0.079,-2.33,0.09,5.124,0.35,0.304,0.091,0.07,121.5,709760.0,20,0.215,False,False,False,False,False,False
15249,16709.353,-0.189,-0.171,0.001,0.053,-0.555,0.002,3.124,0.887,0.125,0.075,0.021,210.329,226433.0,20,0.677,False,False,False,False,False,True
15254,4351.077,-0.001,0.055,-0.001,-0.015,-1.541,0.184,4.997,-0.229,0.193,0.116,-0.018,172.896,88336.0,20,3.24,False,False,False,False,False,True
15255,15825.841,-0.264,-0.287,0.248,0.13,-1.318,-0.007,-2.738,0.745,-0.045,0.06,-0.055,288.159,149253.0,20,0.159,False,True,False,False,False,False
15258,2104.232,-0.001,0.204,0.327,0.247,-0.725,-0.055,2.278,0.66,0.78,0.13,0.121,156.059,84550.0,20,0.831,False,True,True,False,False,True
15259,5930.108,-0.411,-0.281,-0.004,-0.002,1.58,-0.065,2.629,0.52,0.164,0.052,0.047,333.175,141245.0,20,-0.024,False,False,False,False,False,False
15261,-1813.176,0.472,0.512,-0.052,-0.027,-4.164,0.107,1.969,1.025,0.373,0.034,0.031,507.507,142960.0,20,-0.353,True,False,False,False,False,False
15264,72971.374,0.374,0.245,0.032,0.026,-1.105,0.079,3.061,1.159,0.133,0.224,0.183,49.319,830585.0,20,0.515,False,False,True,False,False,True
15270,75554.947,-0.206,-0.242,-0.056,-0.036,-5.784,0.163,0.075,0.617,0.792,0.157,-0.006,80.995,524764.0,20,0.26,False,False,False,False,False,False
15271,3716.165,-0.218,0.022,-0.354,-0.196,2.602,-0.052,4.489,1.526,0.059,0.057,0.107,207.436,553584.0,20,0.665,False,False,False,False,False,True
15272,4672.409,-0.046,0.253,-0.019,0.1,1.048,-0.09,6.151,1.911,0.774,-0.022,0.007,,620283.0,20,0.116,False,False,False,False,False,False
15282,32348.274,-0.301,-0.271,0.234,0.185,-1.176,-0.033,2.219,0.729,0.221,0.142,0.034,102.621,329785.0,20,0.362,False,True,True,False,False,False
15286,5656.974,0.67,0.618,0.064,0.035,-4.322,0.085,2.89,0.458,0.303,0.079,0.117,159.526,482154.0,20,0.287,False,False,False,False,False,False
15305,7094.409,0.672,0.813,0.054,0.046,-0.724,0.035,2.195,2.915,0.631,0.016,-0.048,782.842,468301.0,20,0.06,True,False,False,False,False,False
15306,23741.08,0.017,0.188,0.092,0.078,-2.814,0.149,4.769,1.129,0.06,0.006,-0.015,2169.227,320978.0,20,-0.321,False,False,False,False,False,False
15308,795.657,-1.843,-0.021,0.0,0.0,-2.612,0.08,-1.863,,,,,,43785.0,6,,False,False,False,False,False,False
15310,135438.226,-0.925,0.059,0.212,0.182,1.838,-0.099,3.72,0.423,0.016,0.059,0.011,85.121,2938465.0,20,0.131,False,True,False,False,False,False
15311,12326.403,1.474,-0.494,-0.154,-0.083,-3.164,0.025,2.342,-1.577,0.592,0.059,-0.044,273.206,204190.0,20,0.715,False,False,False,False,False,True
15320,,,,,,,,,,,,,,88091.0,1,,False,False,False,False,False,False
15321,11751.48,0.13,0.221,0.021,0.017,1.303,-0.015,2.787,0.982,0.721,0.062,0.058,183.531,629629.0,20,-0.164,False,False,False,False,False,False
15323,28842.34,0.184,0.194,0.003,-0.041,0.264,0.03,0.554,0.866,0.508,0.114,0.072,108.48,534328.0,20,0.403,False,False,True,False,False,False
15324,154232.31,0.077,-0.045,0.01,0.028,-0.233,0.01,4.651,1.624,0.756,0.068,-0.42,124.888,1290968.0,20,1.435,False,False,False,False,False,True
15326,-2258.707,-1.67,0.35,-0.172,-0.001,7.117,-0.165,1.139,1.653,-0.382,0.035,0.085,602.547,53506.0,20,-0.212,False,False,False,False,True,False
15334,17146.896,0.573,0.589,-0.033,-0.032,-0.757,0.069,3.724,0.749,0.107,0.03,-0.043,409.219,482142.0,20,0.293,False,False,False,False,False,False
15336,11318.974,0.427,0.508,-0.042,-0.013,-1.978,0.248,6.678,2.509,0.496,0.013,-0.032,1101.385,303282.0,20,1.216,True,False,False,False,False,True
15345,48151.191,-0.091,0.025,-0.828,-0.338,2.249,-0.155,2.321,2.817,0.611,0.066,0.14,170.903,660208.0,20,0.739,False,False,False,False,False,True
15346,-1248.98,-0.131,0.119,0.462,0.235,3.015,-0.044,-0.154,2.821,-0.43,0.034,0.138,605.699,60549.0,20,-0.513,False,True,False,False,False,False
15347,8869.892,-0.071,-0.023,0.063,-0.368,-1.888,0.059,0.537,1.462,0.573,0.024,-0.057,705.92,162478.0,20,0.18,False,False,False,False,False,False
15348,-2334.229,0.945,1.236,0.063,0.024,-4.894,0.315,1.399,1.732,-0.919,0.031,0.03,663.619,58821.0,20,,True,False,False,False,False,False
15355,690.162,0.094,0.618,-0.188,-0.077,-1.512,0.107,1.175,2.578,-0.066,0.081,0.056,217.546,147614.0,20,-0.205,False,False,False,False,False,False
15359,198910.917,0.147,0.358,-0.043,-0.022,-0.058,-0.08,2.791,2.024,-0.287,0.069,0.04,38.875,5251445.0,20,0.059,False,False,False,False,False,False
15362,1844.839,0.569,0.491,0.072,0.104,-1.081,0.146,6.544,-0.103,0.068,0.109,0.07,181.747,90151.0,20,0.057,False,False,True,False,False,False
15364,1303.395,-0.106,-0.072,0.0,0.0,-0.676,0.056,3.116,-1.579,-0.189,0.14,0.051,144.184,88057.0,20,,False,False,True,False,False,False
15367,2368.247,0.449,0.389,-0.02,-0.009,0.193,0.049,1.957,1.755,0.101,0.081,0.133,202.421,195499.0,20,-0.523,True,False,False,False,False,False
15384,,,,,,,,,,,,,,315059.0,5,,False,False,False,False,False,False
15399,10589.997,0.632,0.731,-0.056,-0.027,0.134,0.058,1.187,2.195,0.409,0.045,0.066,82.314,4073384.0,20,-0.194,True,False,False,False,False,False
15405,-1654.881,0.956,0.997,0.311,0.223,-0.6,0.052,1.76,3.203,0.186,0.022,0.086,718.246,218723.0,20,0.348,True,True,False,False,False,False
15414,14924.343,-0.455,-0.227,-0.233,-0.18,4.052,-0.344,-3.699,,,,,,176585.0,6,,False,False,False,False,True,False
15415,5182.505,0.085,0.005,0.03,0.024,-0.714,0.074,2.611,1.19,0.603,0.026,-0.043,648.786,145011.0,20,0.072,False,False,False,False,False,False
15423,94487.408,-0.26,-0.089,0.336,0.237,3.34,-0.18,0.011,-0.434,0.057,0.048,-0.022,199.255,986383.0,20,0.399,False,True,False,False,True,False
15427,1522.932,-0.503,0.626,-0.11,-0.027,0.357,0.005,2.558,3.181,0.732,0.039,-0.001,412.161,198252.0,20,1.246,False,False,False,False,False,True
15442,-486.343,0.048,0.231,-0.075,0.001,-2.599,0.083,1.459,2.433,-0.576,-0.02,-0.014,,46643.0,20,0.149,False,False,False,False,False,False
15443,-3666.105,0.771,0.821,0.046,0.08,-2.014,0.148,6.457,1.179,-0.008,0.022,-0.027,529.223,530932.0,20,0.029,True,False,False,False,False,False
15444,-2112.914,-0.351,0.208,-0.352,-0.078,0.217,0.069,2.578,1.672,0.39,0.022,-0.013,493.726,660500.0,20,-0.183,False,False,False,False,False,False
15460,18724.289,0.492,0.312,0.026,0.019,-4.123,0.023,13.749,1.094,1.62,0.123,-0.222,149.988,129952.0,20,4.181,True,False,False,False,False,True
15463,13439.284,0.756,0.721,-0.148,-0.081,-1.354,0.199,4.694,1.045,0.124,0.129,0.123,97.439,521074.0,20,0.104,True,False,True,False,False,False
15465,4286.86,0.277,0.632,-0.031,0.001,0.453,0.041,3.859,3.447,0.413,-0.036,-0.028,,842840.0,20,0.061,False,False,False,False,False,False
15469,-210.785,-0.393,0.144,-0.245,-0.056,1.556,-0.06,3.982,1.835,0.06,0.011,0.025,1874.006,48770.0,20,0.084,False,False,False,False,False,False
15471,-344.595,-0.09,0.564,0.042,0.018,-1.176,0.063,0.917,2.412,0.499,-0.02,-0.063,,73755.0,20,-0.028,False,False,False,False,False,False
15472,94289.762,0.346,0.283,-0.058,-0.023,0.355,-0.075,5.292,1.507,0.205,0.007,-0.052,1403.269,739608.0,20,0.516,False,False,False,False,False,True
15477,17674.427,0.382,0.45,0.037,0.021,-2.297,0.134,1.528,1.386,0.07,0.047,-0.054,258.047,506507.0,20,0.479,False,False,False,False,False,False
15478,35023.985,0.292,0.506,0.114,0.018,-0.369,0.036,2.785,2.21,-0.201,0.076,0.013,143.912,722966.0,20,0.461,False,False,False,False,False,False
15480,24218.421,0.1,-0.087,0.008,0.008,-1.391,0.028,1.28,0.76,0.755,0.318,0.237,51.205,291455.0,20,0.275,False,False,True,False,False,False
15489,32422.803,-0.117,-0.122,0.028,0.04,-1.026,0.074,3.212,1.887,0.752,0.098,0.049,109.594,764848.0,20,0.209,False,False,False,False,False,False
15496,24920.247,0.88,0.915,0.314,0.171,-2.952,0.212,1.667,2.102,-0.292,-0.005,-0.082,,664142.0,20,0.823,True,True,False,False,False,True
15501,-1210.617,0.038,0.476,-0.097,-0.021,0.107,0.006,3.898,3.366,0.02,0.02,0.057,901.85,112568.0,20,0.734,False,False,False,False,False,True
15510,14800.217,0.286,0.27,0.118,0.268,2.316,-0.031,2.572,0.213,-0.123,0.032,-0.034,393.744,462187.0,20,0.171,False,True,False,False,False,False
15511,62939.964,0.121,0.281,-0.005,0.021,-0.645,0.013,1.923,3.273,0.44,0.026,0.036,263.954,1814144.0,20,-0.034,False,False,False,False,False,False
15519,16174.457,0.337,0.363,0.13,0.098,-1.044,0.118,2.148,0.683,0.188,0.123,0.057,123.548,280464.0,20,2.04,False,False,True,False,False,True
15523,4495.789,-0.179,0.141,-0.249,-0.071,-1.086,0.089,2.352,2.471,0.402,0.025,-0.001,618.741,221060.0,20,0.443,False,False,False,False,False,False
15532,783.594,1.509,1.558,0.064,0.057,-3.368,0.222,9.153,0.66,-0.97,0.102,0.046,183.247,118416.0,20,1.43,False,False,True,False,False,True
15539,25951.122,-0.126,-0.118,-0.004,-0.003,-1.09,0.034,0.195,0.061,0.987,-0.039,-0.216,,413448.0,20,-0.049,False,False,False,False,False,False
15545,78673.396,-0.039,0.118,0.026,0.028,1.9,-0.119,2.678,,,,,,1431193.0,19,,False,False,False,False,False,False
15546,-2323.594,0.199,0.099,0.015,0.024,-2.627,0.098,2.01,1.183,0.236,0.013,0.058,1339.385,139134.0,20,-0.096,False,False,False,False,False,False
15547,1418.208,1.074,1.1,0.189,0.132,0.96,0.033,2.025,4.126,-0.676,-0.014,0.042,,83371.0,20,0.949,True,True,False,False,False,True
15555,134001.91,0.032,-0.006,-0.014,-0.012,4.471,-0.184,2.233,1.22,0.306,0.027,0.027,222.619,2249066.0,20,0.001,False,False,False,False,True,False
15562,-360.878,0.606,0.533,-0.019,-0.005,0.268,0.053,6.371,3.443,0.782,0.03,0.094,316.607,985886.0,20,0.779,True,False,False,False,False,True
15565,55957.504,-0.365,-0.181,0.059,0.114,0.825,0.018,-0.459,1.331,0.028,0.018,-0.003,507.93,1045859.0,20,-0.088,False,False,False,False,False,False
15566,18239.771,-0.108,0.12,0.053,0.048,-0.893,0.022,4.767,1.208,0.457,0.066,0.035,209.853,351012.0,20,0.836,False,False,False,False,False,True
15572,83334.941,0.141,0.266,-0.013,0.002,-1.183,0.04,3.269,1.873,0.313,0.054,0.027,142.622,1507769.0,20,0.014,False,False,False,False,False,False
15578,759.814,0.366,0.551,-1.198,-0.701,-1.51,0.072,3.005,2.063,0.094,0.076,0.118,255.808,94259.0,20,1.154,False,False,False,False,False,True
15580,16702.803,-1.153,-0.788,0.015,-0.007,2.135,-0.082,2.81,1.856,-0.333,-0.089,-0.273,,210156.0,20,1.178,False,False,False,False,False,True
15584,14513.356,0.613,0.566,0.042,0.029,-2.044,0.14,2.82,1.508,0.232,-0.002,-0.027,,937577.0,20,0.02,True,False,False,False,False,False
15585,3385.783,0.754,0.727,-0.013,0.011,-2.343,0.124,4.491,1.975,0.135,-0.011,-0.044,,150062.0,20,0.31,True,False,False,False,False,False
15586,,,,,,,,,,,,,,364606.0,2,,False,False,False,False,False,False
15590,5589.711,-0.726,-0.216,0.229,0.201,-0.915,0.103,2.538,1.134,0.42,0.032,-0.073,474.704,248692.0,20,0.271,False,True,False,False,False,False
15593,298.677,0.637,0.476,0.0,0.0,-3.748,0.203,3.823,1.277,0.628,0.035,0.01,573.055,70921.0,20,,True,False,False,False,False,False
15597,-1385.57,0.952,0.986,-3.4,-2.032,-2.141,-0.027,5.576,0.568,-0.622,0.052,0.085,387.243,71190.0,20,-0.153,False,False,False,False,False,False
15598,6082.373,0.032,0.069,0.197,0.144,-2.801,0.09,5.763,-0.4,0.081,-0.018,-0.133,,202230.0,20,0.25,False,True,False,False,False,False
15606,2348.595,-0.426,0.361,0.095,0.054,-1.079,0.041,0.824,1.811,0.532,0.082,0.002,223.521,120106.0,20,-0.046,False,False,False,False,False,False
15610,9515.507,0.157,0.188,-0.004,-0.003,0.037,0.007,2.342,0.652,0.001,0.025,-0.1,596.293,265457.0,20,-0.388,False,False,False,False,False,False
15611,,,,,,,,,,,,,,202967.0,2,,False,False,False,False,False,False
15614,176301.504,0.012,0.184,-0.086,-0.061,3.353,-0.173,0.966,0.812,0.418,0.006,0.0,566.079,4010344.0,20,0.026,False,False,False,False,True,False
15621,3025.263,0.021,-0.002,-0.735,-0.485,0.313,-0.162,2.27,0.477,0.53,0.077,0.059,248.915,99837.0,20,0.584,False,False,False,False,False,True
15629,9611.958,0.561,-0.984,-0.005,-0.004,-0.83,-0.104,0.045,-2.402,-0.328,-0.01,-0.132,,244774.0,20,-0.138,False,False,False,False,False,False
15632,14861.916,1.282,1.147,0.109,0.189,-1.913,0.183,7.148,2.301,0.022,0.059,0.069,167.655,908988.0,20,0.278,True,True,False,False,False,False
15651,-5104.866,0.437,0.545,0.272,0.151,2.858,-0.118,2.146,2.198,0.913,-0.004,0.021,,198766.0,20,-0.377,True,True,False,False,True,False
15657,166056.701,0.535,0.617,0.067,0.434,0.043,0.039,1.213,-0.222,0.347,0.322,0.286,29.163,1306019.0,20,0.207,False,True,True,False,False,False
15663,5825.14,-0.426,-0.142,-0.051,-0.009,5.881,-0.139,1.052,0.986,0.197,0.029,0.011,328.252,949847.0,20,0.127,False,False,False,False,True,False
15664,22491.164,0.438,0.657,-0.126,-0.353,-2.234,0.157,1.415,2.259,0.382,1.014,0.993,18.106,420343.0,20,3.192,True,False,True,False,False,True
15669,5893.651,-0.492,0.01,-0.251,-0.065,1.815,-0.108,3.066,0.298,-0.048,0.103,0.111,125.462,465591.0,20,0.584,False,False,True,False,False,True
15671,15195.456,0.044,0.228,-0.014,-0.041,-1.617,0.08,1.287,-0.126,0.234,0.08,-0.01,160.139,455614.0,20,0.159,False,False,False,False,False,False
15673,-3923.516,-0.619,0.658,-0.113,-0.013,0.855,-0.064,2.287,,,,,,271179.0,14,,False,False,False,False,False,False
15675,17682.159,-0.157,-0.011,-0.022,-0.012,0.315,-0.041,-0.445,0.364,0.435,0.124,0.109,111.587,381482.0,20,0.361,False,False,True,False,False,False
15687,33752.788,0.12,0.109,0.123,0.129,-1.161,0.141,1.405,-1.16,-0.56,0.071,-0.05,187.782,395863.0,20,0.477,False,False,False,False,False,False
15690,22114.223,0.195,0.177,-0.158,-0.089,0.105,0.032,3.577,0.567,0.545,0.052,-0.024,217.478,647331.0,20,0.306,False,False,False,False,False,False
15699,46127.549,0.16,0.151,0.017,0.033,-3.455,0.136,1.377,0.907,0.302,0.025,-0.157,455.542,569564.0,20,0.531,False,False,False,False,False,True
15701,6644.752,-0.244,0.08,0.067,-0.01,1.724,-0.083,3.61,1.432,0.72,0.008,-0.025,1799.931,224965.0,20,0.17,False,False,False,False,False,False
15703,-1191.82,0.568,0.603,0.042,0.031,-0.834,0.121,4.036,2.325,0.286,0.029,0.069,437.504,432103.0,20,-0.05,True,False,False,False,False,False
15708,35706.854,-0.108,-0.125,-0.083,-0.047,-0.538,0.012,0.765,0.814,0.13,0.108,-0.018,118.722,473804.0,20,0.123,False,False,False,False,False,False
15728,57928.863,0.307,0.351,-0.032,-0.016,-0.458,0.005,1.747,1.251,0.608,0.064,0.034,126.55,1387693.0,20,0.359,False,False,False,False,False,False
15729,15394.4,0.986,0.91,0.157,0.137,-1.513,0.009,3.968,2.068,0.299,-0.059,-0.101,,404085.0,20,-0.015,True,True,False,False,False,False
15731,13374.298,1.09,1.131,0.195,0.189,1.047,0.01,-0.333,1.292,-0.42,0.257,0.217,71.427,168979.0,20,0.302,True,True,True,False,False,False
15734,6646.761,0.281,0.245,-0.057,-0.066,0.001,0.025,5.755,0.474,0.686,0.08,0.066,150.742,549613.0,20,0.906,False,False,False,False,False,True
15738,-51338.286,22.525,23.839,-0.015,-0.005,-11.546,4.777,-1.958,,,,,,18784.0,8,,False,False,False,False,False,False
15741,6674.358,0.191,0.244,0.002,0.002,-2.095,0.083,3.543,2.093,0.333,-0.007,-0.076,,145733.0,20,,False,False,False,False,False,False
15744,-2197.714,0.604,0.95,-0.367,-0.132,-11.902,0.487,-0.747,,,,,,130436.0,8,,False,False,False,False,False,False
15749,-978.211,1.898,1.859,0.001,0.0,-8.677,0.424,2.595,3.118,0.264,0.054,0.051,389.794,61776.0,20,-0.428,True,False,False,False,False,False
15751,13995.564,1.682,0.662,-0.107,-0.037,5.663,-0.342,3.264,-2.303,-1.472,0.051,-1.005,373.896,93298.0,20,14.48,False,False,False,False,True,True
15752,40975.164,0.069,0.175,0.036,0.001,-0.808,0.002,3.552,1.332,0.479,0.029,0.038,257.811,1578856.0,20,0.054,False,False,False,False,False,False
15759,-4771.429,0.023,0.878,0.0,0.0,12.061,-0.11,-1.463,,,,,,78231.0,7,,False,False,False,False,True,False
15760,525.961,0.213,0.268,-0.152,-0.091,-1.781,0.117,3.221,1.236,0.583,0.019,0.004,725.984,353381.0,20,-0.124,False,False,False,False,False,False
15762,532.541,0.241,0.251,0.139,-0.002,0.807,0.006,-1.125,0.739,-0.828,-0.029,-0.045,,36111.0,20,-0.334,False,False,False,False,False,False
15763,-278.532,0.176,0.255,0.116,0.065,0.297,0.037,2.069,1.518,0.185,-0.002,-0.054,,182740.0,20,1.38,False,False,False,False,False,True
15767,-154.98,0.43,1.067,-0.091,-0.036,-1.175,0.188,0.261,,,,,,40319.0,17,,False,False,False,False,False,False
15771,9088.538,0.907,0.959,-0.085,-0.059,-10.122,0.547,2.938,1.997,0.123,0.005,-0.056,2385.268,650820.0,20,0.124,True,False,False,False,False,False
15772,18403.57,-0.145,-0.41,-0.114,-0.075,1.664,-0.021,2.778,1.034,0.593,0.05,0.002,292.654,272632.0,20,1.454,False,False,False,False,False,True
15778,-1834.256,0.511,0.527,-0.309,-0.086,1.289,-0.023,-1.09,0.873,-0.465,0.026,0.015,801.361,59274.0,20,-0.076,True,False,False,False,False,False
15779,118311.194,-0.074,-0.027,0.409,0.285,0.45,-0.067,-2.953,0.957,-0.251,0.015,-0.042,624.1,949001.0,20,0.169,False,True,False,False,False,False
15784,5773.056,-0.174,-0.068,0.144,0.136,-0.316,-0.01,2.194,0.632,0.56,0.101,0.031,193.557,94525.0,20,0.297,False,False,True,False,False,False
15792,3777.125,0.303,0.422,-0.389,-0.206,-1.447,0.03,0.047,1.665,0.317,0.057,-0.054,347.215,84349.0,20,0.46,False,False,False,False,False,False
15797,160444.409,-0.019,0.257,0.033,0.073,-1.345,0.054,2.465,2.093,0.547,0.012,-0.001,182.049,5740527.0,20,0.062,False,False,False,False,False,False
15799,31829.669,-0.189,-0.148,-0.197,-0.105,2.328,-0.035,4.724,1.036,0.136,0.038,-0.026,308.528,562240.0,20,0.625,False,False,False,False,False,True
15801,21966.217,0.049,0.239,0.136,0.133,-0.124,0.002,4.215,1.847,0.139,0.014,-0.01,851.913,567075.0,20,0.065,False,False,False,False,False,False
15808,-5505.877,0.675,0.821,-0.01,-0.004,0.618,0.06,3.679,0.743,0.509,0.0,-0.073,31320.593,464326.0,20,0.071,False,False,False,False,False,False
15809,92003.281,0.355,0.482,0.388,0.302,-1.17,0.128,3.481,1.972,0.25,0.019,-0.032,336.506,1981114.0,20,-0.063,False,True,False,False,False,False
15813,22085.65,0.193,0.27,-0.233,-0.161,0.49,-0.222,5.726,,,,,,204076.0,12,,False,False,False,False,False,False
15815,26196.896,0.732,0.73,-0.111,-0.058,-1.628,0.116,6.885,0.789,0.303,0.065,-0.012,58.008,3992204.0,20,0.521,True,False,False,False,False,True
15817,14805.239,-0.587,-0.596,0.608,0.51,-0.845,-0.422,12.043,-7.674,0.387,0.304,0.043,69.615,98319.0,20,0.541,False,True,True,False,False,True
15820,-4189.42,1.226,1.205,2.429,2.108,5.264,-0.166,0.203,1.566,0.273,-0.043,-0.073,,120156.0,20,-0.312,True,True,False,False,True,False
15826,29199.741,1.452,1.643,0.086,0.064,2.65,-0.196,3.103,3.539,-0.229,0.297,-0.041,54.179,294765.0,20,1.54,True,False,False,False,True,True
15830,9580.149,-0.103,-0.019,-0.11,-0.324,-1.275,0.35,-6.118,,,,,,237447.0,14,,False,False,False,False,False,False
15839,-4736.974,2.443,2.458,0.55,0.432,-1.576,0.22,6.598,3.199,0.173,-0.027,-0.113,,114750.0,20,0.164,True,True,False,False,False,False
15847,-1168.842,0.495,0.424,-3.137,-1.12,-1.464,-0.001,1.553,2.91,0.764,0.013,0.024,1541.008,61935.0,20,-0.284,True,False,False,False,False,False
15853,199.549,0.256,0.271,0.104,0.066,-2.906,0.112,1.83,1.041,1.052,0.05,0.107,490.685,25183.0,20,,False,False,False,False,False,False
15871,6632.262,0.081,0.34,0.022,0.009,0.673,-0.039,1.747,0.743,-0.065,0.074,-0.001,158.464,582218.0,20,1.037,False,False,False,False,False,True
15873,8998.457,-0.276,0.037,0.015,-0.079,3.502,-0.143,-0.18,-0.141,-0.032,0.136,0.088,120.758,212671.0,20,0.059,False,False,True,False,True,False
15883,13165.48,-0.197,0.186,0.673,0.312,0.317,-0.06,0.997,1.327,0.056,0.08,0.054,145.128,606156.0,20,0.175,False,True,False,False,False,False
15898,82212.46,0.012,0.642,0.011,-0.013,-3.747,0.101,-0.9,1.671,0.035,0.005,0.019,2046.521,724360.0,20,1.29,False,False,False,False,False,True
15899,11877.738,0.497,0.466,-0.046,-0.024,-4.589,0.221,-0.566,4.017,0.284,-0.008,0.02,,233583.0,20,0.1,True,False,False,False,False,False
15904,1333.841,-0.02,0.137,0.145,0.098,0.324,0.028,0.001,1.099,-0.028,-0.001,-0.044,,89515.0,20,-0.364,False,False,False,False,False,False
15907,-4174.62,-0.533,0.826,-1.748,-0.87,2.305,0.045,1.621,,,,,,118287.0,14,,False,False,False,False,False,False
15908,2624.262,-0.462,-0.121,-0.005,0.0,-0.209,0.012,-0.312,0.772,0.434,0.012,-0.025,1363.166,199094.0,20,-0.483,False,False,False,False,False,False
15912,76890.665,0.414,0.418,-0.217,-0.138,2.143,-0.056,5.067,1.047,0.142,0.037,0.001,194.956,1694155.0,20,0.15,True,False,False,False,False,False
15913,267.065,0.667,0.709,-0.508,-0.082,-1.536,0.089,4.075,1.537,0.437,0.006,-0.039,2464.143,202541.0,20,0.598,True,False,False,False,False,True
15928,8562.135,-0.051,0.112,0.002,-0.021,1.791,-0.086,3.733,,,,,,154629.0,16,,False,False,False,False,False,False
15930,-1124.827,-0.796,1.019,0.153,0.062,-2.194,-0.571,3.771,-1.917,-2.138,0.101,0.11,243.581,28059.0,20,,False,True,True,False,False,False
15932,66987.516,0.575,0.475,-0.002,0.013,-2.091,0.073,2.253,0.471,0.085,0.108,0.032,83.931,1164386.0,20,-0.152,False,False,True,False,False,False
15939,12136.629,-0.169,-0.279,0.023,0.007,-3.894,0.126,-1.36,3.111,0.548,-0.026,-0.108,,142614.0,20,0.371,False,False,False,False,False,False
15945,1321.582,0.23,0.267,0.444,0.359,2.019,-0.089,4.063,1.139,0.109,-0.004,-0.025,,320396.0,20,0.198,False,True,False,False,False,False
15947,-15047.227,0.619,0.56,-0.953,-0.4,-0.864,0.221,5.501,1.062,2.246,0.069,0.106,194.909,389576.0,20,0.35,True,False,False,False,False,False
15953,401123.51,0.527,0.222,0.483,0.386,-0.228,-0.174,2.627,0.873,0.061,0.036,-0.111,135.687,3011349.0,20,0.688,True,True,False,False,False,True
15966,8320.713,0.547,1.065,-0.007,0.022,-3.388,0.117,7.783,2.981,-1.832,0.024,-0.005,505.168,493036.0,20,0.315,True,False,False,False,False,False
15969,10819.068,-0.171,-0.162,-0.022,-0.001,4.955,-0.124,2.982,1.437,-0.181,-0.032,0.022,,510424.0,20,-0.179,False,False,False,False,True,False
15970,28804.629,-0.04,0.095,-0.058,0.005,0.808,-0.018,3.608,0.974,0.419,0.013,-0.02,618.296,1371883.0,20,-0.169,False,False,False,False,False,False
15987,36719.468,0.314,0.372,0.069,0.064,-2.766,0.094,7.185,1.752,0.48,0.056,0.001,171.373,977293.0,20,0.397,False,False,False,False,False,False
15990,-9064.445,1.415,1.312,0.292,0.214,-1.7,0.176,4.742,2.714,0.401,0.048,0.043,197.246,970247.0,20,0.023,True,True,False,False,False,False
15995,56493.608,0.35,-0.933,-0.002,-0.003,-2.124,-0.055,-0.667,,,,,,2100952.0,17,,False,False,False,False,False,False
16001,,,,,,,,,,,,,,613561.0,4,,False,False,False,False,False,False
16026,175173.347,0.098,0.155,0.0,0.035,2.468,-0.02,2.696,0.842,0.063,0.033,-0.01,34.548,7540183.0,20,0.113,False,False,False,False,False,False
16030,9813.976,0.204,0.115,0.068,0.063,-3.648,0.2,4.345,1.381,0.403,0.073,0.034,188.987,365957.0,20,0.347,False,False,False,False,False,False
16032,2378.917,0.354,0.24,-0.079,-0.049,0.034,-0.076,2.398,2.111,0.358,0.023,0.056,360.561,1284609.0,20,0.514,False,False,False,False,False,True
16039,3655.792,-0.024,0.103,0.287,0.237,1.459,-0.058,2.618,1.224,0.175,-0.016,0.008,,278821.0,20,-0.11,False,True,False,False,False,False
16040,-1197.144,-0.519,-0.52,-0.019,-0.007,13.221,-0.38,0.397,,,,,,347125.0,19,,False,False,False,False,True,False
16068,629927.438,0.035,0.218,0.034,0.037,1.041,-0.048,2.864,-0.391,0.56,0.072,0.014,,19231898.0,20,0.081,False,False,False,False,False,False
16075,15071.062,-0.545,-0.238,0.057,0.035,-0.764,0.047,-0.362,-1.274,0.154,0.109,0.08,110.481,573813.0,20,-0.108,False,False,True,False,False,False
16079,1682.144,0.868,0.989,-0.036,-0.023,-2.356,0.152,1.385,1.808,0.635,0.072,0.054,222.896,204221.0,20,0.408,True,False,False,False,False,False
16094,37.42,0.113,0.185,0.071,0.052,2.527,-0.081,3.656,1.9,0.56,0.022,0.06,943.041,54915.0,20,0.949,False,False,False,False,False,True
16101,25541.459,-0.069,-0.039,-0.068,-0.046,-0.578,-0.011,4.406,1.109,0.436,0.038,-0.014,293.286,652672.0,20,0.125,False,False,False,False,False,False
16103,1410.126,-0.365,-0.093,-0.049,-0.032,7.05,-0.164,-2.494,,,,,,78641.0,18,,False,False,False,False,True,False
16110,1878.418,-0.188,-0.07,-0.14,-0.237,0.893,-0.079,1.339,0.951,0.008,0.019,0.01,1087.924,58404.0,20,0.585,False,False,False,False,False,True
16111,36531.371,-0.412,-0.235,0.213,0.188,4.587,-0.388,2.384,0.475,-0.208,-0.03,-0.048,,769765.0,20,0.095,False,True,False,False,True,False
16114,5673.651,-0.155,0.063,0.098,0.002,-3.204,0.216,-2.138,0.608,-0.182,0.006,-0.045,2587.848,174173.0,20,-0.161,False,False,False,False,False,False
16116,30225.453,0.273,0.289,-0.309,-0.14,-2.904,0.138,0.566,0.903,0.177,0.132,0.111,95.711,509370.0,20,-0.163,False,False,True,False,False,False
16120,2604.686,0.154,0.292,-0.003,-0.001,-0.09,0.053,2.698,0.991,0.548,0.103,0.07,176.474,130343.0,20,7.562,False,False,True,False,False,True
16125,34497.377,-0.296,-0.062,0.007,-0.011,2.25,-0.129,0.392,0.378,-0.059,0.049,0.001,221.254,716298.0,20,-0.095,False,False,False,False,False,False
16126,16195.158,-0.627,-0.268,-0.145,-0.17,-3.806,0.056,2.68,0.756,0.296,0.105,0.039,147.509,249368.0,20,-0.018,False,False,True,False,False,False
16127,-25340.899,0.505,0.67,0.819,0.51,0.556,0.033,4.535,2.571,0.9,0.029,0.092,422.143,496309.0,20,-0.05,True,True,False,False,False,False
16130,-102154.737,0.465,0.393,-0.055,-0.01,-0.952,0.112,5.13,2.309,0.678,0.04,0.102,69.59,5083974.0,20,0.273,True,False,False,False,False,False
16151,-2358.911,0.38,0.242,0.129,0.091,0.05,0.04,4.037,0.49,-0.114,-0.015,-0.075,,75518.0,20,-0.423,False,False,False,False,False,False
16152,15871.901,0.202,0.18,-0.005,-0.134,-6.274,0.287,5.35,0.846,0.638,0.072,-0.021,206.136,273318.0,20,0.662,False,False,False,False,False,True
16154,3458.74,0.179,0.148,-0.026,-0.016,-1.543,0.1,3.37,0.505,0.169,0.083,0.055,240.667,83957.0,20,1.445,False,False,False,False,False,True
16160,35675.212,0.341,0.409,0.105,0.085,1.269,0.042,6.695,0.185,0.864,0.065,0.039,114.687,1633576.0,20,0.406,False,False,False,False,False,False
16161,19485.853,-0.36,-0.053,0.06,0.068,-1.782,0.126,6.837,-0.618,-0.212,0.148,0.016,107.492,247069.0,20,,False,False,False,False,False,False
16162,8143.913,0.152,0.154,-0.623,-0.361,-1.435,0.089,0.403,0.836,-0.655,0.02,-0.073,753.248,242736.0,20,-0.14,False,False,False,False,False,False
16167,352.731,0.203,0.29,0.055,0.041,-0.284,0.023,2.73,1.377,0.141,0.064,0.103,299.007,100155.0,20,0.076,False,False,False,False,False,False
16170,,,,,,,,,,,,,,127211.0,1,,False,False,False,False,False,False
16175,50662.535,-0.438,-0.062,0.111,0.158,-1.42,0.061,3.407,2.394,0.288,-0.007,-0.039,,928249.0,20,0.23,False,True,False,False,False,False
16176,-5140.884,0.82,0.934,0.054,0.038,0.755,0.096,2.692,0.093,0.058,0.118,0.148,150.961,148793.0,20,-0.553,False,False,True,False,False,False
16177,-2531.537,0.875,0.786,-0.008,-0.002,-6.868,0.224,3.93,2.143,0.762,0.033,0.059,532.222,130339.0,20,-0.075,True,False,False,False,False,False
16185,1554.608,0.932,0.77,-0.012,-0.005,0.992,-0.038,-1.102,2.414,-0.667,0.02,-0.056,879.018,121359.0,20,-0.185,True,False,False,False,False,False
16187,,,,,,,,,,,,,,136334.0,2,,False,False,False,False,False,False
16191,426537.053,0.351,0.178,0.022,0.038,-0.74,0.026,5.824,0.643,0.535,0.133,0.046,8.44,7678230.0,20,0.675,False,False,True,True,False,True
16193,-2865.733,0.024,-0.06,-0.443,-0.328,8.77,-0.39,-3.445,,,,,,43633.0,9,,False,False,False,False,True,False
16198,94.334,-0.303,0.116,-0.049,-0.011,0.166,0.004,1.167,1.636,0.441,0.14,0.219,144.209,88491.0,20,-0.466,False,False,True,False,False,False
16201,13310.214,0.021,0.378,-0.026,0.011,0.717,-0.084,0.063,2.123,0.069,0.143,0.133,107.047,278826.0,20,0.482,False,False,True,False,False,False
16216,61729.314,-0.161,0.047,-0.009,0.003,-0.342,0.046,3.498,0.731,0.313,0.075,0.072,89.428,1991136.0,20,0.32,False,False,False,False,False,False
16221,7439.705,0.168,0.458,-0.06,-0.023,2.177,-0.103,4.226,2.678,1.019,0.015,0.061,703.615,757767.0,20,0.446,False,False,False,False,False,False
16222,5318.186,0.323,0.365,0.261,0.237,2.696,-0.087,4.248,0.292,0.293,0.033,-0.034,566.376,106007.0,20,0.182,False,True,False,False,False,False
16228,13203.825,0.02,-0.051,-0.084,-0.062,-4.148,0.34,-0.307,,,,,,170005.0,19,,False,False,False,False,False,False
16231,30205.66,-0.202,-0.015,0.202,0.172,-3.349,0.139,6.535,0.241,0.596,0.04,-0.1,320.761,418263.0,20,5.788,False,True,False,False,False,True
16243,30532.635,0.885,0.719,-0.219,-0.124,-3.119,0.248,2.795,1.639,-0.071,0.07,0.015,138.571,960329.0,20,0.164,True,False,False,False,False,False
16246,12626.481,-0.194,-0.003,-0.094,-0.044,-1.308,0.172,5.362,-0.407,0.373,0.133,0.111,102.32,408851.0,20,0.922,False,False,True,False,False,True
16247,8929.191,-0.433,-0.237,0.228,0.214,-1.714,0.453,14.361,-4.586,-3.469,0.284,-0.028,71.719,113590.0,20,,False,True,False,False,False,False
16249,-511.317,-0.281,-0.266,0.014,-0.015,7.865,-0.266,1.078,0.355,-0.062,-0.094,-0.025,,436106.0,20,-0.222,False,False,False,False,True,False
16250,41676.971,0.017,0.097,-0.237,-0.167,1.357,-0.044,1.169,0.958,0.247,-0.015,-0.04,,2125608.0,20,-0.046,False,False,False,False,False,False
16265,98975.798,-0.268,-0.103,0.169,0.152,-0.289,0.029,2.665,-0.425,0.405,0.134,0.006,66.864,1221907.0,20,0.724,False,True,False,False,False,True
16275,19173.477,0.638,0.651,0.143,0.084,-3.416,0.185,2.788,2.561,0.187,0.034,-0.109,459.251,205414.0,20,0.477,True,False,False,False,False,False
16276,37539.913,0.045,0.129,-0.056,-0.024,-0.342,0.02,3.746,1.621,0.739,0.051,-0.042,217.822,678934.0,20,0.41,False,False,False,False,False,False
16281,-96.812,-0.549,-1.291,0.022,-0.003,9.609,-0.56,-4.751,-0.999,-1.613,-0.056,-0.011,,23941.0,20,,False,False,False,False,True,False
16282,-7756.574,1.214,1.583,0.022,0.012,-6.587,0.425,7.425,2.341,-0.13,0.057,0.174,368.448,62420.0,20,0.029,True,False,False,False,False,False
16283,17780.057,0.041,0.181,0.079,0.056,0.512,-0.061,-0.655,2.162,0.8,0.062,-0.035,240.539,268178.0,20,0.158,False,False,False,False,False,False
16288,58099.795,-0.587,-0.733,-0.011,-0.057,1.389,-0.027,-0.903,0.443,-0.017,0.187,0.084,75.148,400195.0,20,0.604,False,False,True,False,False,True
16307,20716.177,0.246,0.274,0.185,0.134,2.062,-0.086,3.162,2.703,0.323,-0.005,0.037,,727847.0,20,0.022,False,True,False,False,False,False
16318,1154.063,-0.403,-0.287,0.062,0.046,5.25,-0.126,4.21,3.483,0.666,0.029,-0.001,687.512,78685.0,20,0.15,False,False,False,False,True,False
16330,2736.34,0.939,1.155,-0.032,-0.021,0.646,0.05,1.393,3.359,0.507,0.331,0.121,70.713,64175.0,20,-0.352,True,False,True,False,False,False
16332,47851.549,0.33,0.476,-0.14,-0.109,-4.197,0.247,1.747,1.873,-0.305,-0.002,-0.05,,506994.0,20,1.55,False,False,False,False,False,True
16333,12113.627,-0.001,-0.097,-0.152,-0.11,-1.343,0.133,0.305,1.397,1.898,0.056,0.011,278.782,227299.0,20,0.927,False,False,False,False,False,True
16334,6848.271,1.095,1.012,0.011,0.01,-4.637,0.407,-0.818,-1.433,0.324,0.064,-0.028,248.005,215136.0,20,-0.026,False,False,False,False,False,False
16339,9642.547,-0.174,0.177,-0.02,-0.013,4.553,-0.184,-0.925,1.949,0.565,0.077,0.097,202.325,233541.0,20,0.839,False,False,False,False,True,True
16344,714.394,0.081,0.0,0.329,0.149,-0.991,-0.096,0.182,3.193,0.764,-0.023,0.117,,68280.0,20,-0.245,False,True,False,False,False,False
16363,235794.352,-0.582,-0.132,-0.328,-0.11,-34.248,0.182,2.646,-14.13,1.704,0.717,-0.637,15.489,1233361.0,20,274.894,False,False,False,False,False,True
16369,9370.418,0.217,0.34,0.027,-0.05,-1.713,0.038,3.337,2.131,0.071,0.077,0.135,199.586,250704.0,20,0.277,False,False,False,False,False,False
16370,14282.854,-0.575,-0.38,-0.223,-0.123,1.443,-0.071,1.356,0.538,0.27,0.053,-0.079,292.796,226662.0,20,0.037,False,False,False,False,False,False
16379,,,,,,,,,,,,,,84267.0,3,,False,False,False,False,False,False
16386,3625.146,-0.396,-0.157,0.179,0.164,0.504,-0.028,2.969,0.378,0.322,0.029,-0.078,614.737,122309.0,20,0.186,False,True,False,False,False,False
16389,76210.478,0.101,0.249,-0.077,-0.034,0.287,0.039,3.227,2.123,0.833,0.048,-0.046,157.509,1602060.0,20,0.551,False,False,False,False,False,True
16394,-1555.75,0.306,0.588,0.413,0.302,2.906,-0.159,2.515,0.805,1.227,-0.031,-0.081,,47824.0,20,,False,True,False,False,True,False
16395,-282.308,0.432,0.548,-0.054,-0.045,5.135,-0.289,3.248,,,,,,61804.0,13,,False,False,False,False,True,False
16396,18374.066,0.236,0.403,-0.153,-0.188,-2.806,0.168,0.645,3.126,0.293,0.022,-0.074,687.867,245529.0,20,0.687,False,False,False,False,False,True
16402,62374.49,0.13,0.188,-0.044,-0.037,0.287,0.087,0.2,0.784,0.641,0.109,-0.025,80.444,1249914.0,20,0.272,False,False,False,False,False,False
16410,18587.083,-0.173,-0.147,0.091,0.072,-2.482,0.071,-1.525,0.357,0.232,0.119,0.066,133.341,233683.0,20,-0.119,False,False,True,False,False,False
16413,-843.639,-0.449,0.141,0.243,0.129,0.388,-0.03,3.334,2.03,0.455,-0.006,-0.035,,86713.0,20,0.13,False,True,False,False,False,False
16416,-6417.525,0.559,0.971,-0.132,0.136,-0.162,-0.015,0.748,2.607,-0.718,0.017,0.028,712.876,471240.0,20,-0.134,True,False,False,False,False,False
16417,3613.278,0.5,0.489,1.176,0.838,-0.082,0.003,2.141,1.756,0.251,0.009,-0.021,1798.499,188414.0,20,-0.211,True,True,False,False,False,False
16418,78073.068,0.207,0.161,0.006,0.009,-1.157,-0.123,1.96,-0.186,0.343,0.188,0.135,42.337,1617776.0,20,-0.168,False,False,True,False,False,False
16423,125.714,0.184,0.308,-1.319,-0.681,-16.053,0.349,5.599,,,,,,44049.0,7,,False,False,False,False,False,False
16432,632.457,-3.662,-0.56,-0.001,-0.001,11.685,-0.583,-2.902,,,,,,46241.0,6,,False,False,False,False,True,False
16436,-2308.307,0.115,0.314,-0.107,-0.068,0.917,0.021,2.879,2.599,0.461,-0.011,-0.036,,328336.0,20,0.098,False,False,False,False,False,False
16438,,,,,,,,,,,,,,232527.0,2,,False,False,False,False,False,False
16440,5318.195,0.335,0.618,-0.189,-0.05,-6.054,0.299,2.356,2.742,0.416,0.019,0.003,851.635,172134.0,20,0.234,False,False,False,False,False,False
16442,,,,,,,,,,,,,,495584.0,4,,False,False,False,False,False,False
16448,1582.192,-0.231,-0.254,0.105,0.057,-3.28,-0.17,1.318,-0.407,-0.465,-0.041,-0.114,,99885.0,20,,False,False,False,False,False,False
16453,2938.532,-0.275,0.18,0.091,0.028,-1.998,-0.013,1.03,2.215,0.202,0.012,0.013,1391.699,135832.0,20,0.105,False,False,False,False,False,False
16464,-2751.113,0.177,0.352,0.343,0.134,-0.055,0.045,1.011,0.633,0.121,0.045,0.01,307.431,347579.0,20,0.34,False,True,False,False,False,False
16470,39022.713,0.302,0.232,0.024,0.033,2.399,-0.042,4.731,2.96,0.67,-0.016,0.01,,2794851.0,20,0.108,False,False,False,False,False,False
16471,17270.5,-0.486,-0.419,0.24,0.283,-8.972,0.663,8.777,,,,,,159171.0,15,,False,True,False,False,False,False
16472,946.467,-0.452,-0.514,-0.003,-0.002,-2.031,0.034,-2.973,,,,,,17413.0,9,,False,False,False,False,False,False
16473,2446.162,-0.039,0.088,0.654,0.527,-0.8,0.005,6.467,0.456,0.868,-0.012,-0.092,,156491.0,20,-0.135,False,True,False,False,False,False
16477,-1436.944,0.507,0.481,0.048,0.039,-0.575,0.093,4.069,-0.166,-0.193,-0.011,-0.106,,66262.0,20,0.921,False,False,False,False,False,True
16479,24444.933,-0.41,0.009,0.145,0.107,-1.318,-0.009,3.603,,,,,,263578.0,9,,False,False,False,False,False,False
16501,9019.17,-0.148,0.349,-0.149,-0.001,1.52,-0.046,2.969,1.139,0.425,0.037,-0.038,227.464,1237837.0,20,0.268,False,False,False,False,False,False
16511,,,,,,,,,,,,,,110076.0,2,,False,False,False,False,False,False
16516,254.147,0.509,0.659,0.706,0.263,-0.468,0.027,1.698,-3.32,-1.198,0.274,0.19,98.931,24883.0,20,,False,True,True,False,False,False
16539,13041.546,0.557,0.595,0.05,0.052,-1.432,0.084,7.379,1.457,0.493,0.052,0.019,212.686,658342.0,20,0.604,True,False,False,False,False,True
16546,-24279.501,0.481,0.783,-0.094,0.016,-0.086,0.082,4.803,1.511,-0.282,0.06,0.038,141.305,1259278.0,20,0.574,True,False,False,False,False,True
16547,1788.048,0.202,0.275,0.127,0.107,1.785,-0.095,6.84,1.753,0.33,-0.007,0.058,,151457.0,20,0.058,False,False,False,False,False,False
16553,116483.408,-0.432,-0.501,0.124,0.082,-1.413,0.011,5.0,1.024,0.708,0.044,-0.048,181.942,1436345.0,20,0.899,False,False,False,False,False,True
16561,1376.46,0.263,0.175,0.057,0.054,-2.962,0.081,1.339,1.943,0.233,0.014,-0.017,1684.661,29477.0,20,,False,False,False,False,False,False
16581,9158.734,1.228,1.064,0.024,-0.016,-8.574,0.375,6.96,1.038,-0.694,0.034,0.051,569.609,81623.0,20,0.252,True,False,False,False,False,False
16583,-827.483,0.221,-0.075,1.434,0.828,-2.931,-0.793,4.035,0.158,0.802,-0.137,-0.054,,9373.0,20,1.222,False,True,False,False,False,True
16584,11253.411,0.767,0.71,-0.294,-0.063,0.384,0.077,-2.209,-3.55,-0.052,0.071,-0.24,259.225,115170.0,20,0.609,False,False,False,False,False,True
16585,225.257,3.647,4.063,0.024,-0.387,-6.857,1.483,-3.897,3.073,9.031,0.099,-0.067,245.744,31082.0,20,-0.385,True,False,False,False,False,False
16595,21984.695,-0.126,-0.016,-0.111,-0.108,-0.5,0.076,0.186,1.071,0.211,-0.008,-0.047,,666653.0,20,0.135,False,False,False,False,False,False
16600,1887.591,0.882,0.861,-0.076,-0.002,-2.168,0.099,0.329,2.275,-0.435,0.021,0.054,755.637,185736.0,20,0.104,True,False,False,False,False,False
16601,5289.08,0.175,0.234,-0.009,-0.001,0.937,0.083,3.54,0.203,0.09,0.045,0.022,349.485,219102.0,20,-0.027,False,False,False,False,False,False
16603,6862.749,0.495,0.469,0.048,0.106,4.5,-0.158,-0.156,0.22,-0.017,-0.012,-0.097,,135207.0,20,-0.036,False,False,False,False,True,False
16604,183495.113,0.277,0.107,-0.142,-0.086,-0.527,0.017,0.33,1.885,0.117,0.058,0.032,86.08,2950523.0,20,0.056,False,False,False,False,False,False
16609,8740.138,-3.703,-3.704,0.309,0.315,-25.206,0.246,9.659,-1.375,0.783,0.105,0.0,191.221,83344.0,20,1.516,False,True,False,False,False,True
16612,1672.159,0.61,0.726,-0.193,-0.187,-1.731,0.214,5.597,2.34,0.079,-0.012,-0.078,,279234.0,20,0.263,True,False,False,False,False,False
16620,16986.056,-0.259,0.376,0.096,0.046,-1.223,0.108,0.762,,,,,,415050.0,19,,False,False,False,False,False,False
16629,5774.25,0.239,0.361,-0.308,-0.123,-2.212,0.16,4.985,0.356,0.45,0.12,0.061,114.039,392688.0,20,0.495,False,False,True,False,False,False
16635,87991.982,-1.272,-1.233,0.639,0.544,0.936,0.608,0.581,-4.809,-0.265,0.516,0.001,28.491,517341.0,20,2.508,False,True,False,False,False,True
16636,10601.699,-0.004,0.064,-0.114,-0.054,3.956,-0.096,7.797,-0.399,0.599,-0.001,-0.069,,994023.0,20,1.834,False,False,False,False,False,True
16643,-2791.552,0.879,0.728,0.405,0.149,-2.777,0.183,-1.281,3.142,2.294,0.076,0.2,277.012,60768.0,20,0.278,True,True,False,False,False,False
16652,18980.974,0.529,0.581,0.366,0.338,-2.191,0.017,1.971,0.731,-0.595,-0.033,-0.119,,697697.0,20,0.259,False,True,False,False,False,False
16656,-2974.728,-0.518,0.171,-0.237,-0.116,-0.768,0.131,1.902,0.62,-0.303,-0.008,-0.06,,109808.0,20,1.291,False,False,False,False,False,True
16659,22344.31,0.04,0.288,0.036,0.036,2.016,-0.078,3.318,1.106,0.224,0.041,-0.048,246.242,838356.0,20,0.291,False,False,False,False,False,False
16664,50608.214,-0.412,-0.353,0.002,-0.012,-0.525,0.058,0.739,0.161,1.035,-0.01,-0.087,,1015616.0,20,0.115,False,False,False,False,False,False
16666,7535.411,0.277,0.417,0.031,0.024,2.167,-0.044,3.199,1.659,0.15,0.005,-0.012,1951.261,765484.0,20,0.409,False,False,False,False,False,False
16667,1899.624,-0.191,0.012,-0.078,-0.041,1.466,-0.055,-0.663,2.082,0.41,0.026,-0.013,741.216,82918.0,20,-0.148,False,False,False,False,False,False
16689,24830.908,1.378,1.42,-0.657,-0.406,1.246,0.144,4.836,1.903,0.37,0.091,0.032,130.925,575106.0,20,0.826,True,False,False,False,False,True
16695,14530.397,0.355,0.45,-0.011,-0.006,-2.942,0.221,3.576,2.623,0.602,0.117,0.116,117.18,386025.0,20,0.546,False,False,True,False,False,True
16704,1636.653,0.436,0.489,0.067,0.068,-1.113,0.099,4.652,3.174,0.35,-0.02,0.016,,238435.0,20,0.428,True,False,False,False,False,False
16707,8315.624,0.545,0.622,-0.026,0.005,-4.642,0.244,5.748,2.469,0.38,-0.013,-0.022,,187950.0,20,0.632,True,False,False,False,False,True
16717,,,,,,,,,,,,,,72907.0,3,,False,False,False,False,False,False
16720,12340.725,0.445,0.554,-0.373,-0.176,-2.143,0.333,2.603,3.375,-0.142,-0.055,-0.001,,318721.0,20,0.383,True,False,False,False,False,False
16723,17144.935,0.706,0.572,0.056,0.057,-1.439,0.107,5.445,0.392,0.302,0.089,0.031,116.793,830628.0,20,0.071,False,False,False,False,False,False
16733,11984.971,-0.175,0.067,0.228,0.143,1.247,-0.145,0.06,1.692,1.194,0.036,-0.033,366.405,393730.0,20,0.335,False,True,False,False,False,False
16744,1114.289,-1.258,-1.206,-0.367,-0.335,-1.863,0.17,1.918,-4.79,-0.502,0.142,0.052,181.356,24144.0,20,0.715,False,False,True,False,False,True
16752,5200.235,-0.004,0.075,0.345,0.295,0.852,-0.02,3.343,0.43,0.397,0.075,0.043,235.177,144032.0,20,-0.033,False,True,False,False,False,False
16753,66150.328,0.564,0.569,0.124,0.097,-0.298,0.069,2.11,1.796,0.27,0.091,0.045,96.471,1214543.0,20,0.395,True,False,False,False,False,False
16757,-6162.908,0.634,0.27,-0.002,0.0,-1.591,0.044,7.61,1.486,0.516,0.024,0.015,569.279,353414.0,20,0.577,True,False,False,False,False,True
16778,1864.529,-0.41,-0.359,-0.0,0.0,7.477,-0.19,-0.263,,,,,,44509.0,16,,False,False,False,False,True,False
16780,31930.562,-0.008,0.16,-0.004,-0.023,-2.712,0.175,4.382,2.017,0.024,0.112,0.099,119.467,423605.0,20,1.089,False,False,True,False,False,True
16788,1913.002,0.326,0.477,-0.194,-0.076,-1.314,0.126,3.472,1.045,0.084,0.027,-0.055,733.328,73853.0,20,6.637,False,False,False,False,False,True
16795,25534.406,-0.42,-0.173,-0.065,-0.038,-2.583,0.023,4.649,0.133,-0.485,0.504,0.241,39.448,178502.0,20,9.105,False,False,True,False,False,True
16810,28107.146,-0.235,0.259,-0.024,-0.007,-0.805,-0.039,-1.39,0.35,0.016,0.074,-0.013,127.07,1040772.0,20,-0.383,False,False,False,False,False,False
16817,3123.456,0.09,0.033,-0.607,-0.337,-0.154,0.081,2.527,-6.844,0.127,0.015,0.011,826.828,495119.0,20,0.472,False,False,False,False,False,False
16820,-18432.716,-0.302,0.269,-0.077,-0.03,5.098,-0.12,3.105,0.616,0.068,0.063,0.095,214.443,380395.0,20,0.614,False,False,False,False,True,True
16825,3014.144,1.173,1.121,-0.054,-0.035,-2.826,0.396,3.581,3.074,-0.066,0.413,0.394,33.781,539262.0,20,0.312,True,False,True,False,False,False
16840,3744.226,-0.271,-0.099,0.033,0.026,2.457,-0.104,3.696,1.395,0.335,0.032,0.009,548.17,141035.0,20,0.221,False,False,False,False,False,False
16849,49243.636,-0.735,-0.002,0.084,0.104,2.273,-0.285,1.499,2.053,1.649,0.045,0.07,195.363,1150445.0,20,0.115,False,False,False,False,False,False
16852,15033.943,-0.504,-0.179,-0.09,-0.043,0.708,0.051,1.635,-0.005,0.516,0.077,0.007,181.46,342430.0,20,0.039,False,False,False,False,False,False
16854,34762.722,-0.014,-0.157,-0.022,-0.127,-6.446,0.286,-0.243,2.52,0.514,0.005,-0.42,2683.38,292258.0,20,0.277,False,False,False,False,False,False
16858,-8527.774,1.188,1.173,-0.048,-0.023,-2.992,0.222,8.773,2.585,0.45,0.012,0.015,814.322,889689.0,20,0.453,True,False,False,False,False,False
16859,,,,,,,,,,,,,,150179.0,1,,False,False,False,False,False,False
16863,-10960.304,0.104,0.541,0.356,0.253,0.542,-0.071,5.323,1.309,0.245,-0.035,-0.003,,317367.0,20,-0.241,False,True,False,False,False,False
16866,46365.756,-0.184,0.183,-0.073,0.308,-2.614,0.332,6.061,0.383,-0.861,0.311,0.247,47.297,407215.0,20,0.37,False,True,True,False,False,False
16868,778.827,0.397,0.194,-0.125,-0.047,0.23,-0.039,6.956,2.654,-0.128,0.01,0.063,2301.656,36210.0,20,,False,False,False,False,False,False
16891,23702.698,-0.471,-0.253,0.031,0.019,2.471,-0.125,2.078,0.783,-0.22,0.005,-0.029,2085.855,723631.0,20,-0.025,False,False,False,False,False,False
16895,2752.896,0.879,0.971,-0.078,-0.029,-1.557,0.256,3.177,0.786,-0.637,0.062,-0.009,254.885,221652.0,20,0.563,True,False,False,False,False,True
16897,14688.463,-0.096,0.257,-0.107,-0.029,-0.631,0.095,3.947,1.24,0.044,0.076,0.01,172.545,424128.0,20,0.552,False,False,False,False,False,True
16900,648.457,1.352,0.2,0.12,0.138,-0.129,-0.169,3.685,7.873,0.734,0.073,0.037,252.4,120395.0,20,0.866,True,False,False,False,False,True
16905,715.174,0.316,0.304,-0.067,-0.013,-4.886,0.192,2.537,,,,,,32769.0,14,,False,False,False,False,False,False
16906,-2278.451,0.289,0.727,0.281,0.185,4.81,-0.315,-1.921,1.848,0.336,-0.058,-0.021,,47031.0,20,-0.469,False,True,False,False,True,False
16908,11009.125,1.48,0.566,-0.081,-0.005,1.0,-0.121,10.957,-5.405,1.203,0.411,0.144,51.105,123275.0,20,30.863,False,False,True,False,False,True
16910,23655.302,0.136,0.242,0.608,0.499,-3.698,0.357,2.714,2.376,-0.096,-0.171,-0.452,,271864.0,20,-0.554,False,True,False,False,False,False
16916,952.084,0.764,1.028,-0.133,-0.206,-4.737,0.372,5.754,4.033,0.07,0.103,0.048,193.101,89178.0,20,0.56,True,False,True,False,False,True
16924,,,,,,,,,,,,,,554323.0,2,,False,False,False,False,False,False
16934,-2756.582,-0.804,0.442,-0.037,0.011,-7.485,0.061,2.051,,,,,,57766.0,16,,False,False,False,False,False,False
16941,1497.062,-0.841,-0.052,0.04,0.047,-2.25,0.125,3.897,1.801,0.345,0.093,0.064,213.076,86770.0,20,1.058,False,False,False,False,False,True
16953,3946.698,-0.277,-0.256,-0.948,-0.396,0.749,-0.027,10.035,-0.403,0.313,0.087,-0.118,245.539,61329.0,20,5.02,False,False,False,False,False,True
16958,130651.859,0.161,0.09,-0.123,-0.106,1.057,-0.056,1.357,2.185,0.512,-0.041,-0.045,,2965084.0,20,0.048,False,False,False,False,False,False
16959,4295.657,0.231,0.403,0.145,0.173,-0.178,0.014,-0.75,0.13,-0.074,0.074,0.024,255.517,103243.0,20,-0.01,False,True,False,False,False,False
16968,6441.916,0.333,0.732,-0.024,-0.028,-1.194,0.122,4.951,1.648,0.14,0.019,-0.052,677.739,443842.0,20,0.836,False,False,False,False,False,True
16970,39729.877,0.074,0.147,0.233,0.138,0.479,-0.125,-1.268,0.381,-2.392,0.101,0.072,120.348,557555.0,20,0.129,False,True,True,False,False,False
16971,44170.866,0.11,-0.368,0.064,0.038,0.901,-0.149,-0.459,0.349,0.291,0.002,-0.557,4955.345,485430.0,20,0.733,False,False,False,False,False,True
16976,6640.553,0.135,0.114,-0.054,-0.036,0.707,0.008,1.593,1.556,0.121,0.022,0.037,563.28,472063.0,20,0.469,False,False,False,False,False,False
16980,287847.964,0.348,0.34,-0.041,-0.02,1.425,-0.056,3.848,2.74,0.566,0.039,0.078,29.34,7560233.0,20,0.243,False,False,False,False,False,False
16982,66603.979,0.089,-0.115,-0.064,-0.051,-1.087,0.043,2.809,1.989,0.427,0.055,0.028,157.291,1199826.0,20,0.382,False,False,False,False,False,False
17001,44709.002,-1.766,-1.871,1.285,1.142,-0.296,-0.986,6.171,-9.63,-1.076,0.217,-0.504,75.333,247894.0,20,1.788,False,True,False,False,False,True
17009,12259.678,0.189,0.006,0.016,0.01,-7.874,-0.042,6.726,0.105,-1.259,0.146,0.259,94.539,399068.0,20,0.213,False,False,True,False,False,False
17011,50213.173,0.15,0.148,-0.233,-0.201,1.834,-0.056,0.636,-0.038,-0.845,0.019,-0.143,569.641,716485.0,20,0.448,False,False,False,False,False,False
17040,41798.205,-0.099,0.367,-0.24,-0.118,-1.683,0.171,3.712,2.179,0.102,-0.008,-0.133,,847346.0,20,0.273,False,False,False,False,False,False
17062,-582.95,-0.115,0.443,-0.309,-0.164,2.358,-0.061,-0.208,2.1,-0.096,-0.087,-0.085,,48872.0,20,-0.175,False,False,False,False,False,False
17068,4045.014,0.93,0.761,0.343,0.2,-2.671,0.096,1.705,2.081,-0.107,0.065,0.065,185.226,547339.0,20,-0.164,True,True,False,False,False,False
17073,-528.394,0.598,0.575,0.146,0.049,1.123,-0.011,0.21,-0.102,0.033,-0.011,-0.096,,112692.0,20,0.636,False,False,False,False,False,True
17077,49802.595,0.019,0.057,0.02,-0.0,-1.968,0.023,0.181,-0.035,-0.118,0.034,-0.018,254.944,1165282.0,20,0.006,False,False,False,False,False,False
17089,5435.086,-4.589,0.192,-0.661,-0.535,2.53,-0.107,-3.573,,,,,,407719.0,6,,False,False,False,False,True,False
17093,-16390.267,-0.607,0.314,-0.528,-0.297,-3.144,-0.033,3.775,,,,,,1002082.0,9,,False,False,False,False,False,False
17094,21794.722,0.421,0.495,0.092,0.148,1.419,-0.022,2.741,0.257,0.03,0.111,0.011,123.395,393728.0,20,0.177,False,False,False,False,False,False
17096,9338.499,-0.182,0.481,0.019,0.007,-2.036,0.018,0.006,2.399,0.351,0.126,0.025,139.064,163712.0,20,0.737,False,False,False,False,False,True
17108,19388.511,-0.27,0.219,0.233,0.026,1.295,-0.088,2.701,1.406,0.494,0.03,-0.006,365.246,658347.0,20,0.39,False,True,False,False,False,False
17114,4396.429,-0.179,-0.24,-0.6,-0.414,-9.558,0.416,-5.538,,,,,,42511.0,8,,False,False,False,False,False,False
17115,58145.408,-0.04,-0.033,0.043,0.036,2.486,-0.106,5.045,1.834,0.408,0.008,0.023,1100.403,1072343.0,20,0.05,False,False,False,False,False,False
17120,27046.244,0.05,0.182,-0.045,-0.015,2.102,-0.068,2.31,0.946,0.751,0.006,-0.073,1481.334,932827.0,20,0.049,False,False,False,False,False,False
17122,-395.501,0.651,0.937,0.005,0.146,-3.498,0.009,4.681,1.049,0.026,-0.078,-0.231,,31038.0,20,2.501,True,False,False,False,False,True
17123,13036.403,0.21,0.394,0.004,0.014,2.667,-0.07,2.151,1.269,-0.018,0.036,0.019,295.761,719636.0,20,0.191,False,False,False,False,False,False
17126,14469.091,-0.058,0.169,-0.165,-0.113,0.582,0.017,4.605,,,,,,168830.0,12,,False,False,False,False,False,False
17128,9090.824,0.691,0.637,-0.132,-0.084,0.786,-0.025,3.911,,,,,,260455.0,17,,False,False,False,False,False,False
17138,-1294.956,1.117,1.16,-0.057,-0.032,-3.478,0.315,7.764,0.848,-1.429,-0.013,0.037,,14444.0,20,4.31,True,False,False,False,False,True
17145,2565.044,2.111,2.193,0.101,0.047,-2.719,0.325,6.925,3.156,0.296,0.021,-0.014,528.052,612529.0,20,2.189,True,False,False,False,False,True
17159,405688.608,0.161,0.221,0.028,0.014,0.694,-0.073,4.63,-0.356,0.048,0.061,-0.107,67.207,3725841.0,20,0.582,False,False,False,False,False,True
17160,-852.626,0.081,0.404,-0.337,-0.052,-2.055,-0.028,-1.455,3.136,0.738,0.036,0.097,623.985,38293.0,20,,False,False,False,False,False,False
17162,7423.681,0.153,0.208,0.003,0.007,-1.062,0.03,5.614,2.496,0.38,0.008,0.016,1345.598,749618.0,20,0.65,False,False,False,False,False,True
17169,-277.967,-0.064,0.32,-0.031,-0.064,1.058,0.102,4.219,0.835,0.632,0.038,-0.028,451.897,155295.0,20,0.773,False,False,False,False,False,True
17174,522.695,0.192,0.401,-0.003,-0.004,-0.359,0.045,-2.67,1.718,-0.065,0.094,0.16,246.048,40140.0,20,0.936,False,False,False,False,False,True
17180,82836.935,-0.094,-0.087,-0.005,-0.006,3.647,-0.111,1.353,1.286,0.176,0.02,0.062,361.16,1622674.0,20,0.017,False,False,False,False,True,False
17190,12314.253,1.4,1.386,-0.051,-0.052,-0.66,-0.011,5.207,0.212,0.987,0.132,0.202,126.923,195274.0,20,0.089,False,False,True,False,False,False
17193,8052.051,0.597,0.57,-0.021,-0.005,-4.314,0.093,4.026,1.56,0.437,0.038,0.138,434.97,172298.0,20,-0.056,True,False,False,False,False,False
17205,804.863,0.175,0.443,0.294,0.136,-4.572,0.165,0.294,,,,,,53637.0,19,,False,True,False,False,False,False
17208,7469.864,0.629,0.65,-0.027,-0.018,0.109,0.21,4.719,,,,,,193416.0,14,,False,False,False,False,False,False
17211,88392.205,-0.195,-0.064,0.038,0.035,-3.151,0.117,0.92,1.021,0.783,0.05,-0.003,151.826,1574662.0,20,-0.095,False,False,False,False,False,False
17214,25234.965,-0.145,0.055,0.0,0.0,0.601,-0.037,2.47,0.557,0.223,0.151,0.097,84.789,507541.0,20,0.35,False,False,True,False,False,False
17224,-4660.882,0.641,1.126,-0.503,-0.241,-4.71,0.178,2.098,,,,,,313392.0,16,,False,False,False,False,False,False
17229,82908.523,-0.69,-0.699,-0.268,-0.215,-0.678,-0.025,-2.601,0.113,-0.026,0.264,-0.226,47.091,634613.0,20,1.251,False,False,False,False,False,True
17230,2307.122,0.529,0.516,0.29,0.239,0.803,-0.015,4.076,0.603,0.12,0.034,0.038,316.519,729383.0,20,-0.071,False,True,False,False,False,False
17232,7209.143,0.428,0.342,-0.037,-0.032,-4.422,0.206,-0.813,1.53,0.892,-0.007,-0.115,,143225.0,20,-0.138,True,False,False,False,False,False
17241,1966.523,0.038,0.261,-0.079,-0.042,0.583,0.021,-1.859,1.326,0.06,0.063,0.051,268.135,163598.0,20,-0.09,False,False,False,False,False,False
17244,-6685.564,-0.876,0.202,-0.02,-0.009,0.317,-0.049,12.065,,,,,,275802.0,11,,False,False,False,False,False,False
17259,9955.11,-0.148,-0.115,0.159,0.111,2.698,-0.099,5.76,-0.246,0.426,-0.019,-0.109,,189417.0,20,0.638,False,True,False,False,False,True
17262,-8403.453,1.096,1.055,0.075,0.074,-0.879,0.093,4.705,1.715,0.147,0.026,0.013,450.848,525663.0,20,0.339,True,False,False,False,False,False
17280,24485.29,-1.357,-0.175,0.154,-0.096,-0.723,-0.006,1.737,2.426,0.029,-0.049,-0.118,,412987.0,20,1.108,False,True,False,False,False,True
17282,13466.962,0.333,0.354,-0.412,-0.234,-1.142,0.087,6.336,2.184,0.941,-0.02,-0.028,,836548.0,20,0.182,False,False,False,False,False,False
17302,,,,,,,,,,,,,,196848.0,1,,False,False,False,False,False,False
17308,30625.152,0.134,0.235,0.038,0.028,-1.057,-0.015,0.408,0.632,0.398,0.013,0.014,88.975,7489639.0,20,0.274,False,False,False,False,False,False
17317,19467.251,-0.005,-0.001,0.583,0.575,-3.171,0.1,2.113,-0.022,0.086,0.106,0.006,134.162,342747.0,20,0.004,False,True,False,False,False,False
17320,10633.522,0.524,0.285,0.209,0.147,0.457,0.095,3.338,-0.543,0.068,0.033,-0.036,347.874,611497.0,20,0.063,False,True,False,False,False,False
17323,162340.577,0.476,0.707,0.1,0.079,-0.983,0.051,3.565,1.115,0.232,0.071,0.01,46.549,4512330.0,20,0.449,True,False,False,False,False,False
17327,-4363.495,0.03,0.32,-0.627,-0.272,0.286,0.021,2.806,1.856,0.43,0.002,-0.001,7052.791,284652.0,20,-0.432,False,False,False,False,False,False
17347,,,,,,,,,,,,,,71111.0,2,,False,False,False,False,False,False
17348,71642.704,-0.168,0.089,0.14,0.088,1.745,-0.029,5.577,0.387,0.356,0.006,-0.114,1983.085,607348.0,20,0.25,False,False,False,False,False,False
17350,-405.901,0.103,0.028,0.325,0.066,4.453,-0.112,-1.729,1.096,-1.869,-0.064,-0.064,,73050.0,20,-0.319,False,True,False,False,True,False
17369,9840.767,0.22,0.125,0.004,0.009,-1.42,0.048,3.557,1.061,-0.093,0.068,-0.006,235.221,213374.0,20,0.024,False,False,False,False,False,False
17374,56012.598,-0.067,-0.052,0.033,0.004,1.292,-0.168,0.858,-0.351,0.118,0.18,0.054,69.368,566810.0,20,0.469,False,False,True,False,False,False
17375,745.645,-0.459,0.31,0.386,0.135,0.594,-0.008,-1.242,1.965,0.228,0.015,0.0,1482.927,46773.0,20,2.525,False,True,False,False,False,True
17388,26597.188,-0.801,-0.774,-0.269,-0.165,-0.893,0.08,1.038,0.219,-0.074,0.105,0.127,121.105,489840.0,20,-0.185,False,False,True,False,False,False
17393,581714.307,0.676,0.462,-0.024,-0.001,-2.012,-0.021,4.327,3.143,0.31,-0.005,-0.382,,8371107.0,20,0.607,True,False,False,False,False,True
17399,2195.131,-0.434,0.195,0.208,0.144,-1.744,0.08,3.415,1.118,0.385,0.055,0.058,302.255,171028.0,20,0.566,False,True,False,False,False,True
17403,1585.296,-0.544,-0.35,-0.335,-0.163,-3.214,0.128,10.164,,,,,,47756.0,18,,False,False,False,False,False,False
17410,6228.211,0.44,0.353,-0.042,-0.012,-1.272,0.07,3.352,2.409,0.22,0.258,0.254,75.399,132193.0,20,0.915,True,False,True,False,False,True
17411,36137.946,0.24,0.095,-0.048,-0.017,0.005,0.014,7.825,1.592,0.806,0.004,-0.017,2806.835,557172.0,20,0.577,False,False,False,False,False,True
17431,80611.687,-0.637,-0.56,0.132,0.164,2.17,-0.174,1.901,0.371,0.966,0.05,-0.04,196.425,895006.0,20,0.376,False,True,False,False,False,False
17437,361983.146,-0.231,-0.184,0.131,0.126,0.739,-0.041,3.37,0.653,0.643,0.059,-0.045,50.576,4867664.0,20,0.304,False,False,False,False,False,False
17438,854753.32,-0.307,-0.364,0.077,0.058,-0.2,-0.194,4.267,-0.522,-0.111,0.06,-0.04,26.887,6762755.0,20,1.624,False,False,False,False,False,True
17441,-172.454,0.739,0.722,-0.206,-0.089,-4.338,0.214,9.428,2.519,1.128,-0.046,-0.043,,17053.0,20,-0.734,True,False,False,False,False,False
17443,6657.609,-0.504,-0.236,-0.056,-0.03,8.271,-0.174,1.507,-0.454,0.864,0.049,-0.008,270.718,381255.0,20,-0.379,False,False,False,False,True,False
17444,76.114,-9.337,-0.491,0.0,0.0,-2.383,0.258,-5.517,,,,,,9238.0,6,,False,False,False,False,False,False
17445,-5106.1,-0.68,0.431,-0.127,-0.044,-3.004,0.08,-1.081,,,,,,529173.0,16,,False,False,False,False,False,False
17446,97160.15,0.946,0.362,-0.125,-0.031,-8.853,0.321,5.986,-3.004,0.781,1.339,0.699,12.007,780328.0,20,15.747,False,False,True,False,False,True
17450,204.075,0.328,0.35,0.101,0.076,-1.255,0.042,6.071,0.491,-0.294,0.027,0.038,829.79,42492.0,20,-0.175,False,False,False,False,False,False
17451,9575.51,0.284,0.123,0.079,0.057,-4.052,0.18,2.951,0.239,0.665,0.084,-0.068,191.51,211043.0,20,0.15,False,False,False,False,False,False
17453,29645.507,-0.09,0.119,0.021,0.019,0.519,-0.021,4.184,2.044,0.79,0.031,-0.065,363.91,630236.0,20,0.25,False,False,False,False,False,False
17470,27835.546,-0.04,-0.137,0.042,0.049,5.869,-0.032,-1.235,-0.902,0.266,0.097,0.095,66.242,2161369.0,20,-0.034,False,False,False,False,False,False
17477,33595.308,0.074,0.042,-0.001,-0.146,0.515,0.007,3.937,1.649,0.543,0.042,0.045,234.205,905364.0,20,-0.001,False,False,False,False,False,False
17478,89160.211,0.429,0.394,1.148,1.076,4.884,-0.216,-1.361,-1.469,-1.328,0.148,0.133,63.479,1114807.0,20,0.043,False,True,True,False,True,False
17509,-30448.499,0.445,0.58,-0.003,0.002,4.363,-0.109,3.217,0.436,-2.862,-0.004,0.037,,1188143.0,20,0.046,False,False,False,False,True,False
17513,45038.43,-0.14,-0.384,0.098,0.074,-0.795,0.056,1.85,1.031,0.244,0.101,0.105,136.991,369338.0,20,1.037,False,False,True,False,False,True
17514,184918.707,-0.33,0.222,-0.001,-0.0,3.815,-0.244,1.676,0.527,0.866,0.028,-0.001,162.196,3260267.0,20,0.809,False,False,False,False,True,True
17543,3765.483,-0.336,0.095,-0.157,-0.031,-2.318,0.253,3.784,2.541,0.642,0.041,0.026,406.815,160627.0,20,0.255,False,False,False,False,False,False
17551,-2831.287,0.49,0.881,0.27,0.137,4.608,-0.089,2.112,3.416,-0.144,0.02,0.092,1092.034,42768.0,20,-0.626,True,True,False,False,False,False
17563,-21174.938,0.54,0.729,-0.023,-0.02,3.833,-0.087,1.208,1.285,0.082,-0.024,-0.052,,619096.0,20,0.459,True,False,False,False,False,False
17569,-409.119,0.752,0.629,0.227,0.38,0.805,-0.011,1.301,,,,,,20044.0,18,,False,True,False,False,False,False
17572,-9640.075,0.089,0.614,-0.083,-0.026,0.415,0.036,1.865,3.308,0.392,0.019,0.008,839.214,200967.0,20,1.397,False,False,False,False,False,True
17580,-3185.047,0.591,0.605,-0.024,-0.007,-4.709,0.314,3.195,-0.781,-0.362,0.088,0.055,129.212,653557.0,20,-0.048,False,False,False,False,False,False
17587,13636.902,0.318,0.074,0.397,0.449,3.507,-0.288,1.513,1.966,-0.284,-0.093,-0.14,,201586.0,20,-0.276,False,True,False,False,True,False
17588,27359.949,0.296,0.496,0.232,0.169,-0.535,0.172,1.143,1.599,0.106,0.058,0.015,171.155,884220.0,20,0.183,False,True,False,False,False,False
17589,-823.579,1.253,1.173,-0.121,-0.05,-4.447,0.131,4.086,,,,,,11363.0,18,,False,False,False,False,False,False
17603,12253.014,0.344,0.342,-0.559,-0.159,-1.507,0.25,3.875,0.336,-0.048,0.147,0.181,99.271,331407.0,20,-0.174,False,False,True,False,False,False
17607,199.979,0.284,0.399,0.0,-0.277,-0.503,0.079,3.108,0.998,0.373,0.057,0.032,374.132,57101.0,20,0.395,False,False,False,False,False,False
17612,98903.57,0.018,0.158,-0.015,0.015,-2.046,0.082,1.253,0.203,-0.075,0.107,-0.012,78.714,1347254.0,20,0.35,False,False,False,False,False,False
17614,-621.636,0.818,1.298,0.038,-0.058,-2.84,0.193,4.477,2.553,1.301,0.057,0.076,162.639,1048648.0,20,0.249,True,False,False,False,False,False
17621,4234.962,-0.037,0.043,0.186,0.152,0.885,-0.011,4.217,-0.18,-0.168,0.085,-0.017,230.579,88419.0,20,0.936,False,True,False,False,False,True
17622,8275.314,0.574,0.603,-0.009,0.01,-2.103,0.153,3.932,0.895,0.22,-0.004,-0.149,,317891.0,20,0.235,True,False,False,False,False,False
17629,-793.14,-0.421,-0.635,0.025,0.024,-1.634,-0.01,5.522,-2.606,0.38,-0.086,-0.203,,52635.0,20,28.098,False,False,False,False,False,True
17632,394.439,-0.015,-0.004,0.803,0.274,-6.558,0.202,-1.164,-1.162,0.133,0.083,0.034,312.321,19766.0,20,-0.847,False,True,False,False,False,False
17633,,,,,,,,,,,,,,1922676.0,2,,False,False,False,False,False,False
17636,7554.647,-0.365,0.148,-0.079,-0.042,0.329,-0.129,3.832,2.811,0.167,0.035,0.08,365.909,429171.0,20,0.103,False,False,False,False,False,False
17639,43592.364,0.084,0.104,-0.052,-0.036,0.082,-0.01,2.008,0.401,0.377,0.043,-0.024,276.773,554267.0,20,0.649,False,False,False,False,False,True
17643,3122.656,-0.593,0.022,0.408,0.21,-0.481,0.058,2.635,3.019,0.059,-0.005,-0.027,,464526.0,20,0.135,False,True,False,False,False,False
17650,15128.884,0.092,0.029,0.0,0.0,-2.003,0.105,5.041,3.842,0.619,0.136,0.03,119.91,219053.0,20,-0.558,False,False,False,False,False,False
17652,-142.4,-0.584,0.271,0.0,-1.037,-9.72,0.3,2.565,,,,,,21081.0,9,,False,False,False,False,False,False
17658,92405.179,-0.113,0.116,0.08,0.066,0.788,-0.052,5.426,1.406,-0.087,0.026,-0.061,246.728,2080808.0,20,0.383,False,False,False,False,False,False
17661,8059.047,-1.451,-1.043,-0.237,-0.107,0.238,-0.075,1.631,1.137,-0.115,-0.031,-0.141,,113243.0,20,,False,False,False,False,False,False
17671,7250.451,0.002,0.08,0.016,0.012,-0.323,0.033,-0.266,0.392,-0.149,0.059,0.007,287.425,164915.0,20,-0.154,False,False,False,False,False,False
17672,-15390.226,0.597,1.105,-0.323,-0.134,-2.016,0.143,3.179,1.967,-0.128,0.033,0.027,385.227,452672.0,20,0.025,True,False,False,False,False,False
17676,58623.143,0.045,0.106,-0.098,-0.102,-1.964,0.116,5.737,0.764,0.062,0.07,-0.03,144.13,860820.0,20,0.637,False,False,False,False,False,True
17685,67155.925,-0.639,-0.307,0.293,0.274,1.219,-0.169,1.221,-0.669,-0.418,-0.082,-0.317,,633993.0,20,0.745,False,True,False,False,False,True
17713,,,,,,,,,,,,,,135829.0,3,,False,False,False,False,False,False
17734,16996.782,3.179,2.43,-0.199,0.04,-8.125,0.265,1.592,1.146,0.019,0.226,0.181,68.531,305089.0,20,2.123,True,False,True,False,False,True
17735,191395.371,0.104,0.177,0.035,0.027,-1.006,0.127,2.85,0.326,-0.002,0.021,-0.029,75.847,6741168.0,20,0.188,False,False,False,False,False,False
17736,-372.893,-0.177,0.174,-0.009,0.019,4.921,-0.111,3.708,0.603,0.087,-0.018,-0.031,,461872.0,20,0.155,False,False,False,False,True,False
17739,25599.128,1.203,1.057,0.281,0.164,1.144,0.044,1.018,3.296,-0.377,-0.094,-0.22,,839989.0,20,0.168,True,True,False,False,False,False
17741,417894.674,-0.832,-0.815,0.092,0.083,2.607,-0.015,2.24,-3.309,0.412,0.071,-1.369,72.109,2894748.0,20,3.02,False,False,False,False,False,True
17743,71375.615,-0.437,-0.444,-0.083,-0.065,4.147,-0.119,3.461,0.519,0.203,0.025,0.006,308.558,1456967.0,20,0.163,False,False,False,False,True,False
17748,45260.243,-0.554,0.004,-0.092,-0.06,3.296,-0.074,3.581,,,,,,1608101.0,15,,False,False,False,False,False,False
17749,67410.027,0.171,0.202,0.025,0.015,1.516,-0.052,2.136,1.538,-1.147,0.06,0.012,130.533,1499837.0,20,0.117,False,False,False,False,False,False
17751,105354.959,0.099,0.143,0.01,0.005,0.88,-0.027,4.221,1.991,0.144,0.05,0.012,140.947,1779609.0,20,0.343,False,False,False,False,False,False
17759,6379.72,0.125,0.202,-0.0,-0.0,-2.225,0.156,1.143,0.428,0.236,0.143,0.069,131.576,123428.0,20,-0.382,False,False,True,False,False,False
17764,287452.641,-1.117,-1.033,0.127,0.127,0.135,0.097,4.599,0.107,-0.313,0.083,0.012,59.413,3051213.0,20,0.386,False,False,False,False,False,False
17767,7817.597,0.608,0.688,0.734,0.534,1.36,-0.011,1.965,0.832,0.13,0.005,-0.063,2963.557,322981.0,20,-0.365,True,True,False,False,False,False
17769,4077.567,0.28,0.245,0.101,0.059,0.096,-0.016,2.323,1.533,0.535,0.012,-0.05,1111.492,368915.0,20,-0.072,False,False,False,False,False,False
17773,3658.259,0.212,0.367,-0.274,-0.137,-1.163,0.062,5.314,0.288,-0.163,0.009,-0.117,1719.962,195231.0,20,-0.339,False,False,False,False,False,False
17775,5182.535,0.834,0.921,-0.064,-0.004,-3.74,0.268,1.235,0.394,-0.628,0.107,0.006,157.365,184624.0,20,0.38,False,False,False,False,False,False
17782,-3125.777,0.938,1.011,-0.301,-0.129,-5.382,0.199,6.836,0.438,1.005,0.066,0.074,280.612,110717.0,20,0.091,False,False,False,False,False,False
17797,10138.869,-0.442,-0.228,-0.007,-0.004,11.076,-0.188,3.325,0.517,-1.008,-0.101,-0.111,,835989.0,20,-0.143,False,False,False,False,True,False
17798,254156.755,-0.469,-0.377,0.158,0.138,3.816,-0.262,2.48,,,,,,6162093.0,17,,False,True,False,False,True,False
17809,-67092.186,0.617,1.124,-0.027,-0.021,5.39,-0.187,3.577,4.375,0.007,0.015,0.286,677.478,810448.0,20,0.11,True,False,False,False,True,False
17811,-2719.555,0.299,0.621,0.053,0.033,2.443,-0.04,3.932,3.452,0.264,-0.03,0.038,,359936.0,20,0.09,False,False,False,False,False,False
17813,3309.744,0.398,0.39,0.05,0.024,-6.843,0.332,1.83,-0.36,0.12,0.316,0.297,69.511,84624.0,20,8.191,False,False,True,False,False,True
17825,986.018,0.514,0.551,0.0,0.0,-11.143,0.305,-1.74,0.61,-0.283,0.115,0.101,219.047,25150.0,20,,False,False,True,False,False,False
17830,3696.129,0.914,0.962,0.094,0.09,-1.988,0.225,6.928,1.767,0.1,0.028,0.015,583.791,184995.0,20,0.513,True,False,False,False,False,True
17832,15280.469,0.212,0.062,-0.385,-0.205,0.024,0.016,4.078,1.737,0.459,0.091,0.006,161.955,295001.0,20,0.624,False,False,False,False,False,True
17841,-1314.737,0.842,0.82,-0.159,-0.059,-1.437,0.185,0.61,3.14,0.107,0.007,-0.005,2449.91,149038.0,20,0.201,True,False,False,False,False,False
17842,158910.986,0.411,0.485,-0.012,0.002,1.481,-0.018,2.82,2.117,0.407,0.012,0.005,265.337,4461113.0,20,-0.019,True,False,False,False,False,False
17863,2583.113,-0.051,0.096,0.055,-0.009,1.337,-0.028,5.42,3.334,0.716,-0.099,-0.059,,462265.0,20,0.252,False,False,False,False,False,False
17870,385511.29,0.148,0.196,0.065,0.059,2.315,-0.08,1.964,1.43,-0.032,0.01,0.029,147.275,6912673.0,20,-0.017,False,False,False,False,False,False
17872,5471.624,0.04,0.163,-0.217,-0.078,-3.449,0.174,4.452,0.576,-0.924,0.091,0.085,190.078,156039.0,20,0.116,False,False,False,False,False,False
17878,448.28,0.806,1.009,-0.261,-0.258,-7.069,0.258,4.719,-0.892,-0.048,0.048,-0.077,388.432,103811.0,20,0.578,False,False,False,False,False,True
17881,51452.707,-0.166,-0.069,0.047,0.072,-1.856,0.085,1.931,-2.256,0.382,0.132,-0.053,112.575,303793.0,20,0.405,False,False,False,False,False,False
17884,,,,,,,,,,,,,,420744.0,1,,False,False,False,False,False,False
17897,93176.147,-0.139,-0.082,0.016,0.008,2.7,0.012,2.503,0.887,-0.635,0.039,0.014,178.368,1828069.0,20,-0.157,False,False,False,False,False,False
17903,6657.35,0.102,0.323,-0.006,-0.005,-0.405,0.04,1.28,1.504,0.607,0.057,0.03,223.602,444535.0,20,0.788,False,False,False,False,False,True
17906,6053.997,0.082,0.323,0.011,0.01,-1.826,0.133,4.694,1.31,0.182,0.01,-0.07,1401.104,258149.0,20,0.563,False,False,False,False,False,True
17910,40950.983,0.223,0.295,-0.009,-0.071,3.408,-0.143,2.777,-0.608,-1.987,0.053,-0.009,140.822,1598703.0,20,0.233,False,False,False,False,True,False
17913,3971.167,-0.237,0.551,0.15,0.818,0.659,-0.016,-0.33,0.891,0.041,0.205,0.26,88.234,163850.0,20,1.914,False,True,True,False,False,True
17922,1156.367,0.514,0.496,-0.026,-0.008,-3.72,0.16,4.933,-0.811,-0.2,0.083,-0.018,227.884,108984.0,20,-0.116,False,False,False,False,False,False
17927,18330.06,-0.359,0.223,-0.155,-0.091,-1.983,0.131,4.792,0.573,0.853,0.051,-0.008,290.826,273901.0,20,0.595,False,False,False,False,False,True
17933,30782.899,0.247,0.233,-0.415,-0.228,-3.557,0.138,5.595,1.402,0.274,0.048,-0.002,205.199,881614.0,20,1.272,False,False,False,False,False,True
17937,21202.051,0.421,0.439,0.125,0.099,0.304,0.031,2.108,2.0,0.425,0.048,0.089,217.279,802645.0,20,0.261,True,False,False,False,False,False
17943,362682.803,0.266,0.385,0.051,0.057,1.076,-0.01,6.686,-0.513,-0.9,0.102,0.035,4.269,9017093.0,20,0.216,False,False,True,True,False,False
17950,40712.232,0.114,0.194,0.308,0.275,-0.661,-0.018,1.828,0.753,-0.148,0.181,0.09,73.772,466521.0,20,0.588,False,True,True,False,False,True
17951,52483.284,-0.011,-0.015,-0.047,-0.028,1.256,-0.045,5.284,1.044,0.589,0.06,-0.018,164.592,908169.0,20,0.579,False,False,False,False,False,True
17953,,,,,,,,,,,,,,230632.0,5,,False,False,False,False,False,False
17959,20595.071,0.619,0.715,0.106,0.1,-1.37,0.091,5.529,1.86,0.432,0.061,-0.017,208.358,451276.0,20,0.335,True,False,False,False,False,False
17960,51156.908,-0.059,0.045,0.155,0.132,4.135,-0.13,1.487,0.596,0.153,0.027,0.03,296.221,1390762.0,20,-0.111,False,True,False,False,True,False
17964,144456.208,0.347,0.3,-0.036,-0.025,0.672,-0.005,5.998,2.587,0.953,0.043,-0.012,125.925,2669355.0,20,0.636,False,False,False,False,False,True
17975,-679.618,-0.417,0.259,-0.104,-0.08,0.469,0.001,-1.24,1.756,0.44,0.026,0.039,704.238,115150.0,20,0.578,False,False,False,False,False,True
17979,9332.965,0.345,0.529,-0.023,0.003,2.263,-0.073,1.774,1.585,0.543,0.054,0.052,266.815,291040.0,20,-0.143,False,False,False,False,False,False
17982,430.908,4.468,2.94,-0.974,-0.5,11.811,-0.349,-1.739,1.212,-0.925,-0.063,-0.012,,12541.0,20,0.679,True,False,False,False,True,True
17985,-279833.33,0.293,0.458,0.037,0.025,0.481,-0.0,2.767,1.065,0.244,0.022,0.044,,24266808.0,16,,False,False,False,False,False,False
17993,5784.033,0.003,0.345,0.44,0.275,0.419,-0.034,2.584,0.318,-0.255,0.033,-0.04,472.035,210024.0,20,0.857,False,True,False,False,False,True
17995,1182.692,0.314,0.158,0.069,0.033,0.145,0.022,-0.263,0.439,-0.03,0.057,-0.02,377.116,52243.0,20,0.317,False,False,False,False,False,False
18012,110914.716,0.398,0.51,-0.019,-0.012,1.132,-0.103,1.059,0.576,0.281,0.059,-0.013,88.117,2811973.0,20,0.188,False,False,False,False,False,False
18013,99262.382,-0.006,0.041,0.0,0.002,3.797,-0.119,2.105,0.992,0.147,0.037,0.057,131.166,2995084.0,20,0.2,False,False,False,False,True,False
18019,21894.878,0.074,0.117,-0.683,-0.542,-4.333,0.269,-1.049,1.281,0.651,0.133,0.106,115.66,270568.0,20,0.05,False,False,True,False,False,False
18028,9909.173,-0.139,0.205,-0.085,-0.046,-0.248,-0.022,2.67,1.304,0.232,0.04,0.032,323.482,416530.0,20,0.17,False,False,False,False,False,False
18030,45089.931,0.077,0.156,0.033,0.025,-1.748,0.093,0.394,1.104,0.112,0.06,0.007,168.969,848942.0,20,0.234,False,False,False,False,False,False
18031,16921.931,-0.68,-0.124,0.008,0.006,2.695,-0.07,2.866,,,,,,669249.0,17,,False,False,False,False,False,False
18033,5993.786,-0.097,0.078,0.243,0.158,1.598,-0.094,1.97,0.445,-0.73,0.014,-0.073,1216.845,156389.0,20,0.262,False,True,False,False,False,False
18038,29496.692,-0.589,-0.383,-0.057,-0.038,2.338,-0.007,3.777,-1.016,-0.739,0.076,-0.026,150.928,619715.0,20,1.067,False,False,False,False,False,True
18059,111987.236,0.536,0.613,0.117,0.086,-1.82,0.145,4.934,1.81,-0.025,0.016,-0.08,379.472,2255917.0,20,0.418,True,False,False,False,False,False
18063,12005.374,-0.001,0.049,0.02,0.017,-2.08,0.105,1.424,0.417,-0.027,-0.025,-0.297,,128915.0,20,0.22,False,False,False,False,False,False
18071,-76.108,-0.176,0.047,0.001,0.001,4.392,-0.102,1.715,1.374,0.025,0.062,0.033,313.214,87303.0,20,,False,False,False,False,True,False
18089,-2812.333,-0.792,0.745,-1.432,-0.415,7.462,-0.317,0.291,,,,,,31699.0,9,,False,False,False,False,True,False
18094,15.356,0.307,0.563,0.259,-0.159,0.56,0.004,-0.88,1.498,0.593,0.011,0.012,2084.673,32909.0,20,-0.2,False,True,False,False,False,False
18100,20524.833,-0.382,0.071,-0.235,-0.154,0.391,-0.055,2.489,1.006,0.943,0.086,0.131,98.133,1320825.0,20,0.101,False,False,False,False,False,False
18101,-15.543,0.996,0.891,-0.059,-0.021,-6.68,0.203,5.855,3.224,0.1,0.017,0.029,1255.063,57757.0,20,52.294,True,False,False,False,False,True
18109,16314.072,-0.197,-0.182,0.0,0.0,-0.895,0.043,2.209,-1.194,0.119,0.125,-0.068,131.266,212601.0,20,0.501,False,False,False,False,False,True
18118,45296.836,-0.2,-0.272,-0.586,-0.332,-0.277,0.027,3.049,0.764,1.56,0.023,-0.005,538.435,445915.0,20,2.266,False,False,False,False,False,True
18120,-49.42,1.004,1.002,0.089,0.088,1.162,0.105,3.216,0.97,0.811,0.035,0.008,473.863,179215.0,20,2.149,True,False,False,False,False,True
18129,174405.585,0.019,0.148,-0.043,-0.021,2.722,-0.173,3.903,0.437,0.285,0.076,0.019,64.808,3068942.0,20,0.519,False,False,False,False,True,True
18132,-6336.571,-1.462,0.47,0.088,0.022,2.504,-0.001,1.471,,,,,,188943.0,15,,False,False,False,False,False,False
18136,288.538,0.319,0.392,0.025,0.02,-3.943,0.199,0.619,1.728,0.118,0.013,0.058,1520.754,88130.0,20,-0.464,False,False,False,False,False,False
18143,42198.893,0.305,0.289,-0.152,-0.044,-1.205,0.047,4.081,1.073,-0.257,0.119,0.015,93.795,722444.0,20,0.426,False,False,False,False,False,False
18145,-534.725,0.691,0.862,-0.414,-0.152,0.263,0.193,0.461,0.769,0.55,-0.03,-0.288,,81514.0,20,,True,False,False,False,False,False
18150,-25516.0,-1.096,1.411,0.016,-0.029,-16.169,0.639,2.928,,,,,,289276.0,10,,False,False,False,False,False,False
18155,9592.126,-0.548,0.062,-0.542,-0.189,-0.859,0.064,5.057,0.721,-0.054,0.168,0.127,93.816,264254.0,20,0.308,False,False,True,False,False,False
18164,-609.522,0.912,0.986,-0.525,-0.274,-5.683,0.246,0.954,0.222,-0.307,0.087,0.032,220.082,99274.0,20,-0.084,False,False,False,False,False,False
18165,5927.438,0.131,-0.064,0.027,0.014,-3.728,0.25,3.839,1.529,1.213,0.065,0.002,278.151,124748.0,20,-0.306,False,False,False,False,False,False
18171,-1542.34,0.253,0.282,0.098,0.13,-1.661,0.112,2.574,0.255,-0.015,0.006,-0.059,2065.545,377302.0,20,0.147,False,False,False,False,False,False
18185,132170.731,0.233,0.238,0.067,0.127,1.619,-0.037,3.116,0.169,0.375,0.307,0.273,26.704,1676292.0,20,0.356,False,False,True,False,False,False
18190,41958.767,0.042,0.295,-0.279,-0.147,0.953,-0.012,6.173,1.301,0.374,0.059,0.024,77.758,3302130.0,20,0.322,False,False,False,False,False,False
18194,85142.962,-0.199,-0.27,-0.037,-0.018,3.417,-0.092,2.264,-0.285,0.709,0.239,0.167,35.731,1473506.0,20,0.387,False,False,True,False,False,False
18198,202506.881,0.928,0.637,-0.094,-0.024,0.526,0.061,4.188,2.639,0.109,0.282,0.253,20.672,2769160.0,20,0.711,True,False,True,False,False,True
18199,30378.635,0.338,0.35,0.044,0.048,-2.278,0.044,8.406,1.176,0.447,0.05,0.068,134.713,1925047.0,20,0.072,False,False,False,False,False,False
18200,31614.412,0.24,0.006,-0.055,-0.023,-0.436,-0.007,7.253,1.885,0.518,0.041,0.031,207.331,1220818.0,20,0.75,False,False,False,False,False,True
18204,91048.704,-0.052,-0.014,-0.267,-0.182,3.394,-0.127,3.635,0.775,0.0,0.034,0.026,172.285,2359213.0,20,0.47,False,False,False,False,True,False
18213,-23049.248,0.321,0.473,-0.058,-0.035,2.441,-0.109,5.851,2.804,0.514,0.072,0.16,95.731,1887262.0,20,0.04,False,False,False,False,False,False
18216,9143.347,-0.093,0.143,-0.315,-0.201,-2.778,0.401,0.798,,,,,,238629.0,19,,False,False,False,False,False,False
18227,21475.161,2.16,2.054,0.013,-0.001,-5.449,1.16,-0.081,-0.342,-11.241,0.177,0.138,73.084,507645.0,20,-0.127,False,False,True,False,False,False
18229,44866.241,-0.326,-0.098,0.084,0.075,2.233,-0.05,4.104,0.839,0.311,0.05,0.015,171.949,1234701.0,20,0.739,False,False,False,False,False,True
18237,19393.579,0.282,0.319,-0.036,-0.04,-2.039,0.101,3.381,0.054,-0.244,0.085,0.023,148.658,484363.0,20,0.988,False,False,False,False,False,True
18238,47969.576,0.535,0.498,-0.181,-0.096,-2.546,0.212,9.335,2.192,-0.77,0.015,-0.037,473.764,1737451.0,20,0.678,True,False,False,False,False,True
18258,83927.398,0.249,0.166,0.06,0.066,0.811,-0.002,5.957,2.209,0.64,0.037,0.016,180.83,1907111.0,20,0.581,False,False,False,False,False,True
18266,142584.189,0.268,0.173,0.409,0.423,2.927,-0.196,1.219,0.671,0.142,0.044,0.074,104.857,3267182.0,20,0.009,False,True,False,False,True,False
18272,137495.35,0.297,0.522,0.006,0.006,0.116,0.008,2.579,0.552,0.078,0.103,0.001,71.068,1740134.0,20,0.376,False,False,False,False,False,False
18282,-7495.271,-1.737,0.434,-0.01,-0.001,5.754,-0.081,0.659,,,,,,162700.0,15,,False,False,False,False,False,False
18284,10461.284,-0.175,-0.078,0.216,0.131,1.376,-0.036,6.085,0.435,0.73,0.087,0.053,183.072,216251.0,20,0.154,False,True,False,False,False,False
18296,-3200.37,0.747,0.774,-0.068,-0.028,-5.833,0.169,3.196,0.432,-2.207,0.029,-0.067,339.32,883480.0,20,0.099,False,False,False,False,False,False
18297,345902.388,-0.445,-0.105,0.021,0.013,1.422,-0.152,1.02,0.828,0.155,0.055,0.056,9.56,8797882.0,20,0.381,False,False,False,True,False,False
18301,5105.937,0.451,0.804,-1.046,-0.589,-4.356,0.264,3.53,-1.12,-0.4,0.102,0.002,171.063,156620.0,20,0.427,False,False,False,False,False,False
18302,3765.161,4.793,3.66,0.437,0.187,14.692,-0.286,0.12,14.636,-1.452,0.138,-0.297,159.842,57827.0,20,4.493,True,True,False,False,True,True
18342,8700.456,-4.572,-5.633,0.0,0.0,0.282,-3.046,-1.05,,,,,,88115.0,19,,False,False,False,False,False,False
18344,119747.257,-0.164,-0.032,0.088,0.079,-3.991,0.164,0.315,-0.144,0.363,0.206,0.03,50.398,942084.0,20,0.503,False,False,False,False,False,True
18355,58634.62,-0.103,-0.163,0.005,0.005,3.125,-0.043,6.699,0.851,0.226,0.002,-0.023,4182.223,1880365.0,20,0.34,False,False,False,False,False,False
18356,5790.983,0.203,0.214,-0.001,-0.0,-0.539,0.036,4.076,2.427,0.805,0.062,0.119,260.943,197129.0,20,0.649,False,False,False,False,False,True
18361,11374.689,-0.017,0.183,0.587,0.493,4.46,-0.439,2.236,0.017,0.548,-0.043,-0.01,,524341.0,20,-0.26,False,True,False,False,True,False
18374,175839.537,-0.962,-1.409,0.058,0.05,0.191,-0.099,-2.51,-0.291,0.138,0.029,-0.918,316.574,1008157.0,20,3.345,False,False,False,False,False,True
18378,7218.006,-0.162,-0.07,0.06,0.05,-1.339,-0.0,2.397,-0.559,0.089,0.123,-0.013,154.979,113109.0,20,0.818,False,False,False,False,False,True
18380,4160.063,0.351,0.321,0.21,0.128,-1.475,0.08,2.442,1.736,0.573,0.038,-0.028,458.243,142613.0,20,0.896,False,True,False,False,False,True
18384,1692.424,0.162,0.128,0.036,0.023,0.259,-0.037,4.693,1.547,0.604,0.026,0.002,480.02,443315.0,20,0.457,False,False,False,False,False,False
18385,8717.221,0.358,0.463,-0.026,-0.014,1.067,0.046,5.393,0.973,0.608,0.023,-0.08,493.919,583624.0,20,0.396,False,False,False,False,False,False
18389,58875.131,0.584,0.536,0.532,0.299,-3.453,0.426,1.675,0.345,-0.412,0.079,0.027,126.262,896865.0,20,0.424,False,True,False,False,False,False
18394,462.932,0.585,0.709,0.147,0.102,1.73,-0.015,3.74,2.273,0.412,0.036,0.077,475.945,144982.0,20,-0.056,True,False,False,False,False,False
18400,34911.871,-0.654,-0.435,0.04,0.088,4.328,-0.13,1.62,1.485,0.183,-0.047,-0.023,,517630.0,20,0.014,False,False,False,False,True,False
18402,37935.386,-0.091,0.122,0.012,0.015,1.871,-0.033,5.663,1.486,0.667,0.02,-0.02,335.552,1955338.0,20,0.49,False,False,False,False,False,False
18408,122118.695,-0.062,0.144,0.045,0.019,2.49,-0.133,4.129,1.605,0.268,0.026,0.022,46.609,7422800.0,20,0.226,False,False,False,False,False,False
18429,141764.165,0.292,0.346,-0.195,-0.152,1.79,-0.011,3.587,2.717,0.372,-0.026,-0.016,,5281633.0,20,0.26,False,False,False,False,False,False
18431,3071.266,-0.029,0.075,0.0,0.022,-1.148,0.217,5.621,1.563,1.026,0.064,0.015,180.075,614297.0,20,0.349,False,False,False,False,False,False
18443,53469.23,-0.538,-0.298,0.016,0.016,1.313,-0.126,2.092,0.966,0.643,0.023,-0.045,439.59,813862.0,20,-0.025,False,False,False,False,False,False
18448,-578.737,0.278,0.158,0.014,0.071,-0.024,0.024,3.76,1.368,1.022,-0.07,-0.218,,120836.0,20,0.345,False,False,False,False,False,False
18454,-2239.35,0.676,0.632,0.111,0.371,-1.792,0.185,2.723,2.547,-0.215,-0.05,-0.043,,83077.0,20,-0.429,True,True,False,False,False,False
18463,-1472.526,-0.674,-0.086,0.138,0.07,9.102,-0.28,2.65,1.059,-0.034,-0.055,-0.016,,38192.0,20,-0.1,False,False,False,False,True,False
18467,54873.667,-0.418,0.44,-0.199,-0.137,1.742,-0.175,6.475,,,,,,1558336.0,9,,False,False,False,False,False,False
18474,5499.967,-0.324,0.213,-0.0,-0.0,-0.932,0.109,1.866,0.629,0.235,0.045,0.007,319.982,291246.0,20,0.283,False,False,False,False,False,False
18483,189.57,0.923,0.842,-0.823,-0.314,-4.405,0.201,0.558,3.397,-0.132,-0.022,-0.0,,25576.0,20,-0.053,True,False,False,False,False,False
18487,15626.429,-0.793,0.705,-0.322,-0.218,-1.467,0.115,5.392,,,,,,923127.0,7,,False,False,False,False,False,False
18489,43938.875,1.04,1.021,0.017,0.19,0.284,-0.097,1.27,2.306,0.095,-0.007,0.038,,1328835.0,20,0.473,True,True,False,False,False,False
18508,-2116.235,0.412,0.464,0.555,0.367,2.806,-0.153,-0.225,2.168,0.281,-0.045,-0.016,,87042.0,20,0.127,True,True,False,False,True,False
18509,,,,,,,,,,,,,,2901235.0,2,,False,False,False,False,False,False
18514,3819.531,0.494,0.491,0.406,0.288,-1.487,0.053,2.049,1.357,0.339,0.027,0.005,543.782,274362.0,20,9.918,True,True,False,False,False,True
18518,24420.674,-0.061,-0.04,0.061,0.06,-0.262,-0.11,7.565,0.658,0.341,0.144,0.017,108.296,259424.0,20,-0.328,False,False,False,False,False,False
18519,105297.191,-0.573,-0.538,0.175,0.142,2.569,-0.171,1.314,0.31,0.303,0.216,0.057,47.659,971958.0,20,0.593,False,True,True,False,True,True
18528,,,,,,,,,,,,,,105460.0,1,,False,False,False,False,False,False
18561,224030.656,0.485,0.306,0.159,0.11,2.805,-0.213,0.95,0.277,-0.101,0.077,-0.012,69.742,2734177.0,20,0.312,False,True,False,False,True,False
18564,22610.854,0.894,0.903,0.072,-0.011,-1.91,0.079,4.4,1.1,0.224,0.178,0.163,76.897,427997.0,20,0.347,True,False,True,False,False,False
18566,8916.307,0.136,0.299,-0.039,-0.016,-3.089,0.109,0.773,2.949,0.79,0.065,0.03,209.399,372207.0,20,0.129,False,False,False,False,False,False
18568,82.271,0.06,-0.249,0.0,0.0,8.263,-0.324,-8.676,-6.869,-1.703,0.063,-0.025,354.271,44826.0,20,,False,False,False,False,True,False
18569,54887.732,0.084,0.172,0.156,0.103,2.378,-0.069,3.399,1.171,0.463,0.024,-0.005,315.858,1494913.0,20,0.255,False,True,False,False,False,False
18576,-1498.268,0.117,0.004,0.093,0.072,0.014,0.038,-1.652,-0.658,-1.108,-0.014,-0.044,,543077.0,20,-0.158,False,False,False,False,False,False
18584,-13309.182,0.389,0.561,-0.123,-0.092,2.196,-0.044,-1.676,1.088,0.332,-0.01,0.026,,564421.0,20,-0.226,False,False,False,False,False,False
18592,1584.009,1.405,1.481,0.009,0.007,-0.246,0.265,4.885,0.7,-1.172,0.029,-0.095,388.86,646939.0,20,0.269,False,False,False,False,False,False
18600,-4279.709,-0.917,0.529,-0.005,-0.002,15.485,-0.432,-3.728,,,,,,112232.0,11,,False,False,False,False,True,False
18609,45461.116,0.287,0.582,-0.082,-0.047,-0.686,-0.001,3.399,2.069,0.513,0.192,0.139,39.283,1777199.0,20,0.51,False,False,True,False,False,True
18610,10082.662,-0.015,0.071,0.084,0.069,0.983,-0.072,3.449,1.022,0.741,0.021,-0.014,615.175,430992.0,20,0.102,False,False,False,False,False,False
18618,833413.23,0.147,0.095,0.243,0.159,30.649,-0.959,0.925,-5.668,-3.78,0.16,-0.144,6.941,7728868.0,20,0.08,False,True,False,True,True,False
18620,10658.457,0.394,0.392,0.21,0.339,-0.93,0.089,3.361,0.585,-0.139,0.03,0.013,522.595,216358.0,20,0.244,False,True,False,False,False,False
18641,1926.229,1.828,1.665,1.212,0.711,-4.258,-0.13,-2.64,0.94,-0.555,-0.013,-0.031,,221508.0,20,-0.178,True,True,False,False,False,False
18660,-9745.654,-0.154,0.599,0.234,0.145,0.302,-0.171,0.797,0.606,-0.112,0.002,0.053,8465.857,292746.0,20,-0.183,False,True,False,False,False,False
18677,43125.014,1.299,1.136,-0.135,-0.052,-1.409,-0.066,3.679,-9.061,1.157,0.351,-0.04,48.521,259978.0,20,10.802,False,False,False,False,False,True
18698,7134.595,0.802,0.867,-0.0,-0.0,-2.369,0.27,5.62,2.774,0.576,0.016,-0.004,776.265,423330.0,20,0.44,True,False,False,False,False,False
18710,9173.284,0.455,0.493,0.214,0.315,-0.161,0.101,2.438,1.229,0.67,0.001,-0.051,22847.179,261989.0,20,0.082,True,True,False,False,False,False
18719,1529.353,0.386,0.041,0.262,0.338,-1.125,0.083,8.595,-0.395,-0.064,0.068,0.076,306.516,65168.0,20,0.732,False,True,False,False,False,True
18724,1939.582,0.264,0.309,-0.362,-0.264,-2.594,0.085,4.705,1.241,0.507,0.038,0.002,605.347,33205.0,20,5.901,False,False,False,False,False,True
18734,377880.307,-2.211,-2.236,0.838,0.681,-11.441,0.972,-6.581,-6.32,-1.287,0.732,-0.016,11.154,2162070.0,20,2.187,False,True,False,False,False,True
18740,44161.35,-0.086,0.151,-0.011,0.015,-1.121,0.052,6.275,1.55,0.541,-0.007,-0.044,,901489.0,20,3.167,False,False,False,False,False,True
18748,48164.797,-0.353,-0.365,0.0,0.0,-0.328,-0.044,5.369,1.392,0.609,0.071,0.028,158.35,666840.0,20,1.219,False,False,False,False,False,True
18761,6148.478,0.158,0.155,-0.171,-0.179,3.097,-0.055,-1.74,-0.698,0.639,0.118,0.097,140.237,200930.0,20,0.153,False,False,True,False,False,False
18780,20832.815,0.49,0.526,0.142,0.087,-5.675,0.494,0.077,2.26,4.927,0.176,0.16,84.893,319677.0,20,-0.349,True,False,True,False,False,False
18820,28015.964,0.263,0.165,0.163,0.137,-2.013,-0.007,-2.053,1.248,0.672,0.058,-0.045,287.565,173130.0,20,1.052,False,True,False,False,False,True
18838,-2611.437,0.781,1.11,0.0,0.0,10.585,-0.379,2.45,,,,,,33465.0,14,,False,False,False,False,True,False
18841,18098.848,0.416,0.63,-0.066,-0.027,1.939,-0.008,7.797,1.27,0.012,0.152,0.052,78.53,616678.0,20,1.146,True,False,True,False,False,True
18855,-4249.133,-1.746,0.926,-0.803,-0.234,2.053,0.08,2.536,,,,,,72862.0,9,,False,False,False,False,False,False
18856,6174.659,-0.209,-0.316,-0.076,-0.087,-2.344,0.109,1.749,-1.831,0.672,0.16,0.142,107.937,181932.0,20,0.314,False,False,True,False,False,False
18858,2174.427,0.444,0.416,-0.003,0.005,-1.64,0.096,2.992,1.567,0.474,0.059,0.018,229.801,366927.0,20,-0.064,True,False,False,False,False,False
18879,546.803,-0.114,0.069,0.821,0.509,0.019,0.012,1.594,0.818,0.157,-0.029,-0.043,,126800.0,20,0.127,False,True,False,False,False,False
18880,-3349.672,0.584,0.672,-0.025,0.004,-0.631,0.074,2.356,3.67,0.644,0.046,0.073,246.292,626225.0,20,0.526,True,False,False,False,False,True
18885,2819.711,-0.076,0.404,0.044,0.017,0.934,-0.003,4.058,2.545,0.355,0.021,0.01,676.813,311139.0,20,-0.128,False,False,False,False,False,False
18889,8808.539,-0.579,-0.419,0.567,0.438,2.166,-0.158,1.092,,,,,,125854.0,17,,False,True,False,False,False,False
18892,2728.737,0.062,0.098,-0.072,-0.028,-6.626,0.249,-1.129,-0.382,-0.544,0.177,0.141,123.081,65664.0,20,-0.349,False,False,True,False,False,False
18895,-15964.202,-1.225,0.387,0.0,0.0,9.543,-0.172,3.955,4.08,0.415,0.019,0.077,804.971,211211.0,20,0.782,False,False,False,False,True,True
18922,-23143.69,0.204,0.374,0.008,0.019,0.226,-0.018,2.94,2.497,0.215,0.065,0.151,102.834,1969645.0,20,-0.026,False,False,False,False,False,False
18924,61516.893,-4.451,-4.141,-0.517,-0.428,36.217,-1.709,-22.492,-5.228,3.966,0.375,-0.278,44.969,279372.0,20,181.964,False,False,False,False,True,True
18930,4303.465,0.365,0.57,0.01,0.004,-8.046,0.254,5.089,0.689,0.05,-0.082,-0.439,,155890.0,20,-0.324,False,False,False,False,False,False
18937,-1005.173,1.154,0.913,0.0,0.0,-1.708,0.216,3.588,3.439,1.216,-0.049,-0.135,,28581.0,20,,True,False,False,False,False,False
18942,-1456.141,0.988,1.37,-0.008,0.016,-6.067,0.402,1.582,3.738,-0.618,-0.035,-0.112,,44622.0,20,2.221,True,False,False,False,False,True
18983,539877.802,0.239,0.158,-0.001,-0.0,1.559,-0.05,1.543,0.578,-0.297,0.144,0.081,14.964,6047747.0,20,0.509,False,False,True,False,False,True
19001,58498.394,-0.214,-0.169,-0.097,-0.084,1.156,-0.083,3.727,1.904,1.14,0.012,-0.153,880.191,663036.0,20,0.379,False,False,False,False,False,False
19008,195694.68,0.007,0.107,0.176,0.132,1.569,-0.08,3.343,0.889,0.215,0.021,-0.013,197.592,3666225.0,20,0.061,False,True,False,False,False,False
19011,6079.66,-0.601,-0.161,-0.041,-0.104,1.872,-0.026,5.587,0.065,0.409,0.057,0.011,241.097,357813.0,20,1.003,False,False,False,False,False,True
19024,8037.51,-0.129,0.448,0.108,0.081,-0.129,0.049,2.211,2.062,0.7,0.041,0.018,342.806,330313.0,20,0.191,False,False,False,False,False,False
19070,-3356.734,-0.195,0.203,0.102,0.063,0.971,-0.021,2.326,0.703,-0.014,-0.017,-0.054,,392809.0,20,0.353,False,False,False,False,False,False
19080,78678.325,0.369,0.352,0.036,0.029,2.604,-0.167,1.921,1.24,0.936,0.014,0.029,237.705,4438460.0,20,0.101,False,False,False,False,True,False
19087,5367.696,-0.561,-0.517,-0.003,-0.002,1.031,-0.044,0.898,-0.851,-0.388,0.085,0.003,224.639,100917.0,20,,False,False,False,False,False,False
19101,43222.162,0.213,0.19,-0.178,-0.099,-0.94,0.012,1.992,1.038,0.039,0.016,-0.046,647.119,732308.0,20,0.283,False,False,False,False,False,False
19105,-502.851,0.438,0.425,-0.017,-0.005,-3.457,0.104,-0.493,1.22,-0.527,-0.008,0.068,,23569.0,20,-0.214,True,False,False,False,False,False
19123,99006.075,0.013,0.099,0.336,0.397,1.792,-0.097,3.505,0.895,0.532,0.056,0.059,108.033,2324050.0,20,0.144,False,True,False,False,False,False
19125,,,,,,,,,,,,,,93007.0,4,,False,False,False,False,False,False
19143,-6109.666,0.566,0.612,-0.165,0.002,3.183,-0.072,4.854,-0.276,-0.59,0.077,0.094,145.387,681320.0,20,0.165,False,False,False,False,False,False
19163,51690.229,0.163,0.184,-0.003,-0.036,-1.822,0.046,5.659,1.903,0.457,0.098,0.01,127.44,514131.0,20,0.483,False,False,False,False,False,False
19184,20593.528,0.052,0.596,0.032,0.022,-0.406,0.082,4.491,1.555,0.216,0.065,-0.046,138.255,1142793.0,20,0.674,False,False,False,False,False,True
19188,-15043.332,-0.339,0.611,0.051,0.027,7.107,-0.232,4.45,,,,,,241065.0,14,,False,False,False,False,True,False
19200,8222.629,3.234,-0.896,-0.115,-0.432,18.48,-0.635,-6.795,,,,,,167552.0,6,,False,False,False,False,True,False
19212,36937.188,0.175,0.189,0.081,0.083,1.138,-0.057,-0.275,0.449,-0.053,0.004,-0.0,2392.244,740886.0,20,-0.199,False,False,False,False,False,False
19213,105042.577,0.105,0.237,0.043,0.041,0.023,0.043,6.395,1.613,0.432,0.052,0.03,132.932,1836211.0,20,0.475,False,False,False,False,False,False
19215,60248.289,0.213,0.276,0.051,0.036,-0.671,-0.091,3.759,-2.473,-1.213,0.302,0.211,27.954,1585603.0,20,0.328,False,False,True,False,False,False
19220,-113014.093,-0.06,0.144,0.072,0.052,5.655,-0.227,4.911,1.853,0.061,0.005,0.078,929.661,2964249.0,20,0.006,False,False,False,False,True,False
19222,113413.988,0.226,0.281,-0.034,-0.011,-0.014,-0.033,2.639,0.794,0.335,0.012,0.021,175.563,5915963.0,20,-0.038,False,False,False,False,False,False
19226,5551.345,-2.769,0.056,-0.138,-0.027,9.442,-0.634,2.292,,,,,,378164.0,10,,False,False,False,False,True,False
19230,307.038,0.243,0.173,0.316,0.204,1.697,0.006,3.486,1.578,0.261,0.029,0.004,728.105,53479.0,20,9.019,False,True,False,False,False,True
19234,32300.09,0.426,0.203,0.673,0.739,-1.716,0.038,-0.573,1.16,-1.035,0.098,0.046,141.957,359330.0,20,0.462,True,True,False,False,False,False
19254,-7782.325,-0.215,-0.165,0.478,0.414,8.131,-0.414,1.294,3.802,-1.13,-0.173,0.079,,360782.0,20,-0.385,False,True,False,False,True,False
19263,-14334.286,0.84,-0.747,-0.059,0.069,17.912,-0.746,5.547,,,,,,296437.0,7,,False,False,False,False,True,False
19274,37646.46,0.32,0.247,0.013,0.077,-1.412,0.025,-1.598,0.361,-0.135,0.051,-0.033,267.451,368899.0,20,0.166,False,False,False,False,False,False
19278,9375.471,-1.023,-0.374,0.25,0.07,0.825,-0.098,0.615,0.051,0.112,0.118,0.068,152.367,145265.0,20,0.163,False,True,True,False,False,False
19285,8711.398,0.069,0.541,-0.042,-0.006,-2.448,0.083,2.571,2.666,0.096,0.007,-0.033,1785.906,361460.0,20,0.568,False,False,False,False,False,True
19288,89559.359,0.443,0.25,-0.028,-0.001,-1.248,0.009,-0.59,1.345,0.788,0.108,-0.031,80.976,1253608.0,20,0.131,True,False,False,False,False,False
19300,130826.562,0.192,0.339,0.152,0.113,2.684,-0.175,-1.73,1.728,0.153,-0.01,-0.024,,5156962.0,20,-0.002,False,True,False,False,True,False
19333,33172.46,0.67,0.71,0.226,0.481,3.937,-0.1,2.081,1.719,0.389,-0.042,0.007,,2539080.0,20,-0.033,True,True,False,False,False,False
19349,-1769.586,0.004,0.008,-0.036,-0.024,0.455,0.094,4.85,,,,,,210887.0,19,,False,False,False,False,False,False
19351,-2866.31,0.272,0.435,0.179,0.159,-2.306,0.061,6.323,0.735,-0.812,0.025,-0.028,662.797,157526.0,20,-0.049,False,True,False,False,False,False
19354,6869.883,-0.121,-0.127,-0.556,-0.211,-1.706,0.198,4.777,-0.695,-0.328,0.183,0.165,105.41,119904.0,20,2.795,False,False,True,False,False,True
19358,31543.429,0.168,0.335,0.002,0.001,1.7,-0.063,2.201,1.987,0.429,0.098,0.152,99.743,975176.0,20,0.006,False,False,False,False,False,False
19371,98667.871,-0.019,0.048,-0.035,-0.031,-1.782,0.031,0.711,1.389,0.422,-0.01,-0.101,,1479703.0,20,0.136,False,False,False,False,False,False
19381,3207.185,0.299,0.514,-0.434,-0.019,0.227,0.019,6.158,0.562,0.435,0.127,0.076,138.9,158783.0,20,-0.278,False,False,True,False,False,False
19396,18453.546,-0.263,0.149,0.163,0.118,2.355,-0.096,3.281,2.18,0.467,0.028,0.042,405.077,596103.0,20,0.153,False,True,False,False,False,False
19401,24549.847,0.312,0.367,0.019,-0.005,0.115,0.01,2.608,0.565,0.579,0.08,-0.001,138.349,694341.0,20,0.342,False,False,False,False,False,False
19416,272006.559,0.043,0.058,0.017,0.031,1.824,-0.089,-0.269,1.498,0.216,0.038,0.055,66.351,5369932.0,20,-0.065,False,False,False,False,False,False
19420,8012.487,0.743,0.756,-0.021,-0.016,-2.735,0.185,5.733,-0.037,0.251,0.161,0.105,86.496,395451.0,20,1.0,False,False,True,False,False,True
19434,-11470.968,0.317,0.49,-0.309,-0.154,1.559,-0.053,2.983,2.148,0.214,-0.014,-0.003,,780102.0,20,0.055,False,False,False,False,False,False
19440,2512.608,-0.856,0.505,0.291,0.152,0.428,0.012,2.36,1.644,-0.126,0.017,-0.039,881.408,245617.0,20,0.175,False,True,False,False,False,False
19448,36917.798,0.031,0.252,0.084,0.099,0.365,-0.022,3.795,1.164,0.433,0.059,0.046,173.523,841350.0,20,0.206,False,False,False,False,False,False
19459,147969.91,0.287,0.41,-0.18,-0.108,-1.148,0.041,4.435,0.712,0.073,0.065,-0.057,55.253,4165370.0,20,1.319,False,False,False,False,False,True
19480,,,,,,,,,,,,,,61548.0,3,,False,False,False,False,False,False
19482,65434.132,-0.011,0.226,-0.013,-0.007,2.132,-0.084,1.99,1.327,0.157,0.092,0.052,95.172,1237314.0,20,0.292,False,False,False,False,False,False
19502,30728.544,0.756,0.7,-0.062,-0.015,-5.033,0.33,3.663,0.449,0.515,0.022,-0.002,367.166,1365377.0,20,-0.072,False,False,False,False,False,False
19506,114460.4,0.266,0.267,-0.291,-0.218,-0.676,0.037,4.002,0.326,0.242,0.113,0.011,60.948,1948394.0,20,0.52,False,False,False,False,False,True
19512,7711.086,-0.184,-0.167,-0.203,0.196,2.302,-0.028,2.532,-1.598,0.321,0.014,-0.003,648.428,1051390.0,20,0.01,False,True,False,False,False,False
19515,,,,,,,,,,,,,,148186.0,4,,False,False,False,False,False,False
19525,-39.534,0.174,0.443,0.091,0.061,1.488,-0.015,2.011,2.494,0.103,0.031,0.071,365.538,631474.0,20,0.237,False,False,False,False,False,False
19531,124407.38,0.025,0.016,0.001,0.008,2.998,-0.095,2.82,1.716,0.568,0.032,0.02,170.633,2648458.0,20,0.116,False,False,False,False,False,False
19532,23576.361,0.18,0.365,-0.026,-0.01,0.022,0.058,2.363,3.371,-0.013,0.001,0.063,12174.791,843493.0,20,0.229,False,False,False,False,False,False
19540,10170.481,0.34,0.312,0.004,0.003,-1.305,0.061,0.477,1.219,0.519,0.029,-0.107,487.218,295241.0,20,-0.056,False,False,False,False,False,False
19544,1011.621,0.258,0.248,0.249,0.113,6.769,-0.326,-1.825,0.189,-0.057,0.05,0.056,292.404,282425.0,20,-0.197,False,True,False,False,True,False
19559,388326.602,0.069,0.032,0.174,0.223,0.156,-0.121,5.821,2.291,0.696,-0.043,-0.14,,2469605.0,20,0.264,False,True,False,False,False,False
19573,135443.946,0.157,0.082,-0.135,-0.109,1.429,-0.101,2.319,0.897,0.528,0.081,0.09,64.669,2858811.0,20,0.232,False,False,False,False,False,False
19581,1443135.771,-0.143,-0.106,0.211,0.183,10.644,-0.829,0.828,,,,,,14533697.0,14,,False,True,False,False,True,False
19589,3185.137,0.021,0.094,-0.095,-0.057,-0.924,0.062,4.941,1.767,0.841,0.03,0.057,625.601,101910.0,20,0.212,False,False,False,False,False,False
19590,19472.644,-0.012,0.159,0.159,0.135,-1.775,0.055,3.154,1.373,0.055,0.003,-0.094,5066.291,329690.0,20,0.569,False,True,False,False,False,True
19595,7188.641,0.217,0.401,0.009,0.003,-0.356,-0.061,-1.571,1.074,0.195,0.021,-0.004,864.296,114171.0,20,0.987,False,False,False,False,False,True
19600,228182.568,-0.653,-0.581,-0.083,-0.056,1.042,-0.163,0.049,-0.847,0.22,0.115,0.005,41.129,3275311.0,20,0.331,False,False,False,False,False,False
19603,26385.624,-0.159,0.035,-0.009,-0.0,2.307,-0.087,4.816,1.625,0.511,0.049,0.045,192.265,998102.0,20,0.412,False,False,False,False,False,False
19608,58171.591,-0.132,-0.046,-0.015,-0.022,5.64,-0.171,2.208,0.964,0.266,0.025,0.025,303.475,1527658.0,20,0.121,False,False,False,False,True,False
19628,,,,,,,,,,,,,,327223.0,5,,False,False,False,False,False,False
19629,158006.634,1.307,1.875,0.218,0.153,-2.609,0.33,9.012,3.627,0.084,0.037,-0.005,1.193,9892909.0,18,0.272,True,True,False,True,False,False
19638,28347.841,-0.053,-0.098,0.531,0.422,0.062,-0.125,2.902,0.079,-0.437,0.03,-0.05,415.988,451124.0,20,-0.149,False,True,False,False,False,False
19644,4233.408,-0.21,0.555,0.079,0.039,2.763,-0.137,1.023,2.362,0.426,0.021,0.015,544.168,558240.0,20,0.11,False,False,False,False,True,False
19674,16682.998,0.078,-0.039,-0.112,-0.037,-0.453,0.069,4.131,0.999,0.373,0.049,-0.021,293.224,299450.0,20,0.727,False,False,False,False,False,True
19679,13819.212,0.475,0.475,-0.205,-0.103,-5.851,0.349,1.491,1.69,0.025,0.042,-0.012,326.886,339441.0,20,0.122,True,False,False,False,False,False
19680,2502.057,0.016,0.245,0.074,0.042,-1.894,0.164,1.72,0.013,-0.059,0.128,0.056,164.83,70097.0,20,0.313,False,False,True,False,False,False
19681,12691.083,-0.323,-0.307,0.056,0.079,0.929,-0.054,2.673,0.225,0.659,-0.006,-0.07,,325712.0,20,0.116,False,False,False,False,False,False
19687,7485.101,0.827,0.779,-0.0,-0.0,-3.149,0.233,0.077,0.501,-0.229,0.162,0.052,106.18,186369.0,20,0.598,False,False,True,False,False,True
19689,2726.03,0.356,0.397,0.415,0.279,-0.879,-0.001,5.314,2.614,0.216,0.021,0.027,757.728,178916.0,20,-0.477,False,True,False,False,False,False
19690,754188.481,-0.841,-0.81,-0.171,-0.074,1.146,-0.602,6.249,-0.45,0.535,0.191,-0.219,15.743,5034096.0,20,0.859,False,False,False,False,False,True
19693,,,,,,,,,,,,,,10263.0,2,,False,False,False,False,False,False
19700,-2372.153,0.651,0.679,0.002,0.002,-0.994,0.074,1.846,0.761,-0.55,0.009,0.017,1570.32,303038.0,20,0.26,True,False,False,False,False,False
19716,14532.271,0.467,0.613,0.062,0.049,-0.101,0.03,2.016,1.336,0.438,0.049,-0.028,213.799,783989.0,20,0.134,True,False,False,False,False,False
19720,-381.164,0.533,0.693,0.055,0.15,-1.578,0.2,4.531,1.289,0.306,0.051,0.034,332.497,158983.0,20,0.265,True,False,False,False,False,False
19742,5512.412,0.064,0.083,0.011,0.007,-1.177,0.099,1.578,-1.245,0.07,0.04,-0.066,334.267,383986.0,20,0.142,False,False,False,False,False,False
19744,-4142.971,-0.765,-0.072,-0.593,-0.215,3.655,-0.384,1.597,1.074,0.69,-0.001,0.037,,155789.0,20,0.034,False,False,False,False,True,False
19749,-4242.396,-0.402,0.586,-1.633,-0.91,2.639,0.123,0.821,,,,,,182024.0,13,,False,False,False,False,False,False
19755,861.901,0.454,0.498,0.263,0.246,1.319,-0.009,6.825,1.771,-0.001,0.037,0.061,443.214,177392.0,20,1.265,True,True,False,False,False,True
19762,,,,,,,,,,,,,,815788.0,2,,False,False,False,False,False,False
19772,73841.125,-0.207,0.026,0.181,0.152,1.492,-0.25,0.359,0.788,0.275,0.033,0.013,195.952,2058919.0,20,0.109,False,True,False,False,False,False
19774,-3928.457,0.585,-0.063,1.054,0.597,-2.241,-0.049,3.629,,,,,,51931.0,14,,False,True,False,False,False,False
19788,50651.319,0.204,0.387,0.139,0.096,-1.595,0.079,3.953,,,,,,1156839.0,19,,False,False,False,False,False,False
19795,5815.356,-0.0,0.166,0.28,0.133,2.834,-0.075,2.233,1.835,0.621,0.005,0.001,2005.667,650667.0,20,0.059,False,True,False,False,False,False
19796,-4309.041,1.347,0.825,-0.064,-0.038,4.788,-0.117,0.484,5.439,0.887,0.031,0.075,653.062,69027.0,20,0.768,True,False,False,False,True,True
19800,7649.82,0.254,0.283,-0.338,-0.154,-0.416,0.04,0.983,0.448,0.163,-0.033,-0.171,,222052.0,20,0.762,False,False,False,False,False,True
19809,8231.257,-0.232,-0.027,-0.362,-0.264,1.903,-0.026,6.585,-3.598,-0.268,0.195,-0.019,96.139,138737.0,20,0.136,False,False,False,False,False,False
19819,30.857,0.415,0.46,-0.057,-0.035,-3.129,0.265,1.585,-0.457,0.814,0.085,-0.01,240.338,73407.0,20,-0.26,False,False,False,False,False,False
19827,-7030.665,1.037,0.966,0.22,0.197,0.447,0.052,5.374,0.937,0.534,0.022,-0.025,475.682,711907.0,20,-0.009,True,True,False,False,False,False
19829,,,,,,,,,,,,,,43311.0,2,,False,False,False,False,False,False
19836,56310.235,-0.82,-0.874,0.224,0.203,-0.576,-0.028,2.854,0.337,0.328,0.042,-0.041,248.519,764634.0,20,0.183,False,True,False,False,False,False
19842,,,,,,,,,,,,,,8202927.0,4,,False,False,False,False,False,False
19850,98349.053,-0.179,0.022,-0.23,-0.187,0.415,-0.048,-1.795,-0.415,-0.13,0.143,0.144,57.789,1444197.0,20,0.111,False,False,True,False,False,False
19899,73489.684,0.335,0.3,0.346,0.321,0.042,-0.148,0.275,0.288,0.778,-0.023,-0.123,,2586584.0,20,-0.043,False,True,False,False,False,False
19904,9737.726,0.099,0.352,-0.027,-0.021,1.862,-0.056,1.094,2.746,0.302,0.01,0.011,1297.903,421746.0,20,0.285,False,False,False,False,False,False
19943,,,,,,,,,,,,,,7112322.0,2,,False,False,False,False,False,False
19953,1208263.678,0.099,0.233,-0.039,-0.027,2.514,-0.181,5.193,,,,,,10961829.0,12,,False,False,False,False,True,False
19978,6748.481,0.645,0.496,-0.195,-0.024,-7.563,0.285,4.393,3.11,0.617,0.004,-0.012,3199.365,289737.0,20,1.124,True,False,False,False,False,True
20015,141130.926,-0.412,-0.047,0.0,0.0,-0.459,0.023,-7.062,-12.999,-3.32,0.773,-0.07,12.0,1794219.0,20,,False,False,False,False,False,False
20026,-48663.777,0.311,0.244,0.131,0.094,16.246,-0.852,1.144,0.649,-4.25,-0.349,0.019,,73543.0,20,-0.48,False,False,False,False,True,False
20040,55469.161,0.209,0.313,-0.145,-0.131,-4.465,0.248,-1.9,,,,,,477598.0,12,,False,False,False,False,False,False
20093,34967.585,0.211,0.291,0.984,0.775,3.103,-0.278,-2.069,0.588,0.098,0.004,0.033,3138.371,614980.0,20,-0.259,False,True,False,False,True,False
20099,280881.197,0.309,0.024,0.115,0.033,13.876,0.01,-3.887,-4.499,-4.017,0.281,0.101,13.727,4272272.0,20,1.675,False,False,True,False,False,True
20100,29227.119,0.181,0.032,0.073,0.135,-1.295,-0.016,1.013,1.803,0.24,-0.039,-0.023,,385211.0,20,-0.334,False,False,False,False,False,False
20130,74475.233,0.775,0.96,0.12,-0.021,-1.875,0.122,2.161,1.253,0.039,0.093,0.043,95.48,1203870.0,20,0.409,True,False,False,False,False,False
20156,-19935.347,0.14,0.284,-0.05,-0.03,3.822,-0.122,5.154,2.019,-0.095,0.054,0.052,170.463,1059092.0,20,0.488,False,False,False,False,True,False
20161,54408.367,0.499,0.401,0.063,0.044,-0.387,0.03,3.462,0.98,0.214,0.104,0.056,87.228,1166234.0,20,0.211,True,False,True,False,False,False
20162,7306.878,-0.27,-0.299,0.102,0.097,-4.637,0.143,3.203,0.896,0.682,-0.005,-0.102,,104062.0,20,0.581,False,False,False,False,False,True
20164,456265.889,-0.136,-0.154,-0.067,-0.086,0.891,0.065,5.087,0.944,0.715,0.195,0.09,19.098,4270088.0,20,0.698,False,False,True,False,False,True
20179,87710.638,0.107,0.007,0.038,0.044,-2.909,0.236,3.333,1.975,2.935,0.267,0.17,41.237,875011.0,20,1.008,False,False,True,False,False,True
20198,-7612.129,0.547,0.875,0.064,0.04,-1.097,0.138,4.478,1.519,-0.03,0.024,0.026,484.428,589788.0,20,0.658,True,False,False,False,False,True
20215,14614.65,-0.033,0.13,0.012,0.01,1.832,-0.105,0.335,,,,,,233085.0,18,,False,False,False,False,False,False
20220,27942.095,-0.435,0.096,0.073,-0.89,0.613,-0.027,11.023,,,,,,419438.0,8,,False,False,False,False,False,False
20231,167491.756,0.522,0.329,0.029,0.374,0.004,-0.029,3.756,2.068,0.734,-0.012,-0.011,,2712157.0,20,0.208,True,True,False,False,False,False
20234,3322054.733,-1.375,-0.218,-0.131,-0.08,1.739,-0.143,3.944,,,,,,26311788.0,9,,False,False,False,False,False,False
20239,-606.773,-0.714,0.384,-0.066,-0.018,-1.267,0.082,2.841,2.594,0.498,0.016,-0.006,1102.795,142555.0,20,0.81,False,False,False,False,False,True
20241,142851.586,0.328,0.244,0.03,0.038,0.229,-0.06,4.658,,,,,,2505741.0,19,,False,False,False,False,False,False
20250,-30588.571,0.052,0.754,0.852,0.644,2.055,0.089,4.282,,,,,,668662.0,8,,False,True,False,False,False,False
20268,-27130.283,0.926,0.662,0.035,0.026,1.799,0.037,4.233,0.29,0.179,0.087,0.117,137.442,569609.0,20,0.012,False,False,False,False,False,False
20279,10830.62,-0.155,0.142,-0.193,-0.141,-0.259,-0.008,1.992,0.975,-0.119,0.033,-0.02,394.9,390201.0,20,0.091,False,False,False,False,False,False
20296,276507.768,-0.202,-0.152,-0.024,-0.012,-0.136,-0.026,3.02,-0.28,0.289,0.023,-0.06,61.757,7008117.0,20,0.251,False,False,False,False,False,False
20310,8655.333,-1.212,0.371,-0.94,-0.301,-0.99,-0.366,3.511,,,,,,697123.0,9,,False,False,False,False,False,False
20311,-7374.322,0.535,0.626,0.1,0.065,0.012,0.051,3.794,2.902,0.245,-0.083,-0.178,,608481.0,20,-0.104,True,False,False,False,False,False
20353,-8907.296,0.509,0.917,-0.058,-0.012,1.824,-0.056,1.335,2.308,0.402,0.03,0.032,405.842,516302.0,20,0.322,True,False,False,False,False,False
20369,344189.368,0.638,0.579,0.01,-0.015,0.341,0.003,3.63,1.229,-0.261,0.33,0.32,5.47,6769567.0,20,0.347,True,False,True,True,False,False
20387,46262.051,0.052,0.204,0.005,0.035,0.984,-0.082,1.675,-2.873,0.071,0.181,0.084,51.794,1160267.0,20,0.661,False,False,True,False,False,True
20429,11148.974,0.143,0.285,-0.041,-0.014,-1.336,0.058,6.232,0.582,0.4,0.118,0.06,134.053,238487.0,20,0.944,False,False,True,False,False,True
20454,297.856,0.446,0.559,0.001,0.0,-4.695,0.152,-4.327,2.031,0.107,-0.104,-0.216,,30240.0,20,-0.778,True,False,False,False,False,False
20468,8275.54,-0.585,0.135,0.16,0.101,0.036,-0.006,-0.481,1.064,-0.155,0.03,-0.049,451.453,348344.0,20,0.201,False,True,False,False,False,False
20479,1026.869,1.058,0.88,-0.435,-0.123,-2.94,0.287,0.491,2.491,0.544,0.063,-0.0,308.107,92942.0,20,-0.376,True,False,False,False,False,False
20484,77639.657,0.263,0.291,0.028,0.03,-0.945,0.084,5.154,0.528,0.405,0.092,0.002,89.062,1402760.0,20,0.719,False,False,False,False,False,True
20488,59738.968,-0.169,0.329,0.023,0.017,2.035,-0.059,1.741,1.628,0.552,0.005,-0.03,1307.453,2101863.0,20,0.217,False,False,False,False,False,False
20537,5976.998,1.077,0.901,0.463,0.332,-0.473,0.042,5.567,2.584,0.235,0.043,0.024,329.604,319673.0,20,0.06,True,True,False,False,False,False
20568,17520.277,0.213,0.368,-0.232,-0.09,1.251,-0.051,1.084,1.124,-0.105,0.101,0.112,119.849,559617.0,20,0.144,False,False,True,False,False,False
20624,826967.91,0.263,0.389,0.001,0.009,-0.676,-0.011,1.119,1.87,0.19,0.034,0.016,1.382,9886789.0,20,0.235,False,False,False,True,False,False
20657,2857.913,0.281,0.222,0.154,0.123,0.671,-0.038,0.526,0.095,0.408,-0.032,-0.091,,85304.0,20,-0.219,False,True,False,False,False,False
20666,28657.671,-0.182,0.161,1.013,0.773,-2.588,0.044,5.359,,,,,,483415.0,16,,False,True,False,False,False,False
20698,8425.792,-0.09,0.082,0.099,0.16,-0.5,0.047,2.485,1.36,0.5,0.031,0.007,423.176,402597.0,20,0.178,False,True,False,False,False,False
20720,-9779.829,0.251,0.233,-0.046,-0.026,1.762,-0.045,6.013,1.838,0.185,0.012,0.063,790.506,956143.0,20,0.18,False,False,False,False,False,False
20727,39993.585,0.178,0.22,0.026,0.02,2.838,-0.046,-0.666,0.283,0.388,0.018,-0.008,483.72,1199220.0,20,0.007,False,False,False,False,False,False
20741,62367.907,0.829,0.532,-0.274,-0.123,-5.978,0.227,7.509,1.096,0.042,0.07,0.026,89.649,2212952.0,20,0.366,True,False,False,False,False,False
20761,,,,,,,,,,,,,,201404.0,1,,False,False,False,False,False,False
20769,-540.857,-2.344,-0.188,0.0,0.0,18.421,-0.487,-4.926,,,,,,47524.0,8,,False,False,False,False,True,False
20776,46200.208,-0.14,-0.007,0.364,0.335,0.838,-0.04,2.489,0.592,0.925,0.068,0.03,135.703,1063463.0,20,0.347,False,True,False,False,False,False
20818,103368.77,-0.192,-0.014,0.016,0.051,0.019,0.003,1.908,0.916,0.312,0.084,-0.014,89.705,1653503.0,20,0.409,False,False,False,False,False,False
20845,66468.424,-0.015,0.055,0.333,0.791,4.753,-0.397,-0.419,-0.565,-1.578,0.102,0.07,80.704,1398702.0,20,0.114,False,True,True,False,True,False
20856,34211.377,0.553,0.52,0.036,0.069,-0.931,0.054,2.325,1.015,-0.27,0.0,-0.064,31127.876,1106725.0,20,0.441,True,False,False,False,False,False
20872,10204.397,0.564,0.571,0.376,0.348,-1.431,0.103,0.763,1.587,0.957,0.036,0.032,392.21,299247.0,20,-0.075,True,True,False,False,False,False
20884,14925.588,0.514,0.618,0.085,0.13,-0.38,0.032,3.788,0.148,-0.184,0.152,0.084,32.732,3142342.0,20,0.389,False,False,True,False,False,False
20954,105466.788,0.003,0.165,-0.006,-0.003,-0.369,-0.042,1.507,1.198,0.747,0.039,-0.081,169.738,1959788.0,20,0.322,False,False,False,False,False,False
20989,42810.268,0.35,0.463,0.052,0.047,1.145,0.002,3.693,1.175,0.597,0.068,-0.007,120.884,1370658.0,20,1.398,False,False,False,False,False,True
20993,15568.517,0.053,0.304,-0.197,-0.136,0.746,-0.024,0.416,0.515,-0.388,0.079,0.059,142.312,677813.0,20,0.144,False,False,False,False,False,False
21031,-18417.459,0.646,0.862,0.011,0.015,-1.006,0.041,4.792,2.163,0.353,0.013,0.026,358.374,3065066.0,20,0.22,True,False,False,False,False,False
21050,2259.955,0.162,0.257,0.021,0.045,0.227,-0.012,0.695,2.131,0.278,-0.032,-0.083,,129427.0,20,-0.139,False,False,False,False,False,False
21074,52666.322,0.288,0.278,-0.045,-0.02,1.842,-0.088,0.091,0.33,0.025,0.112,0.094,88.736,953152.0,20,0.089,False,False,True,False,False,False
21083,30246.484,0.328,0.227,-0.089,-0.056,0.589,-0.015,3.359,-0.25,0.249,0.031,-0.17,371.515,563128.0,20,0.739,False,False,False,False,False,True
21085,3438.611,0.673,0.745,1.715,1.41,-0.296,-0.069,-1.858,2.429,-1.429,0.003,0.019,6011.751,80553.0,20,-0.793,True,True,False,False,False,False
21121,54229.678,0.008,-0.067,-0.023,-0.004,-1.657,0.088,1.658,1.139,0.402,0.055,-0.022,186.086,824768.0,20,0.449,False,False,False,False,False,False
21161,21879.537,-0.397,-0.195,-0.129,-0.084,0.24,-0.005,2.677,0.659,0.344,0.074,0.002,177.906,415191.0,20,0.197,False,False,False,False,False,False
21163,255.533,-0.331,0.089,-0.785,-0.317,-11.385,0.576,2.453,,,,,,204054.0,9,,False,False,False,False,False,False
21219,3036.18,-0.02,-0.054,-0.14,-0.113,-0.584,0.026,2.142,-0.616,-0.547,0.054,-0.018,348.82,100300.0,20,0.403,False,False,False,False,False,False
21227,14211.245,-0.172,0.267,-0.004,0.001,0.567,0.01,2.656,1.048,-0.205,0.089,0.033,135.178,556372.0,20,0.137,False,False,False,False,False,False
21247,12537.835,-0.158,0.162,0.018,0.011,1.645,-0.056,1.019,1.555,0.437,0.01,-0.005,1141.68,594932.0,20,-0.133,False,False,False,False,False,False
21255,452.111,0.292,0.271,0.806,0.585,0.488,0.097,0.076,-0.92,-0.254,0.159,0.227,140.843,56179.0,20,-0.015,False,True,True,False,False,False
21265,748451.302,0.192,0.148,-0.003,-0.004,-3.229,0.079,0.433,-0.885,0.425,0.085,-0.109,28.783,5549791.0,20,0.766,False,False,False,False,False,True
21284,-713.72,0.171,0.157,-0.022,-0.008,-0.473,0.06,5.483,1.084,0.704,0.024,0.06,712.809,142605.0,20,0.437,False,False,False,False,False,False
21292,36293.26,-0.184,0.32,0.171,0.149,-0.171,0.026,2.136,2.208,0.59,0.076,0.058,116.073,1204901.0,20,0.34,False,True,False,False,False,False
21329,39545.377,0.402,0.423,0.622,0.5,-0.726,0.108,1.788,-0.046,0.562,0.133,-0.036,90.357,598478.0,20,0.298,False,True,False,False,False,False
21342,63457.705,-2.547,-2.544,0.109,0.112,-14.662,0.365,10.032,-1.08,3.856,0.275,-0.251,58.684,282747.0,20,6.983,False,False,False,False,False,True
21379,4774.283,1.443,1.723,0.089,0.095,4.572,-0.208,3.899,1.16,-0.111,0.011,-0.047,1613.972,103519.0,20,0.202,True,False,False,False,True,False
21448,348.063,1.03,1.043,0.144,0.104,7.845,-0.255,2.179,1.311,-2.63,0.09,0.045,228.47,71638.0,20,0.829,True,False,False,False,True,True
21455,9813.823,1.015,-0.485,0.433,0.315,-3.717,0.394,10.28,-5.427,-0.956,0.303,0.256,62.056,165381.0,20,0.741,False,True,True,False,False,True
21486,3343.456,0.16,0.627,-0.016,-0.01,2.355,-0.082,0.561,0.988,0.478,0.099,0.121,158.818,239757.0,20,-0.045,False,False,False,False,False,False
21525,3214.722,-0.177,0.157,0.051,0.037,1.575,-0.093,4.207,1.799,1.274,0.041,0.013,371.34,243072.0,20,0.035,False,False,False,False,False,False
21526,2016.12,-0.463,-0.094,0.002,0.001,-0.45,0.082,5.499,-2.709,-0.107,0.045,-0.007,374.113,162703.0,20,0.882,False,False,False,False,False,True
21529,13419.588,-0.187,-0.247,-0.043,-0.034,0.529,-0.009,1.523,-2.493,0.837,0.147,-0.017,125.505,135314.0,20,0.913,False,False,False,False,False,True
21557,11565.447,0.414,0.439,0.056,0.063,2.599,-0.101,5.687,1.69,1.12,-0.051,-0.087,,306105.0,20,-0.038,True,False,False,False,True,False
21567,115274.286,-0.513,-0.433,-0.025,-0.009,-6.151,0.069,3.288,-0.461,0.841,0.143,-0.112,78.532,722733.0,20,1.457,False,False,False,False,False,True
21573,63602.015,0.153,0.239,0.032,0.033,0.956,-0.037,2.435,0.737,0.443,0.074,0.021,87.123,2120392.0,20,0.359,False,False,False,False,False,False
21591,187364.49,0.334,0.381,-0.031,-0.014,-0.357,-0.009,2.06,1.025,0.454,0.058,0.01,81.642,3181793.0,20,0.44,False,False,False,False,False,False
21606,-2179.245,0.644,0.556,0.0,0.0,0.823,0.059,3.649,1.496,-0.198,-0.023,-0.061,,974149.0,20,0.065,True,False,False,False,False,False
21635,-3701.612,0.963,0.814,0.004,0.003,-4.316,0.111,6.345,3.353,0.436,-0.03,0.141,,78708.0,20,0.146,True,False,False,False,False,False
21692,-930.439,-0.255,0.134,-0.076,-0.023,3.946,-0.166,1.048,2.346,0.251,0.04,0.093,455.24,117984.0,20,0.097,False,False,False,False,True,False
21693,42751.263,-0.198,-0.306,0.025,0.015,-0.592,0.179,3.468,2.735,-0.189,0.283,0.451,51.927,394784.0,20,0.321,False,False,True,False,False,False
21714,27535.946,0.317,0.296,-0.125,-0.139,-0.065,0.034,2.778,0.444,0.639,0.084,0.079,106.085,1181367.0,20,0.104,False,False,False,False,False,False
21721,-4084.662,0.767,0.576,0.0,0.0,-2.235,0.134,2.791,1.253,0.822,0.03,-0.009,566.224,150051.0,20,0.216,True,False,False,False,False,False
21728,3394.313,-0.04,0.059,0.237,0.144,2.965,-0.124,5.52,2.173,0.344,-0.011,-0.015,,140078.0,20,0.721,False,True,False,False,True,True
21752,450.668,0.302,0.629,-0.058,-0.012,-0.09,0.099,4.453,1.817,0.736,0.078,0.09,250.693,89697.0,20,0.211,False,False,False,False,False,False
21761,2171.6,0.022,0.093,0.0,0.0,0.038,0.76,0.0,0.208,-1.419,0.032,-0.007,627.301,71040.0,20,,False,False,False,False,False,False
21784,55841.29,0.381,0.411,0.19,0.163,-2.357,0.144,2.146,1.394,0.723,0.068,-0.012,169.922,600578.0,20,0.177,False,True,False,False,False,False
21805,44907.05,-0.413,-0.19,0.159,0.056,-0.166,-0.066,-4.116,0.489,0.294,0.201,-0.034,64.589,516607.0,20,0.706,False,True,False,False,False,True
21807,-404.992,0.739,0.753,-0.101,-0.121,-2.687,0.186,1.634,0.417,-0.506,-0.036,-0.174,,53662.0,20,-0.098,False,False,False,False,False,False
21843,-297559.904,0.27,-0.273,0.0,0.0,-0.579,0.215,-27.061,8.836,-0.443,-0.459,-0.731,,4050082.0,20,,False,False,False,False,False,False
21848,-6284.83,0.085,0.224,-0.091,-0.01,0.886,0.079,4.807,-0.339,-0.131,0.058,0.056,177.169,826460.0,20,0.336,False,False,False,False,False,False
21868,513601.071,-0.727,-0.301,0.0,0.0,-1.329,-0.049,-1.833,-5.788,-0.786,0.082,-0.769,31.065,5409760.0,20,,False,False,False,False,False,False
21874,3775.395,0.442,0.59,-0.019,-0.112,-0.742,-0.015,2.751,1.954,0.831,0.041,0.039,375.606,223359.0,20,0.124,True,False,False,False,False,False
21883,7708.355,0.212,0.421,-0.003,0.003,3.872,-0.096,1.543,0.95,0.596,0.393,0.437,32.02,703489.0,20,0.763,False,False,True,False,False,True
21897,5192.998,-0.18,-0.066,0.004,-0.006,3.034,-0.098,-2.072,0.89,0.232,0.034,0.005,467.079,196991.0,20,-0.04,False,False,False,False,False,False
21906,69621.131,0.692,0.651,-0.002,0.022,-0.753,0.044,2.552,1.875,0.696,0.034,0.019,251.506,1191495.0,20,0.489,True,False,False,False,False,False
21928,10892.436,-0.036,0.015,-0.004,-0.002,-1.941,0.083,0.161,0.337,0.657,0.009,-0.054,1480.784,361725.0,20,-0.078,False,False,False,False,False,False
21943,268194.98,0.492,0.557,0.099,0.091,1.691,-0.062,3.57,0.9,0.206,0.013,0.013,1.621,9946447.0,18,0.173,True,False,False,True,False,False
21955,29465.368,-0.525,-0.463,-0.151,-0.12,-1.3,0.057,2.992,-0.514,0.479,0.243,0.11,63.969,309445.0,20,0.521,False,False,True,False,False,True
21956,-63400.574,0.294,0.625,-0.107,-0.05,4.776,-0.115,4.322,2.007,0.327,-0.05,-0.071,,2036398.0,20,0.13,False,False,False,False,True,False
21978,26474.054,-0.955,-0.844,-0.351,-0.802,3.008,-0.393,3.166,0.021,0.289,0.07,0.046,167.281,600666.0,20,0.35,False,False,False,False,True,False
21988,-1801.296,0.393,0.586,-0.426,-0.139,2.071,-0.036,2.914,2.298,0.104,-0.016,0.002,,318168.0,20,0.225,False,False,False,False,False,False
21998,5377.077,0.912,1.081,0.21,0.184,-3.229,0.145,6.292,0.215,0.021,0.062,-0.001,300.23,108784.0,20,0.128,False,True,False,False,False,False
22015,29030.878,0.11,0.226,0.207,0.144,-1.17,0.048,2.835,1.735,0.561,0.051,0.01,224.839,626069.0,20,0.059,False,True,False,False,False,False
22020,30401.071,-0.132,-0.053,0.394,0.305,3.822,-0.184,0.812,-0.003,-0.288,0.047,-0.018,251.154,568378.0,20,0.767,False,True,False,False,True,True
22034,950.952,-1.812,-0.074,-0.26,-0.327,-1.064,0.162,-4.721,,,,,,160472.0,8,,False,False,False,False,False,False
22039,,,,,,,,,,,,,,59668.0,1,,False,False,False,False,False,False
22046,7655.077,1.06,1.058,-0.075,-0.062,-5.011,0.298,-1.796,0.673,-0.215,0.092,-0.029,169.293,239878.0,20,0.093,False,False,False,False,False,False
22059,314.667,-0.2,0.134,0.0,0.0,-0.303,0.104,16.191,,,,,,67059.0,8,,False,False,False,False,False,False
22065,43270.045,-0.107,-0.005,-0.089,-0.072,1.933,-0.101,-0.155,0.473,0.489,0.049,-0.038,223.425,679202.0,20,0.024,False,False,False,False,False,False
22070,2678.44,-0.721,0.499,-0.163,-0.039,5.122,-0.413,6.435,,,,,,159557.0,13,,False,False,False,False,True,False
22081,14163.284,0.542,0.708,-0.064,-0.083,7.598,-0.282,3.885,,,,,,465611.0,17,,False,False,False,False,True,False
22086,2869.495,0.753,0.723,0.029,0.029,3.414,-0.107,4.823,2.006,0.539,0.048,0.112,311.237,254191.0,20,0.004,True,False,False,False,True,False
22090,39068.126,-0.365,-0.305,-0.026,-0.016,3.37,-0.129,-0.679,0.944,0.889,0.119,0.068,111.865,430430.0,20,0.076,False,False,True,False,True,False
22092,41104.4,0.757,0.8,0.052,0.001,-4.88,0.248,4.653,0.95,0.124,0.063,-0.048,171.917,721425.0,20,0.224,True,False,False,False,False,False
22134,123951.263,0.746,0.459,0.004,0.016,1.644,-0.045,2.314,-1.141,0.085,0.048,-0.102,89.449,3497348.0,20,0.299,False,False,False,False,False,False
22138,25341.179,0.009,0.04,0.0,-0.047,-3.157,0.142,2.041,-0.435,-0.267,0.085,-0.032,163.199,364186.0,20,0.341,False,False,False,False,False,False
22139,2895.902,0.185,0.162,-0.024,-0.048,2.166,-0.068,2.249,,,,,,767955.0,19,,False,False,False,False,False,False
22180,-13404.683,0.561,0.76,0.141,0.129,4.283,-0.105,10.498,2.759,0.567,-0.167,-0.257,,1044845.0,20,0.071,True,False,False,False,True,False
22205,135422.659,-1.583,-2.039,0.034,0.037,-18.741,0.649,1.266,0.606,0.329,0.291,-0.016,39.987,778747.0,20,0.78,False,False,False,False,False,True
22217,,,,,,,,,,,,,,79256.0,2,,False,False,False,False,False,False
22229,2476.43,1.045,1.229,0.758,0.287,-3.272,0.108,0.368,0.297,-2.034,0.081,0.074,253.106,72687.0,20,0.639,False,True,False,False,False,True
22242,3744.156,0.61,0.738,1.129,0.719,-2.774,0.157,2.309,0.206,-0.718,0.268,0.323,63.535,230791.0,20,-0.112,False,True,True,False,False,False
22257,234926.644,0.362,0.431,0.031,0.038,-2.037,0.009,4.091,1.381,0.171,0.172,0.121,24.966,3705164.0,20,0.266,False,False,True,False,False,False
22263,1947.774,0.144,0.392,-0.051,-0.017,-1.256,0.079,1.39,1.562,0.092,-0.004,-0.11,,81158.0,20,-0.079,False,False,False,False,False,False
22271,-4872.83,1.167,1.338,0.027,-0.001,-3.974,0.344,3.843,3.449,-0.242,0.023,0.021,590.438,372896.0,20,0.18,True,False,False,False,False,False
22273,5231.071,0.894,0.872,0.303,0.256,0.756,-0.122,0.7,0.573,-0.537,0.033,-0.002,511.496,148734.0,20,0.27,False,True,False,False,False,False
22282,14826.394,0.568,0.528,0.006,0.006,-0.107,0.036,4.504,1.255,0.374,0.003,-0.042,4397.885,544229.0,20,-0.036,True,False,False,False,False,False
22308,80463.714,0.056,0.117,0.231,0.24,-0.884,-0.025,1.955,-0.053,0.12,0.125,0.051,72.304,1196482.0,20,0.295,False,True,True,False,False,False
22319,277768.141,0.578,0.499,0.035,0.06,-1.145,0.124,2.042,1.0,0.326,-0.046,-0.167,,1827411.0,20,0.618,True,False,False,False,False,True
22327,,,,,,,,,,,,,,3221321.0,4,,False,False,False,False,False,False
22334,215990.782,0.294,0.459,0.097,0.083,2.181,-0.083,1.321,2.213,0.504,0.163,0.142,36.269,2545338.0,20,0.353,False,False,True,False,False,False
22340,93325.823,1.18,0.543,0.203,0.23,-0.454,-0.056,3.403,4.284,-0.066,0.072,-1.129,164.094,573210.0,20,1.413,True,True,False,False,False,True
22354,154544.926,0.273,0.318,-0.023,-0.052,-1.789,0.1,2.844,0.588,0.106,0.028,-0.132,212.774,2307886.0,20,0.725,False,False,False,False,False,True
22355,1184.298,0.165,0.319,0.318,0.132,0.422,-0.045,-0.353,-0.064,-0.494,0.044,0.007,480.193,58044.0,20,0.472,False,True,False,False,False,False
22358,2694.827,-0.318,0.113,0.335,0.094,-0.882,0.039,-1.57,1.015,-0.224,0.04,-0.047,440.81,129788.0,20,-0.972,False,True,False,False,False,False
22366,-348.656,0.889,0.944,0.17,0.11,4.176,-0.119,-1.465,1.064,0.543,0.033,0.012,334.444,676588.0,20,-0.049,True,True,False,False,True,False
22373,273364.114,-0.381,-0.444,0.261,0.209,1.852,-0.108,0.66,0.842,0.288,0.042,-0.031,135.275,2470409.0,20,0.31,False,True,False,False,False,False
22381,-9286.821,-0.725,0.398,0.028,0.01,1.452,-0.077,0.739,-0.025,-0.248,0.009,-0.044,1525.451,294255.0,20,-0.111,False,False,False,False,False,False
22394,22123.714,0.353,0.579,0.246,0.176,2.467,-0.197,1.025,1.517,0.606,0.016,-0.035,657.517,723470.0,20,4.528,False,True,False,False,False,True
22396,37059.248,0.344,0.444,0.002,0.004,-0.295,0.106,3.751,0.397,0.345,0.134,0.076,61.368,1446766.0,20,0.284,False,False,True,False,False,False
22398,-16761.675,-0.082,-0.201,1.292,0.87,8.422,-0.497,-5.21,0.668,-0.287,-0.064,0.164,,696422.0,20,-0.366,False,True,False,False,True,False
22430,-1460.439,-0.723,-0.544,0.708,-0.139,3.538,-0.269,3.351,1.751,-1.871,0.019,0.182,1183.308,43818.0,20,-0.344,False,True,False,False,True,False
22434,-421.197,0.403,0.565,-0.057,-0.133,-1.586,0.143,5.056,-0.334,0.719,0.071,-0.014,213.079,256644.0,20,0.224,False,False,False,False,False,False
22444,-51528.8,0.339,1.134,-0.161,-0.127,4.106,-0.384,5.734,,,,,,1191380.0,9,,False,False,False,False,True,False
22447,27173.098,-0.229,-0.086,-0.553,-0.423,0.025,-0.005,-1.444,0.511,-0.251,0.153,0.102,98.281,303974.0,20,2.141,False,False,True,False,False,True
22448,4011.964,-0.716,-0.574,-0.461,-0.254,-2.335,0.043,1.451,0.856,0.737,-0.058,-0.177,,82353.0,20,0.117,False,False,False,False,False,False
22451,253078.779,-0.384,0.392,0.122,0.116,2.571,-0.094,2.911,-0.496,0.582,0.931,0.498,7.172,3072746.0,20,1.744,False,False,True,False,False,True
22460,8804.4,1.53,0.459,-1.042,-1.402,9.876,-0.51,5.047,8.238,1.131,0.222,-0.014,70.179,297799.0,20,2.863,True,False,False,False,True,True
22502,-5036.695,1.104,0.971,-0.295,-0.13,-1.664,0.118,5.541,,,,,,69856.0,19,,False,False,False,False,False,False
22514,6548.514,0.757,0.762,0.406,0.289,-1.602,0.217,5.015,1.89,0.079,0.021,-0.093,787.544,163019.0,20,0.398,True,True,False,False,False,False
22523,,,,,,,,,,,,,,81302.0,5,,False,False,False,False,False,False
22526,3616.836,0.837,0.805,-0.084,-0.05,-1.9,0.135,2.974,2.032,-0.035,-0.039,-0.121,,238420.0,20,0.178,True,False,False,False,False,False
22536,8518.43,0.528,0.578,1.362,1.003,9.714,-0.251,-1.996,0.264,0.439,-0.006,-0.079,,395368.0,20,0.159,False,True,False,False,True,False
22537,55618.247,0.447,0.641,0.038,0.028,-1.089,0.087,1.004,2.076,0.081,0.01,-0.073,820.487,1431998.0,20,0.202,True,False,False,False,False,False
22543,,,,,,,,,,,,,,28801.0,2,,False,False,False,False,False,False
22549,-135.146,0.422,0.341,0.319,0.109,-4.679,0.04,2.585,1.408,-0.306,0.006,0.038,3619.135,32665.0,20,0.493,True,True,False,False,False,False
22551,-7212.536,0.814,0.805,-0.033,-0.014,-1.219,0.093,3.205,,,,,,416663.0,14,,False,False,False,False,False,False
22559,399215.386,0.284,0.231,0.051,0.034,-1.01,-0.025,3.063,1.428,-0.165,0.112,0.032,35.586,3884241.0,20,1.138,False,False,True,False,False,True
22567,5860.629,0.539,0.442,-0.008,-0.018,-0.212,-0.0,3.945,0.815,0.574,0.073,-0.075,244.65,130704.0,20,3.868,True,False,False,False,False,True
22578,2773.251,0.211,0.419,0.271,0.19,2.488,-0.092,3.493,0.616,-0.319,0.014,-0.041,1005.41,317090.0,20,0.091,False,True,False,False,False,False
22597,84127.191,0.077,0.233,-0.043,-0.013,-0.811,0.006,3.122,0.402,0.276,0.041,0.026,97.283,3751904.0,20,0.062,False,False,False,False,False,False
22598,3967.741,-0.404,-0.026,-0.144,-0.055,3.419,-0.08,2.563,0.683,0.83,0.081,0.047,224.626,124809.0,20,0.096,False,False,False,False,False,False
22600,10142.162,1.453,1.326,-0.556,-0.165,-3.392,0.554,3.823,1.88,-0.626,-0.14,-0.419,,297720.0,20,0.805,True,False,False,False,False,True
22601,-1286.62,0.5,0.549,-0.057,-0.096,-2.307,0.384,6.46,-1.485,-0.224,0.007,-0.009,2161.039,194453.0,20,0.42,False,False,False,False,False,False
22621,-4428.022,3.575,3.98,1.222,0.516,4.022,0.117,1.297,,,,,,119901.0,13,,False,True,False,False,False,False
22636,10039.302,0.098,0.333,-0.085,-0.036,-0.356,0.021,0.722,1.678,0.483,0.04,0.019,378.761,247116.0,20,0.321,False,False,False,False,False,False
22639,7815.889,-0.034,0.12,-0.058,-0.027,-0.445,0.053,1.695,1.731,0.446,0.082,0.06,196.052,213915.0,20,0.236,False,False,False,False,False,False
22653,377604.054,-0.407,-0.164,-0.487,-0.002,22.298,-0.374,0.117,3.169,-0.291,0.197,0.087,11.837,5867857.0,20,0.71,False,False,True,True,True,True
22657,-2694.989,-0.021,0.523,0.011,0.024,0.735,-0.013,1.921,,,,,,78762.0,18,,False,False,False,False,False,False
22669,-6706.436,0.811,1.215,-0.001,0.001,0.172,0.045,2.436,2.147,0.713,0.032,0.034,494.277,205967.0,20,-0.086,True,False,False,False,False,False
22717,7522.872,0.498,0.609,0.0,0.0,-3.122,0.146,3.656,3.237,0.517,0.013,0.021,1035.114,322969.0,20,0.565,True,False,False,False,False,True
22738,51096.415,0.087,0.09,0.851,0.701,1.987,-0.135,4.201,0.332,-0.264,-0.013,-0.171,,846485.0,20,0.671,False,True,False,False,False,True
22739,46847.26,0.146,-0.206,0.171,0.128,1.062,-0.111,0.804,1.382,0.457,0.038,-0.088,349.371,397894.0,20,0.132,False,True,False,False,False,False
22756,30096.06,-0.267,-0.239,0.144,0.138,0.82,-0.156,0.374,0.537,-0.396,0.07,-0.005,204.558,318586.0,20,0.131,False,False,False,False,False,False
22811,-152.68,1.565,1.453,-0.113,-0.064,-4.782,0.174,8.438,1.946,0.531,-0.037,-0.112,,165773.0,20,-0.162,True,False,False,False,False,False
22835,778.126,0.213,0.607,0.163,0.075,-0.652,0.058,1.487,0.941,-0.042,0.092,0.061,224.14,70484.0,20,-0.301,False,True,False,False,False,False
22838,6509.843,-0.07,0.26,-0.007,0.019,0.128,0.003,4.45,,,,,,146490.0,15,,False,False,False,False,False,False
22839,-1200.55,1.363,1.147,-0.811,-0.169,-15.803,0.682,1.47,3.011,0.295,-0.021,-0.013,,66054.0,20,0.292,True,False,False,False,False,False
22855,115.696,0.043,-0.315,-0.076,0.09,4.621,-0.299,-2.236,2.254,-0.368,-0.041,-0.012,,97003.0,20,-0.521,False,False,False,False,True,False
22867,-15400.617,-0.101,0.783,0.054,0.019,2.651,-0.065,1.28,4.507,-0.398,0.047,0.066,292.274,350053.0,20,-0.628,False,False,False,False,False,False
22874,795.94,0.29,0.322,-0.14,-0.051,-1.058,0.074,2.095,1.63,0.528,-0.019,0.014,,737221.0,20,-0.155,False,False,False,False,False,False
22876,33164.448,0.04,0.207,-0.053,-0.02,0.087,-0.022,2.137,1.898,0.761,0.054,0.036,158.632,1220341.0,20,0.593,False,False,False,False,False,True
22888,3781.248,0.393,-0.025,-0.071,-0.037,-1.935,0.134,1.868,0.859,0.586,0.06,0.042,272.123,190709.0,20,1.061,False,False,False,False,False,True
22895,11291.991,0.051,0.141,-0.021,-0.011,0.192,0.068,0.745,-1.57,-0.144,0.12,0.071,121.56,315885.0,20,0.896,False,False,True,False,False,True
22918,342796.0,0.022,-0.001,0.083,0.055,-0.978,-0.019,1.883,0.138,0.257,0.057,-0.102,63.998,4147949.0,20,0.219,False,False,False,False,False,False
22925,-2183.008,0.475,0.651,-0.124,-0.075,-0.913,0.03,0.663,0.118,0.197,0.071,0.091,231.543,191389.0,20,0.013,False,False,False,False,False,False
22939,29893.236,-0.667,0.3,-0.024,-0.013,3.332,-0.247,6.715,,,,,,728272.0,11,,False,False,False,False,True,False
22942,1066.174,0.163,0.633,0.005,0.036,0.068,0.12,5.532,2.177,-0.498,0.049,0.001,354.98,144112.0,20,0.284,False,False,False,False,False,False
22953,594583.784,-0.287,-0.293,0.237,0.171,-1.37,-0.108,-3.043,1.565,0.315,-0.026,-0.062,,9880787.0,19,-0.109,False,True,False,False,False,False
22954,541.059,0.527,0.359,0.11,0.064,0.942,-0.065,-0.22,2.27,0.578,0.012,-0.013,1712.177,51901.0,20,-0.194,True,False,False,False,False,False
22957,276804.235,0.174,0.084,0.217,0.166,-5.736,0.181,1.287,1.61,-0.161,-0.033,-0.223,,2781577.0,20,0.306,False,True,False,False,False,False
22964,23573.783,0.169,0.445,-0.012,-0.005,-0.021,0.033,4.327,2.395,0.245,0.082,0.123,129.097,794018.0,20,0.173,False,False,False,False,False,False
22971,4610.424,0.206,0.32,0.039,0.053,-0.462,0.055,3.576,0.973,0.333,0.026,-0.029,538.929,304613.0,20,0.224,False,False,False,False,False,False
22993,4854.496,1.248,1.263,0.058,0.047,-4.327,0.409,7.181,0.755,-0.468,0.089,-0.06,190.532,172617.0,20,0.094,True,False,False,False,False,False
23007,29710.731,0.534,0.533,-0.005,0.01,1.992,-0.029,5.146,1.117,0.33,0.029,0.016,344.986,820955.0,20,0.173,True,False,False,False,False,False
23030,353796.514,0.744,0.656,0.09,0.066,2.099,-0.083,7.904,1.33,0.589,0.042,-0.428,97.803,3697225.0,20,0.942,True,False,False,False,False,True
23041,-25297.489,0.438,0.579,-0.033,-0.014,-1.044,0.001,3.855,-0.396,-0.011,0.059,-0.015,143.237,1289807.0,20,0.28,False,False,False,False,False,False
23086,-10393.991,2.548,2.528,1.415,1.056,6.609,-0.235,-2.068,2.491,-0.647,-0.029,-0.004,,515271.0,20,0.037,True,True,False,False,True,False
23090,-32874.333,3.142,3.023,1.189,0.97,-4.627,0.102,4.25,,,,,,319736.0,9,,False,True,False,False,False,False
23091,169653.035,0.462,0.506,0.046,0.101,1.59,-0.017,2.068,1.925,0.541,0.019,0.007,84.043,6785152.0,20,0.123,True,False,False,False,False,False
23099,9995.588,-0.31,-0.179,0.015,-0.036,-2.166,0.085,4.623,0.084,0.112,0.552,0.557,38.21,150246.0,20,0.724,False,False,True,False,False,True
23123,24427.558,-0.271,-0.201,0.091,0.074,-0.57,-0.068,6.694,1.905,0.226,-0.045,-0.065,,557460.0,20,0.039,False,False,False,False,False,False
23126,4590.391,-0.28,-0.296,0.116,0.09,-0.242,0.045,3.205,-0.466,-0.321,0.09,0.053,215.395,96450.0,20,0.05,False,False,False,False,False,False
23137,,,,,,,,,,,,,,1135126.0,5,,False,False,False,False,False,False
23144,-7320.174,0.929,0.838,-0.153,-0.051,-0.422,0.095,3.506,2.249,0.64,-0.035,-0.07,,675548.0,20,-0.023,True,False,False,False,False,False
23152,18650.758,0.107,0.365,0.241,0.294,-0.719,0.037,1.819,2.266,0.39,0.074,0.03,180.158,401295.0,20,0.395,False,True,False,False,False,False
23189,5959.167,-0.389,0.012,-0.149,-0.069,-1.357,0.063,2.607,1.866,0.969,0.066,0.001,214.947,315050.0,20,0.78,False,False,False,False,False,True
23210,-2831.826,0.211,0.689,0.06,0.048,1.635,0.134,7.734,1.841,-0.418,-0.046,-0.002,,408366.0,20,0.103,False,False,False,False,False,False
23220,-16523.573,0.073,0.252,0.075,0.112,0.941,-0.148,2.821,0.641,0.202,0.009,0.017,40.197,9178494.0,20,0.127,False,False,False,False,False,False
23222,-2197.343,1.009,1.151,-1.419,-0.674,-4.464,1.03,-11.145,,,,,,118971.0,12,,False,False,False,False,False,False
23242,3223.735,-0.012,0.14,2.378,1.621,-1.008,0.237,5.336,-7.173,-2.529,0.215,0.262,94.435,100924.0,20,0.571,False,True,True,False,False,True
23244,-1079.776,-0.221,0.331,-0.703,-0.389,0.368,0.034,-3.225,,,,,,45454.0,16,,False,False,False,False,False,False
23257,30088.89,0.002,-0.029,0.09,-0.014,0.374,0.028,0.078,0.283,0.11,0.098,0.054,137.848,403887.0,20,0.342,False,False,False,False,False,False
23270,1052.15,1.011,1.02,0.006,0.002,-5.676,0.236,-0.154,2.44,0.131,-0.005,-0.051,,90090.0,20,-0.196,True,False,False,False,False,False
23275,117875.29,1.008,0.809,0.096,0.072,0.354,0.038,5.129,2.434,0.202,0.347,0.351,20.331,2199524.0,20,0.587,True,False,True,False,False,True
23286,116560.087,-0.225,-0.215,0.077,0.061,4.094,-0.139,4.488,0.517,0.149,0.005,-0.026,1354.414,1895394.0,20,-0.023,False,False,False,False,True,False
23287,230847.985,0.063,0.07,0.017,0.017,1.606,-0.101,3.479,1.448,0.376,-0.019,-0.011,,5459093.0,20,-0.05,False,False,False,False,False,False
23293,33939.344,0.321,0.492,0.01,0.01,1.835,-0.033,2.775,2.285,0.087,0.024,0.095,265.234,2017659.0,20,0.275,False,False,False,False,False,False
23296,637515.296,-0.097,-0.249,-0.05,0.005,0.399,-0.045,4.782,0.068,0.227,0.065,-0.032,9.83,8568434.0,20,0.5,False,False,False,True,False,False
23298,-3685.242,0.698,0.477,0.02,0.01,-2.911,0.078,1.603,1.698,0.419,-0.036,-0.086,,1444429.0,20,-0.041,True,False,False,False,False,False
23373,394.809,0.009,0.003,-0.245,-0.199,-1.558,0.078,5.1,-1.179,0.039,0.018,-0.036,1015.926,103860.0,20,-0.138,False,False,False,False,False,False
23376,14087.371,0.817,0.852,0.049,0.052,-1.064,0.089,4.226,2.673,0.281,0.016,-0.023,777.069,439627.0,20,0.153,True,False,False,False,False,False
23404,-4175.477,1.262,1.236,-0.095,-0.009,-4.305,0.187,9.817,2.929,-0.174,-0.044,-0.134,,131109.0,20,0.556,True,False,False,False,False,True
23430,4458.331,0.547,0.549,0.001,0.001,-4.585,0.446,2.475,2.422,-1.064,-0.07,-0.074,,248826.0,20,-0.055,True,False,False,False,False,False
23431,,,,,,,,,,,,,,290863.0,3,,False,False,False,False,False,False
23472,-33023.949,-0.357,-1.074,0.0,0.185,-2.634,1.41,0.0,0.866,-2.594,0.043,0.043,186.305,1391736.0,20,,False,True,False,False,False,False
23473,72950.147,0.203,0.542,0.041,0.032,2.949,-0.119,4.169,1.793,0.339,0.011,-0.052,466.879,2933852.0,20,0.19,False,False,False,False,True,False
23474,178547.287,-0.359,0.15,0.019,0.011,3.026,-0.134,3.715,2.291,0.029,0.005,0.035,471.204,5546680.0,20,0.459,False,False,False,False,True,False
23498,134395.495,0.036,-0.164,0.179,0.139,7.005,-0.483,-1.359,-2.462,0.017,0.097,-0.027,16.18,6873141.0,20,0.221,False,True,False,False,True,False
23523,4336.77,-0.192,-0.038,-0.105,-0.055,0.207,-0.033,0.402,2.304,0.793,0.017,0.015,956.915,158628.0,20,0.376,False,False,False,False,False,False
23537,21804.974,0.744,0.901,0.2,0.203,0.842,-0.077,14.11,3.398,0.355,-0.011,-0.003,,1446572.0,20,0.291,True,True,False,False,False,False
23546,283.85,0.528,0.495,-0.015,-0.076,-1.293,0.259,4.477,-0.533,0.618,0.018,0.024,727.06,362987.0,20,0.05,False,False,False,False,False,False
23551,1924.445,0.586,0.624,-0.079,-0.02,-1.098,0.183,7.006,1.166,0.574,0.023,-0.026,757.597,136855.0,20,1.966,True,False,False,False,False,True
23597,14421.068,-0.325,-0.072,-0.22,-0.13,-0.697,0.043,1.105,1.307,0.802,0.043,0.041,308.432,392569.0,20,0.271,False,False,False,False,False,False
23620,172515.624,-0.103,-0.318,0.162,0.206,3.396,-0.103,3.779,0.461,-0.206,0.031,-0.026,179.739,2576353.0,20,0.221,False,True,False,False,True,False
23622,26256.574,0.66,0.336,0.152,0.129,2.97,-0.138,4.013,1.462,-0.493,0.042,0.055,112.938,3157745.0,20,0.3,True,True,False,False,True,False
23623,192484.168,-0.188,-0.164,0.061,0.051,3.398,-0.173,3.322,2.03,0.167,-0.019,0.072,,6458703.0,20,0.077,False,False,False,False,True,False
23627,257701.474,0.316,0.235,0.011,0.009,-3.072,0.152,2.649,1.669,0.574,0.026,-0.004,51.113,7248366.0,20,0.151,False,False,False,False,False,False
23647,-195423.925,1.256,0.981,0.184,0.133,-2.533,0.137,9.812,1.699,-0.375,0.01,0.011,472.534,2999669.0,20,0.202,True,True,False,False,False,False
23737,-74598.144,0.277,0.321,0.026,0.009,0.86,0.084,-1.229,10.922,0.849,-0.083,0.011,,538938.0,20,-0.248,False,False,False,False,False,False
23741,-1774.214,2.581,2.762,0.0,0.319,-0.157,0.381,0.0,4.862,-4.408,0.006,-0.013,3274.106,94797.0,20,,True,True,False,False,False,False
23749,8040.941,-0.645,-0.522,-0.03,-0.018,-4.92,0.101,6.483,-3.929,0.456,0.012,-0.158,1273.867,249156.0,20,0.392,False,False,False,False,False,False
23754,,,,,,,,,,,,,,298472.0,5,,False,False,False,False,False,False
23764,21503.522,-0.094,0.003,-0.33,-0.232,0.55,-0.275,-0.411,-0.559,-1.973,0.093,0.052,151.836,347865.0,20,-0.028,False,False,False,False,False,False
23772,28431.528,-1.044,-0.761,-0.106,-0.033,-2.47,0.142,-1.853,-0.675,-0.572,-0.021,-0.131,,738516.0,20,0.419,False,False,False,False,False,False
23798,6199.645,1.09,1.084,-0.029,-0.041,-0.64,0.116,-0.649,1.866,-0.345,0.007,-0.055,1846.428,383363.0,20,-0.464,True,False,False,False,False,False
23799,74318.0,0.301,0.385,-0.069,-0.029,2.087,-0.097,3.229,0.633,0.661,0.031,-0.019,187.204,2375423.0,20,0.623,False,False,False,False,False,True
23805,2522.102,0.559,0.711,-0.455,-0.534,2.207,0.019,1.303,-2.553,-3.684,0.14,0.088,121.492,187114.0,20,0.153,False,False,True,False,False,False
23806,34197.811,-0.059,-0.036,0.041,0.047,-1.049,0.053,5.263,-0.166,0.153,0.066,-0.056,138.688,1091808.0,20,0.807,False,False,False,False,False,True
23815,8927.672,1.236,1.379,0.062,0.098,-4.225,0.341,4.849,3.391,-0.052,0.026,-0.026,513.287,352899.0,20,-0.025,True,False,False,False,False,False
23826,-377522.445,6.748,6.17,0.0,0.0,4.583,0.13,27.93,3.574,-1.243,-0.052,-0.077,,38929.0,20,,True,False,False,False,False,False
23864,-24394.905,1.903,1.84,0.32,0.224,-1.063,0.145,7.319,3.818,-0.585,-0.059,0.031,,270191.0,20,0.037,True,True,False,False,False,False
23886,4688.794,0.414,0.389,0.103,0.079,-0.642,0.051,3.15,0.973,0.907,0.042,0.034,270.506,628087.0,20,0.035,True,False,False,False,False,False
23966,2630.851,0.199,0.658,-0.073,-0.055,2.686,-0.007,-3.778,0.743,-1.289,0.004,0.005,2836.164,609027.0,20,-0.101,False,False,False,False,False,False
23986,-5525.669,0.89,0.774,0.654,0.407,-4.189,0.099,5.094,1.659,0.105,0.027,0.069,654.778,126478.0,20,0.042,True,True,False,False,False,False
23989,-341.78,0.11,0.229,0.308,0.072,0.125,0.002,2.607,0.914,-0.058,0.002,-0.031,7544.895,94879.0,20,0.153,False,True,False,False,False,False
23992,116421.423,-0.295,-0.228,-0.005,0.044,1.695,-0.055,6.349,-0.811,0.154,0.071,-0.035,87.605,2221191.0,20,0.498,False,False,False,False,False,False
23998,99810.078,-0.692,-0.671,-0.29,-0.219,0.461,-0.063,0.333,-0.929,-0.021,0.097,0.012,85.511,1394366.0,20,0.154,False,False,False,False,False,False
24015,8225.074,1.195,0.959,0.082,0.059,-1.961,0.073,0.896,0.188,-1.631,-0.01,-0.066,,381698.0,20,0.407,False,False,False,False,False,False
24038,320.638,0.692,1.344,0.17,0.117,0.8,-0.578,28.797,1.465,0.217,0.053,0.06,443.922,32185.0,20,,True,True,False,False,False,False
24064,-3555.88,0.769,1.299,0.542,0.192,-2.594,0.065,3.142,3.265,-0.965,-0.022,-0.009,,84867.0,20,0.819,True,True,False,False,False,True
24074,,,,,,,,,,,,,,1950857.0,2,,False,False,False,False,False,False
24085,-2206.635,0.559,0.813,0.0,-0.0,0.477,0.058,-0.481,1.897,-0.387,0.103,0.128,185.347,105940.0,20,2.905,True,False,True,False,False,True
24156,552330.313,-0.239,-0.222,0.023,0.021,-0.349,-0.022,1.783,-0.048,0.264,0.088,-0.005,13.459,7534738.0,20,0.234,False,False,False,False,False,False
24170,258732.812,0.117,0.168,-0.027,-0.013,1.549,-0.131,2.059,0.75,0.33,0.014,-0.014,73.491,7789627.0,20,0.01,False,False,False,False,False,False
24199,-4200.397,1.766,1.586,-0.091,-0.065,-1.93,0.235,5.731,2.218,-0.408,0.068,0.034,239.395,199897.0,20,0.701,True,False,False,False,False,True
24211,-418.881,0.817,0.728,0.0,0.0,4.084,-0.095,8.102,3.046,0.402,-0.084,-0.071,,158847.0,20,0.674,True,False,False,False,False,True
24272,-10108.814,1.839,1.955,-0.001,-0.001,-4.717,0.203,11.275,,,,,,85191.0,15,,False,False,False,False,False,False
24303,-3760.394,1.205,1.246,-0.024,-0.016,-1.297,0.213,3.646,-0.258,-1.079,0.043,0.006,459.907,76152.0,20,-0.11,False,False,False,False,False,False
24305,7010.063,0.006,0.44,-0.002,0.011,1.214,-0.045,3.75,2.519,0.251,0.038,0.016,369.859,311279.0,20,-0.195,False,False,False,False,False,False
24332,9693.892,0.836,0.483,0.187,0.077,0.971,0.168,3.438,7.603,-2.124,-0.054,0.024,,504745.0,20,-0.133,True,True,False,False,False,False
24334,,,,,,,,,,,,,,449592.0,2,,False,False,False,False,False,False
24342,,,,,,,,,,,,,,108021.0,2,,False,False,False,False,False,False
24347,65483.823,0.425,0.724,-0.561,-0.222,1.229,0.208,3.851,0.403,0.057,0.079,-0.023,56.81,3409023.0,20,0.406,False,False,False,False,False,False
24353,19338.126,0.212,0.34,0.042,-0.031,1.574,-0.063,1.089,1.86,0.126,-0.012,-0.021,,662832.0,20,0.107,False,False,False,False,False,False
24367,-373.759,0.612,0.645,0.02,0.013,1.082,0.048,1.43,2.434,0.479,0.002,0.021,13074.744,63331.0,20,-0.315,True,False,False,False,False,False
24387,-24746.165,0.833,0.799,0.521,0.534,1.17,-0.017,2.444,1.119,-0.237,0.032,0.059,160.107,2864973.0,20,-0.15,True,True,False,False,False,False
24443,2515.444,0.539,0.461,0.42,0.313,3.066,-0.121,4.675,-0.542,0.011,0.055,0.033,329.049,124050.0,20,0.18,False,True,False,False,True,False
24472,26463.35,0.129,0.2,0.017,0.229,1.772,-0.017,3.204,1.909,0.073,0.023,-0.007,467.022,688308.0,20,0.071,False,True,False,False,False,False
24498,13993.609,0.304,0.508,-0.001,0.003,1.499,-0.167,2.363,0.764,-0.123,0.078,-0.039,185.819,302727.0,20,-0.142,False,False,False,False,False,False
24516,31517.678,0.638,0.671,0.478,0.372,-1.61,0.123,4.788,-0.177,0.065,0.111,0.043,50.148,2661080.0,20,0.57,False,True,True,False,False,True
24540,144227.432,0.318,0.321,0.293,0.527,-0.756,0.018,1.215,-1.781,0.248,0.095,-0.083,74.46,1848366.0,20,0.414,False,True,False,False,False,False
24561,-181741.714,3.341,3.337,-0.002,-0.003,-11.226,-2.393,-16.812,,,,,,568049.0,6,,False,False,False,False,False,False
24563,49991.808,1.079,1.064,0.011,0.006,-5.833,0.392,1.305,-0.489,-0.377,0.098,0.052,63.818,2240710.0,20,0.351,False,False,False,False,False,False
24603,3197.802,0.692,0.699,-0.069,-0.031,1.214,0.005,2.154,0.793,-0.088,0.073,0.008,163.575,566408.0,20,-0.093,True,False,False,False,False,False
24655,,,,,,,,,,,,,,906779.0,1,,False,False,False,False,False,False
24677,-529.071,0.786,0.705,-2.861,-1.887,-4.277,0.344,2.22,1.319,-0.128,0.036,0.039,436.796,214784.0,20,0.18,True,False,False,False,False,False
24763,,,,,,,,,,,,,,133502.0,1,,False,False,False,False,False,False
24823,135342.129,0.13,0.188,-0.176,-0.136,-2.363,0.111,0.838,-1.099,-0.161,0.151,-0.083,52.853,1565756.0,20,0.736,False,False,False,False,False,True
24829,50221.465,-0.275,-0.336,0.161,0.099,-0.289,-0.08,5.925,1.807,0.807,-0.02,-0.072,,923153.0,20,0.361,False,True,False,False,False,False
24865,223.88,0.687,0.698,0.033,0.019,-0.494,0.113,6.384,2.163,0.534,0.047,0.042,371.941,143839.0,20,0.629,True,False,False,False,False,True
24867,22220.725,-3.583,-2.532,-2.342,-0.229,-4.649,0.516,-3.31,-1.649,1.074,0.076,-0.03,201.369,252843.0,20,,False,False,False,False,False,False
24897,206380.277,0.617,0.668,0.049,0.046,-3.963,0.287,1.983,1.505,-0.247,0.052,-0.076,107.638,2578510.0,20,0.171,True,False,False,False,False,False
24902,-2434.923,1.472,1.397,0.12,0.092,-8.655,0.541,4.964,3.506,0.18,-0.011,0.037,,81747.0,20,0.25,True,False,False,False,False,False
24919,70747.383,0.023,0.141,-0.077,-0.036,-2.16,-0.009,2.658,1.342,0.161,0.074,0.012,117.173,1247557.0,20,0.5,False,False,False,False,False,True
24920,292806.433,0.025,-0.01,0.027,0.02,-0.871,-0.015,0.073,-0.801,-0.207,0.066,-0.073,56.748,4041585.0,20,-0.067,False,False,False,False,False,False
24922,440.776,0.187,0.709,-0.126,-0.057,-0.044,0.049,2.737,2.016,0.049,0.039,0.039,297.183,597407.0,20,-0.219,False,False,False,False,False,False
24938,4852.722,0.378,0.059,0.0,0.0,1.294,-1.512,0.0,-0.09,-0.662,0.342,0.162,68.916,62921.0,20,,False,False,True,False,False,False
24961,9200.4,-0.885,-0.49,-0.053,-0.023,-3.192,0.203,-0.093,2.072,0.109,0.071,0.045,170.573,527501.0,20,0.951,False,False,False,False,False,True
24966,8242.135,0.377,0.38,-0.228,-0.115,-0.57,0.035,4.475,-0.421,-0.674,0.109,-0.004,149.668,209928.0,20,0.279,False,False,False,False,False,False
25054,-2955.426,-1.875,-1.757,-0.129,-0.074,51.377,-1.251,-0.997,-5.712,3.469,-0.227,-0.122,,70650.0,20,1.46,False,False,False,False,True,True
25065,6882.714,-0.075,-0.181,-0.093,-0.037,-1.59,1.17,1.702,,,,,,82877.0,7,,False,False,False,False,False,False
25093,212569.2,-0.35,-0.271,0.151,0.094,2.867,-0.146,0.122,-0.806,0.321,0.042,-0.118,117.205,2977085.0,20,0.502,False,True,False,False,True,True
25103,161843.651,-0.075,0.194,-0.014,-0.003,-0.983,-0.082,1.392,0.126,0.256,0.055,0.01,57.619,4643946.0,20,0.081,False,False,False,False,False,False
25122,-20691.253,2.401,2.514,-0.615,-0.195,-14.976,0.843,3.504,,,,,,175755.0,13,,False,False,False,False,False,False
25158,38247.636,-0.536,-0.671,0.26,0.182,1.426,-0.074,1.087,0.786,-1.216,-0.059,-0.122,,669428.0,20,-0.082,False,True,False,False,False,False
25161,-1838.274,0.809,0.751,0.174,0.072,6.129,-0.233,-0.707,,,,,,121004.0,19,,False,True,False,False,True,False
25173,40994.319,-0.392,-0.291,0.008,0.007,1.147,-0.057,3.45,0.613,0.494,0.099,0.024,129.156,469688.0,20,0.551,False,False,False,False,False,True
25247,-4255.964,0.289,0.725,-0.244,-0.106,-1.263,0.043,11.487,-2.867,-0.069,0.159,0.031,58.371,1161205.0,20,-0.249,False,False,True,False,False,False
25249,60105.883,0.414,0.383,-0.018,-0.012,1.452,-0.032,-1.071,1.217,0.085,-0.05,-0.101,,882652.0,20,-0.041,True,False,False,False,False,False
25258,265912.605,-0.0,0.025,-0.368,-0.299,12.21,-0.271,-8.685,1.044,0.267,0.676,-0.412,12.356,2028949.0,20,1.697,False,False,False,False,True,True
25260,333.636,0.137,0.156,-0.461,0.04,-10.067,0.174,4.72,,,,,,22492.0,11,,False,False,False,False,False,False
25267,16246.728,0.088,0.061,0.312,0.259,-2.176,0.075,4.168,0.539,0.6,0.071,0.018,175.495,487488.0,20,-0.185,False,True,False,False,False,False
25268,,,,,,,,,,,,,,358783.0,2,,False,False,False,False,False,False
25291,29264.535,0.208,0.349,-0.027,-0.022,3.853,-0.082,0.05,0.635,0.602,0.037,0.005,322.001,557429.0,20,0.692,False,False,False,False,False,True
25328,17766.343,0.566,0.333,0.0,0.0,0.578,0.017,3.505,2.271,1.313,0.014,0.052,1088.729,214737.0,20,1.612,True,False,False,False,False,True
25591,700.86,1.022,0.854,-0.019,0.008,-6.341,0.229,2.921,0.105,1.079,0.038,-0.087,548.937,62222.0,20,0.041,False,False,False,False,False,False
25620,275702.301,-2.889,-3.13,0.441,0.453,-1.127,-3.255,-2.416,-6.379,-0.706,0.193,0.072,34.762,2161721.0,20,,False,True,True,False,False,False
25621,28992.244,0.344,0.389,-0.0,0.0,-0.893,0.04,2.042,-0.218,0.139,0.12,0.056,90.535,771743.0,20,0.626,False,False,True,False,False,True
25644,3496.292,-0.318,-0.226,-0.054,-0.026,1.014,-0.255,7.544,1.356,0.009,-0.01,-0.031,,167555.0,20,0.477,False,False,False,False,False,False
25648,,,,,,,,,,,,,,512969.0,2,,False,False,False,False,False,False
25665,51708.214,-0.153,0.317,-0.134,0.004,2.135,-0.058,3.328,1.493,0.148,0.056,0.053,175.305,903907.0,20,0.106,False,False,False,False,False,False
25668,,,,,,,,,,,,,,53760.0,3,,False,False,False,False,False,False
25677,-105.356,-0.097,0.287,0.0,0.0,-2.563,-1.211,0.0,-0.076,-8.164,-0.048,-0.077,,24020.0,20,,False,False,False,False,False,False
25679,383396.211,0.731,0.442,1.661,0.535,-2.042,0.169,0.102,4.105,-0.594,0.06,-0.017,54.373,4520154.0,20,0.294,True,True,False,False,False,False
25703,4001.726,-0.161,-0.148,0.306,0.256,-0.529,0.094,0.36,-1.808,-0.643,0.06,0.036,274.915,184503.0,20,0.215,False,True,False,False,False,False
25726,922.686,0.795,0.774,0.058,0.048,3.534,-0.238,0.434,1.407,0.955,0.022,0.073,619.708,359587.0,20,0.634,True,False,False,False,True,True
25738,191011.594,-0.666,0.084,-0.215,-0.14,-3.109,0.137,3.082,0.084,0.31,0.154,-0.044,54.82,1399061.0,20,0.608,False,False,False,False,False,True
25744,-2848.977,-1.123,-1.443,0.507,0.495,50.301,-1.645,2.601,-5.526,-2.866,-0.143,-0.051,,72947.0,20,-0.563,False,True,False,False,True,False
25749,-3160.307,0.458,0.529,-0.24,-0.131,-3.522,0.056,3.416,5.656,0.858,-0.039,-0.016,,145758.0,20,0.126,True,False,False,False,False,False
25750,3871.988,-0.131,-0.385,0.39,0.2,1.669,-0.347,4.619,6.662,1.378,0.097,0.092,184.202,143005.0,20,0.796,False,True,False,False,False,True
25752,7048.866,0.34,0.322,-0.007,-0.005,-0.721,0.186,3.013,1.612,-0.064,0.02,0.056,702.453,301846.0,20,0.307,False,False,False,False,False,False
25795,26763.645,0.062,0.283,0.047,-0.035,-4.194,0.124,4.254,1.838,0.339,0.043,-0.017,271.336,582360.0,20,0.466,False,False,False,False,False,False
25796,48488.477,0.612,0.464,3.225,2.478,-11.889,-0.037,12.928,,,,,,288221.0,19,,False,True,False,False,False,False
25803,-52753.221,3.828,4.464,0.047,0.044,-1.466,0.723,48.129,2.842,4.042,0.39,0.547,48.342,186754.0,20,,True,False,True,False,False,False
25824,88.385,-0.915,-0.763,0.0,0.0,2.587,-2.924,0.0,10.837,2.84,0.166,0.209,166.387,16546.0,20,,False,False,True,False,True,False
25849,18984.06,-0.371,-0.36,0.0,0.0,-1.184,0.162,4.723,1.111,0.285,0.017,-0.048,822.826,339547.0,20,1.235,False,False,False,False,False,True
25851,2485.714,-3.331,0.084,-0.305,-0.533,8.76,-0.227,-12.36,,,,,,139446.0,8,,False,False,False,False,True,False
25858,398258.009,0.214,0.124,-0.075,-0.078,0.84,-0.144,2.314,1.267,-0.091,0.408,0.37,3.123,7653639.0,20,0.683,False,False,True,True,False,True
25869,6550.692,0.308,0.286,0.328,0.637,3.309,-0.11,-1.245,1.192,0.128,-0.047,-0.106,,231773.0,20,0.054,False,True,False,False,True,False
25883,482.535,0.725,0.931,-0.045,-0.027,1.686,-0.099,2.8,0.983,0.276,0.052,-0.025,218.124,623529.0,20,0.258,True,False,False,False,False,False
25886,136758.159,0.31,0.307,-0.034,0.002,0.746,-0.032,3.577,2.266,-0.111,0.463,0.311,20.476,1425871.0,20,1.145,False,False,True,False,False,True
25894,14286.328,0.708,0.735,0.325,0.283,-2.147,-0.061,2.604,5.386,1.841,0.053,0.027,233.151,484306.0,20,0.159,True,True,False,False,False,False
25927,49834.571,0.0,0.0,0.0,0.0,0.0,0.0,10.814,0.0,0.0,0.451,-0.095,27.338,785173.0,20,,False,False,False,False,False,False
26021,2853.32,0.576,0.624,0.091,0.054,-1.464,0.092,1.921,0.04,0.081,0.162,0.156,108.019,171678.0,20,-0.143,False,False,True,False,False,False
26028,-1986.06,0.0,0.0,3.218,0.0,0.0,0.0,-59.54,0.0,0.0,0.274,0.327,49.825,487547.0,20,,False,True,True,False,False,False
26181,38568.617,0.233,0.228,0.16,0.136,3.376,-0.214,-1.031,-0.338,-2.993,0.021,0.008,469.144,854444.0,20,0.003,False,True,False,False,True,False
26185,27644.511,-0.074,-0.057,0.012,0.017,-0.2,-0.057,2.756,0.196,0.551,0.098,0.018,125.263,531516.0,20,0.687,False,False,False,False,False,True
26189,448.577,0.592,0.565,0.0,0.0,1.909,-0.226,6.824,2.95,2.164,-0.031,-0.12,,177770.0,20,,True,False,False,False,False,False
26217,20613.666,0.14,0.05,0.008,0.005,2.211,-0.057,1.522,0.215,0.199,0.065,0.028,191.176,500729.0,20,0.665,False,False,False,False,False,True
26219,10978.643,-0.952,0.368,-1.313,-0.666,-0.366,-0.001,1.697,,,,,,267265.0,12,,False,False,False,False,False,False
26223,234652.626,-0.103,-0.06,0.465,0.385,-0.251,-0.092,0.834,0.905,0.02,0.053,-0.088,114.695,2248800.0,20,0.493,False,True,False,False,False,False
26228,1853.104,0.823,0.824,-0.003,0.0,-1.34,0.234,2.368,1.423,-0.479,-0.018,-0.082,,133459.0,20,0.078,True,False,False,False,False,False
26247,,,,,,,,,,,,,,4089116.0,2,,False,False,False,False,False,False
26260,1908.761,-0.325,-0.303,0.17,0.124,-3.513,0.027,5.33,1.091,0.915,-0.011,-0.02,,72081.0,20,0.821,False,True,False,False,False,True
26271,10430.093,-0.12,-0.114,0.001,0.001,2.737,-0.216,-1.907,-0.446,0.977,0.004,-0.078,3363.288,254901.0,20,0.241,False,False,False,False,True,False
26299,111380.707,0.654,0.547,0.005,-0.031,-1.196,0.076,1.657,-0.251,0.125,0.134,0.058,60.242,1512885.0,20,0.471,False,False,True,False,False,False
26312,-24961.877,0.504,0.501,0.0,0.0,-1.774,-0.005,0.0,3.053,0.721,0.257,0.143,3.212,8323217.0,20,,True,False,True,True,False,False
26323,52443.224,-1.034,-1.094,-0.231,-0.157,-3.672,0.067,-0.089,-1.409,0.012,0.17,-0.002,67.422,713842.0,20,0.598,False,False,False,False,False,True
26333,82445.546,-0.109,0.013,0.078,0.037,1.918,-0.236,4.301,1.508,0.642,0.048,-0.037,174.028,1314433.0,20,0.095,False,False,False,False,False,False
26336,93278.307,-0.221,-0.179,0.009,0.011,5.776,-0.144,3.075,0.839,0.349,0.0,-0.045,46437.226,2033847.0,20,0.063,False,False,False,False,True,False
26340,395.125,0.019,0.218,-0.007,-0.003,3.674,-0.85,2.031,2.206,-13.31,0.084,0.064,202.475,170172.0,20,0.225,False,False,False,False,True,False
26342,438182.304,0.716,0.631,0.06,0.033,-7.17,0.456,2.359,0.117,-0.041,0.278,0.22,2.111,8785816.0,20,,False,False,True,True,False,False
26351,-3409.191,0.738,0.854,-0.254,-0.037,1.344,0.022,0.851,-1.359,-1.22,0.166,0.223,97.751,236180.0,20,-0.322,False,False,True,False,False,False
26358,-6838.89,0.591,0.578,0.005,0.007,1.423,0.009,7.372,1.109,0.369,0.069,0.061,242.985,175919.0,20,-0.004,True,False,False,False,False,False
26363,23390.878,-0.664,-0.621,-0.025,-0.068,2.02,-0.103,-1.019,-0.162,0.118,0.046,0.026,285.581,413501.0,20,0.085,False,False,False,False,False,False
26379,14289.42,0.017,0.06,-0.058,-0.002,1.086,-0.08,0.728,0.987,0.017,0.021,-0.011,606.366,405099.0,20,0.377,False,False,False,False,False,False
26381,48441.368,0.037,0.245,-0.105,-0.064,3.217,-0.132,3.508,0.676,0.077,0.025,0.028,299.674,1578903.0,20,-0.031,False,False,False,False,True,False
26392,5346.46,0.035,0.033,0.0,0.0,-8.517,0.386,-3.487,0.078,-0.21,0.036,-0.004,483.939,139832.0,20,,False,False,False,False,False,False
26393,8559.326,-0.09,0.646,-0.019,-0.003,7.065,-0.19,5.815,-1.501,-0.222,0.1,0.042,130.595,444654.0,20,0.485,False,False,True,False,True,False
26395,51303.771,0.334,0.369,1.651,1.353,4.594,-0.475,1.279,1.331,-1.882,0.009,0.046,921.309,1256749.0,20,-0.19,False,True,False,False,True,False
26397,6622.995,0.384,0.591,0.042,0.037,0.512,0.03,1.675,0.449,-0.079,0.055,-0.016,182.567,858019.0,20,0.305,False,False,False,False,False,False
26398,-24904.135,0.961,1.398,0.103,0.079,3.219,-0.079,9.043,,,,,,452431.0,16,,False,False,False,False,False,False
26403,187831.147,0.574,0.631,0.049,0.07,-4.352,0.035,7.52,,,,,,1302348.0,16,,False,False,False,False,False,False
26411,25224.364,-0.029,0.125,0.01,0.009,4.103,0.06,4.469,0.983,-1.082,0.027,-0.017,406.005,638076.0,20,0.472,False,False,False,False,False,False
26416,3049.919,0.565,0.529,-0.89,-0.616,-1.501,0.153,1.666,1.486,0.322,0.068,0.044,298.223,73064.0,20,,True,False,False,False,False,False
26442,53688.241,0.576,0.581,0.05,0.037,-2.315,0.097,4.364,2.481,0.338,0.059,-0.0,169.518,869333.0,20,0.297,True,False,False,False,False,False
26444,226581.116,-0.588,-0.664,-0.036,-0.027,1.86,-0.088,5.666,-1.262,0.583,0.137,0.022,56.317,1649986.0,20,0.573,False,False,False,False,False,True
26450,1208.626,0.052,0.273,-0.285,-0.133,3.342,-0.07,4.451,1.214,0.167,-0.041,-0.083,,153787.0,20,-0.375,False,False,False,False,False,False
26451,59935.805,0.615,-0.201,0.676,0.502,-0.481,-0.164,-0.41,3.045,0.007,-0.148,-0.229,,1344721.0,20,0.252,True,True,False,False,False,False
26455,31025.615,-0.127,0.05,0.293,0.243,0.612,-0.06,5.621,0.197,0.322,0.026,-0.058,399.513,797780.0,20,0.245,False,True,False,False,False,False
26474,416.588,1.21,1.289,0.0,0.0,-11.342,-1.878,0.0,,,,,,9096.0,16,,False,False,False,False,False,False
26483,812169.913,0.351,0.393,0.036,0.043,-1.761,0.046,4.052,-1.94,0.123,0.399,0.261,3.956,7174892.0,20,0.887,False,False,True,True,False,True
26484,396210.159,1.159,0.433,0.036,0.034,-1.945,0.033,3.901,2.285,0.315,0.097,-0.698,48.127,3270641.0,20,0.776,True,False,False,False,False,True
26487,18804.746,0.04,-0.035,-0.13,-0.101,2.637,-0.06,1.579,0.122,0.904,0.03,-0.029,369.212,649398.0,20,0.166,False,False,False,False,False,False
26499,22050.048,0.284,0.224,0.174,0.109,0.753,-0.057,5.033,1.298,0.781,-0.023,-0.065,,469591.0,20,0.063,False,True,False,False,False,False
26512,5716.502,-0.001,0.005,0.166,0.133,2.766,-0.052,2.637,0.027,0.222,0.043,0.013,402.761,143289.0,20,-0.05,False,True,False,False,False,False
26513,2731.098,0.028,0.116,-0.071,-0.054,-1.525,0.016,1.95,0.822,0.507,0.007,-0.049,2466.905,134236.0,20,0.161,False,False,False,False,False,False
26516,14130.365,-0.704,-0.51,-0.034,-0.015,12.812,-0.231,5.667,,,,,,305779.0,16,,False,False,False,False,True,False
26517,78911.432,0.036,0.009,0.129,0.125,2.275,-0.07,6.553,0.205,0.257,0.03,0.013,238.181,1672894.0,20,0.149,False,False,False,False,False,False
26519,1200.524,0.676,0.703,-0.286,-0.205,-1.898,-0.018,4.483,,,,,,53845.0,18,,False,False,False,False,False,False
26520,8904.848,0.431,0.438,0.574,0.484,-1.745,0.155,3.868,1.35,0.573,0.03,-0.106,567.37,144960.0,20,0.13,True,True,False,False,False,False
26522,45510.917,-0.019,-0.276,-0.417,-0.101,-1.437,0.168,3.375,0.132,0.242,0.029,-0.274,384.984,620000.0,20,1.844,False,False,False,False,False,True
26523,65379.823,0.44,0.513,0.008,0.071,-2.457,0.121,7.59,0.704,0.061,0.034,-0.058,217.405,1620502.0,20,0.043,False,False,False,False,False,False
26530,13845.768,0.512,0.645,0.162,0.148,-2.002,0.093,3.248,-0.146,-0.071,-0.01,-0.069,,516515.0,20,0.322,False,True,False,False,False,False
26536,11251.811,0.071,0.068,0.102,0.137,2.757,-0.069,5.551,0.53,0.332,0.016,-0.015,827.43,384394.0,20,-0.118,False,False,False,False,False,False
26539,13553.738,0.116,0.087,0.231,0.045,-1.193,0.176,-0.73,-0.514,-0.503,0.075,-0.092,200.94,264620.0,20,-0.047,False,True,False,False,False,False
26542,3384.433,0.353,0.39,0.061,0.098,1.522,-0.105,1.083,-0.63,-0.428,-0.02,-0.193,,261753.0,20,-0.52,False,False,False,False,False,False
26543,122789.418,0.095,0.222,0.096,0.082,0.926,-0.176,3.815,,,,,,1154876.0,19,,False,False,False,False,False,False
26554,13125.886,-0.141,-0.043,-0.024,-0.012,1.712,-0.034,-0.238,-0.174,0.208,0.191,0.16,84.366,250933.0,20,1.009,False,False,True,False,False,True
26555,86454.177,0.008,-0.152,-0.058,-0.041,1.929,-0.074,3.899,-0.319,0.301,0.085,0.011,110.285,1056267.0,20,0.397,False,False,False,False,False,False
26559,47014.821,-0.437,-0.244,-0.12,-0.085,0.099,-0.066,1.275,0.134,0.031,0.082,0.034,121.698,902832.0,20,0.148,False,False,False,False,False,False
26564,38623.008,0.327,0.363,0.365,0.284,-0.214,-0.03,3.373,-0.015,0.917,0.029,-0.051,395.888,618129.0,20,0.584,False,True,False,False,False,True
26567,-1164.773,1.215,1.198,0.0,0.0,0.855,0.171,0.112,1.311,-1.813,0.036,0.047,530.229,86398.0,20,-0.103,True,False,False,False,False,False
26576,9243.838,-0.696,-0.679,0.0,0.0,8.447,-0.136,1.36,-1.961,0.784,0.066,-0.021,245.157,195037.0,20,,False,False,False,False,True,False
26588,3466.301,0.049,0.027,-0.101,-0.063,-0.346,0.043,1.52,0.757,0.619,-0.032,-0.14,,101694.0,20,-0.009,False,False,False,False,False,False
26590,356482.198,0.432,-0.951,0.218,0.188,-6.686,0.057,12.468,,,,,,1347296.0,13,,False,True,False,False,False,False
26591,14673.979,0.103,0.197,0.198,0.181,3.413,-0.09,3.228,0.97,0.159,0.015,0.028,638.948,985408.0,20,0.121,False,True,False,False,False,False
26602,-1613.008,0.017,0.256,-0.003,0.01,1.702,-0.029,2.572,0.618,-0.073,0.056,-0.004,248.245,330099.0,20,0.533,False,False,False,False,False,True
26620,118043.05,-0.643,-0.537,0.101,0.081,3.821,-0.112,2.318,0.689,0.308,0.276,0.26,35.115,1176917.0,20,0.334,False,False,True,False,True,False
26622,-596.376,-0.066,-0.194,0.0,0.0,-0.357,0.93,0.0,-7.836,1.915,-0.071,-0.078,,14297.0,20,,False,False,False,False,False,False
26626,-42225.561,1.428,1.346,0.473,0.45,7.835,-0.076,4.515,2.382,-0.858,-0.026,0.035,,1023976.0,20,-0.183,True,True,False,False,False,False
26627,17177.158,0.476,0.544,-0.026,-0.063,-3.183,0.216,3.188,1.9,0.155,0.012,0.053,823.397,803810.0,20,0.051,True,False,False,False,False,False
26633,8954.933,0.033,0.318,0.0,0.0,-28.835,1.024,-10.377,,,,,,364949.0,10,,False,False,False,False,False,False
26634,56166.86,0.192,0.118,-0.009,-0.007,-0.15,-0.019,2.799,1.029,0.296,0.061,-0.051,164.186,878922.0,20,0.727,False,False,False,False,False,True
26647,123620.647,0.49,0.568,0.054,0.059,0.043,0.048,4.625,1.068,-0.141,0.06,0.086,39.054,5636176.0,20,0.26,True,False,False,False,False,False
26653,-692.743,0.78,0.856,0.118,0.064,-5.264,0.408,4.062,1.303,0.1,0.017,0.023,1107.36,94426.0,20,-0.106,True,False,False,False,False,False
26658,1007.044,2.227,1.075,0.0,0.0,0.282,-0.144,5.088,4.516,-2.071,0.078,-0.072,275.56,56320.0,20,-0.317,True,False,False,False,False,False
26677,23800.111,-0.421,-0.365,-0.0,-0.0,0.546,-0.038,2.854,-0.293,-0.198,0.137,0.098,108.662,303205.0,20,0.75,False,False,True,False,False,True
26687,3841.014,0.028,0.17,0.077,0.072,-3.848,0.182,2.098,1.427,0.339,-0.026,-0.075,,154686.0,20,0.255,False,False,False,False,False,False
26689,10619.835,1.242,1.352,0.176,0.098,0.14,0.151,1.599,1.508,0.246,0.052,-0.006,268.382,339278.0,20,0.258,True,True,False,False,False,False
26703,31431.771,-0.764,-0.623,-0.142,-0.084,3.431,-0.151,4.469,1.567,0.644,-0.003,-0.054,,489943.0,20,0.435,False,False,False,False,True,False
26704,27034.632,-1.207,-1.229,0.059,0.053,6.155,-0.581,-1.419,-0.672,-0.053,-0.019,-0.013,,408010.0,20,0.059,False,False,False,False,True,False
26708,5380.614,0.713,0.956,-1.625,-0.62,-8.019,0.057,6.97,3.958,1.159,0.233,-0.013,83.345,127106.0,20,0.484,True,False,False,False,False,False
26725,579798.024,0.578,0.669,0.112,0.071,-8.874,0.323,1.684,1.868,-0.158,0.118,0.057,38.716,3393780.0,20,0.861,True,False,True,False,False,True
26727,6187.489,1.029,1.119,0.115,0.076,0.472,-0.013,-0.372,2.6,-0.787,0.072,0.136,234.262,170561.0,20,-0.05,True,False,False,False,False,False
26732,32140.595,-2.937,-2.912,0.0,0.0,-2.718,0.861,0.0,-6.933,7.735,0.215,0.135,59.33,553623.0,20,,False,False,True,False,False,False
26738,24006.647,1.583,0.504,0.001,-0.048,-3.476,0.082,4.787,2.81,-2.045,0.633,0.405,29.761,260791.0,20,2.934,True,False,True,False,False,True
26755,848.743,-0.579,-0.529,-0.04,-0.036,0.886,-0.053,-0.357,-2.192,0.203,0.095,0.016,255.587,30012.0,20,2.494,False,False,False,False,False,True
26760,33354.153,0.043,0.072,0.001,0.003,2.799,-0.063,2.186,0.352,0.639,0.063,-0.01,167.644,771964.0,20,-0.039,False,False,False,False,False,False
26790,114039.146,1.209,1.095,-0.036,-0.021,-12.764,0.528,3.465,2.241,0.903,0.235,-0.368,47.002,839649.0,20,1.543,True,False,False,False,False,True
26798,584.223,-0.205,-0.085,-0.006,-0.005,1.812,-0.029,-1.884,-0.134,0.412,-0.031,0.021,,111401.0,20,-0.19,False,False,False,False,False,False
26799,15733.847,0.029,0.419,-0.133,-0.054,0.511,-0.036,2.318,-1.092,0.141,0.047,-0.049,264.813,489951.0,20,0.302,False,False,False,False,False,False
26816,208.093,5.889,4.493,-0.297,-0.18,276.929,-0.364,-18.621,31.705,5.711,-0.123,-0.289,,12443.0,20,,True,False,False,False,True,False
26829,6635.549,-0.492,-0.107,-0.002,0.003,5.23,-0.179,2.501,1.494,0.151,-0.102,-0.145,,286330.0,20,-0.152,False,False,False,False,True,False
26847,829.335,0.413,0.387,-0.13,-0.07,-2.339,0.237,8.361,-0.16,-0.167,0.04,0.004,442.325,133993.0,20,-0.21,False,False,False,False,False,False
26856,91984.713,0.458,0.696,-0.04,-0.031,-0.388,0.09,2.992,1.468,-0.145,0.073,0.037,83.575,2277493.0,20,0.415,True,False,False,False,False,False
26871,-3007.2,0.338,0.597,0.0,0.0,1.876,-0.078,2.406,0.861,-0.011,0.09,0.174,193.104,153720.0,20,-0.121,False,False,False,False,False,False
26876,24322.842,0.467,0.734,0.212,0.065,-21.37,0.376,-2.048,,,,,,9953799.0,12,,False,True,False,False,False,False
26881,8783287.667,-0.426,0.623,-0.614,-0.343,-5.876,1.14,27.379,,,,,,17701565.0,9,,False,False,False,False,False,False
26891,-4974.977,0.084,0.558,-0.012,-0.005,4.82,-0.342,3.737,2.242,0.468,0.05,0.018,290.335,291973.0,20,0.423,False,False,False,False,True,False
26906,234609.465,0.317,0.12,0.077,0.046,4.905,-0.188,3.987,0.646,-0.503,0.062,0.02,81.328,2959361.0,20,0.212,False,False,False,False,True,False
26912,-22879.588,0.743,0.667,-0.013,0.002,-0.484,0.063,5.032,3.009,0.534,-0.01,0.067,,561677.0,20,0.003,True,False,False,False,False,False
26922,11128.229,-0.151,-0.053,0.046,0.042,4.098,-0.105,0.99,0.845,0.008,-0.014,0.023,,543452.0,20,-0.278,False,False,False,False,True,False
26941,1567.862,0.205,0.434,0.34,0.315,-0.818,0.085,2.36,0.795,0.774,0.127,0.107,177.466,49867.0,20,0.212,False,True,True,False,False,False
26944,17251.786,0.166,0.424,-0.068,-0.067,-0.668,-0.001,3.243,1.112,0.567,0.07,0.023,198.838,352035.0,20,0.015,False,False,False,False,False,False
26955,7747.588,1.681,0.861,-0.041,-0.102,-3.922,-0.238,6.365,,,,,,381174.0,17,,False,False,False,False,False,False
26960,372941.459,0.305,-0.987,0.661,0.64,4.706,-0.497,-33.988,-0.586,-0.938,0.346,-0.138,19.638,2326833.0,20,7.103,False,True,False,False,True,True
26962,498002.033,-0.09,-0.055,0.117,0.088,-0.575,-0.001,2.64,1.012,0.453,0.083,-0.037,25.684,5989062.0,20,0.26,False,False,False,False,False,False
26967,,,,,,,,,,,,,,759541.0,3,,False,False,False,False,False,False
27010,-1822.214,1.242,1.194,-0.07,-0.0,-203.566,-1.506,0.016,3.728,-2.431,-0.025,0.056,,16271.0,20,,True,False,False,False,False,False
27015,-11046.232,-0.47,-0.503,-0.037,-0.027,40.661,-0.295,5.437,-0.297,-2.216,-0.165,-0.065,,176376.0,20,-0.505,False,False,False,False,True,False
27026,59818.917,0.036,0.215,0.132,0.017,-2.556,-0.012,-7.613,1.649,0.031,-0.038,-0.426,,384497.0,20,-0.164,False,False,False,False,False,False
27043,7388.788,0.531,0.571,0.034,0.02,-0.876,0.13,2.403,0.704,-0.172,0.051,0.012,305.938,219725.0,20,-0.243,False,False,False,False,False,False
27045,,,,,,,,,,,,,,638348.0,2,,False,False,False,False,False,False
27046,139736.496,0.007,0.077,-0.063,-0.037,0.168,-0.037,2.754,1.362,0.461,0.1,0.055,57.998,2507344.0,20,0.462,False,False,True,False,False,False
27052,374251.14,-0.28,0.017,0.121,0.069,-3.774,0.065,-0.164,-0.182,-0.285,0.191,0.06,23.72,3542800.0,20,0.858,False,False,True,False,False,True
27053,-3526.429,1.373,1.402,-0.266,-0.151,-7.904,0.358,7.651,,,,,,46033.0,8,,False,False,False,False,False,False
27054,21823.038,1.028,1.108,0.0,0.0,-9.173,0.45,0.14,0.662,-0.177,-0.006,-0.124,,3808127.0,20,,False,False,False,False,False,False
27074,389680.03,-0.086,-0.298,0.38,0.498,-0.909,-0.032,0.399,1.116,-0.813,-0.009,-0.061,,2764700.0,20,0.339,False,True,False,False,False,False
27086,41476.6,-0.367,-0.17,-0.007,-0.003,-8.614,0.542,-1.204,,,,,,629389.0,9,,False,False,False,False,False,False
27102,3345.982,-2.288,-3.43,0.0,0.0,0.999,-1.22,0.0,0.125,-1.878,0.016,-0.054,1237.64,81491.0,20,,False,False,False,False,False,False
27118,18192.496,0.24,0.163,0.007,0.002,0.869,-0.062,1.659,1.507,-0.052,-0.008,-0.088,,372084.0,20,0.176,False,False,False,False,False,False
27119,-26846.514,1.05,0.932,0.0,0.0,15.161,-0.314,5.076,,,,,,431134.0,6,,False,False,False,False,True,False
27132,-24180.045,0.608,0.772,-0.155,-0.084,1.964,-0.035,3.503,0.75,-1.423,0.02,0.033,415.428,1216537.0,20,0.038,False,False,False,False,False,False
27153,-316.015,0.456,0.643,-0.037,-0.014,2.641,-0.08,3.871,0.713,-4.217,0.024,-0.022,738.509,134749.0,20,-0.151,False,False,False,False,False,False
27201,-947.423,0.279,0.27,-0.293,-0.046,1.868,-0.029,2.082,0.281,0.023,0.043,0.085,450.431,87447.0,20,0.327,False,False,False,False,False,False
27205,39814.933,0.014,0.264,0.016,0.006,-11.486,0.651,-2.576,,,,,,552836.0,9,,False,False,False,False,False,False
27210,335314.692,-0.198,-0.045,-0.065,-0.106,-3.678,0.378,2.68,-0.788,-1.109,0.172,0.155,15.207,5478222.0,20,0.398,False,False,True,False,False,False
27211,12558.448,-0.776,-0.378,-1.503,-0.981,5.292,-0.466,0.149,0.049,0.204,0.133,0.185,78.696,854040.0,20,0.279,False,False,True,False,True,False
27219,5290.818,0.106,0.047,0.224,0.147,-0.92,0.077,1.618,2.509,0.113,-0.017,0.03,,141938.0,20,-0.082,False,True,False,False,False,False
27233,14332.767,0.025,0.303,0.034,-0.054,-0.939,0.032,0.18,0.809,-0.187,0.06,0.04,207.638,485550.0,20,0.267,False,False,False,False,False,False
27235,39202.571,0.328,0.492,0.072,0.042,0.146,0.026,2.326,1.238,-0.115,0.076,0.06,62.338,3190224.0,20,0.267,False,False,False,False,False,False
27238,30861.137,-0.133,-0.115,-0.057,-0.014,1.537,-0.01,5.816,-1.167,0.518,0.067,-0.033,147.24,931730.0,20,0.257,False,False,False,False,False,False
27254,5863.35,-0.132,0.229,-0.034,-0.009,-1.015,-0.04,3.404,3.463,0.509,-0.033,-0.064,,233994.0,20,0.183,False,False,False,False,False,False
27267,41018.496,0.666,0.696,0.254,0.194,-0.791,0.072,-0.643,-0.094,-0.026,0.038,-0.134,244.171,1033642.0,20,0.281,False,True,False,False,False,False
27269,13460.857,-0.168,0.039,-0.034,-0.022,3.413,-0.094,2.655,0.896,0.332,0.034,0.001,359.87,493257.0,20,0.009,False,False,False,False,False,False
27290,100522.549,-0.315,-0.052,-0.157,-0.107,5.333,-0.342,16.121,,,,,,1155008.0,14,,False,False,False,False,True,False
27330,,,,,,,,,,,,,,257237.0,5,,False,False,False,False,False,False
27332,293020.364,-2.066,-0.85,0.051,0.058,30.919,-0.624,8.784,,,,,,5866190.0,11,,False,False,False,False,True,False
27351,8267.895,-0.07,0.199,0.387,0.282,0.145,-0.079,8.339,0.417,0.346,-0.068,-0.209,,212248.0,20,1.049,False,True,False,False,False,True
27362,-14768.55,0.565,0.588,-0.027,-0.013,0.794,-0.011,3.947,0.082,0.622,0.015,-0.017,688.136,806409.0,20,0.351,False,False,False,False,False,False
27381,25199.389,0.487,0.594,0.036,0.024,-1.537,0.133,2.548,3.15,0.088,0.012,0.019,755.746,1009751.0,20,0.897,True,False,False,False,False,True
27385,-1236.499,1.239,1.304,0.069,0.134,-0.82,0.133,5.654,2.522,-0.348,-0.018,-0.008,,97087.0,20,0.422,True,False,False,False,False,False
27389,,,,,,,,,,,,,,9029626.0,4,,False,False,False,False,False,False
27394,46871.949,0.37,0.205,0.657,0.538,-1.747,0.137,2.409,1.837,0.763,-0.031,-0.137,,952245.0,20,0.118,False,True,False,False,False,False
27398,917.892,-0.014,0.139,0.013,0.018,-1.717,0.116,1.382,0.788,0.701,0.075,0.076,220.948,184734.0,20,-0.246,False,False,False,False,False,False
27408,126191.608,0.071,0.351,-0.059,-0.015,3.68,-0.117,6.231,,,,,,4953455.0,17,,False,False,False,False,True,False
27409,-3937.765,-0.087,0.281,-0.055,-0.004,1.493,-0.064,3.974,1.78,0.172,-0.011,-0.0,,277476.0,20,0.251,False,False,False,False,False,False
27417,42568.707,-0.261,-0.216,-0.108,-0.069,5.03,-0.841,2.732,-1.3,-0.505,0.057,-0.072,214.623,522042.0,20,0.911,False,False,False,False,True,True
27476,,,,,,,,,,,,,,8265835.0,2,,False,False,False,False,False,False
27479,1496.28,-1.684,-2.102,0.0,0.0,0.039,-0.364,0.0,-3.564,-1.555,0.103,-0.016,256.525,18980.0,20,,False,False,False,False,False,False
27496,29438.472,-0.509,-0.128,-0.092,-0.04,1.096,-0.001,8.818,1.614,0.521,0.146,0.144,92.621,423897.0,20,0.327,False,False,True,False,False,False
27499,-441819.065,-1.273,-1.677,0.304,0.28,-0.796,-0.367,-7.721,-2.157,0.98,0.013,0.067,75.617,7766339.0,20,,False,True,False,False,False,False
27503,-27321.964,1.196,1.183,1.528,0.361,-3.345,0.13,-4.706,2.608,-0.289,-0.073,-0.044,,542277.0,20,-0.474,True,True,False,False,False,False
27506,,,,,,,,,,,,,,111254.0,2,,False,False,False,False,False,False
27510,45722.932,0.264,0.323,0.108,0.034,-1.836,0.055,2.108,-0.086,-0.233,0.052,-0.028,166.515,1196808.0,20,0.382,False,False,False,False,False,False
27552,,,,,,,,,,,,,,1903178.0,3,,False,False,False,False,False,False
27556,2422.376,1.201,1.217,0.34,0.248,-0.711,0.212,3.552,2.768,0.524,0.09,0.152,173.729,237753.0,20,-0.163,True,True,False,False,False,False
27560,8002.22,0.166,0.339,0.049,0.041,-2.23,0.142,5.237,2.209,0.194,-0.019,-0.04,,175771.0,20,-0.009,False,False,False,False,False,False
27567,-909.377,0.302,0.293,-0.016,-0.004,-2.751,0.023,1.411,0.706,0.031,-0.008,0.008,,104448.0,20,0.076,False,False,False,False,False,False
27572,-5549.301,0.706,0.893,0.087,0.01,9.286,-0.421,5.194,,,,,,1062040.0,12,,False,False,False,False,True,False
27589,560549.964,0.109,0.187,0.035,0.022,-0.679,0.06,2.853,0.035,-0.325,0.031,-0.095,13.683,8997757.0,20,0.704,False,False,False,False,False,True
27619,77503.753,-1.057,-1.271,-0.012,-0.016,2.127,-0.053,1.155,0.823,1.063,0.024,0.05,342.478,1307724.0,20,0.616,False,False,False,False,False,True
27643,2901.116,0.14,0.011,0.253,0.107,-3.905,0.04,0.252,-0.097,0.231,-0.013,-0.059,,282964.0,20,-0.287,False,True,False,False,False,False
27654,12604.084,0.004,-0.083,0.05,0.065,1.399,-0.041,3.196,0.061,0.483,0.036,0.073,309.594,641909.0,20,-0.046,False,False,False,False,False,False
27664,13606.325,-0.126,-0.055,1.072,0.804,-3.154,-0.063,7.944,1.724,0.288,-0.066,-0.108,,501074.0,20,0.17,False,True,False,False,False,False
27677,278345.48,0.534,0.564,0.198,0.167,-7.353,0.229,2.27,2.112,0.188,-0.038,-0.011,,4384743.0,20,-0.118,True,True,False,False,False,False
27678,15658.099,0.426,0.481,-0.017,-0.009,-0.357,0.055,0.838,0.832,0.108,0.048,-0.002,235.907,616151.0,20,0.063,True,False,False,False,False,False
27683,-494.259,0.876,1.03,-0.016,-0.004,-3.468,0.05,5.58,1.944,0.291,-0.044,-0.107,,270413.0,20,0.622,True,False,False,False,False,True
27686,17529.125,0.511,0.497,-0.18,-0.037,3.782,-0.135,2.292,0.781,-0.015,0.025,-0.002,447.971,622521.0,20,0.265,True,False,False,False,True,False
27697,20973.405,0.848,0.956,0.013,0.011,2.122,-0.003,0.59,4.843,1.26,0.009,-0.086,1375.475,535316.0,20,1.093,True,False,False,False,False,True
27704,4827.127,-0.367,-0.151,-0.005,-0.003,2.242,0.17,-0.945,,,,,,122285.0,11,,False,False,False,False,False,False
27711,827.224,0.631,0.73,0.38,0.208,1.662,0.01,1.694,1.414,0.093,0.041,-0.005,339.354,334725.0,20,0.237,True,True,False,False,False,False
27716,-1921.925,3.688,3.784,-0.003,0.007,7.614,-0.207,11.774,6.727,-0.504,-0.009,-0.064,,37545.0,20,-0.18,True,False,False,False,True,False
27723,-4963.402,0.565,0.818,-0.721,-0.304,-1.881,0.069,4.201,2.841,0.236,0.155,0.208,102.057,251463.0,20,1.402,True,False,True,False,False,True
27727,8440.177,0.365,0.02,0.018,0.008,-1.365,0.09,3.706,0.356,-0.013,0.1,0.016,166.37,190505.0,20,0.401,False,False,False,False,False,False
27742,23520.571,-0.501,0.072,0.091,0.061,0.573,-0.068,3.75,0.907,0.26,0.112,0.109,126.236,349284.0,20,0.695,False,False,True,False,False,True
27752,5049.203,-0.371,-0.337,0.616,0.48,8.398,-0.172,-2.503,0.576,0.016,-0.038,0.033,,244657.0,20,-0.347,False,True,False,False,True,False
27757,,,,,,,,,,,,,,996262.0,5,,False,False,False,False,False,False
27760,642.385,0.08,0.104,-0.02,-0.004,-2.611,0.04,3.216,0.134,0.253,0.036,0.06,371.215,365179.0,20,-0.069,False,False,False,False,False,False
27763,48213.107,-0.238,-0.19,-0.187,-0.177,-0.674,0.017,-0.103,-0.063,0.415,0.083,-0.026,135.235,673050.0,20,0.265,False,False,False,False,False,False
27767,-4079.035,0.379,0.605,-0.133,-0.117,1.723,-0.033,2.901,1.008,0.03,-0.016,0.001,,146115.0,20,-0.061,False,False,False,False,False,False
27774,194384.066,-0.126,-0.072,0.08,0.066,0.064,-0.015,0.682,0.2,0.502,0.057,-0.018,65.345,4028761.0,20,1.077,False,False,False,False,False,True
27799,-14496.229,-1.267,-0.772,-0.203,-0.106,9.954,-0.177,-0.029,,,,,,766134.0,16,,False,False,False,False,True,False
27806,-2463.525,0.155,0.141,-0.152,-0.112,-0.227,0.004,2.217,0.519,0.302,0.019,0.012,747.699,282485.0,20,-0.437,False,False,False,False,False,False
27811,204067.798,0.146,0.246,0.088,0.076,0.104,-0.051,3.73,0.514,-0.028,0.043,0.025,55.607,5551229.0,20,0.329,False,False,False,False,False,False
27824,29196.108,-1.084,-0.958,0.017,0.027,8.492,-0.149,6.755,-0.781,0.672,-0.009,-0.071,,570380.0,20,1.341,False,False,False,False,True,True
27841,-59.627,0.029,0.131,0.018,0.014,6.812,-0.114,5.406,0.818,0.434,-0.033,-0.06,,40591.0,20,-0.064,False,False,False,False,True,False
27847,3941.747,-1.418,-1.312,-0.819,-0.406,3.384,-0.071,4.605,0.519,-0.208,-0.04,-0.129,,54412.0,20,-0.235,False,False,False,False,False,False
27861,-120873.6,1.974,2.383,-0.177,-0.38,4.571,0.151,7.608,,,,,,970046.0,9,,False,False,False,False,False,False
27872,24948.556,0.522,0.576,0.377,0.286,-2.071,0.192,3.422,2.759,-0.003,0.04,0.025,226.338,1086048.0,20,0.4,True,True,False,False,False,False
27884,-2387.63,-0.194,-0.405,-0.028,-0.005,26.365,-0.237,2.763,-0.397,0.177,-0.029,-0.017,,538595.0,20,0.232,False,False,False,False,True,False
27897,-230.974,-0.022,-0.018,0.0,0.01,8.076,-0.157,-0.995,0.462,0.277,-0.013,0.045,,42726.0,20,-0.413,False,False,False,False,True,False
27898,5615.471,-0.548,-0.729,-0.038,-0.011,-3.167,0.063,1.598,0.754,0.524,0.041,0.006,427.675,133076.0,20,-0.045,False,False,False,False,False,False
27910,2301.768,-0.204,-0.047,-0.411,-0.325,-0.673,0.052,1.335,-1.401,0.042,0.027,-0.025,660.753,118574.0,20,-0.103,False,False,False,False,False,False
27918,398.743,-3.36,0.44,0.0,0.0,-4.21,0.067,-0.428,,,,,,199440.0,6,,False,False,False,False,False,False
27932,38017.82,-0.181,0.204,0.211,-0.066,-0.278,-0.002,5.577,,,,,,657663.0,14,,False,True,False,False,False,False
27943,52074.74,-0.559,-0.588,0.136,0.101,8.545,-0.218,3.157,-0.056,0.345,0.046,0.035,200.04,1040700.0,20,0.152,False,False,False,False,True,False
27955,,,,,,,,,,,,,,74163.0,1,,False,False,False,False,False,False
27965,8829.555,-0.395,-0.4,-0.089,-0.015,4.66,-0.146,1.454,-0.49,0.638,0.029,-0.006,514.06,263050.0,20,0.483,False,False,False,False,True,False
27969,56875.835,-1.241,-0.993,-0.217,-0.044,-15.506,0.43,12.454,-1.869,0.97,0.078,-0.552,187.039,300678.0,20,-0.625,False,False,False,False,False,False
27981,13477.395,-0.248,-0.306,0.086,0.075,0.828,-0.036,3.592,0.291,0.257,0.011,0.01,5.871,9843365.0,20,0.976,False,False,False,True,False,True
27989,2956.093,-0.524,-0.498,0.127,0.11,2.678,-0.092,0.314,-0.506,0.358,0.026,0.042,519.435,360809.0,20,0.025,False,False,False,False,False,False
27998,67895.672,-0.399,-0.33,-0.031,0.003,0.466,-0.146,8.396,-0.917,1.039,0.03,-0.105,268.715,1381983.0,20,-0.114,False,False,False,False,False,False
28035,9798.926,-1.296,-1.174,0.096,0.088,2.892,-0.075,10.029,-2.223,0.925,0.115,0.029,153.52,155591.0,20,0.405,False,False,False,False,False,False
28060,3162.556,-0.111,-0.037,-0.001,0.0,2.092,-0.035,0.583,0.357,0.486,0.016,-0.004,1024.899,186592.0,20,0.396,False,False,False,False,False,False
28063,-1171.513,1.153,1.212,0.018,0.01,-5.441,0.201,3.111,2.987,-0.287,-0.053,-0.054,,82394.0,20,-0.765,True,False,False,False,False,False
28068,,,,,,,,,,,,,,546412.0,3,,False,False,False,False,False,False
28080,2647.326,0.084,0.688,-0.286,-0.117,-3.316,0.071,4.171,1.763,0.037,0.018,-0.005,785.725,273464.0,20,1.078,False,False,False,False,False,True
28085,30.133,0.642,0.564,0.0,0.0,-6.039,0.29,0.884,,,,,,35927.0,9,,False,False,False,False,False,False
28094,131455.528,0.516,0.566,0.068,0.085,0.115,-0.015,3.961,1.281,0.185,0.019,-0.018,215.44,3543498.0,20,0.063,True,False,False,False,False,False
28103,-4750.343,1.137,1.12,0.026,0.019,2.294,-0.015,1.45,1.914,0.205,-0.027,0.004,,116127.0,20,-0.613,True,False,False,False,False,False
28105,11447.323,0.182,0.192,0.019,0.016,-1.419,0.088,4.313,1.415,0.691,0.071,0.051,174.593,510856.0,20,1.143,False,False,False,False,False,True
28116,946.556,0.658,0.696,0.044,0.023,0.319,0.01,5.637,2.51,0.382,-0.013,0.005,,2011548.0,20,0.225,True,False,False,False,False,False
28151,40705.055,0.31,0.486,0.718,0.703,-6.751,0.061,5.295,,,,,,518401.0,14,,False,True,False,False,False,False
28155,5677.976,-0.148,-0.271,-0.022,-0.009,2.327,-0.049,3.036,-0.155,0.326,0.037,0.03,378.422,310376.0,20,0.192,False,False,False,False,False,False
28157,16560.361,-1.233,-1.187,-0.059,-0.048,-0.43,-0.052,-4.147,-3.434,0.218,0.107,-0.132,156.192,191045.0,20,0.321,False,False,False,False,False,False
28167,6324.598,-0.056,-0.052,0.197,0.057,6.772,-0.21,-0.957,,,,,,262643.0,17,,False,True,False,False,True,False
28186,8784.376,0.083,0.021,-0.155,-0.098,-0.557,0.084,3.046,0.546,0.261,0.071,0.026,222.893,223362.0,20,0.446,False,False,False,False,False,False
28208,-493.756,0.9,0.865,-0.055,-0.028,-0.671,0.089,4.205,2.336,0.13,0.044,0.034,299.421,395540.0,20,0.01,True,False,False,False,False,False
28213,15525.525,-0.205,-0.247,0.024,0.018,3.948,-0.094,5.973,0.783,0.204,-0.028,0.005,,418714.0,20,-0.235,False,False,False,False,False,False
28217,11466.92,-0.399,-0.3,0.104,0.118,-9.594,0.359,12.918,5.878,0.126,0.065,0.167,290.677,100257.0,20,-0.391,False,False,False,False,False,False
28222,786.153,-0.395,-0.08,0.01,0.018,13.645,-0.164,5.985,0.471,0.09,0.028,-0.028,469.297,410874.0,20,2.535,False,False,False,False,True,True
28246,6282.198,-0.388,-0.283,0.013,0.01,-2.39,0.101,-0.774,0.467,0.018,0.036,-0.031,511.321,113328.0,20,-0.377,False,False,False,False,False,False
28262,117149.853,-0.196,-0.018,-0.213,-0.1,2.557,-0.092,7.079,,,,,,2163484.0,17,,False,False,False,False,False,False
28263,158915.546,0.198,0.173,0.235,0.198,-1.193,-0.105,-1.336,1.57,0.412,0.024,-0.006,256.274,2143460.0,20,0.437,False,True,False,False,False,False
28266,1874.656,-1.368,-1.378,0.005,0.004,19.419,-0.538,2.747,-3.47,-0.243,0.086,0.145,237.001,74003.0,20,-0.304,False,False,False,False,True,False
28277,14055.555,-0.569,-0.642,0.048,0.067,-0.266,0.004,5.91,0.444,0.897,-0.039,-0.149,,279067.0,20,-0.142,False,False,False,False,False,False
28288,1430.641,-0.314,-0.116,-0.227,-0.174,-0.594,0.015,4.851,1.016,0.182,0.007,0.029,2825.528,101808.0,20,0.287,False,False,False,False,False,False
28302,-1869.979,0.27,0.218,0.213,0.052,-4.751,0.182,7.627,0.729,0.257,0.01,0.039,1781.906,97967.0,20,0.091,False,True,False,False,False,False
28314,274.421,-1.249,-0.439,-0.072,-0.068,1.847,-0.063,2.006,0.265,0.449,0.008,0.023,2320.642,94454.0,20,0.225,False,False,False,False,False,False
28315,-452.824,0.268,0.448,0.325,0.27,1.934,-0.045,3.258,1.184,0.399,-0.013,-0.047,,136066.0,20,-0.176,False,True,False,False,False,False
28316,59678.358,0.88,1.093,0.275,0.216,0.472,-0.12,3.255,5.635,0.396,0.023,-0.083,370.931,1266430.0,20,0.311,True,True,False,False,False,False
28332,548006.899,0.04,-0.085,0.101,0.073,0.656,-0.083,0.337,0.991,0.41,0.034,-0.038,81.867,5090783.0,20,0.163,False,False,False,False,False,False
28346,33329.745,-1.258,-1.247,-0.036,-0.029,4.606,-0.379,7.128,,,,,,311119.0,10,,False,False,False,False,True,False
28348,38032.313,-1.497,-0.741,0.056,0.137,2.849,-0.116,8.282,-0.699,-0.046,0.124,0.05,96.815,592904.0,20,0.971,False,False,True,False,True,True
28349,9316.713,-0.307,-0.203,0.094,0.087,0.103,0.054,10.011,1.953,0.331,0.002,-0.032,7271.088,158515.0,20,-0.007,False,False,False,False,False,False
28359,530517.958,-0.207,-0.052,0.0,0.017,2.463,-0.104,2.67,-0.278,-0.132,0.095,0.102,,14471195.0,20,0.038,False,False,False,False,False,False
28362,42309.377,-0.049,0.136,0.398,0.454,0.184,-0.189,0.613,1.619,0.426,-0.058,-0.06,,1348989.0,20,-0.367,False,True,False,False,False,False
28368,13772.325,0.457,0.482,-0.059,-0.043,-2.343,0.017,3.295,1.853,-0.584,-0.005,-0.007,,641694.0,20,-0.003,True,False,False,False,False,False
28369,2019.943,-0.291,-0.28,-0.141,-0.122,-0.858,0.019,4.024,0.21,0.798,-0.005,0.012,,93010.0,20,0.275,False,False,False,False,False,False
28380,-11936.974,0.172,0.375,-0.163,-0.061,0.269,0.003,2.112,0.988,-0.05,0.016,0.005,575.348,1010347.0,20,0.254,False,False,False,False,False,False
28390,8662.785,-0.152,0.802,0.0,0.0,0.767,1.065,0.0,-1.325,1.113,0.117,0.029,150.379,155568.0,20,,False,False,False,False,False,False
28396,42759.194,-0.106,-0.07,-0.022,-0.014,0.394,-0.051,0.895,-0.276,0.734,0.075,-0.019,122.755,1078904.0,20,0.148,False,False,False,False,False,False
28400,-35221.88,0.037,0.138,-0.357,-0.263,2.658,-0.008,-0.755,-0.382,-0.149,-0.053,-0.026,,780209.0,20,-0.328,False,False,False,False,False,False
28401,2497.08,0.345,0.612,-0.139,-0.036,-2.556,0.111,5.487,1.288,0.19,0.043,0.006,294.047,439360.0,20,0.432,False,False,False,False,False,False
28405,64536.713,-0.433,-0.36,0.369,0.298,5.525,-0.332,3.092,0.348,0.045,-0.02,0.008,,2115202.0,20,-0.134,False,True,False,False,True,False
28425,-574.045,0.016,0.063,0.077,0.071,3.094,-0.062,3.649,0.767,-0.052,-0.005,0.018,,193030.0,20,-0.126,False,False,False,False,False,False
28445,-7144.695,1.189,1.094,0.015,-0.136,-7.101,0.454,5.828,1.78,0.02,0.013,0.014,1180.663,202015.0,20,0.304,True,False,False,False,False,False
28453,47684.415,0.447,0.479,0.031,0.032,0.755,-0.006,5.74,0.784,0.205,0.059,0.046,110.529,2046279.0,20,0.218,True,False,False,False,False,False
28463,-526.093,0.45,0.413,-0.027,-0.063,-0.233,0.018,1.019,3.009,0.303,-0.05,-0.047,,56597.0,20,-0.649,True,False,False,False,False,False
28471,15726.914,-0.258,-0.058,-0.12,-0.039,-1.263,-0.004,5.111,1.555,0.13,0.071,0.036,194.569,358491.0,20,0.377,False,False,False,False,False,False
28478,2467.967,-1.313,-1.126,0.426,0.241,4.455,-0.18,2.829,-1.089,1.565,-0.027,0.018,,115965.0,20,3.533,False,True,False,False,True,True
28480,-962.226,-0.022,-0.009,2.544,1.834,11.938,-0.525,3.81,-2.278,-3.09,-0.126,-0.072,,21202.0,20,,False,True,False,False,True,False
28481,3498.766,0.675,0.658,0.007,0.003,6.308,-0.127,0.799,,,,,,358787.0,18,,False,False,False,False,True,False
28507,2112.653,-0.287,-0.279,0.094,0.079,2.202,-0.05,6.371,-1.231,0.083,0.036,-0.048,562.135,70526.0,20,0.868,False,False,False,False,False,True
28513,39125.405,-0.724,-0.542,0.007,0.015,2.3,-0.397,2.826,0.676,0.524,0.036,0.062,168.501,2252598.0,20,0.134,False,False,False,False,False,False
28515,-4536.43,-2.067,-0.803,0.016,-0.008,4.48,-0.883,0.191,-0.918,1.015,0.084,0.224,160.966,382873.0,20,0.037,False,False,False,False,True,False
28530,82831.85,-0.166,-0.016,0.008,0.012,0.884,-0.001,3.364,1.814,0.233,0.093,-0.003,95.63,1205618.0,20,0.468,False,False,False,False,False,False
28533,75674.875,-0.749,-0.488,0.006,0.031,2.5,-0.12,3.475,1.018,0.072,-0.003,-0.027,,1513612.0,20,0.317,False,False,False,False,True,False
28543,-1412.902,0.128,0.27,0.004,-0.021,-0.891,-0.007,3.665,0.56,0.648,-0.008,-0.039,,124900.0,20,-0.602,False,False,False,False,False,False
28555,8331.266,-0.999,-1.057,0.117,0.09,-3.736,0.083,1.76,-0.626,0.122,0.033,-0.006,488.261,187507.0,20,0.157,False,False,False,False,False,False
28585,5760.253,-0.023,-0.037,0.052,0.037,2.937,-0.132,0.175,1.525,1.013,-0.021,-0.028,,123057.0,20,-0.065,False,False,False,False,True,False
28593,61980.334,-0.29,-0.164,0.301,0.251,1.848,-0.07,-0.151,0.535,1.602,0.058,0.022,162.14,1014059.0,20,-0.194,False,True,False,False,False,False
28599,43372.135,-0.359,-0.31,-0.061,-0.041,1.515,-0.05,7.085,0.103,0.185,0.026,0.013,352.972,1008303.0,20,-0.042,False,False,False,False,False,False
28611,-222.092,0.488,0.425,-0.029,-0.081,20.124,-1.176,1.224,,,,,,49466.0,14,,False,False,False,False,True,False
28614,1905.35,-0.342,-0.498,-0.025,-0.031,7.949,-0.315,2.938,0.473,1.272,0.03,0.094,465.16,326863.0,20,-0.095,False,False,False,False,True,False
28635,5201.732,-0.571,-0.601,-0.193,-0.089,0.387,-0.067,-1.801,-0.986,-0.059,-0.069,-0.155,,109785.0,20,-0.263,False,False,False,False,False,False
28637,2586.069,-1.326,-0.87,-0.1,-0.049,-0.004,-0.103,5.155,-2.877,1.011,0.12,0.052,166.477,89614.0,20,1.987,False,False,True,False,False,True
28652,1781.164,0.552,0.609,0.008,0.006,1.133,0.012,2.862,-0.974,-0.249,0.077,-0.004,272.079,63470.0,20,0.933,False,False,False,False,False,True
28663,-594.177,0.023,0.175,0.012,0.009,6.675,-0.156,1.604,-2.295,0.652,0.037,-0.017,603.468,44332.0,20,1.089,False,False,False,False,True,True
28667,-2562.893,0.617,0.609,-0.098,-0.044,-2.237,0.088,4.313,1.752,0.35,0.004,0.046,4520.896,73266.0,20,0.073,True,False,False,False,False,False
28670,,,,,,,,,,,,,,1222860.0,4,,False,False,False,False,False,False
28677,-2480.358,0.165,0.47,0.002,0.018,1.368,-0.023,2.99,1.543,0.738,0.015,0.047,1346.526,76375.0,20,0.506,False,False,False,False,False,True
28679,-8062.544,0.987,0.906,-0.019,-0.016,-2.229,0.101,3.433,1.737,0.18,0.042,0.075,130.9,2590607.0,20,0.127,True,False,False,False,False,False
28684,,,,,,,,,,,,,,241453.0,5,,False,False,False,False,False,False
28701,8432.466,-0.068,0.374,-0.055,-0.032,6.126,-0.134,1.299,0.921,0.392,0.026,0.015,458.493,516761.0,20,0.461,False,False,False,False,True,False
28703,-589.75,0.423,0.365,0.0,0.0,-3.109,0.119,5.889,-1.113,1.754,0.051,-0.004,410.606,62682.0,20,-0.573,False,False,False,False,False,False
28706,-5347.868,0.425,0.517,0.069,0.044,1.804,-0.012,2.342,1.062,0.205,0.026,0.059,348.299,1039462.0,20,0.638,True,False,False,False,False,True
28708,9920.027,-0.68,-0.644,0.044,0.032,5.98,-0.114,0.672,-0.329,0.466,-0.03,-0.045,,156458.0,20,2.886,False,False,False,False,True,True
28710,62036.277,0.086,0.17,0.071,0.046,5.062,-0.187,1.03,0.546,0.52,0.004,0.028,496.199,5735013.0,20,-0.154,False,False,False,False,True,False
28712,2751.167,0.95,1.02,0.065,0.055,-6.137,0.395,14.87,0.793,0.144,0.018,-0.039,894.199,185930.0,20,0.422,True,False,False,False,False,False
28722,91.293,-2.477,-2.399,1.769,1.583,158.746,-1.376,-4.797,-6.746,0.428,0.159,0.016,214.05,3808.0,20,,False,True,False,False,True,False
28723,-5014.352,1.257,4.191,-0.052,0.001,1.18,0.054,5.853,,,,,,31365.0,10,,False,False,False,False,False,False
28729,22870.866,-0.586,-0.661,-0.094,-0.07,9.007,-0.171,2.347,-0.27,0.743,-0.015,-0.047,,388195.0,20,0.422,False,False,False,False,True,False
28735,17905.537,-0.244,-0.054,0.005,0.073,-0.206,-0.058,4.794,-0.599,-0.198,0.091,0.005,152.44,368035.0,20,0.223,False,False,False,False,False,False
28747,-13875.077,1.175,1.279,-0.145,-0.004,2.203,-0.058,6.709,8.279,0.877,0.027,-0.023,464.791,477752.0,20,2.017,True,False,False,False,False,True
28765,47072.28,-0.56,-0.097,-0.181,-0.114,4.55,-0.251,3.668,-0.639,0.164,-0.017,-0.002,,7591561.0,20,-0.066,False,False,False,False,True,False
28769,-2648.43,1.06,0.993,-0.068,-0.037,-1.973,0.108,7.705,1.332,0.196,0.015,0.011,1134.619,139819.0,20,0.723,True,False,False,False,False,True
28776,,,,,,,,,,,,,,74698.0,5,,False,False,False,False,False,False
28778,134409.29,-0.446,-1.18,-0.008,-0.003,-1.046,-0.004,9.528,-2.879,-0.071,0.065,0.044,138.698,1143103.0,20,710.368,False,False,False,False,False,True
28780,2209.074,-0.104,-0.013,-0.166,-0.101,1.989,-0.027,5.503,-0.104,0.182,0.044,0.052,285.384,474117.0,20,0.163,False,False,False,False,False,False
28788,-27483.275,0.364,0.448,-0.317,-0.137,-0.462,0.033,3.558,2.028,0.142,-0.013,-0.007,,1115178.0,20,0.844,False,False,False,False,False,True
28790,2423.287,0.202,-0.027,0.158,0.174,-1.058,0.06,6.974,-0.147,0.298,0.095,0.096,206.258,93881.0,20,0.171,False,True,False,False,False,False
28793,-4185.257,0.171,0.165,-0.197,-0.108,0.844,0.017,5.739,0.355,0.995,-0.01,-0.007,,170750.0,20,0.19,False,False,False,False,False,False
28805,-1511.501,0.073,0.247,-0.413,-0.13,-1.817,-0.348,5.091,-6.874,3.534,-0.018,-0.007,,86061.0,20,0.98,False,False,False,False,False,True
28808,-68144.681,0.453,0.406,0.5,0.283,0.047,0.011,-2.542,,,,,,1403478.0,19,,False,True,False,False,False,False
28812,37327.747,-0.209,-0.01,-0.004,-0.001,-0.648,0.092,2.304,1.284,0.791,0.066,-0.007,188.244,499538.0,20,0.21,False,False,False,False,False,False
28818,-10156.938,0.391,0.376,-0.004,-0.002,1.643,-0.004,3.436,0.371,0.032,0.05,0.071,234.92,579600.0,20,-0.011,False,False,False,False,False,False
28834,437192.186,-0.082,-0.119,0.101,0.082,5.647,-0.184,3.398,0.887,0.59,0.038,0.009,,11009182.0,20,0.149,False,False,False,False,True,False
28836,-331.549,0.828,0.775,0.003,0.001,-3.168,0.123,0.263,1.215,0.047,0.05,0.067,252.63,460385.0,20,0.16,True,False,False,False,False,False
28837,-3471.663,0.769,0.895,-0.044,-0.031,-0.116,-0.033,3.25,0.442,-0.043,0.024,-0.007,603.629,296396.0,20,0.481,False,False,False,False,False,False
28841,-9754.517,-0.445,-0.188,-0.037,-0.019,8.783,-0.133,0.69,1.097,0.313,-0.0,0.054,,408153.0,20,0.171,False,False,False,False,True,False
28845,65557.101,0.099,0.137,0.022,0.016,1.362,-0.07,3.757,2.512,0.811,-0.022,0.036,,1437772.0,20,0.13,False,False,False,False,False,False
28859,7201.263,1.297,1.423,0.101,0.111,-2.444,0.188,11.592,2.342,0.121,0.049,0.037,237.042,591032.0,20,-0.17,True,False,False,False,False,False
28860,-6783.811,0.454,0.928,-0.529,-0.12,3.98,-0.198,7.573,1.693,-0.199,0.005,-0.003,4034.03,75783.0,20,-0.591,True,False,False,False,True,False
28865,32420.974,0.575,0.517,0.482,0.301,2.831,-0.188,-4.747,2.675,1.622,-0.046,0.039,,1043286.0,20,-0.01,True,True,False,False,True,False
28868,19765.952,-0.217,-0.218,0.097,0.408,0.616,0.026,2.571,2.465,3.167,-0.028,0.019,,429012.0,20,0.201,False,True,False,False,False,False
28870,17629.997,-0.182,-0.152,-0.034,-0.012,-0.784,-0.009,1.587,0.452,0.539,0.014,-0.04,863.901,475704.0,20,-0.022,False,False,False,False,False,False
28894,22861.233,-0.345,-0.154,0.001,0.007,0.416,-0.04,2.949,-0.463,0.288,0.063,-0.05,202.778,452935.0,20,0.289,False,False,False,False,False,False
28905,101902.764,-0.197,0.011,-0.352,-0.162,-1.889,0.086,6.711,-0.052,0.667,0.079,0.014,85.684,1950198.0,20,1.101,False,False,False,False,False,True
28908,1201.05,-0.099,0.028,-0.017,-0.012,3.297,-0.063,1.507,0.667,0.332,0.029,0.04,530.353,212741.0,20,-0.098,False,False,False,False,False,False
28914,-1171.083,0.558,0.507,0.175,0.147,0.227,-0.039,6.091,1.193,0.588,0.026,0.02,428.626,628107.0,20,0.025,True,True,False,False,False,False
28924,14461.844,-0.363,-0.318,0.183,0.154,-0.498,-0.034,6.172,0.297,0.332,-0.031,-0.127,,425882.0,20,-0.085,False,True,False,False,False,False
28925,-1691.675,0.468,0.576,0.018,0.019,-1.736,0.096,3.682,2.505,0.645,0.029,0.04,509.605,250291.0,20,0.346,True,False,False,False,False,False
28930,49658.842,0.164,0.128,0.023,0.017,0.263,-0.045,2.085,0.376,0.387,0.379,0.294,34.065,649717.0,20,0.48,False,False,True,False,False,False
28934,,,,,,,,,,,,,,393526.0,2,,False,False,False,False,False,False
28942,3821.564,0.89,0.23,-0.031,-0.019,3.779,-0.091,2.802,1.685,0.792,-0.001,-0.031,,308056.0,20,0.481,True,False,False,False,False,False
28949,-562.589,-0.235,-0.286,0.077,0.096,-0.463,0.041,6.786,1.006,0.095,0.075,0.156,267.892,77041.0,20,6.255,False,False,False,False,False,True
28963,,,,,,,,,,,,,,264238.0,5,,False,False,False,False,False,False
28983,4096.959,-0.08,0.04,0.268,0.213,1.033,-0.012,8.462,1.354,0.195,0.023,-0.032,818.053,91880.0,20,2.1,False,True,False,False,False,True
28989,23115.868,-1.751,-1.638,0.788,0.616,5.49,-0.2,3.044,-2.108,-0.099,0.032,-0.04,474.174,226778.0,20,0.098,False,True,False,False,True,False
29005,-871.035,0.805,0.829,0.056,0.036,6.953,-0.111,2.948,0.849,-0.26,0.001,0.063,17996.118,22969.0,20,0.557,True,False,False,False,True,True
29009,-11468.43,0.389,0.411,-0.084,-0.046,1.445,-0.021,4.02,1.326,0.351,0.0,-0.013,23465.066,857594.0,20,0.22,False,False,False,False,False,False
29011,19406.635,0.205,0.238,0.036,0.035,2.88,-0.056,3.703,0.535,0.136,0.083,0.081,122.14,885494.0,20,0.578,False,False,False,False,False,True
29012,21335.167,0.39,0.396,-0.064,-0.024,1.388,-0.14,5.006,1.031,0.733,0.192,0.187,3.723,8492771.0,20,0.498,False,False,True,True,False,False
29024,27618.147,-0.324,-0.302,0.304,0.273,-1.834,0.053,6.48,-0.158,0.514,0.085,-0.126,174.875,285547.0,20,0.619,False,True,False,False,False,True
29035,11549.149,0.223,0.221,0.093,0.107,0.938,-0.016,1.68,0.275,0.335,0.008,-0.057,1430.048,496919.0,20,0.399,False,False,False,False,False,False
29042,36513.846,-0.294,-0.161,-0.056,-0.022,7.816,-0.365,6.099,,,,,,1095065.0,14,,False,False,False,False,True,False
29047,40638.153,-0.76,-1.005,0.062,0.061,6.425,-0.142,1.599,-0.616,0.42,0.0,-0.03,59105.557,990770.0,20,-0.139,False,False,False,False,True,False
29049,-2276.434,0.491,0.994,-0.106,-0.093,0.094,0.053,-0.365,,,,,,73772.0,12,,False,False,False,False,False,False
29056,30299.762,-0.252,-0.068,0.157,0.118,4.395,-0.126,0.74,1.475,-0.008,-0.043,0.007,,578952.0,20,0.028,False,True,False,False,True,False
29058,4040.312,0.126,0.199,0.036,0.026,10.348,-0.314,1.164,,,,,,1439590.0,16,,False,False,False,False,True,False
29059,-218.093,0.401,0.385,-0.062,-0.105,3.713,-0.08,-2.477,0.761,-0.456,0.041,0.098,552.953,38880.0,20,-0.345,True,False,False,False,False,False
29061,-100.0,-0.261,-0.208,0.167,0.124,14.772,-0.26,0.557,-1.346,0.364,-0.047,-0.097,,54568.0,20,0.045,False,True,False,False,True,False
29065,-1249.133,-0.152,0.24,-0.357,-0.236,16.505,-0.378,7.821,,,,,,26597.0,9,,False,False,False,False,True,False
29066,8123.429,0.159,0.188,-0.187,-0.125,0.222,-0.014,3.677,1.495,0.465,0.079,0.075,219.531,152294.0,20,1.072,False,False,False,False,False,True
29087,112383.928,0.526,0.227,0.043,0.029,3.598,-0.09,-1.72,3.912,3.393,-0.026,0.01,,915185.0,20,0.37,True,False,False,False,False,False
29089,5351.955,0.041,0.292,-0.012,-0.003,1.11,-0.002,1.467,1.681,0.333,0.022,-0.002,670.786,280207.0,20,-0.029,False,False,False,False,False,False
29090,12375.63,-0.473,-0.432,0.049,0.06,0.654,-0.04,3.422,-0.076,0.334,0.013,-0.053,1051.408,294801.0,20,-0.039,False,False,False,False,False,False
29093,4886.198,-0.554,-0.403,0.076,0.047,-1.091,0.0,5.768,0.77,0.581,0.09,0.1,211.955,102131.0,20,-0.652,False,False,False,False,False,False
29120,12178.626,-0.011,-0.006,0.004,0.013,-1.135,0.031,7.077,0.546,0.448,0.015,-0.027,744.276,595181.0,20,0.203,False,False,False,False,False,False
29121,-2576.854,-0.009,0.188,0.053,0.02,-0.457,0.016,1.024,1.965,0.532,0.004,0.033,4428.241,183311.0,20,1.325,False,False,False,False,False,True
29135,13933.188,-1.184,-1.054,0.232,0.16,5.608,-0.134,3.057,-2.886,0.554,0.079,-0.099,206.466,194684.0,20,12.791,False,True,False,False,True,True
29140,28022.617,-0.111,-0.062,-0.004,-0.003,0.977,-0.105,5.632,0.831,0.306,-0.008,-0.046,,764393.0,20,0.22,False,False,False,False,False,False
29143,31826.4,0.491,0.046,0.295,0.231,-2.222,-0.026,-1.166,1.241,1.0,0.682,-0.313,29.071,228669.0,20,2.831,True,True,False,False,False,True
29147,234926.547,-0.029,-0.156,-0.019,-0.04,-4.485,0.246,3.193,2.494,-0.511,0.052,0.016,125.068,2019844.0,20,0.431,False,False,False,False,False,False
29164,14293.889,-0.45,-0.355,-0.018,-0.018,-2.757,0.104,3.87,-1.818,0.153,0.082,-0.065,181.365,277565.0,20,0.313,False,False,False,False,False,False
29170,37910.926,-0.139,-0.277,-0.002,-0.0,1.445,-0.069,4.696,0.974,0.21,0.208,0.109,69.061,383954.0,20,-0.094,False,False,True,False,False,False
29173,33553.952,-0.282,-0.426,0.251,0.225,-0.182,-0.076,-1.079,-0.074,0.095,0.149,0.013,97.998,329841.0,20,0.792,False,True,False,False,False,True
29177,33425.38,0.237,0.245,0.139,0.114,2.696,-0.074,0.695,1.068,-0.441,0.012,-0.03,972.919,615691.0,20,0.181,False,False,False,False,False,False
29186,4485.624,-0.588,-0.57,-0.059,-0.029,-0.864,-0.009,0.695,-2.934,0.489,0.126,0.048,155.659,97445.0,20,0.152,False,False,True,False,False,False
29188,-6069.946,-0.003,0.376,-0.042,-0.013,9.018,-0.247,3.028,0.319,0.248,0.029,0.013,463.721,383905.0,20,0.325,False,False,False,False,True,False
29206,1387.88,0.02,0.001,0.155,0.114,2.619,-0.074,-1.323,1.046,1.12,0.003,0.011,5314.254,156522.0,20,-0.196,False,True,False,False,False,False
29208,-160.331,-0.405,-0.187,-0.217,-0.115,7.606,-0.241,4.201,0.412,-0.079,-0.059,0.015,,125498.0,20,-0.074,False,False,False,False,True,False
29209,796386.919,0.242,0.122,0.096,0.141,3.348,-0.043,2.416,,,,,,13442736.0,8,,False,False,False,False,False,False
29227,7276.788,-0.267,-0.151,-0.034,-0.017,3.573,-0.097,0.412,1.686,0.634,0.042,0.071,272.49,605021.0,20,0.305,False,False,False,False,False,False
29231,-1644.439,0.335,0.305,-0.007,-0.003,-0.957,0.013,3.658,1.335,0.083,-0.079,-0.04,,89632.0,20,0.106,False,False,False,False,False,False
29238,-891.723,0.522,0.674,-0.143,-0.064,-0.114,0.013,4.35,-2.326,0.109,0.053,0.022,356.427,101745.0,20,0.048,False,False,False,False,False,False
29241,-781.838,1.198,1.296,0.478,0.445,-1.523,0.117,5.808,0.535,-0.188,0.019,-0.037,944.104,118495.0,20,0.04,False,True,False,False,False,False
29268,-2569.215,0.345,0.435,0.176,0.171,9.96,-0.212,-0.742,2.009,-0.606,-0.048,0.031,,92130.0,20,-0.65,False,True,False,False,True,False
29293,28039.11,-0.279,-0.214,0.077,0.042,-0.82,-0.0,2.609,0.731,0.528,0.118,-0.014,122.364,328621.0,20,0.434,False,False,False,False,False,False
29294,17326.177,-0.619,-0.154,-0.008,-0.0,5.924,-0.118,5.405,0.29,0.286,0.042,0.021,221.555,1012360.0,20,1.041,False,False,False,False,True,True
29331,42975.199,-0.817,-0.863,0.135,0.035,4.033,-0.141,1.439,,,,,,559509.0,18,,False,False,False,False,True,False
29332,69693.747,0.389,0.361,1.512,1.13,2.036,-0.554,0.139,-1.048,-5.628,0.057,0.0,192.796,685065.0,20,0.107,False,True,False,False,False,False
29345,4556.03,1.466,1.577,-0.057,-0.023,-5.678,0.197,1.845,1.555,0.179,0.065,0.041,236.581,247265.0,20,1.067,True,False,False,False,False,True
29357,3780.054,0.827,0.762,0.11,0.136,-1.845,0.096,4.998,1.964,0.534,0.063,0.065,272.403,159328.0,20,0.286,True,False,False,False,False,False
29379,5612.653,1.837,2.127,-0.212,-0.123,-11.248,0.375,-9.268,9.342,3.981,2.781,2.779,15.742,53329.0,20,,True,False,True,False,False,False
29384,6835.802,0.856,0.962,-0.015,-0.003,-1.74,0.062,2.3,1.392,0.127,0.027,-0.013,573.303,211123.0,20,0.63,True,False,False,False,False,True
29399,-5401.356,0.684,0.836,1.151,0.177,-2.253,0.01,-8.778,0.341,-1.641,-0.057,-0.072,,61515.0,20,-0.543,False,True,False,False,False,False
29426,6215.414,0.117,0.11,0.026,0.021,1.849,-0.031,2.784,1.915,0.422,0.29,0.283,67.571,136240.0,20,0.114,False,False,True,False,False,False
29430,1488.574,-0.473,-0.547,0.046,0.035,6.191,-0.04,0.94,0.517,0.497,-0.072,-0.032,,54011.0,20,-0.646,False,False,False,False,False,False
29449,-1507.152,0.292,0.24,-0.269,-0.046,-0.996,0.014,8.482,1.149,-0.267,-0.029,-0.089,,41945.0,20,0.009,False,False,False,False,False,False
29471,702.986,-0.418,-0.416,0.047,0.042,2.309,0.057,3.829,-0.627,0.632,-0.006,-0.055,,96185.0,20,1.189,False,False,False,False,False,True
29476,33291.516,1.035,1.06,-0.095,-0.063,-1.724,0.098,2.76,0.061,0.022,0.099,0.0,122.817,558609.0,20,-0.026,False,False,False,False,False,False
29486,-441.483,-0.125,0.086,-0.126,-0.006,19.179,-0.301,2.36,-1.395,-0.047,0.046,0.022,491.377,38073.0,20,-0.023,False,False,False,False,True,False
29488,187431.576,-0.576,-0.585,0.096,0.081,4.289,-0.094,3.047,0.247,0.548,-0.027,-0.064,,2917042.0,20,0.181,False,False,False,False,False,False
29490,68.433,0.29,0.337,0.066,0.052,6.966,-0.186,0.688,-0.696,0.302,0.072,0.049,339.27,27131.0,20,-0.051,False,False,False,False,True,False
29495,69118.274,-3.043,-3.123,0.008,0.004,3.137,-0.098,-3.536,-2.7,1.041,0.042,-0.331,315.241,387826.0,20,11.244,False,False,False,False,False,True
29496,22582.929,-0.396,-0.435,0.092,0.101,3.655,-0.172,0.148,0.521,-0.096,0.127,0.064,115.437,315944.0,20,1.019,False,False,True,False,True,True
29501,-620.618,1.644,1.501,0.0,0.0,11.407,-0.294,9.74,,,,,,6936.0,11,,False,False,False,False,True,False
29510,33515.835,-0.12,-0.004,-0.131,-0.173,0.661,-0.033,1.939,-0.201,0.354,0.014,-0.034,684.422,924481.0,20,0.345,False,False,False,False,False,False
29517,2289.152,-0.091,0.047,0.065,0.05,6.195,-0.151,5.175,-1.031,-0.86,0.093,0.098,197.762,121990.0,20,0.693,False,False,False,False,True,True
29520,-17325.555,0.726,0.685,0.046,0.029,1.124,-0.034,5.048,3.041,0.421,-0.012,0.044,,1456256.0,20,-0.083,True,False,False,False,False,False
29521,-137.756,-0.531,-0.11,-0.01,0.003,1.4,-0.054,7.968,1.426,0.269,0.017,0.01,1019.478,131433.0,20,0.334,False,False,False,False,False,False
29523,60640.785,-0.029,0.231,-0.04,0.001,2.112,-0.091,3.099,1.315,-1.33,-0.013,0.002,,2014507.0,20,-0.128,False,False,False,False,False,False
29532,-3626.618,-6.057,-0.343,1.593,0.573,122.498,-2.264,-6.985,,,,,,24919.0,10,,False,True,False,False,True,False
29535,4855.227,-0.621,-0.22,0.056,0.043,2.61,-0.08,1.127,-0.012,0.763,0.162,0.161,108.421,171245.0,20,0.02,False,False,True,False,False,False
29537,46459.762,-0.669,-1.002,0.51,0.435,4.617,-0.241,1.674,1.096,0.284,0.02,0.045,556.381,632450.0,20,0.135,False,True,False,False,True,False
29546,79385.251,-0.32,-0.138,-0.014,0.014,1.617,-0.061,1.954,0.005,0.256,-0.051,-0.088,,5690468.0,20,0.045,False,False,False,False,False,False
29548,7702.935,-0.619,0.327,-0.009,-0.003,1.748,-0.072,-0.101,2.252,0.018,0.075,0.013,180.292,386088.0,20,0.216,False,False,False,False,False,False
29566,891493.952,0.078,0.295,0.012,0.011,18.059,-0.712,3.883,0.894,-2.249,-0.0,0.008,,6332519.0,20,-0.058,False,False,False,False,True,False
29571,18591.811,-1.317,-1.356,-0.106,-0.055,-0.031,0.01,0.376,-0.926,0.348,0.089,0.037,174.064,247789.0,20,0.305,False,False,False,False,False,False
29577,5246.623,-0.707,-0.837,0.025,0.039,15.137,-0.516,2.218,-1.689,-6.756,-0.085,-0.158,,167949.0,20,-0.228,False,False,False,False,True,False
29578,1419.925,-0.155,0.161,-0.168,-0.095,4.89,-0.11,3.2,2.092,-0.679,-0.011,0.059,,142794.0,20,-0.592,False,False,False,False,True,False
29582,64.677,0.918,0.894,-1.131,-0.269,-12.023,0.364,4.392,1.767,-0.054,0.032,0.051,713.53,38206.0,20,-0.663,True,False,False,False,False,False
29613,61645.038,-1.023,-1.103,-0.266,-0.17,2.746,-0.09,0.69,0.435,-0.192,0.064,0.109,129.714,1346484.0,20,0.149,False,False,False,False,False,False
29617,2298.093,-0.529,-0.05,-0.085,-0.05,-5.059,0.123,4.444,3.133,0.147,-0.008,0.195,,110411.0,20,0.031,False,False,False,False,False,False
29624,11358.815,0.076,0.081,0.007,0.005,0.952,-0.014,3.894,1.299,0.3,0.016,-0.051,669.248,678962.0,20,0.007,False,False,False,False,False,False
29627,3275.615,-0.881,-0.862,0.0,0.0,0.858,0.009,10.258,-0.284,-0.105,0.108,0.08,212.42,43579.0,20,0.93,False,False,True,False,False,True
29632,34966.238,-0.04,0.072,0.117,0.101,0.132,-0.004,4.779,0.747,0.203,0.04,-0.047,249.856,882134.0,20,0.286,False,False,False,False,False,False
29636,1463.104,0.483,0.241,0.163,0.207,0.656,0.005,8.637,0.714,0.244,0.001,-0.045,10651.315,186788.0,20,-0.359,False,True,False,False,False,False
29637,10978.34,0.445,0.448,-0.189,-0.095,-3.383,0.101,4.298,0.757,0.063,0.071,0.02,187.31,402135.0,20,7.864,True,False,False,False,False,True
29645,11084.277,0.218,0.187,0.065,0.05,-0.165,0.059,3.71,1.258,-0.015,0.054,-0.021,286.828,226831.0,20,0.361,False,False,False,False,False,False
29646,2561.467,-1.396,-0.341,0.086,-0.078,39.45,-0.56,1.445,,,,,,52467.0,9,,False,False,False,False,True,False
29657,55145.2,-0.608,-0.571,-0.169,-0.192,1.094,-0.085,7.742,0.351,0.612,0.056,0.046,165.116,1058168.0,20,0.088,False,False,False,False,False,False
29672,53998.517,-0.827,-0.813,-0.069,-0.056,1.46,-0.036,2.693,-0.636,0.019,-0.004,-0.199,,752491.0,20,-0.084,False,False,False,False,False,False
29675,23045.214,-0.245,-0.103,0.015,0.008,3.465,-0.068,4.479,,,,,,830382.0,19,,False,False,False,False,False,False
29676,858.174,0.525,0.57,-0.035,0.007,1.403,0.044,7.817,1.581,0.585,-0.005,-0.024,,212977.0,20,-0.038,True,False,False,False,False,False
29677,5546.58,0.369,0.316,-0.005,-0.003,-5.115,0.178,2.344,0.409,0.185,0.07,-0.065,267.09,108888.0,20,0.248,False,False,False,False,False,False
29679,6919.814,0.287,0.26,0.043,0.017,-0.958,0.042,0.386,1.011,-0.496,-0.012,-0.064,,199075.0,20,-0.12,False,False,False,False,False,False
29683,11210.265,0.18,0.03,0.376,0.206,3.841,-0.071,3.792,3.993,0.366,-0.005,0.212,,2730496.0,20,0.142,False,True,False,False,False,False
29685,-1307.218,1.373,1.417,-2.089,-0.967,-14.457,0.182,7.661,1.353,-0.096,-0.001,0.014,,32446.0,20,3.078,True,False,False,False,False,True
29690,36990.12,-0.49,-0.419,0.148,0.129,2.768,-0.212,2.375,0.817,0.555,0.028,-0.037,420.334,557483.0,20,0.341,False,False,False,False,True,False
29691,9645.72,-1.021,-0.913,-0.017,-0.004,-3.211,0.031,4.641,-0.08,0.364,0.051,-0.123,352.788,127080.0,20,3.809,False,False,False,False,False,True
29692,13141.074,-0.738,-0.478,-0.014,-0.03,6.711,-0.316,0.215,1.102,0.903,0.04,0.087,330.294,384458.0,20,0.245,False,False,False,False,True,False
29695,30379.23,0.041,0.037,0.088,0.074,-2.285,0.145,4.408,0.431,0.58,0.089,-0.045,153.546,383160.0,20,0.335,False,False,False,False,False,False
29696,9412.217,-0.087,0.053,0.125,0.108,0.187,-0.021,-0.175,0.987,0.463,0.046,-0.033,344.72,210278.0,20,0.142,False,False,False,False,False,False
29700,92238.614,-0.101,-0.069,0.037,0.028,-4.484,0.242,-4.384,1.694,0.196,0.004,-0.142,2238.156,913280.0,20,0.435,False,False,False,False,False,False
29703,4737.029,-1.569,-1.551,-0.306,-0.229,14.621,-1.152,0.861,,,,,,130552.0,6,,False,False,False,False,True,False
29705,29968.015,-0.086,-0.104,0.01,0.052,-2.261,0.029,4.094,0.458,0.476,0.108,0.04,129.86,356244.0,20,-0.143,False,False,True,False,False,False
29708,178320.52,-0.849,-0.803,-0.008,-0.101,-3.464,-0.311,-5.194,-0.172,0.081,0.04,-0.02,116.743,3155799.0,20,0.446,False,False,False,False,False,False
29710,4902.229,-0.569,-0.512,-0.269,-0.127,-1.46,0.032,5.241,-0.185,0.6,0.033,-0.028,582.967,92818.0,20,0.488,False,False,False,False,False,False
29731,3560.34,0.92,1.019,0.28,0.108,2.175,-0.106,-0.59,1.14,-0.126,-0.0,-0.193,,128192.0,20,-0.154,True,True,False,False,False,False
29743,7899.071,0.144,0.069,-0.045,-0.001,2.204,-0.04,1.435,1.02,0.603,0.026,-0.051,596.036,204279.0,20,-0.084,False,False,False,False,False,False
29744,28054.364,-0.517,-0.464,-0.01,-0.008,6.5,-0.2,-1.813,0.149,0.461,-0.007,-0.035,,588846.0,20,-0.245,False,False,False,False,True,False
29745,5300.779,0.651,0.667,-0.008,0.133,5.999,-0.106,6.078,2.664,1.975,0.051,0.009,299.399,248552.0,20,0.059,True,False,False,False,True,False
29749,5061.314,0.047,0.002,-0.168,-0.067,-0.953,0.011,-0.199,-1.031,0.613,0.057,-0.058,281.365,205627.0,20,-0.402,False,False,False,False,False,False
29764,-3199.725,0.388,0.22,0.095,0.059,1.167,-0.257,5.927,,,,,,141613.0,17,,False,False,False,False,False,False
29771,61711.389,-0.018,0.141,-0.042,-0.034,-0.167,0.002,3.743,-0.299,0.309,0.211,0.114,50.99,873103.0,20,0.828,False,False,True,False,False,True
29772,1624.262,-0.67,-0.67,-0.202,-0.041,13.766,-0.159,6.041,-1.283,0.195,-0.067,-0.134,,213615.0,20,16.321,False,False,False,False,True,True
29774,532.851,0.279,0.45,-0.191,-0.121,0.152,0.032,0.127,0.742,0.001,0.072,0.085,314.923,42592.0,20,1.724,False,False,False,False,False,True
29782,28825.916,0.137,0.323,0.048,0.037,0.057,0.043,3.553,0.484,0.207,0.126,0.14,74.547,1098087.0,20,0.029,False,False,True,False,False,False
29783,22189.45,-0.118,-0.128,0.177,0.173,0.718,-0.095,7.148,0.611,0.286,0.041,-0.043,294.662,524132.0,20,-0.068,False,True,False,False,False,False
29787,70922.842,0.115,0.239,0.001,0.001,-1.427,0.059,-0.011,0.624,0.419,0.12,0.044,83.725,937635.0,20,0.154,False,False,True,False,False,False
29800,-14844.0,0.669,0.95,-0.17,-0.054,7.962,-0.168,2.761,1.946,-0.005,-0.007,0.002,,551827.0,20,-0.264,True,False,False,False,True,False
29804,2415.002,0.626,0.5,0.064,0.03,-4.865,-0.068,5.138,-0.057,7.422,0.063,0.1,231.342,285256.0,20,0.918,False,False,False,False,False,True
29809,2422.995,0.114,0.104,-0.008,-0.008,6.473,-0.094,-1.711,0.007,0.155,-0.017,-0.032,,796847.0,20,-0.159,False,False,False,False,False,False
29813,306.132,0.183,0.335,0.009,0.036,1.266,-0.041,2.554,-0.281,0.225,0.035,0.021,475.934,160648.0,20,0.367,False,False,False,False,False,False
29835,20326.484,-0.146,-0.133,0.025,0.024,1.212,-0.04,3.556,-0.126,0.064,0.05,0.027,236.401,545467.0,20,0.291,False,False,False,False,False,False
29838,14656.226,-0.726,-0.707,-0.312,-0.143,1.914,-0.038,5.138,-0.222,0.906,0.117,0.15,103.476,567257.0,20,-0.278,False,False,True,False,False,False
29839,18384.084,-0.174,0.131,0.237,0.204,1.29,-0.049,4.1,0.776,0.461,0.044,0.015,263.931,597966.0,20,0.088,False,True,False,False,False,False
29842,743.94,-0.105,0.416,0.03,0.02,2.011,-0.1,4.53,1.121,0.06,0.034,0.055,463.489,209384.0,20,0.007,False,False,False,False,False,False
29845,409119.271,-0.489,0.201,0.056,0.056,4.731,-0.295,2.683,,,,,,8556139.0,15,,False,False,False,False,True,False
29846,19021.402,-0.133,0.095,0.103,0.096,-0.475,-0.025,4.736,-0.219,0.307,0.06,-0.032,199.53,534152.0,20,0.789,False,False,False,False,False,True
29847,232422.526,0.535,0.35,0.049,0.041,1.33,-0.087,2.285,3.165,0.564,0.08,-0.644,97.386,1526447.0,20,1.604,True,False,False,False,False,True
29857,-1086.361,1.1,1.044,0.0,0.0,-3.419,0.094,3.469,1.422,-0.345,-0.005,0.034,,28332.0,20,-0.392,True,False,False,False,False,False
29858,30909.45,-0.123,-0.158,0.042,0.039,-1.89,-0.057,1.017,-0.12,0.549,0.086,-0.045,171.23,289174.0,20,0.308,False,False,False,False,False,False
29874,2660.072,-0.269,-0.177,-0.056,-0.038,2.796,-0.08,4.008,-3.427,0.105,0.076,0.042,192.448,298604.0,20,-0.309,False,False,False,False,False,False
29875,-16416.218,0.974,1.111,0.284,0.322,-2.307,0.117,2.268,,,,,,645178.0,16,,False,True,False,False,False,False
29878,23605.23,-0.069,-0.041,0.334,0.296,1.376,-0.091,-0.079,0.613,0.481,0.004,-0.078,3707.075,376536.0,20,-0.046,False,True,False,False,False,False
29881,5415.964,-0.472,0.166,-0.123,-0.03,2.136,-0.081,4.24,1.428,0.314,0.023,0.027,562.689,431685.0,20,0.276,False,False,False,False,False,False
29904,-1394.632,0.873,0.893,-0.028,-0.035,-1.177,0.064,5.77,0.257,0.487,0.028,0.016,503.445,324184.0,20,-0.071,False,False,False,False,False,False
29907,6190.995,-0.588,-0.135,0.511,0.344,5.702,-0.204,3.271,-0.568,0.355,0.072,-0.021,203.604,285519.0,20,0.29,False,True,False,False,True,False
29910,-1402.854,0.196,0.486,-0.047,-0.017,2.237,-0.019,4.491,2.079,0.115,0.024,0.053,815.645,77910.0,20,0.617,False,False,False,False,False,True
29922,-49412.042,0.408,0.463,-0.224,-0.125,7.126,-0.404,6.055,0.109,-1.4,-0.033,-0.028,,1461136.0,20,0.145,False,False,False,False,True,False
29933,12514.192,0.162,0.104,0.066,0.066,-2.653,0.092,3.186,1.28,0.202,0.023,-0.024,634.827,261643.0,20,0.247,False,False,False,False,False,False
29937,10953.182,-0.65,-0.576,-0.374,-0.31,3.13,-0.092,1.089,0.063,0.733,-0.028,-0.077,,287849.0,20,0.21,False,False,False,False,False,False
29941,17138.202,0.008,-0.012,0.533,0.393,9.419,-0.215,2.674,2.111,0.507,-0.06,-0.027,,875154.0,20,-0.094,False,True,False,False,True,False
29961,165466.702,-0.405,-0.255,-0.045,-0.029,-4.899,-0.094,1.187,,,,,,2394540.0,19,,False,False,False,False,False,False
29966,-871.835,1.76,1.769,-0.103,-0.041,-9.071,0.282,2.093,2.162,-2.718,-0.065,-0.013,,8746.0,20,,True,False,False,False,False,False
29975,7878.632,0.237,-0.042,-0.159,-0.099,-0.846,0.032,2.134,-0.403,0.255,0.113,0.033,148.804,185360.0,20,0.007,False,False,True,False,False,False
29980,-2349.053,0.466,0.432,-0.398,-0.093,5.45,-0.397,3.284,-0.578,-4.241,-0.04,-0.084,,116268.0,20,,False,False,False,False,True,False
29986,-1890.971,-0.092,1.137,-0.336,-0.094,23.931,-0.527,1.279,,,,,,32123.0,14,,False,False,False,False,True,False
29988,23988.638,-0.688,-0.593,0.232,0.068,-2.043,0.097,7.072,0.457,0.259,0.082,0.058,164.196,396924.0,20,0.469,False,True,False,False,False,False
29995,17946.355,0.169,0.281,0.085,0.082,0.518,-0.011,3.991,1.551,0.405,0.004,0.001,2820.037,654399.0,20,0.084,False,False,False,False,False,False
29999,-1597.273,-0.984,0.083,-0.506,-0.158,3.836,-0.024,21.444,,,,,,50445.0,11,,False,False,False,False,False,False
30011,-233286.971,0.371,1.852,-1.018,-0.621,36.304,-1.84,35.675,,,,,,827225.0,6,,False,False,False,False,True,False
30031,446.003,-0.172,-0.153,-0.207,-0.167,4.459,-0.108,-0.856,-0.065,0.176,-0.008,-0.037,,17640.0,20,0.011,False,False,False,False,True,False
30039,-365.642,-0.561,-0.501,-0.032,-0.021,21.936,-0.299,0.136,-0.756,0.203,-0.02,0.027,,1015565.0,20,0.003,False,False,False,False,True,False
30043,1403.63,-0.074,0.219,-0.005,-0.055,-0.082,0.053,0.38,0.488,0.626,0.097,0.023,210.077,78898.0,20,1.331,False,False,False,False,False,True
30052,4128.848,-0.097,-0.08,-0.106,-0.037,0.518,-0.058,5.892,-0.389,-0.541,0.022,-0.011,285.733,2134039.0,20,-0.011,False,False,False,False,False,False
30058,-9620.361,0.523,0.76,-0.383,-0.139,2.133,-0.044,3.863,2.728,0.659,-0.017,0.079,,146054.0,20,0.007,True,False,False,False,False,False
30065,2205.462,-1.504,-1.513,0.328,0.193,-2.722,0.054,17.501,-0.772,0.705,0.043,0.02,519.929,42840.0,20,0.381,False,True,False,False,False,False
30067,225.696,0.312,0.159,-0.366,-0.187,1.057,-0.042,1.704,2.872,1.023,0.021,0.152,1049.547,45465.0,20,0.298,False,False,False,False,False,False
30072,4356.147,-0.334,-0.327,0.021,0.028,3.72,-0.076,3.526,-1.542,0.251,0.076,0.048,230.324,149725.0,20,0.043,False,False,False,False,False,False
30076,83826.514,0.322,0.219,-0.102,-0.073,3.002,-0.073,2.793,0.857,0.294,-0.009,-0.045,,4025456.0,20,0.082,False,False,False,False,False,False
30084,7493.011,0.883,0.843,0.09,0.084,0.341,0.038,5.758,1.163,0.437,-0.035,-0.099,,174186.0,20,0.448,True,False,False,False,False,False
30085,33579.951,-0.017,-0.165,-0.104,-0.075,0.391,0.024,1.543,,,,,,455994.0,19,,False,False,False,False,False,False
30103,1713.044,0.136,0.162,0.079,0.068,-2.389,0.048,3.144,0.581,0.464,0.021,0.014,852.936,113193.0,20,-0.307,False,False,False,False,False,False
30111,33905.383,-0.695,-0.503,-0.094,-0.053,-1.712,0.056,3.401,0.814,-1.824,0.007,0.013,1563.944,664716.0,20,-0.049,False,False,False,False,False,False
30117,704.072,0.437,0.436,0.121,0.091,3.794,-0.151,4.829,1.352,-0.128,0.016,0.012,674.537,663076.0,20,0.224,True,False,False,False,True,False
30119,5517.537,-0.311,-0.151,0.031,0.003,0.751,-0.02,-0.508,0.225,0.173,0.045,0.006,336.031,242902.0,20,0.476,False,False,False,False,False,False
30121,-779.053,0.25,0.345,0.071,0.032,-1.625,0.024,2.274,1.927,0.248,0.008,0.022,2169.168,105992.0,20,0.235,False,False,False,False,False,False
30128,2219.633,0.016,-0.008,0.166,0.121,-0.562,0.024,1.039,1.012,0.055,0.006,0.049,3442.842,69483.0,20,0.02,False,True,False,False,False,False
30133,-7760.847,-0.403,-0.042,-0.134,-0.07,-1.048,-0.214,2.845,,,,,,227969.0,16,,False,False,False,False,False,False
30150,-258.042,-0.116,-0.13,0.046,0.035,-0.211,-0.017,5.262,0.947,0.189,-0.005,-0.026,,188470.0,20,2.235,False,False,False,False,False,True
30152,-1159.353,0.688,0.675,0.188,0.129,4.144,-0.072,1.116,1.072,0.052,0.025,0.086,952.109,27361.0,20,,True,True,False,False,False,False
30154,-369.489,-0.983,-1.356,0.178,0.029,1.974,-0.016,0.173,-1.241,-0.032,0.05,-0.015,279.746,319972.0,20,-0.155,False,True,False,False,False,False
30155,356.815,0.632,0.704,-0.166,-0.067,-1.311,0.028,8.599,0.501,0.539,0.024,-0.006,472.449,590545.0,20,,False,False,False,False,False,False
30166,-8177.511,0.963,0.964,-0.051,-0.036,13.715,-0.35,3.873,,,,,,85517.0,18,,False,False,False,False,True,False
30167,18338.719,0.188,0.183,0.016,0.0,1.261,-0.067,6.961,-0.537,-0.126,0.069,0.043,184.676,459644.0,20,0.056,False,False,False,False,False,False
30176,346.671,0.091,0.183,0.0,0.0,0.763,-0.029,6.497,-0.372,0.34,0.02,-0.091,1088.807,43355.0,20,0.328,False,False,False,False,False,False
30182,153842.388,-0.14,-0.116,-0.068,-0.042,0.055,-0.108,2.635,1.107,0.384,0.002,-0.004,3179.883,2089318.0,20,0.077,False,False,False,False,False,False
30183,2233.42,-0.031,0.303,-0.652,-0.227,-1.004,0.042,2.129,1.389,-0.358,0.044,0.02,379.589,168009.0,20,-0.133,False,False,False,False,False,False
30219,-4685.895,0.061,0.086,0.114,0.144,3.143,-0.157,2.483,1.387,0.271,-0.023,-0.004,,249716.0,20,-0.047,False,False,False,False,True,False
30220,11950.331,-0.867,-0.868,-0.021,-0.013,-8.725,0.233,-3.422,-3.028,0.603,0.185,-0.29,104.307,120068.0,20,6.903,False,False,False,False,False,True
30241,-1666.971,-2.545,-1.984,0.211,-0.533,28.004,-1.012,-1.669,,,,,,8519.0,6,,False,True,False,False,True,False
30248,,,,,,,,,,,,,,176175.0,4,,False,False,False,False,False,False
30260,-9767.615,0.721,0.714,0.001,0.015,1.012,-0.013,2.538,0.949,0.064,0.003,-0.002,3359.829,538165.0,20,-0.091,True,False,False,False,False,False
30270,13082.929,-0.061,-0.039,-0.01,0.029,-1.717,0.044,2.383,0.942,0.609,0.032,-0.032,439.665,326363.0,20,-0.041,False,False,False,False,False,False
30291,3052.277,-0.414,-0.337,0.128,0.088,1.158,-0.013,-2.306,-2.143,0.23,0.134,0.089,158.446,68168.0,20,,False,False,True,False,False,False
30303,6263.257,0.808,0.831,-0.214,-0.122,2.4,-0.072,4.36,0.952,0.445,0.016,0.009,367.408,2227906.0,20,0.119,True,False,False,False,False,False
30313,-4318.815,-0.432,-0.451,-0.008,-0.003,8.248,-0.288,5.823,0.638,0.168,-0.05,-0.089,,262951.0,20,0.825,False,False,False,False,True,True
30315,8010.292,0.355,0.428,-0.064,-0.029,2.324,-0.068,5.109,1.012,0.389,-0.007,-0.065,,478394.0,20,-0.24,False,False,False,False,False,False
30332,1079.699,-0.001,0.327,0.042,0.037,8.621,-0.513,0.82,-3.529,0.067,0.026,-0.069,771.444,66243.0,20,0.163,False,False,False,False,True,False
30337,,,,,,,,,,,,,,29558731.0,2,,False,False,False,False,False,False
30339,4184.012,-0.724,-1.385,0.229,0.291,-0.55,-0.037,7.603,-2.628,0.698,0.281,0.175,73.784,103636.0,20,0.61,False,True,True,False,False,True
30350,22477.844,0.263,0.307,-0.06,-0.032,-0.017,-0.005,5.044,0.585,0.378,0.067,-0.022,167.478,650111.0,20,0.013,False,False,False,False,False,False
30357,-4331.48,0.166,0.094,0.091,0.031,4.267,-2.304,1.394,-5.075,-38.194,-0.135,-0.095,,136999.0,20,-0.777,False,False,False,False,True,False
30358,-629.576,0.412,0.337,-0.058,-0.024,6.559,-0.14,4.394,1.292,0.396,-0.05,-0.046,,55588.0,20,-0.706,True,False,False,False,True,False
30367,-4228.493,0.249,0.199,-0.005,-0.037,1.974,-0.04,11.602,0.143,0.306,-0.027,-0.046,,302255.0,20,-0.184,False,False,False,False,False,False
30387,-335777.029,-0.065,0.077,-0.327,-0.193,-1.016,0.06,3.692,1.44,0.233,-0.002,-0.013,,19070727.0,20,0.09,False,False,False,False,False,False
30388,-2562.662,0.231,0.195,0.083,0.062,5.632,-0.133,5.707,0.233,0.568,0.011,0.041,1627.465,102789.0,20,0.095,False,False,False,False,True,False
30394,-77.504,-0.58,-0.444,0.642,0.577,4.402,-0.183,1.806,-0.792,-1.048,-0.079,-0.048,,676450.0,20,-0.07,False,True,False,False,True,False
30395,679.326,-0.181,-0.218,-0.091,-0.043,5.893,-0.215,2.27,0.947,0.459,0.001,-0.024,31942.747,53441.0,20,-0.012,False,False,False,False,True,False
30397,15342.048,-0.217,-0.21,-0.032,-0.035,5.357,-0.087,1.442,-0.386,0.186,0.044,0.057,250.769,669477.0,20,-0.439,False,False,False,False,False,False
30401,87242.977,-0.134,0.108,0.065,0.053,3.677,-0.134,4.018,1.184,0.133,0.042,0.043,115.403,3019439.0,20,0.343,False,False,False,False,True,False
30402,1336.968,0.319,0.476,-0.034,-0.014,-2.015,0.084,3.761,1.472,-0.028,0.033,0.011,423.268,337448.0,20,0.694,False,False,False,False,False,True
30422,-17417.859,0.197,0.206,-0.022,-0.013,0.922,0.046,5.185,2.253,0.234,-0.053,0.043,,278732.0,20,0.018,False,False,False,False,False,False
30428,6130.202,0.068,0.334,-0.141,-0.061,-3.289,0.061,4.674,3.512,-0.013,0.001,0.005,13883.804,640681.0,20,0.143,False,False,False,False,False,False
30429,4814.132,0.327,0.378,0.091,0.13,-2.065,0.067,1.528,0.381,0.511,0.072,0.055,225.948,200570.0,20,0.078,False,False,False,False,False,False
30431,34862.857,-0.203,-0.236,-0.369,-0.229,-2.401,0.098,-4.15,-0.88,0.36,0.302,0.216,47.549,434836.0,20,0.093,False,False,True,False,False,False
30434,-4325.57,1.632,1.564,-0.172,-0.154,-1.277,0.036,1.711,1.659,-0.41,0.046,0.096,404.921,109151.0,20,-0.324,True,False,False,False,False,False
30439,2464.182,-0.503,-0.511,0.105,-0.353,5.925,-0.252,11.348,,,,,,174893.0,12,,False,False,False,False,True,False
30441,-34938.647,0.546,0.704,0.592,0.41,0.191,-0.008,4.178,0.989,0.113,0.013,-0.013,660.072,1175492.0,20,0.116,True,True,False,False,False,False
30447,-1848.123,0.542,0.366,0.182,0.081,7.651,-0.166,5.937,4.247,0.019,-0.017,0.051,,51468.0,20,-0.47,True,True,False,False,True,False
30464,53593.429,0.039,0.372,-0.169,-0.08,6.096,-0.208,4.408,,,,,,626740.0,8,,False,False,False,False,True,False
30470,189327.72,0.156,0.16,0.1,0.095,1.014,-0.083,4.82,0.571,-0.266,0.064,-0.022,68.953,3459562.0,20,0.539,False,False,False,False,False,True
30492,-3558.843,-0.231,0.428,0.324,0.135,9.082,-0.353,4.414,,,,,,27280.0,17,,False,True,False,False,True,False
30516,5334.18,0.171,0.22,0.017,0.039,-2.948,0.137,6.171,1.689,0.856,0.024,-0.014,660.446,215458.0,20,0.388,False,False,False,False,False,False
30519,-5818.426,0.594,0.897,0.029,0.017,1.616,-0.032,4.798,,,,,,265452.0,14,,False,False,False,False,False,False
30530,3257.182,0.864,1.059,-0.195,-0.154,1.135,0.021,0.061,4.862,0.477,0.048,0.088,223.657,721509.0,20,-0.022,True,False,False,False,False,False
30544,68368.647,-0.916,-0.481,0.063,0.057,5.069,-0.138,6.642,-0.356,0.329,0.051,-0.004,156.611,1410572.0,20,1.714,False,False,False,False,True,True
30551,-800.968,0.524,0.56,0.116,0.029,-2.936,0.079,-0.648,0.587,-0.782,0.011,0.018,1552.482,168438.0,20,,False,False,False,False,False,False
30585,-3.666,0.819,0.83,-0.253,-0.138,-2.617,0.137,2.425,0.622,0.375,0.027,-0.081,724.378,77774.0,20,-0.318,False,False,False,False,False,False
30595,6118.869,0.12,0.195,0.18,0.108,0.691,-0.03,1.767,2.263,0.291,0.01,-0.005,1617.937,187866.0,20,0.071,False,True,False,False,False,False
30615,,,,,,,,,,,,,,89028.0,4,,False,False,False,False,False,False
30618,-321.81,-2.506,-1.668,3.319,0.9,22.713,-0.495,-8.946,,,,,,9772.0,8,,False,True,False,False,True,False
30619,8468.259,-0.153,0.255,0.143,0.092,1.108,-0.019,2.942,1.136,0.066,0.026,-0.051,668.077,137645.0,20,0.342,False,False,False,False,False,False
30637,11629.687,-0.084,-0.125,-0.005,0.011,2.465,-0.046,4.642,0.137,0.31,0.025,0.004,545.715,342060.0,20,-0.065,False,False,False,False,False,False
30656,-1138.644,0.162,0.118,-0.001,-0.0,4.788,-0.076,1.292,1.16,0.655,0.025,0.083,836.46,63039.0,20,0.156,False,False,False,False,False,False
30680,4923.374,0.454,0.46,-0.166,-0.111,0.515,-0.016,3.626,1.167,-0.081,-0.022,-0.056,,361581.0,20,-0.025,True,False,False,False,False,False
30688,8394.28,-0.635,-0.688,0.214,0.186,-1.793,0.034,1.969,0.563,0.172,-0.013,-0.053,,101584.0,20,-0.494,False,True,False,False,False,False
30692,-3214.851,0.662,0.654,0.186,0.082,-1.428,0.137,-0.213,0.288,-0.467,0.056,0.073,292.162,187470.0,20,0.046,False,True,False,False,False,False
30704,61775.101,0.373,0.277,-0.278,-0.188,-1.47,0.054,2.914,0.394,0.312,0.045,-0.055,201.759,1067519.0,20,0.33,False,False,False,False,False,False
30707,-831.937,-0.058,-0.045,0.03,0.04,3.982,-0.113,5.162,-1.66,0.364,0.066,0.015,252.442,171960.0,20,,False,False,False,False,True,False
30722,-229.856,0.307,0.398,0.608,0.444,0.263,0.017,-1.374,0.635,0.175,0.019,0.042,686.399,373408.0,20,-0.056,False,True,False,False,False,False
30776,102540.343,-0.115,0.346,0.161,0.153,0.462,0.255,4.999,2.115,0.55,0.017,0.077,79.92,7113101.0,20,-0.611,False,True,False,False,False,False
30812,14104.012,-0.138,-0.121,-0.037,-0.004,3.462,-0.103,4.085,0.401,0.181,-0.003,-0.023,,377630.0,20,3.915,False,False,False,False,True,True
30819,12955.895,-0.051,0.114,-0.014,-0.044,1.798,-0.054,-0.904,2.315,0.339,0.031,-0.114,469.427,293825.0,20,0.044,False,False,False,False,False,False
30836,11844.759,-0.135,-0.21,-0.046,-0.029,27.219,-0.446,0.319,,,,,,2110009.0,16,,False,False,False,False,True,False
30846,3173.286,-1.083,-0.324,0.034,0.011,8.516,-0.282,5.487,,,,,,1578620.0,7,,False,False,False,False,True,False
30864,17355.407,-0.161,0.104,-0.117,-0.201,-2.199,-0.168,4.724,,,,,,324127.0,13,,False,False,False,False,False,False
30878,-81.122,-0.153,-0.22,0.277,0.275,10.16,-0.09,7.765,-0.251,0.332,0.026,0.063,709.445,101589.0,20,0.331,False,True,False,False,False,False
30879,9209.047,-0.077,-0.05,-0.103,-0.071,2.147,-0.069,6.772,0.232,-0.021,-0.034,-0.011,,1217531.0,20,-0.145,False,False,False,False,False,False
30889,8572.719,-0.595,-0.651,0.014,0.013,1.267,-0.05,2.551,-0.286,0.427,0.029,-0.059,637.013,110671.0,20,-0.83,False,False,False,False,False,False
30895,128315.477,-0.024,0.061,0.043,0.212,-1.584,-0.023,1.957,0.417,0.839,0.041,0.035,109.219,3345441.0,20,-0.053,False,True,False,False,False,False
30903,112879.933,-0.648,0.204,-0.134,-0.118,-2.032,0.052,3.57,,,,,,2460952.0,9,,False,False,False,False,False,False
30943,-5381.095,0.671,0.512,0.104,0.032,-1.752,0.098,6.063,-0.436,0.234,-0.039,-0.035,,116854.0,20,0.286,False,False,False,False,False,False
30953,-97138.036,1.012,0.986,-0.02,-0.004,-4.662,0.151,0.434,1.159,0.188,0.008,0.003,674.415,2472114.0,20,-0.738,True,False,False,False,False,False
30969,12297.26,-0.095,-0.063,0.505,0.394,-0.518,0.009,0.43,0.818,0.307,0.059,-0.018,272.506,202890.0,20,0.832,False,True,False,False,False,True
30976,14317.161,-0.855,-1.429,0.041,0.002,2.266,-0.163,-0.935,1.698,0.207,0.004,0.035,3853.888,198537.0,20,0.023,False,False,False,False,False,False
30987,-991.675,0.306,0.304,-0.205,-0.052,-0.041,0.006,1.959,-0.163,0.061,0.04,0.051,431.848,150344.0,20,-0.075,False,False,False,False,False,False
30996,-70810.469,1.877,1.806,-0.094,-0.023,-0.984,0.489,1.878,4.795,-3.473,-0.049,0.01,,864520.0,20,,True,False,False,False,False,False
31028,33360.827,-0.03,-0.013,0.061,0.052,0.237,-0.012,5.48,1.205,0.306,0.108,0.07,104.817,673088.0,20,0.854,False,False,True,False,False,True
31043,13355.092,-0.361,0.007,0.325,0.193,-4.302,0.145,0.714,0.863,0.386,0.053,-0.024,275.229,292302.0,20,-0.378,False,True,False,False,False,False
31077,10882.605,-0.579,-0.238,-0.116,-0.06,-0.08,-0.036,2.29,0.749,0.121,0.036,0.013,408.401,272074.0,20,0.02,False,False,False,False,False,False
31083,6238.905,-0.317,-0.28,-0.06,-0.02,0.225,-0.015,3.279,0.099,-0.072,0.016,-0.037,1054.451,165246.0,20,0.118,False,False,False,False,False,False
31089,3296.313,-0.145,0.179,0.008,0.006,1.125,-0.057,3.461,0.555,0.343,0.05,0.027,353.393,135963.0,20,0.534,False,False,False,False,False,True
31090,3624.355,-1.22,-1.271,-0.067,-0.051,1.43,-0.028,2.091,-1.167,0.032,0.061,0.015,345.643,57815.0,20,1.147,False,False,False,False,False,True
31100,78008.123,-0.095,0.084,0.073,0.04,1.214,-0.085,1.079,1.242,0.36,0.028,-0.016,267.176,1562169.0,20,0.068,False,False,False,False,False,False
31109,,,,,,,,,,,,,,45258.0,3,,False,False,False,False,False,False
31121,349.965,1.383,0.577,-0.061,-0.927,-12.801,0.077,3.472,,,,,,218663.0,19,,False,False,False,False,False,False
31127,10844.346,-1.773,-1.679,-0.085,-0.066,4.115,-0.82,4.226,-0.106,0.898,0.021,0.031,785.241,178746.0,20,0.41,False,False,False,False,True,False
31146,23773.185,0.343,0.34,-0.006,-0.014,-2.19,0.11,4.378,1.862,0.324,-0.034,-0.198,,378520.0,20,0.586,False,False,False,False,False,True
31158,12589.122,0.126,0.18,-0.085,-0.043,-1.187,0.083,-0.824,0.63,0.314,0.11,0.007,133.196,309019.0,20,-0.179,False,False,False,False,False,False
31184,-10364.433,0.461,0.331,-0.023,-0.017,4.545,-0.194,4.457,0.67,3.462,0.008,-0.003,1602.798,358923.0,20,-0.867,False,False,False,False,True,False
31189,394690.226,0.377,0.149,-0.014,-0.002,-5.1,0.133,4.662,-0.519,0.644,0.069,-0.028,66.555,3289470.0,20,1.064,False,False,False,False,False,True
31197,-34.932,-0.157,-0.131,-0.184,-0.165,8.073,-0.184,-7.541,0.49,0.833,0.005,0.025,3955.563,87158.0,20,0.125,False,False,False,False,True,False
31198,10826.334,0.109,0.147,0.396,0.303,-1.064,0.074,3.748,0.409,0.394,0.073,0.019,221.919,205587.0,20,0.183,False,True,False,False,False,False
31217,23214.526,0.067,0.29,0.115,0.125,0.055,-0.011,1.141,0.019,0.352,0.048,-0.05,256.206,502996.0,20,0.081,False,False,False,False,False,False
31223,30208.523,0.463,0.564,0.103,0.06,-1.455,0.072,2.801,1.667,0.275,0.057,0.007,147.272,1281783.0,20,0.326,True,False,False,False,False,False
31232,1045.167,0.55,0.573,-0.044,-0.014,-5.024,0.168,6.919,0.964,0.015,-0.001,-0.026,,78805.0,20,-0.032,True,False,False,False,False,False
31236,30011.011,-0.37,-0.251,-0.168,-0.237,1.428,-0.06,1.872,0.344,0.432,0.041,-0.051,278.896,591133.0,20,0.325,False,False,False,False,False,False
31249,-6359.747,-0.201,-0.06,-0.125,-0.045,3.316,-0.066,3.654,,,,,,167195.0,16,,False,False,False,False,False,False
31266,-1254.006,0.998,1.035,-0.325,-0.123,1.668,-0.048,8.326,-2.134,0.064,0.044,0.009,533.208,31181.0,20,1.279,False,False,False,False,False,True
31267,1625.774,-0.402,-0.414,-0.22,-0.142,-2.593,0.152,2.627,-0.757,-0.254,-0.001,-0.065,,65563.0,20,0.357,False,False,False,False,False,False
31272,32351.72,0.049,0.088,0.049,0.043,5.146,-0.273,1.013,1.41,0.364,0.117,0.056,119.738,361445.0,20,0.421,False,False,True,False,True,False
31313,212905.468,0.058,0.322,0.135,0.04,-0.209,-0.104,0.955,1.916,0.505,0.103,0.095,33.755,4382686.0,20,-0.065,False,False,True,False,False,False
31329,2027.059,-0.108,-0.138,0.929,0.75,5.334,-0.133,2.197,-0.69,0.495,0.024,-0.013,773.56,98911.0,20,2.454,False,True,False,False,True,True
31345,932.28,-0.716,-0.757,-0.323,-0.221,6.454,-0.239,-0.164,-2.032,0.443,0.156,0.164,171.117,20416.0,20,-0.307,False,False,True,False,True,False
31361,-71581.624,2.472,4.308,-1.788,-1.15,5.406,-0.72,-5.171,23.868,-2.898,-0.475,-0.394,,527923.0,20,-0.788,True,False,False,False,True,False
31390,47559.456,-0.885,-0.735,0.216,0.128,-0.803,-0.016,-2.781,1.234,-0.36,-0.101,-0.087,,774271.0,20,0.041,False,True,False,False,False,False
31406,-1999.302,0.008,0.003,0.0,0.0,8.041,-0.234,3.319,-0.035,0.44,-0.073,-0.116,,219992.0,20,0.007,False,False,False,False,True,False
31409,1356.893,-0.632,-0.592,0.169,0.201,-1.944,0.055,5.5,-0.875,0.505,0.026,-0.015,841.538,40842.0,20,0.354,False,True,False,False,False,False
31410,4638.716,0.225,0.171,-0.035,-0.02,-2.837,-0.055,7.125,1.868,0.32,0.002,0.034,7060.532,153066.0,20,-0.264,False,False,False,False,False,False
31461,2470.647,0.237,0.287,-0.229,-0.133,-0.692,0.085,7.777,-0.149,0.614,0.099,0.071,99.384,958052.0,20,0.207,False,False,False,False,False,False
31469,516793.257,0.224,0.335,-0.295,-0.207,-1.821,0.039,1.987,0.943,0.028,0.032,-0.019,,11965833.0,20,0.125,False,False,False,False,False,False
31479,5325.523,0.339,0.624,0.046,0.017,-0.824,0.045,1.12,,,,,,158615.0,19,,False,False,False,False,False,False
31485,19559.654,0.167,0.219,-0.019,0.026,1.501,-0.1,0.668,1.407,0.406,-0.02,-0.052,,517221.0,20,-0.042,False,False,False,False,False,False
31488,6065.191,0.147,0.159,0.377,0.321,-2.124,0.185,2.335,0.599,0.147,0.06,0.027,271.97,188235.0,20,0.593,False,True,False,False,False,True
31516,37979.835,-0.237,-0.104,-0.125,-0.045,-2.046,-0.001,6.765,0.449,0.64,0.097,0.125,115.103,690336.0,20,0.215,False,False,False,False,False,False
31539,20382.355,-1.03,-0.869,-0.266,-0.21,0.519,-0.048,-1.855,-1.964,0.835,0.086,-0.093,175.587,265141.0,20,0.156,False,False,False,False,False,False
31545,5936.22,0.34,0.559,-0.014,-0.002,-1.373,0.046,3.305,0.368,0.086,0.177,0.124,101.1,164253.0,20,0.254,False,False,True,False,False,False
31592,,,,,,,,,,,,,,34069.0,3,,False,False,False,False,False,False
31694,22256.349,-0.111,-0.054,0.03,0.003,0.204,-0.003,3.443,0.398,0.483,0.09,0.031,149.217,396158.0,20,0.452,False,False,False,False,False,False
31711,17849.943,-0.845,-0.653,-0.313,-0.264,0.837,-0.024,-1.275,-2.619,0.075,0.138,-0.178,127.338,164754.0,20,2.53,False,False,False,False,False,True
31723,141.994,-0.42,-0.531,0.708,0.658,4.485,-0.113,8.328,-1.35,-1.627,-0.028,-0.038,,27191.0,20,-0.003,False,True,False,False,True,False
31762,13308.057,0.798,0.696,-0.117,-0.089,-1.42,0.145,2.828,1.938,0.246,0.048,-0.061,343.475,180886.0,20,0.387,True,False,False,False,False,False
31774,-115.248,0.038,0.026,0.004,-0.022,-3.016,0.016,0.698,1.142,0.35,-0.032,-0.029,,39553.0,20,0.091,False,False,False,False,False,False
31823,8865.651,0.391,0.457,-0.31,-0.163,-3.736,0.068,5.477,-1.854,-0.067,0.254,0.234,60.002,335839.0,20,0.307,False,False,True,False,False,False
31840,81022.403,-0.584,-0.587,0.061,0.067,5.696,-0.349,0.81,-0.247,0.609,0.042,-0.037,213.147,1119899.0,20,0.155,False,False,False,False,True,False
31864,47773.738,-0.843,-0.635,-0.076,-0.272,3.585,-0.282,-3.721,1.508,0.662,0.042,-0.414,346.381,276336.0,20,-0.145,False,False,False,False,True,False
31900,11552.737,-1.455,-1.394,-0.005,-0.004,8.823,-0.198,2.691,-2.223,0.652,0.024,-0.097,665.465,188370.0,20,-0.035,False,False,False,False,True,False
31905,3840.758,0.166,0.239,0.441,0.268,0.895,-0.037,-0.843,0.53,0.028,-0.004,-0.022,,231905.0,20,-0.127,False,True,False,False,False,False
31928,17909.414,0.135,0.109,-0.053,-0.101,1.845,-0.093,-0.929,0.683,0.186,0.041,0.034,320.669,412742.0,20,-0.036,False,False,False,False,False,False
31936,46539.663,0.303,0.349,-0.09,-0.056,-0.043,0.023,1.879,1.196,0.705,0.128,0.086,97.465,533102.0,20,0.746,False,False,True,False,False,True
31945,59695.618,0.091,0.094,-0.017,0.002,1.274,-0.05,2.651,-1.843,0.22,0.027,0.001,65.004,6507414.0,20,0.323,False,False,False,False,False,False
31972,-204.358,0.504,0.391,-0.006,-0.006,3.882,-0.319,-0.713,0.699,1.225,0.082,0.137,253.952,65524.0,20,0.08,False,False,False,False,True,False
31980,,,,,,,,,,,,,,335619.0,1,,False,False,False,False,False,False
31994,3821.982,-0.683,-0.159,-0.038,-0.0,3.651,-0.082,2.739,0.328,0.407,0.023,-0.013,703.13,180992.0,20,-0.366,False,False,False,False,False,False
31999,17141.516,-0.116,-0.172,0.007,0.009,0.506,-0.158,3.826,0.809,0.809,-0.003,-0.034,,603614.0,20,-0.188,False,False,False,False,False,False
32018,1809.985,0.764,0.821,-0.019,-0.023,-2.367,0.193,-2.678,1.364,-0.314,0.049,-0.015,401.106,84762.0,20,0.056,True,False,False,False,False,False
32025,12953.071,0.184,0.204,0.018,0.016,0.131,-0.051,-0.246,0.068,1.052,0.096,0.074,150.222,319452.0,20,-0.125,False,False,False,False,False,False
32082,13214.171,-0.353,-0.095,0.096,0.179,1.242,-0.037,3.353,-0.554,0.457,0.118,0.089,124.009,312925.0,20,0.135,False,True,True,False,False,False
32084,58451.937,0.677,0.636,0.191,0.163,-2.581,0.187,2.013,1.391,0.442,0.097,0.07,97.848,1029895.0,20,0.28,True,True,False,False,False,False
32135,17415.862,0.003,0.14,0.064,0.036,-1.641,0.109,0.407,-0.19,-0.016,0.111,0.123,117.206,455240.0,20,0.136,False,False,True,False,False,False
32178,530667.345,-0.389,-0.117,0.06,0.05,9.86,-0.413,1.885,,,,,,8229363.0,11,,False,False,False,False,True,False
32203,15334.033,0.31,0.423,0.813,0.781,6.396,-0.304,-2.252,1.247,0.163,-0.063,-0.048,,995922.0,20,-0.194,False,True,False,False,True,False
32232,-206920.9,-0.014,0.16,-0.864,-0.709,-0.786,-0.743,-12.246,,,,,,2298402.0,16,,False,False,False,False,False,False
32242,30422.096,-0.489,-0.192,-0.104,-0.072,8.946,-0.445,1.958,1.717,-1.186,-0.073,-0.058,,1123388.0,20,-0.937,False,False,False,False,True,False
32245,,,,,,,,,,,,,,9942030.0,1,,False,False,False,False,False,False
32257,-2911.768,0.63,0.709,0.082,0.082,1.516,-0.037,2.828,1.377,-0.163,-0.019,-0.014,,319256.0,20,-0.282,True,False,False,False,False,False
32277,-3454.701,0.711,0.927,0.001,0.001,1.904,-0.044,3.347,-0.295,-0.079,0.066,0.064,276.292,124212.0,20,-0.02,False,False,False,False,False,False
32282,-13359.42,1.126,1.096,0.0,0.0,-0.214,0.065,2.333,1.933,0.038,0.044,0.096,178.193,1442083.0,20,-0.031,True,False,False,False,False,False
32286,5088.541,-0.635,-0.555,0.042,0.036,3.96,-0.125,3.1,-2.933,0.27,0.208,0.192,95.337,111074.0,20,0.342,False,False,True,False,True,False
32292,7871.119,-0.133,-0.158,-0.113,-0.058,1.639,-0.04,2.14,0.468,0.822,0.071,0.038,257.324,121834.0,20,0.259,False,False,False,False,False,False
32293,-3303.465,1.403,1.44,0.038,0.042,-0.613,0.023,5.54,2.149,0.275,-0.015,-0.005,,131984.0,20,-0.247,True,False,False,False,False,False
32296,194525.14,-0.271,-0.262,0.004,0.029,3.95,-0.402,6.372,0.055,1.655,0.026,0.021,144.8,4010571.0,20,0.084,False,False,False,False,True,False
32306,-2404.484,1.453,1.36,-0.026,-0.023,8.63,-0.326,-8.461,1.753,-1.466,-0.078,0.033,,17526.0,20,-0.528,True,False,False,False,True,False
32307,998.538,0.253,0.297,-0.005,0.004,-2.351,0.066,4.182,0.297,-0.087,0.029,0.011,676.241,79489.0,20,0.136,False,False,False,False,False,False
32348,20151.642,-0.345,-0.483,-0.205,-0.089,-4.444,0.058,5.306,-0.685,0.109,0.136,-0.065,119.097,222177.0,20,-0.041,False,False,False,False,False,False
32360,14460.105,0.219,0.085,-0.218,-0.112,-3.71,0.279,4.657,5.382,1.007,-0.139,-0.21,,354023.0,20,0.514,False,False,False,False,False,True
32363,43620.608,-0.498,-0.415,0.221,0.229,2.82,-0.249,4.779,0.239,0.523,0.069,0.076,136.925,1022009.0,20,-0.035,False,True,False,False,True,False
32367,,,,,,,,,,,,,,1113906.0,2,,False,False,False,False,False,False
32441,8277.949,1.148,1.096,-0.011,-0.059,-0.725,0.042,-2.301,0.846,0.495,0.065,0.062,186.944,520627.0,20,-0.465,True,False,False,False,False,False
32459,49771.38,-0.099,-0.154,0.169,0.187,2.111,-0.116,1.322,-0.202,0.448,0.082,-0.046,139.206,643229.0,20,0.565,False,True,False,False,False,True
32487,,,,,,,,,,,,,,71385.0,2,,False,False,False,False,False,False
32489,247383.99,-0.77,-0.54,0.159,0.13,18.792,-0.591,3.199,,,,,,7604778.0,17,,False,True,False,False,True,False
32526,-44077.477,-0.01,0.253,-0.115,-0.058,0.379,-0.473,2.687,1.75,0.388,-0.013,0.008,,9042709.0,20,0.216,False,False,False,False,False,False
32527,22235.654,1.784,1.945,-0.099,-0.129,3.698,-0.06,5.278,-2.278,-1.053,-0.014,-0.048,,901609.0,20,0.26,False,False,False,False,False,False
32532,10895.441,-0.323,0.031,0.264,0.14,-0.034,0.005,-0.059,0.461,-0.097,0.098,0.016,155.326,262487.0,20,-0.022,False,True,False,False,False,False
32551,2083003.495,-1.134,-1.2,0.159,0.072,-1.532,-0.691,-9.828,,,,,,9424574.0,13,,False,True,False,False,False,False
32574,377155.711,0.246,-0.331,1.435,-0.516,19.033,-1.606,-6.18,7.931,-9.55,-0.5,-0.807,,3168602.0,20,0.369,False,True,False,False,True,False
32606,,,,,,,,,,,,,,104043.0,3,,False,False,False,False,False,False
32612,249602.695,-0.275,-0.288,0.294,0.243,0.008,-0.075,0.735,0.75,0.674,0.06,0.011,60.326,4147953.0,20,0.037,False,True,False,False,False,False
32629,63976.8,1.065,1.102,0.053,0.019,-0.826,-0.064,2.177,2.292,-2.784,0.067,0.005,114.21,1588238.0,20,0.13,True,False,False,False,False,False
32647,198949.979,0.455,0.427,0.007,0.006,1.209,-0.061,2.782,2.111,0.844,0.019,-0.122,255.341,2965709.0,20,0.169,True,False,False,False,False,False
32718,13478.758,0.182,0.501,-0.104,0.006,-1.606,0.042,4.427,1.277,0.161,0.092,0.072,97.641,1163513.0,20,0.726,False,False,False,False,False,True
32737,82853.257,-4.274,-0.362,-0.088,-0.026,-1.62,-0.224,7.226,,,,,,1020206.0,6,,False,False,False,False,False,False
32779,-67164.842,0.231,0.024,0.285,0.153,4.133,-0.321,0.049,-0.917,0.627,0.034,0.03,111.464,3913468.0,20,0.045,False,True,False,False,True,False
32838,10607.143,0.001,0.625,-0.011,-0.036,-1.736,-0.011,1.663,,,,,,679834.0,13,,False,False,False,False,False,False
32907,,,,,,,,,,,,,,123722.0,3,,False,False,False,False,False,False
32908,-1784.478,0.627,0.637,-0.004,-0.002,2.017,-0.094,7.153,0.196,0.172,0.053,-0.041,365.421,86207.0,20,0.473,False,False,False,False,False,False
32912,-40816.409,0.086,0.487,-0.36,-0.2,-2.218,0.105,4.151,1.052,0.426,0.002,-0.019,3071.076,1931310.0,20,0.304,False,False,False,False,False,False
32941,154061.248,0.351,0.565,0.039,0.032,-0.048,-0.043,4.525,2.66,0.543,0.008,-0.009,561.398,3174990.0,20,0.292,False,False,False,False,False,False
32957,8111.714,1.644,28.524,0.0,0.0,32.671,-13.871,0.0,,,,,,33594.0,7,,False,False,False,False,True,False
32961,51302.641,-0.696,-1.719,0.0,0.0,1.536,-0.283,0.0,-2.425,-0.991,-0.008,-0.031,,4520258.0,20,,False,False,False,False,False,False
32968,8166.168,2.207,2.449,-0.124,-0.096,29.075,-1.716,5.871,-6.993,-2.437,0.234,0.087,90.023,87960.0,20,7.451,False,False,True,False,True,True
32974,208492.83,0.094,0.144,0.275,0.209,0.987,-0.239,1.474,0.316,0.55,0.087,0.022,47.682,3714223.0,20,0.62,False,True,False,False,False,True
33005,142023.69,0.011,-0.048,0.015,0.024,-0.711,0.134,4.58,0.28,0.784,0.038,-0.085,142.431,2607581.0,20,0.247,False,False,False,False,False,False
33009,16895.651,1.19,1.274,-0.005,-0.005,-6.187,0.525,6.525,4.145,1.692,0.043,-0.068,257.354,684818.0,20,0.231,True,False,False,False,False,False
33010,43218.701,0.698,0.784,-0.085,-0.046,-1.401,0.075,5.794,2.884,-0.047,0.111,-0.024,120.411,417942.0,20,0.782,True,False,False,False,False,True
33013,-69.411,0.598,0.372,0.0,0.0,0.732,-0.017,4.381,1.413,0.521,0.027,0.024,767.839,57005.0,20,-0.249,True,False,False,False,False,False
33026,2587.762,0.418,0.965,-0.141,-0.054,2.948,-0.152,0.549,0.701,-1.067,0.046,0.004,341.546,222858.0,20,0.162,False,False,False,False,True,False
33103,22645.645,0.604,0.854,0.553,0.445,19.688,-0.417,3.439,0.712,0.633,0.112,-0.055,133.513,286530.0,20,1.785,False,True,False,False,True,True
33111,122660.641,-0.559,-0.546,0.06,0.038,7.063,-0.329,-3.524,-0.443,-0.268,0.159,0.206,36.756,2577832.0,20,1.008,False,False,True,False,True,True
33119,137667.844,-0.065,0.171,0.037,0.016,1.264,-0.02,2.301,1.537,0.282,0.1,0.073,67.149,2004124.0,20,0.251,False,False,True,False,False,False
33131,1412.517,-0.438,-0.285,-0.447,-0.324,1.363,-0.14,1.908,0.048,0.228,0.083,0.094,213.254,141184.0,20,0.113,False,False,False,False,False,False
33136,14115.573,-0.331,-0.172,0.356,0.292,1.593,-0.056,2.274,1.563,0.757,0.033,0.026,343.581,633421.0,20,0.318,False,True,False,False,False,False
33137,6152.533,3.555,0.258,0.0,0.0,3.293,-0.143,0.757,,,,,,235530.0,9,,False,False,False,False,True,False
33183,-10996.235,1.513,1.562,0.009,0.008,2.035,0.22,12.292,1.213,0.204,-0.185,-0.291,,42384.0,20,-0.077,True,False,False,False,False,False
33188,-12276.096,0.34,0.272,-0.068,-0.051,-1.674,0.048,2.578,2.61,0.54,0.083,0.095,81.099,1972804.0,20,0.052,False,False,False,False,False,False
33202,8574.971,-0.516,0.221,-0.388,-0.122,3.198,-0.491,2.921,,,,,,282838.0,6,,False,False,False,False,True,False
33204,90116.265,0.479,0.434,-0.029,-0.075,0.869,0.009,2.996,0.065,0.603,0.019,0.008,562.577,699230.0,20,0.118,False,False,False,False,False,False
33216,173503.838,0.603,0.288,-0.058,-0.069,-1.373,0.073,5.847,3.348,0.683,0.067,-0.075,68.12,3336853.0,20,0.577,True,False,False,False,False,True
33239,318.917,-0.566,-4.02,0.0,0.0,-0.545,3.182,0.0,-1.135,29.797,0.018,-0.136,1604.305,6894.0,20,,False,False,False,False,False,False
33316,-204035.855,31.264,28.076,8.398,0.272,135.476,-9.325,-7.577,,,,,,37424.0,11,,False,True,False,False,True,False
33380,35433.795,0.109,0.126,0.0,0.0,1.787,-0.056,3.402,0.303,0.395,0.111,0.055,106.824,595682.0,20,0.196,False,False,True,False,False,False
33405,,,,,,,,,,,,,,1271623.0,3,,False,False,False,False,False,False
33418,78725.973,-0.432,-0.273,-0.079,-0.03,1.61,-0.155,4.936,-0.274,0.341,0.07,-0.021,133.701,1042973.0,20,1.574,False,False,False,False,False,True
33440,59239.15,0.513,0.835,0.019,0.008,1.628,-0.113,1.177,,,,,,4064821.0,18,,False,False,False,False,False,False
33450,34123.032,0.086,0.104,0.184,0.157,1.068,-0.073,3.062,-0.057,0.479,0.154,0.155,73.74,711534.0,20,0.238,False,True,True,False,False,False
33457,15626.716,0.865,1.046,0.042,0.024,0.341,0.071,3.771,1.007,-0.202,0.045,-0.021,147.017,2009991.0,20,0.371,True,False,False,False,False,False
33458,61090.857,-0.281,-0.735,-0.148,-0.123,1.703,-0.708,1.009,,,,,,1241838.0,7,,False,False,False,False,False,False
33470,14444.34,-0.323,-0.039,0.087,0.048,0.889,-0.071,-2.365,0.884,0.353,0.007,-0.034,1953.289,347596.0,20,0.059,False,False,False,False,False,False
33492,-17507.892,-1.217,-1.092,0.057,0.011,-1.97,0.731,-6.58,7.19,17.824,-0.049,0.149,,1006087.0,20,0.645,False,False,False,False,False,True
33503,218197.398,0.418,0.575,0.096,0.097,-1.145,0.016,1.734,1.374,0.417,0.093,0.015,53.8,3016164.0,20,0.175,True,False,False,False,False,False
33506,30378.427,0.286,0.224,-0.026,-0.009,-2.801,0.103,1.677,0.056,0.237,0.097,0.004,125.495,551563.0,20,0.107,False,False,False,False,False,False
33510,,,,,,,,,,,,,,6127605.0,2,,False,False,False,False,False,False
33539,371981.311,0.233,0.263,0.238,0.22,0.263,0.008,1.898,-0.292,-0.362,0.078,0.027,14.221,7655086.0,20,0.231,False,True,False,False,False,False
33542,,,,,,,,,,,,,,823185.0,5,,False,False,False,False,False,False
33552,1243.901,-0.109,0.097,0.108,0.048,3.666,-0.125,2.51,1.959,0.777,-0.009,-0.014,,173919.0,20,0.208,False,False,False,False,True,False
33565,5227.044,2.138,2.162,0.003,0.008,-7.081,0.333,8.298,3.021,-0.452,0.015,0.027,903.076,340637.0,20,-0.113,True,False,False,False,False,False
33568,-3357.059,2.107,2.064,0.423,0.357,-0.373,-0.269,-0.914,0.288,-4.735,-0.073,-0.033,,49793.0,20,2.389,False,True,False,False,False,True
33645,15291.669,0.265,0.214,-0.016,0.006,-1.387,0.032,4.096,1.67,0.43,0.033,0.002,351.349,578531.0,20,0.327,False,False,False,False,False,False
33646,153194.547,0.0,0.0,0.537,0.0,0.0,0.0,0.6,0.0,0.0,-0.007,0.029,,3791183.0,20,-0.612,False,True,False,False,False,False
33648,807754.734,0.0,0.0,0.0,0.0,0.0,0.0,-1.095,0.0,0.0,-0.07,-0.317,,7183013.0,20,,False,False,False,False,False,False
33649,82645.014,0.0,0.0,-0.002,0.0,0.0,0.0,2158.723,0.0,0.0,0.095,-0.436,124.729,595526.0,20,9.369,False,False,False,False,False,True
33656,-7687.095,0.0,0.0,0.0,0.0,0.0,0.0,10.631,0.0,0.0,-0.03,0.233,,34548.0,20,,False,False,False,False,False,False
33661,1622173.618,0.0,0.0,0.071,0.0,0.0,0.0,1.577,0.0,0.0,-0.189,-0.346,,6838922.0,20,0.629,False,False,False,False,False,True
33664,508352.617,0.0,0.0,0.0,0.0,0.0,0.0,-12.778,0.0,0.0,0.145,-0.032,24.046,4426195.0,20,,False,False,False,False,False,False
33681,976783.2,0.0,0.0,0.327,0.0,0.0,0.0,-2.863,,,,,,9713421.0,9,,False,True,False,False,False,False
33684,198268.451,0.0,0.0,0.0,0.0,0.0,0.0,0.0,0.0,0.0,0.331,0.724,21.746,2114203.0,20,,False,False,True,False,False,False
33686,98602.679,0.0,0.0,-0.781,0.0,0.0,0.0,-3.13,,,,,,9597648.0,18,,False,False,False,False,False,False
33690,,,,,,,,,,,,,,9985575.0,2,,False,False,False,False,False,False
33693,907105.886,0.0,0.0,-0.04,0.0,0.0,0.0,6.509,0.0,0.0,0.026,-0.182,95.847,5436015.0,20,,False,False,False,False,False,False
33708,32717.702,0.027,0.189,-0.787,-0.533,5.301,-0.222,0.639,1.873,1.069,-0.007,-0.018,,986588.0,20,0.056,False,False,False,False,True,False
33739,13965.594,0.183,0.533,-0.009,0.019,-0.046,-0.013,2.893,1.951,0.252,0.027,-0.018,505.053,356050.0,20,0.054,False,False,False,False,False,False
33753,15790.788,-0.219,-0.077,0.795,0.442,3.435,-0.081,0.972,0.553,0.173,0.063,0.05,192.026,538565.0,20,0.206,False,True,False,False,False,False
33758,98311.044,-0.338,-0.199,-0.082,-0.038,1.868,-0.091,2.071,1.273,0.827,-0.019,-0.184,,2135629.0,20,0.14,False,False,False,False,False,False
33761,-2191.841,0.083,0.31,0.318,0.276,0.45,-0.128,4.755,1.944,0.041,0.025,0.028,509.438,410179.0,20,0.048,False,True,False,False,False,False
33785,12972.863,0.035,0.35,0.0,0.0,-2.285,0.509,0.0,2.721,-0.326,0.006,-0.025,1639.998,926133.0,20,,False,False,False,False,False,False
33794,1381.375,-0.076,0.118,0.02,0.001,-2.522,0.095,3.568,,,,,,206434.0,18,,False,False,False,False,False,False
33802,1587.789,-1.408,-1.757,1.607,1.356,25.282,-0.807,-7.093,-4.041,-1.154,0.027,0.156,758.881,69034.0,20,0.381,False,True,False,False,True,False
33803,344450.183,-0.092,0.216,0.02,0.022,-2.307,0.089,1.631,-0.758,0.133,0.188,-0.009,18.743,4462876.0,20,0.718,False,False,False,False,False,True
33805,-800.087,-0.333,0.355,-0.03,-0.013,2.778,-0.059,3.778,2.115,0.395,0.024,-0.056,656.993,196132.0,20,0.675,False,False,False,False,False,True
33812,17423.408,-0.096,0.016,-0.133,-0.11,2.052,-0.094,1.134,0.881,0.134,0.041,-0.021,313.306,434410.0,20,-0.084,False,False,False,False,False,False
33818,14029.558,0.115,0.254,0.256,0.218,-0.423,-0.256,-5.513,-1.27,-0.911,0.137,-0.008,130.538,150609.0,20,0.329,False,True,False,False,False,False
33823,208653.603,-0.113,0.07,0.649,0.415,-2.192,0.414,-3.259,-0.585,2.027,0.321,0.07,27.24,1504994.0,20,0.442,False,True,True,False,False,False
33831,-6411.562,-1.38,-2.331,-0.083,-0.001,1.117,-20.924,0.158,,,,,,70140.0,18,,False,False,False,False,False,False
33832,17834.998,-1.64,-0.931,0.003,-0.319,5.686,-0.297,5.99,,,,,,192828.0,14,,False,False,False,False,True,False
33849,495590.803,-0.167,0.159,-0.024,-0.018,-2.807,0.076,2.524,-0.203,0.076,0.146,0.035,12.668,6503041.0,20,0.412,False,False,True,False,False,False
33851,2344.788,-0.166,0.103,0.001,0.0,-2.061,0.155,1.752,2.367,1.958,-0.068,-0.182,,104464.0,20,-0.283,False,False,False,False,False,False
33855,1084.641,0.533,0.299,0.0,0.0,0.713,-0.721,0.0,2.192,-1.66,0.011,0.019,2093.168,40601.0,20,,True,False,False,False,False,False
33859,-9875.771,0.043,0.134,-0.076,-0.043,12.997,-0.227,5.791,,,,,,525725.0,15,,False,False,False,False,True,False
33860,-11532.508,0.236,0.457,-0.017,-0.002,-0.303,0.053,3.184,0.869,0.321,0.002,-0.063,2522.759,3128951.0,20,0.5,False,False,False,False,False,True
33867,170454.316,0.098,0.198,0.15,0.113,2.119,-0.118,-1.294,-0.198,0.558,0.12,0.057,41.435,3092675.0,20,0.251,False,True,True,False,False,False
33879,8048.445,-0.485,-0.226,0.0,0.0,0.179,-0.983,0.0,-1.294,1.791,0.096,-0.108,208.816,82318.0,20,,False,False,False,False,False,False
33880,-787.614,1.281,1.391,0.025,-0.012,6.134,-0.11,-0.177,,,,,,179994.0,15,,False,False,False,False,True,False
33905,70612.331,0.366,0.371,0.003,0.005,5.19,-0.12,2.584,-0.628,-0.991,0.029,-0.02,80.379,5670019.0,20,0.281,False,False,False,False,True,False
33922,17350.439,-0.532,-0.058,0.0,0.0,5.746,-0.239,2.681,0.588,-0.05,0.019,0.026,701.093,344791.0,20,0.151,False,False,False,False,True,False
33926,-17271.94,0.95,0.763,-0.066,-0.014,-0.429,0.123,4.934,2.724,0.858,0.036,0.128,423.983,245318.0,20,0.15,True,False,False,False,False,False
33928,10281.191,-0.351,-0.022,0.223,0.091,7.695,-0.414,-6.635,1.744,0.431,0.234,0.343,40.627,1180511.0,20,-0.122,False,True,True,False,True,False
33935,92692.114,0.414,0.377,0.088,0.11,-1.429,0.116,1.36,0.661,-0.492,-0.038,-0.043,,9278678.0,20,0.14,False,False,False,False,False,False
33959,12507.949,2.251,2.161,-0.0,0.006,3.751,-0.092,6.727,8.899,0.621,0.261,0.185,60.922,291932.0,20,1.397,True,False,True,False,False,True
33962,9140.156,0.347,-0.119,0.0,0.0,-1.024,-0.424,0.0,-0.969,-2.013,-0.015,-0.082,,150867.0,20,,False,False,False,False,False,False
34010,20789.795,0.633,1.004,0.099,0.088,0.961,0.024,4.737,-0.924,-0.167,0.157,0.115,60.158,1114478.0,20,0.493,False,False,True,False,False,False
34011,271133.104,-0.076,0.121,0.024,0.014,-4.229,0.205,0.209,-0.357,0.282,0.114,-0.043,39.095,3466631.0,20,0.436,False,False,False,False,False,False
34014,-9059.513,-0.243,0.61,-0.0,-0.0,2.588,-0.045,1.719,3.358,0.298,0.006,0.171,2813.066,141036.0,20,-0.472,False,False,False,False,False,False
34020,9267.444,0.298,0.26,0.031,0.023,-2.263,0.174,-0.954,-0.229,0.124,0.023,-0.091,716.494,181191.0,20,0.194,False,False,False,False,False,False
34023,3316.574,0.084,0.464,-0.001,0.003,0.778,-0.039,1.347,0.849,-0.411,0.045,0.068,312.844,310915.0,20,-0.201,False,False,False,False,False,False
34038,66017.038,-0.185,-0.548,0.179,0.12,2.313,-0.072,-1.412,-1.622,-0.514,0.038,-0.424,282.484,730551.0,20,0.105,False,True,False,False,False,False
34040,8431.194,-0.283,-0.22,0.06,0.201,4.854,-0.048,4.099,-0.075,0.234,-0.048,-0.071,,281809.0,20,0.085,False,True,False,False,False,False
34047,142450.926,-0.112,0.033,-0.095,-0.07,0.106,-0.001,2.315,1.943,0.423,0.178,0.097,34.861,2401075.0,20,0.644,False,False,True,False,False,True
34052,27880.229,0.24,0.197,0.544,0.226,-3.822,0.057,1.486,2.609,-0.349,0.016,-0.144,873.603,312693.0,20,0.58,False,True,False,False,False,True
34056,1401.982,0.967,0.766,0.0,0.0,-2.555,0.547,0.0,-0.673,1.916,0.027,-0.019,608.851,165755.0,20,,False,False,False,False,False,False
34057,1878.054,-0.189,-0.222,0.0,0.0,0.645,0.968,0.0,-2.251,1.945,0.196,0.157,127.692,32752.0,20,,False,False,True,False,False,False
34058,1564.749,0.242,0.312,-0.034,-0.004,5.051,-0.087,4.861,-0.064,0.304,0.054,0.035,243.943,411285.0,20,0.275,False,False,False,False,False,False
34065,3.254,-0.001,0.005,0.0,0.0,-0.007,0.009,0.0,0.033,-0.0,0.001,-0.0,32961.04,3056.0,20,,False,False,False,False,False,False
34068,144257.537,0.47,0.487,0.033,0.031,-2.183,0.162,2.727,1.025,0.166,0.103,0.013,63.87,2095241.0,20,0.61,True,False,False,False,False,True
34069,-686281.48,5.779,6.248,0.52,-0.027,1.075,0.113,27.29,1.614,-3.279,0.07,0.026,152.111,759503.0,18,,True,True,False,False,False,False
34073,205265.534,0.118,0.198,0.06,0.052,-3.109,0.136,0.796,0.37,-0.14,0.109,0.033,44.705,3154274.0,20,0.144,False,False,True,False,False,False
34074,35277.068,-0.127,-0.139,0.018,0.031,2.046,-0.084,1.039,1.704,0.636,-0.079,-0.169,,589397.0,20,0.068,False,False,False,False,False,False
34076,-3759.657,-2.975,-0.078,-0.063,-0.109,-1.72,-0.043,-0.772,,,,,,1647488.0,6,,False,False,False,False,False,False
34102,522729.818,0.143,0.202,-0.09,-0.168,-0.221,-0.018,2.803,,,,,,4633672.0,12,,False,False,False,False,False,False
34108,25761.194,0.066,0.07,0.068,0.022,-0.034,-0.029,2.534,0.62,-0.022,0.108,0.128,113.973,539417.0,20,0.155,False,False,True,False,False,False
34110,33757.143,0.169,0.347,0.0,0.0,-1.89,-0.191,-0.03,,,,,,663593.0,7,,False,False,False,False,False,False
34116,,,,,,,,,,,,,,585264.0,5,,False,False,False,False,False,False
34120,73031.008,1.166,1.101,-0.022,0.009,-0.215,0.053,7.494,1.22,0.298,0.026,-0.04,169.726,3329445.0,20,0.153,True,False,False,False,False,False
34138,4824.97,-0.684,0.016,0.045,0.038,11.255,-0.726,7.057,,,,,,322252.0,10,,False,False,False,False,True,False
34146,35145.432,0.453,0.417,0.065,0.072,1.582,-0.062,4.171,1.275,-0.104,0.037,-0.027,327.557,497359.0,20,0.338,True,False,False,False,False,False
34147,109877.863,-0.104,0.17,0.038,0.046,2.515,-0.111,8.622,,,,,,3579327.0,17,,False,False,False,False,True,False
34148,12006.334,0.521,0.426,0.014,0.038,-2.02,0.213,3.441,0.801,1.723,0.002,-0.057,5945.149,404469.0,20,0.046,True,False,False,False,False,False
34150,30848.517,-0.729,-0.167,-0.01,0.0,1.798,-0.089,1.024,1.517,0.709,0.037,-0.02,312.183,605623.0,20,0.271,False,False,False,False,False,False
34160,13404.508,0.385,0.474,0.039,0.022,0.207,0.078,0.428,0.23,-0.175,0.091,0.056,159.406,305535.0,20,-0.511,False,False,False,False,False,False
34162,10223.104,0.317,0.307,0.532,0.412,0.179,0.045,2.022,0.587,1.54,0.034,-0.017,391.527,374108.0,20,-0.139,False,True,False,False,False,False
34171,34256.644,-0.257,-0.208,0.12,0.121,-2.0,-0.118,-0.636,0.483,0.51,0.045,-0.066,324.147,280327.0,20,0.097,False,False,False,False,False,False
34193,6218.653,-0.193,-0.314,-0.0,-0.0,-8.435,0.574,-0.505,-3.081,-1.217,-0.069,-0.364,,258108.0,20,0.113,False,False,False,False,False,False
34207,196300.623,0.175,-0.017,0.173,0.168,-0.727,-0.059,0.06,0.706,0.503,0.074,0.031,93.219,1900140.0,20,0.016,False,True,False,False,False,False
34209,17250.095,0.613,0.56,-0.716,-0.384,-4.67,0.334,-1.239,,,,,,481776.0,8,,False,False,False,False,False,False
34210,90878.927,3.633,3.622,0.232,0.158,3.839,-0.099,8.934,,,,,,1008464.0,14,,False,True,False,False,False,False
34211,59057.594,0.159,0.198,-0.046,-0.012,1.044,-0.055,1.85,0.547,0.386,0.089,0.06,98.377,1229135.0,20,0.845,False,False,False,False,False,True
34217,769846.071,0.356,0.232,-0.181,-0.062,4.45,-0.147,7.214,,,,,,7933164.0,16,,False,False,False,False,True,False
34229,30991.155,0.394,0.432,-0.0,-0.005,-3.066,0.15,0.391,2.222,0.488,0.068,-0.014,168.678,622032.0,20,0.234,False,False,False,False,False,False
34233,26500.33,0.304,0.618,-0.077,-0.048,3.33,-0.13,3.177,,,,,,657265.0,19,,False,False,False,False,True,False
34240,27786.183,-0.069,-0.021,-0.09,-0.058,-3.193,0.128,5.33,0.208,0.589,0.111,-0.014,123.966,378146.0,20,0.49,False,False,False,False,False,False
34252,-82262.226,0.802,0.949,0.096,0.041,-0.526,0.079,19.88,1.812,0.072,-0.048,0.014,,1084528.0,20,1.487,True,False,False,False,False,True
34254,145954.77,-0.145,-0.067,0.053,0.12,2.927,-0.192,0.659,1.637,0.522,0.035,-0.001,188.895,1932462.0,20,-0.011,False,False,False,False,True,False
34256,26737.857,-0.847,0.035,0.116,-0.008,10.161,-0.658,2.241,,,,,,336115.0,7,,False,False,False,False,True,False
34259,21220.571,0.778,0.774,1.653,1.369,1.379,-0.072,3.298,2.195,-0.225,-0.027,-0.092,,643214.0,20,0.096,True,True,False,False,False,False
34294,761465.732,0.412,0.237,1.093,1.036,2.528,-0.64,-2.65,0.326,-1.005,0.056,-0.016,40.652,5731399.0,20,-0.106,False,True,False,False,True,False
34295,,,,,,,,,,,,,,1536628.0,2,,False,False,False,False,False,False
34313,90345.835,1.564,1.122,0.0,0.0,-5.318,0.188,7.076,5.786,0.268,0.005,-0.184,2083.373,720327.0,20,,True,False,False,False,False,False
34319,126847.738,-0.194,-0.19,-0.021,-0.061,2.234,-0.147,-0.004,0.614,0.527,0.094,-0.029,87.911,1386995.0,20,0.276,False,False,False,False,False,False
34328,,,,,,,,,,,,,,115080.0,2,,False,False,False,False,False,False
34331,72.863,0.183,0.314,0.0,0.0,-2.608,0.425,0.0,-1.024,1.156,0.056,0.041,571.335,4427.0,20,,False,False,False,False,False,False
34334,7849.777,0.282,0.205,-0.371,-0.775,-1.038,-0.001,3.66,-1.085,0.302,0.077,-0.078,238.02,117937.0,20,0.878,False,False,False,False,False,True
34351,239890.699,2.263,2.979,0.0,0.0,-2.673,-0.114,-0.368,,,,,,2624123.0,12,,False,False,False,False,False,False
34352,65468.824,0.362,0.782,0.156,0.126,0.351,-0.239,7.48,-1.435,0.373,0.133,0.216,62.304,1424577.0,20,0.156,False,True,True,False,False,False
34363,77712.183,0.028,0.026,-0.104,-0.088,5.067,-0.24,1.207,1.078,0.701,-0.014,-0.016,,1081951.0,20,0.031,False,False,False,False,True,False
34384,56974.917,-0.956,-0.831,0.051,0.032,1.254,-0.059,1.977,-3.031,0.391,0.193,0.069,55.995,847906.0,20,1.771,False,False,True,False,False,True
34386,7854.755,-1.002,-0.869,-0.109,-0.068,2.38,-0.131,4.023,-1.581,-1.365,0.013,-0.168,1400.516,115777.0,20,1.319,False,False,False,False,False,True
34393,-3318.481,-0.055,0.031,-0.319,-0.231,0.601,0.126,2.632,-1.355,-0.631,0.036,-0.048,494.555,126495.0,20,-0.171,False,False,False,False,False,False
34394,-911.462,0.603,0.711,0.0,0.0,-0.658,0.134,6.236,0.503,0.707,0.009,-0.121,1570.334,253214.0,20,0.297,False,False,False,False,False,False
34395,359264.668,-0.348,-0.104,-0.199,-0.199,1.477,-0.463,0.067,-0.182,0.13,0.085,0.026,34.73,4927099.0,20,0.989,False,False,False,False,False,True
34401,43637.946,0.029,0.005,-0.119,-0.065,6.996,-0.102,4.589,0.968,0.961,0.027,0.046,298.424,1349328.0,20,-0.016,False,False,False,False,True,False
34403,578933.817,0.602,0.586,0.404,0.322,-2.128,-0.069,1.067,0.097,0.172,0.305,0.182,8.547,5659447.0,20,0.196,False,True,True,True,False,False
34404,173255.792,0.654,-1.766,0.149,0.128,4.853,0.43,-36.377,2.853,0.971,0.246,0.338,24.598,2592134.0,20,3.378,True,False,True,False,False,True
34407,-6211.654,0.674,0.248,0.036,0.025,-0.047,0.058,5.811,1.34,0.237,0.039,0.096,398.044,214400.0,20,0.225,True,False,False,False,False,False
34409,16976.325,0.795,0.694,0.074,0.052,0.423,-0.027,0.46,1.716,0.481,0.028,-0.01,448.396,451392.0,20,0.295,True,False,False,False,False,False
34415,-1741.023,0.506,0.543,0.046,0.022,0.328,0.128,3.564,0.438,-0.131,0.008,-0.0,1077.439,1086417.0,20,-0.097,False,False,False,False,False,False
34416,-11774.426,-0.656,-0.506,0.011,0.008,6.298,-0.222,3.984,,,,,,308768.0,14,,False,False,False,False,True,False
34422,50431.979,0.346,0.316,0.014,0.058,0.695,0.011,0.631,-1.376,0.388,0.078,-0.04,117.713,1084684.0,20,0.295,False,False,False,False,False,False
34441,15488.821,-2.069,-2.084,0.008,-0.032,-19.04,0.402,6.39,-4.87,0.978,0.28,-0.081,72.702,112220.0,20,1.528,False,False,False,False,False,True
34444,1142613.791,0.366,0.155,-0.024,-0.0,1.667,-0.147,-4.236,,,0.154,,,25862378.0,16,0.231,False,False,False,False,False,False
34455,-379.435,-0.373,-0.077,-0.131,-0.017,1.896,-0.213,1.524,3.898,5.371,0.041,-0.035,462.273,97619.0,20,0.967,False,False,False,False,False,True
34456,134037.523,-0.588,-0.489,0.021,0.016,-0.605,0.025,2.971,,,,,,1018424.0,19,,False,False,False,False,False,False
34457,-7764.996,-0.064,0.422,0.031,0.009,5.775,-0.184,1.587,,,,,,224068.0,19,,False,False,False,False,True,False
34460,20054.788,-0.281,-0.26,0.114,0.111,-1.967,0.037,2.284,0.123,0.249,0.133,0.046,125.451,199901.0,20,1.041,False,False,True,False,False,True
34465,1848.205,-0.015,-0.18,0.0,0.0,-10.852,0.837,0.0,-0.297,-0.35,0.004,0.005,3732.023,239491.0,20,,False,False,False,False,False,False
34468,,,,,,,,,,,,,,146140.0,2,,False,False,False,False,False,False
34478,446.818,-1.87,-3.322,0.0,0.0,-2.807,0.527,0.0,-0.719,0.386,0.013,-0.012,2078.653,15522.0,20,,False,False,False,False,False,False
34488,11783.041,0.209,0.267,0.039,-0.004,0.718,-0.026,1.472,0.526,0.357,0.1,0.086,175.056,156669.0,20,0.103,False,False,False,False,False,False
34489,-30963.338,0.522,0.581,0.0,0.0,0.198,0.079,2.305,0.83,-0.877,0.08,0.112,157.297,476934.0,20,-0.25,True,False,False,False,False,False
34496,5754.205,1.209,0.973,0.059,0.05,1.158,0.032,-2.525,1.884,-0.176,0.063,0.106,160.407,871581.0,20,-0.041,True,False,False,False,False,False
34507,596871.062,-0.24,-0.029,0.025,0.012,4.369,0.027,1.379,0.295,0.267,0.106,0.069,1.606,9604911.0,20,,False,False,True,True,False,False
34517,21767.639,0.159,0.352,-0.152,-0.1,0.231,0.025,1.986,0.316,-0.022,0.065,-0.053,196.649,456070.0,20,0.433,False,False,False,False,False,False
34519,1073153.35,-1.661,-1.38,0.234,0.246,0.348,-1.575,-1.825,-0.927,0.796,0.003,-0.485,151.551,8933716.0,20,,False,True,False,False,False,False
34526,5657.005,0.033,0.153,-0.282,-0.214,2.87,0.116,1.673,0.521,0.169,0.054,-0.068,303.257,190953.0,20,0.512,False,False,False,False,False,True
34533,337370.842,-0.133,0.008,0.08,0.239,-0.265,-0.039,0.844,0.284,0.337,0.132,0.031,33.912,3501204.0,20,0.392,False,True,True,False,False,False
34535,23242.108,-0.29,-0.266,0.129,0.095,4.201,-0.754,-2.88,-0.904,-0.888,0.091,-0.01,148.199,391166.0,20,,False,False,False,False,True,False
34548,24765.429,0.624,0.318,-0.611,-0.324,-2.802,0.248,3.818,0.604,1.253,0.206,-0.056,80.534,230154.0,20,0.6,False,False,False,False,False,True
34562,491888.138,-0.458,-0.571,0.06,0.044,1.149,0.031,-0.923,1.308,0.475,-0.031,0.033,,3588697.0,20,-0.137,False,False,False,False,False,False
34566,18169.044,0.207,0.238,-0.019,-0.016,-1.621,0.074,-0.922,0.104,0.099,0.075,0.05,177.286,399949.0,20,0.323,False,False,False,False,False,False
34585,18314.457,-0.422,-0.218,-0.099,-0.074,4.773,-0.217,0.121,-0.143,0.001,-0.038,-0.08,,318696.0,20,0.052,False,False,False,False,True,False
34588,575308.283,-1.623,-5.988,0.0,0.0,-0.391,2.492,0.0,8.967,-0.48,0.166,0.022,32.285,2898815.0,20,,False,False,False,False,False,False
34598,336511.991,0.366,0.425,0.025,0.019,-0.986,0.065,1.361,-0.371,-0.296,0.047,-0.073,39.828,6356397.0,20,0.19,False,False,False,False,False,False
34599,16675.666,0.389,0.535,-0.104,-0.005,3.369,-0.176,7.492,2.637,-0.727,-0.002,0.016,,832686.0,20,0.585,False,False,False,False,True,True
34603,88274.956,-0.009,-0.08,0.111,0.07,-0.151,-0.072,0.325,0.844,-0.091,0.102,0.257,45.866,3277152.0,20,0.399,False,False,True,False,False,False
34606,3856.814,0.313,0.147,0.719,0.511,0.681,-0.378,-0.786,,,,,,395292.0,19,,False,True,False,False,False,False
34607,422899.338,-0.629,-0.742,0.264,0.186,4.364,-0.318,-3.677,-0.824,-0.19,-0.025,-0.121,,5683154.0,20,0.005,False,True,False,False,True,False
34610,11339.759,-0.178,0.047,0.002,0.111,1.292,-0.054,4.635,0.554,0.511,0.058,-0.039,245.051,310434.0,20,-0.022,False,False,False,False,False,False
34618,151777.251,2.057,0.539,0.031,0.001,-6.094,0.044,9.046,5.161,0.453,0.05,-0.218,86.977,3479542.0,20,0.47,True,False,False,False,False,False
34619,6173.663,0.333,-0.237,0.0,0.0,-2.48,7.018,0.0,3.227,-2.016,0.036,-1.849,655.803,30646.0,20,,False,False,False,False,False,False
34627,13093.098,-0.296,0.316,0.021,0.012,1.631,-0.075,1.833,,,,,,672009.0,17,,False,False,False,False,False,False
34629,116385.66,-0.215,0.309,0.0,0.0,-2.749,4.269,0.0,-2.274,3.744,0.042,0.095,213.969,1133453.0,20,,False,False,False,False,False,False
34643,16628.758,0.277,0.322,-0.116,-0.05,0.75,-0.01,5.121,-0.388,0.133,0.042,-0.047,280.05,568901.0,20,0.581,False,False,False,False,False,True
34644,9379.14,0.181,0.211,0.247,0.304,-3.628,-0.033,8.148,2.384,-2.506,0.068,0.007,265.881,123778.0,20,1.59,False,True,False,False,False,True
34652,,,,,,,,,,,,,,46792.0,1,,False,False,False,False,False,False
34656,160475.675,0.488,0.479,0.326,0.31,0.963,-0.052,-0.522,1.424,0.909,0.021,-0.045,245.847,2864702.0,20,0.033,True,True,False,False,False,False
34662,21305.721,-0.541,0.036,0.029,0.018,-1.283,0.032,3.647,,,,,,271736.0,18,,False,False,False,False,False,False
34666,2594.992,0.572,0.796,-0.219,-0.109,-1.072,0.085,1.536,2.439,0.141,0.08,0.088,209.718,177736.0,20,0.102,True,False,False,False,False,False
34681,166358.307,-0.006,0.096,0.03,0.028,-4.565,0.145,-0.473,0.047,-0.18,0.173,0.058,38.589,2148686.0,20,0.331,False,False,True,False,False,False
34685,-14184.695,1.125,1.074,0.162,0.105,0.358,-0.072,5.701,2.783,0.529,-0.041,-0.069,,779278.0,20,0.264,True,True,False,False,False,False
34686,1507.158,0.211,0.247,0.01,0.007,0.901,0.002,6.178,0.677,0.827,0.071,0.072,221.051,227782.0,20,0.094,False,False,False,False,False,False
34697,1168085.263,-0.112,-0.179,-0.093,-0.117,-6.173,0.198,-7.772,0.301,0.21,0.196,0.137,1.085,9525737.0,20,1.858,False,False,True,True,False,True
34699,478030.977,0.309,0.371,0.207,0.18,2.594,-0.035,6.877,1.592,0.568,0.161,0.14,3.287,8843485.0,20,0.281,False,True,True,True,False,False
34710,-4261.402,3.126,4.819,0.0,0.0,1.789,-2.362,0.0,6.951,7.65,-0.008,-0.069,,166275.0,20,,True,False,False,False,False,False
34711,-1805.438,0.715,0.723,-0.235,-0.012,9.155,-0.131,4.778,-0.856,0.521,0.045,0.016,402.238,121929.0,20,-0.292,False,False,False,False,True,False
34717,293236.0,0.066,0.301,0.018,0.021,-3.765,0.112,3.834,1.442,0.334,0.063,0.017,52.111,4515383.0,20,0.642,False,False,False,False,False,True
34719,78201.299,-0.92,-0.983,0.09,0.066,1.687,-0.177,-2.03,-0.226,0.368,0.076,-0.085,151.024,637080.0,20,0.506,False,False,False,False,False,True
34726,47766.467,-1.515,0.369,-0.17,-0.109,-1.436,0.076,-2.098,,,,,,2592766.0,9,,False,False,False,False,False,False
34728,123171.624,-0.323,-0.164,-0.079,-0.092,-0.267,-0.051,0.983,-0.017,0.091,0.072,-0.011,102.562,1678841.0,20,-0.045,False,False,False,False,False,False
34732,398.992,-0.331,0.269,0.0,0.0,0.677,-0.092,0.0,6.687,9.894,0.114,0.099,260.923,8916.0,20,,False,False,True,False,False,False
34742,-206377.614,-0.157,-0.08,0.64,0.466,5.657,-0.608,1.187,,,,,,9902571.0,13,,False,True,False,False,True,False
34747,,,,,,,,,,,,,,226139.0,2,,False,False,False,False,False,False
34748,5104.042,-0.347,0.495,0.0,0.0,-1.637,0.126,0.0,2.942,-2.804,0.055,0.005,320.863,133512.0,20,,False,False,False,False,False,False
34752,-2061.88,0.746,0.522,0.048,0.033,3.165,-0.074,7.307,4.031,0.907,-0.038,0.007,,135143.0,20,-0.207,True,False,False,False,False,False
34755,-59693.242,0.748,1.085,0.105,0.081,-3.225,0.092,7.054,1.783,0.417,0.008,-0.0,872.138,1646148.0,20,0.534,True,False,False,False,False,True
34759,78617.802,1.158,0.999,0.154,0.114,0.599,-0.013,1.18,-4.47,0.175,0.129,-0.065,88.23,684822.0,20,0.662,False,True,False,False,False,True
34760,15611.898,0.065,0.219,-0.201,-0.11,-3.409,0.087,3.785,1.212,0.556,0.066,0.043,179.874,555115.0,20,0.458,False,False,False,False,False,False
34778,1080.406,0.033,0.472,-0.151,-0.056,1.777,-0.052,0.553,1.469,0.385,0.02,-0.015,647.989,394326.0,20,0.146,False,False,False,False,False,False
34781,115048.854,-0.033,-0.242,0.58,0.506,0.337,-0.431,-5.478,1.137,0.592,-0.031,-0.119,,1592347.0,20,1.359,False,True,False,False,False,True
34784,67753.248,-0.049,0.165,0.321,0.349,-0.625,0.047,5.846,-0.221,-0.313,0.299,-0.148,43.774,569558.0,20,3.944,False,True,False,False,False,True
34786,29645.814,-0.174,-0.172,0.291,0.94,-0.324,0.013,-4.157,-0.412,0.333,0.083,-0.035,149.683,507443.0,20,0.258,False,True,False,False,False,False
34788,131792.211,0.648,0.825,0.094,0.065,-0.14,0.04,3.949,1.492,0.366,0.047,-0.03,71.808,4371214.0,20,0.108,True,False,False,False,False,False
34799,-1673.248,2.614,5.155,0.0,0.0,5.614,-8.433,0.0,1.171,-2.932,0.046,0.026,582.198,15233.0,20,,True,False,False,False,True,False
34803,-4810.37,0.612,0.541,-0.003,-0.014,0.856,0.036,6.247,2.428,0.959,-0.062,-0.055,,935381.0,20,0.033,True,False,False,False,False,False
34805,118434.707,0.572,0.657,0.017,0.013,0.581,0.056,3.404,0.762,-0.102,0.029,-0.118,234.555,1919385.0,20,0.463,True,False,False,False,False,False
34811,31307.395,-0.121,-0.16,0.137,0.098,2.763,-0.123,4.445,-0.013,0.218,0.042,0.021,223.22,1010651.0,20,0.081,False,False,False,False,True,False
34812,35918.143,0.421,0.955,-0.184,-0.225,0.668,-0.013,3.327,,,,,,1196164.0,7,,False,False,False,False,False,False
34813,15112.602,0.056,0.104,0.0,0.0,-0.754,0.143,0.0,-0.391,-2.621,0.099,-0.021,168.525,189919.0,20,,False,False,False,False,False,False
34836,113994.484,0.348,0.354,0.14,0.079,2.875,-0.109,2.615,2.625,1.489,0.062,-0.019,128.418,1453536.0,20,0.31,False,False,False,False,True,False
34837,,,,,,,,,,,,,,1418684.0,1,,False,False,False,False,False,False
34847,27310.385,-0.59,-0.582,-0.008,-0.036,0.493,0.002,3.38,0.542,1.597,0.045,-0.062,275.608,490091.0,20,0.266,False,False,False,False,False,False
34849,-8153.441,0.045,0.213,0.137,0.096,3.966,-0.19,0.986,1.134,0.663,0.034,0.109,392.115,370747.0,20,-0.217,False,False,False,False,True,False
34857,-1238.292,-0.038,0.167,-0.004,0.044,4.647,-0.138,4.049,1.863,0.595,-0.086,-0.111,,99434.0,20,0.003,False,False,False,False,True,False
34860,32605.832,-2.806,-2.219,-0.153,-0.077,-13.014,0.353,6.37,2.72,2.703,0.214,-0.144,76.895,238878.0,20,4.549,False,False,False,False,False,True
34876,-33234.078,1.172,1.232,-0.037,-0.018,-1.15,-0.017,2.409,0.559,-0.589,-0.089,-0.143,,533393.0,20,-0.121,False,False,False,False,False,False
34885,342299.741,-0.359,-0.165,0.162,0.139,-4.284,0.095,0.251,-0.715,0.14,0.132,-0.06,39.943,2901954.0,20,0.201,False,True,False,False,False,False
34887,24686.857,3.145,-0.94,0.28,0.104,-3.227,-0.373,-14.093,,,,,,242130.0,7,,False,True,False,False,False,False
34888,31254.538,0.623,0.714,0.028,0.047,1.959,-0.108,6.432,-0.732,0.782,0.033,-0.033,184.783,2212532.0,20,0.397,False,False,False,False,False,False
34890,27755.564,0.165,0.299,-0.005,-0.038,-1.312,0.054,1.511,0.72,0.417,0.067,0.031,146.266,940029.0,20,0.369,False,False,False,False,False,False
34899,46350.057,0.346,0.124,-0.096,-0.069,14.299,-0.466,-10.952,,,,,,692073.0,6,,False,False,False,False,True,False
34900,1656.638,-0.244,-0.093,0.838,0.556,0.853,-0.028,1.291,0.237,0.013,0.089,0.097,228.819,74239.0,20,-0.193,False,True,False,False,False,False
34908,322409.02,0.132,-0.161,-0.013,-0.009,-2.205,0.177,-1.019,1.547,0.853,0.147,0.002,41.051,2444828.0,20,0.136,False,False,False,False,False,False
34918,34509.531,0.349,0.509,0.019,0.019,-1.861,0.127,2.889,1.838,0.389,0.146,0.029,97.273,362673.0,20,1.485,False,False,False,False,False,True
34930,1544.158,0.827,0.848,0.014,-0.031,-2.702,0.169,5.436,,,,,,144705.0,14,,False,False,False,False,False,False
34934,45775.543,-1.648,0.346,-0.259,-0.16,2.972,-0.212,-4.473,,,,,,1138451.0,6,,False,False,False,False,True,False
34935,,,,,,,,,,,-0.0,,,43853.0,5,,False,False,False,False,False,False
34936,41108.214,0.351,0.454,-0.04,-0.025,1.814,-0.079,2.892,0.848,0.18,0.078,0.055,125.471,939529.0,20,0.163,False,False,False,False,False,False
34938,818.776,0.152,0.372,0.101,0.073,-1.871,0.209,4.046,1.92,0.912,0.032,0.031,514.415,164630.0,20,-0.033,False,False,False,False,False,False
34940,,,,,,,,,,,,,,1490319.0,2,,False,False,False,False,False,False
34953,661430.809,-0.274,-0.227,0.258,0.247,-6.343,-0.165,-1.693,-0.112,0.294,0.262,0.058,5.184,7395660.0,20,-0.667,False,True,True,True,False,False
34955,1727.789,0.032,0.318,-0.227,-0.172,1.657,-0.069,2.519,2.341,0.41,-0.072,0.01,,464917.0,20,-0.176,False,False,False,False,False,False
34966,193382.86,-0.162,-0.191,-0.026,-0.014,-4.509,0.129,5.181,-0.324,0.617,0.225,-0.031,41.099,1240094.0,20,0.887,False,False,False,False,False,True
34969,55470.583,0.07,0.117,0.271,0.245,3.013,-0.124,1.801,1.353,0.519,-0.024,-0.046,,960143.0,20,0.068,False,True,False,False,True,False
34973,36077.829,-0.445,0.14,0.48,0.263,2.672,-0.203,2.144,0.063,-0.076,0.102,0.024,112.443,652145.0,20,0.138,False,True,False,False,True,False
34978,123933.047,1.18,0.3,0.518,0.367,-1.99,0.044,5.952,0.33,-0.119,0.032,-0.005,265.736,1263618.0,20,0.995,False,True,False,False,False,True
34980,47182.553,0.541,0.668,0.021,0.011,-0.134,0.053,3.839,1.376,0.375,0.05,0.013,89.435,3345447.0,20,0.239,True,False,False,False,False,False
34982,,,,,,,,,,,,,,978837.0,2,,False,False,False,False,False,False
34995,-1131.314,-0.236,-0.278,-0.868,-0.791,7.904,-0.259,-2.514,-0.173,-0.771,-0.032,-0.074,,124913.0,20,0.753,False,False,False,False,True,True
34997,86252.063,-0.686,-1.233,0.167,0.157,4.052,-0.631,-5.016,-2.039,-2.144,-0.075,-0.204,,1194708.0,20,1.126,False,True,False,False,True,True
34998,88263.938,0.305,0.38,0.139,0.132,-0.258,-0.07,7.578,,,,,,1243029.0,18,,False,False,False,False,False,False
35014,26182.042,0.18,0.238,0.05,0.09,1.07,-0.639,7.535,0.866,0.152,0.083,0.135,105.678,1228036.0,20,0.192,False,False,False,False,False,False
35015,13538.547,-0.712,-0.067,-0.009,0.024,4.888,-0.121,1.371,,,,,,491946.0,16,,False,False,False,False,True,False
35019,37300.111,-2.281,-2.183,-0.07,-0.028,-4.904,0.219,1.426,-2.168,0.081,0.256,0.196,64.808,247962.0,20,1.153,False,False,True,False,False,True
35020,41413.57,0.349,0.369,-0.035,-0.026,-1.487,0.114,2.209,0.954,0.464,0.1,0.048,106.525,790220.0,20,0.206,False,False,False,False,False,False
35027,,,,,,,,,,,,,,228724.0,2,,False,False,False,False,False,False
35028,122540.667,-0.126,0.299,0.163,0.101,-5.484,0.158,0.817,,,,,,2139654.0,8,,False,True,False,False,False,False
35029,3811.215,0.603,0.778,-0.19,-0.124,-4.02,0.256,-0.191,0.562,0.164,-0.002,-0.053,,271558.0,20,-0.24,False,False,False,False,False,False
35031,10111.838,0.135,0.124,0.0,0.0,-2.214,0.099,2.612,0.506,-0.02,0.01,0.026,1422.121,269712.0,20,0.228,False,False,False,False,False,False
35033,10315.068,0.186,0.302,0.0,0.0,-0.189,-0.001,4.927,-0.17,0.138,0.129,0.053,112.636,324782.0,20,0.292,False,False,True,False,False,False
35052,25507.157,0.617,0.714,0.082,0.018,-9.129,0.352,-0.2,,,,,,784649.0,17,,False,False,False,False,False,False
35056,7813.359,-0.201,0.127,-0.08,-0.025,2.194,-0.029,1.949,1.041,0.218,0.078,0.011,205.32,209981.0,20,0.13,False,False,False,False,False,False
35060,-2107.792,1.109,1.166,-0.193,-0.103,-6.42,0.357,3.904,0.534,-0.023,0.049,-0.004,354.926,140202.0,20,0.207,False,False,False,False,False,False
35063,4196.421,-0.116,0.045,0.0,0.0,0.101,0.358,0.0,-0.328,1.731,0.054,0.013,328.974,136654.0,20,,False,False,False,False,False,False
35075,1088.117,0.352,0.177,0.0,0.0,-1.471,0.762,0.155,-0.037,2.001,0.024,-0.019,1014.6,27559.0,20,0.102,False,False,False,False,False,False
35077,,,,,,,,,,,,,,463802.0,1,,False,False,False,False,False,False
35084,6415.916,0.713,0.708,-0.072,-0.031,-0.904,0.125,3.851,0.848,0.243,0.08,0.063,189.619,262036.0,20,0.943,True,False,False,False,False,True
35094,809.248,0.536,0.563,-0.02,-0.009,-1.457,0.081,-0.237,-0.759,0.348,0.018,-0.223,1125.577,61450.0,20,-0.018,False,False,False,False,False,False
35101,6961.221,0.159,0.274,-0.029,-0.021,3.159,-0.066,1.539,0.157,0.079,0.063,0.025,244.209,245063.0,20,0.035,False,False,False,False,False,False
35103,5211.344,0.086,0.661,-0.002,-0.001,-2.63,0.108,5.785,-0.42,0.111,0.149,0.188,108.26,232618.0,20,0.57,False,False,True,False,False,True
35109,-16455.806,-0.869,0.692,0.12,0.09,-2.646,0.192,4.56,,,,,,331627.0,10,,False,False,False,False,False,False
35111,3204.924,0.492,0.526,-0.14,-0.097,5.953,-0.337,4.933,,,,,,738615.0,16,,False,False,False,False,True,False
35115,-30736.935,-0.904,0.248,0.145,0.085,24.403,-0.629,-0.114,,,,,,466093.0,16,,False,False,False,False,True,False
35117,24542.847,-0.083,-0.009,0.063,0.059,4.946,-0.309,1.557,,,,,,341288.0,16,,False,False,False,False,True,False
35118,3875.621,-0.014,0.081,0.087,0.063,0.434,-0.013,0.319,0.306,0.351,0.106,0.057,174.217,126157.0,20,0.24,False,False,True,False,False,False
35131,36340.427,-0.053,0.063,0.063,0.081,1.729,-0.022,4.599,1.017,0.237,0.075,0.025,143.855,748534.0,20,0.641,False,False,False,False,False,True
35138,27143.576,0.217,0.172,0.284,0.249,1.015,-0.024,4.827,-1.308,-0.718,0.495,0.474,25.246,789073.0,20,0.491,False,True,True,False,False,False
35139,78037.747,-0.751,-0.671,0.073,0.398,4.686,-0.204,-5.313,-1.633,1.075,0.097,0.026,97.194,1054283.0,20,0.461,False,True,False,False,True,False
35151,98057.522,1.152,1.128,-0.023,-0.009,-0.199,-0.077,5.583,1.366,0.357,0.001,-0.121,12058.465,924662.0,20,0.39,True,False,False,False,False,False
35154,63837.817,4.456,7.056,0.055,0.031,-4.692,0.168,6.103,39.99,-2.465,1.219,1.224,12.126,892459.0,20,0.241,True,False,True,False,False,False
35157,76287.32,-0.529,-0.513,0.078,0.047,2.448,-0.257,-4.053,1.362,-0.166,-0.032,0.049,,1081100.0,20,15.47,False,False,False,False,False,True
35161,30895.952,0.14,0.145,0.083,0.068,-1.526,0.076,5.062,1.74,0.93,0.068,0.004,176.445,550930.0,20,0.172,False,False,False,False,False,False
35164,10469.931,0.544,1.245,0.0,0.0,-3.752,11.606,0.0,4.378,32.784,0.335,0.314,52.45,226431.0,20,,True,False,True,False,False,False
35169,19983.771,-0.285,0.075,-0.04,-0.008,1.479,-0.044,5.183,,,,,,385891.0,16,,False,False,False,False,False,False
35172,-11170.667,-0.309,-1.214,-0.448,-0.918,-14.546,0.447,12.616,,,,,,112000.0,9,,False,False,False,False,False,False
35206,-3972.027,0.947,1.726,0.0,0.0,-0.919,2.233,0.0,0.629,17.462,0.011,0.17,1877.605,67862.0,20,,False,False,False,False,False,False
35207,20421.468,0.006,0.211,0.012,-0.014,1.918,-0.057,0.229,0.497,0.143,0.05,0.022,183.938,1052925.0,20,0.051,False,False,False,False,False,False
35212,679.281,0.192,0.527,0.0,0.0,-0.619,0.014,0.773,1.224,0.06,-0.056,-0.154,,252467.0,20,-0.081,False,False,False,False,False,False
35214,52312.346,0.023,0.016,-0.0,-0.0,-3.083,0.079,1.745,1.064,0.669,0.02,-0.048,453.499,1116792.0,20,0.203,False,False,False,False,False,False
35218,11737.455,-0.29,0.904,0.031,0.025,6.882,-0.529,11.952,,,,,,513669.0,10,,False,False,False,False,True,False
35220,9380.815,-0.055,0.108,-0.046,-0.015,-1.181,0.05,1.698,1.198,0.835,0.049,-0.015,303.52,256941.0,20,0.095,False,False,False,False,False,False
35221,7386.68,0.339,0.479,-0.117,-0.087,1.388,0.001,3.379,1.858,0.903,0.026,0.05,448.681,583711.0,20,0.453,False,False,False,False,False,False
35223,5319.257,0.298,0.358,-0.189,0.034,5.982,-0.126,5.51,0.371,0.134,0.05,0.042,239.425,528374.0,20,0.257,False,False,False,False,True,False
35229,-2942.857,1.029,1.307,0.868,0.566,0.939,0.021,3.544,3.897,0.08,-0.117,-0.169,,138319.0,20,-0.222,True,True,False,False,False,False
35230,69650.078,-0.508,-0.45,0.037,0.038,5.294,-0.475,0.239,,,,,,1419506.0,17,,False,False,False,False,True,False
35236,6136.659,-0.216,0.879,-0.009,-0.004,-1.982,0.158,1.507,,,,,,353993.0,13,,False,False,False,False,False,False
35237,170768.259,0.236,0.212,0.103,0.102,-3.01,-0.223,3.451,-0.162,0.676,0.084,-0.022,44.322,4106696.0,20,,False,False,False,False,False,False
35241,113052.541,0.166,-0.065,0.256,0.229,-2.951,0.122,4.228,-0.581,0.121,0.166,-0.061,66.095,785210.0,20,4.705,False,True,False,False,False,True
35248,29.173,1.792,1.953,0.0,0.0,1.045,-0.193,0.0,2.413,11.684,0.184,0.247,168.588,8050.0,20,,True,False,True,False,False,False
35261,1762.454,0.977,1.247,0.123,0.209,-1.139,0.043,1.536,5.173,0.218,0.62,0.624,37.05,114575.0,20,0.211,True,True,True,False,False,False
35267,2511.0,0.315,0.128,0.0,0.0,-3.944,0.641,0.0,,,,,,41858.0,7,,False,False,False,False,False,False
35274,-64492.493,0.466,0.756,0.06,0.059,9.768,-0.453,2.104,3.894,0.479,-0.102,0.023,,2395630.0,20,-0.195,True,False,False,False,True,False
35276,53415.035,-0.27,-0.079,-0.083,-0.046,0.503,-0.008,4.2,0.307,0.803,0.137,0.084,77.378,841387.0,20,0.696,False,False,True,False,False,True
35278,357831.66,0.392,0.242,0.293,0.251,0.323,-0.158,1.938,-0.605,0.037,0.144,-0.3,29.192,3756419.0,20,0.676,False,True,False,False,False,True
35286,7653.912,-0.211,-0.179,-0.113,-0.283,-1.642,0.011,12.739,,,,,,322721.0,13,,False,False,False,False,False,False
35292,54045.149,-0.122,0.025,0.029,0.038,-3.132,0.126,-1.318,-0.472,0.594,0.018,-0.181,686.827,504353.0,20,0.202,False,False,False,False,False,False
35295,370982.463,-0.353,-0.389,0.019,0.017,3.325,-0.213,1.229,0.352,0.62,0.068,0.023,47.744,4581505.0,20,0.066,False,False,False,False,True,False
35303,-9321.333,-2.052,0.58,-0.392,-0.133,8.262,-0.291,6.175,,,,,,123895.0,9,,False,False,False,False,True,False
35304,,,,,,,,,,,,,,189062.0,3,,False,False,False,False,False,False
35314,910.43,-0.344,-0.641,0.575,-0.261,-4.228,0.461,2.409,-0.927,1.688,-0.059,-0.095,,17723.0,20,-0.254,False,True,False,False,False,False
35317,18196.367,1.598,0.962,0.0,0.0,1.766,-3.182,0.0,8.684,0.957,0.056,-0.055,285.879,200122.0,20,,True,False,False,False,False,False
35320,-4959.254,0.695,0.766,-0.012,0.001,-2.634,0.21,4.672,1.593,-0.045,0.008,0.013,1717.999,384887.0,20,-0.02,True,False,False,False,False,False
35323,140644.28,-0.838,-0.707,1.711,1.341,5.523,-1.879,0.667,-2.913,-1.528,0.118,-0.203,86.594,889799.0,20,0.644,False,True,False,False,True,True
35331,43299.477,-2.945,-3.644,0.002,0.001,-62.133,0.632,10.186,1.761,0.794,-0.11,0.081,,396466.0,20,-0.282,False,False,False,False,False,False
35333,11728.009,0.318,0.436,0.068,0.054,1.19,-0.007,2.636,1.582,0.222,-0.004,0.014,,462129.0,20,0.064,False,False,False,False,False,False
35348,,,,,,,,,,,,,,743537.0,2,,False,False,False,False,False,False
35361,522515.14,0.263,0.257,0.009,0.009,0.587,-0.123,3.095,0.042,0.293,0.186,-0.035,16.125,5031561.0,20,0.392,False,False,False,False,False,False
35365,24314.854,0.317,0.383,0.196,0.155,0.126,-0.066,2.677,1.361,-0.012,-0.028,-0.099,,655420.0,20,0.111,False,True,False,False,False,False
35366,25689.426,0.426,0.555,0.08,0.036,-0.51,0.068,0.511,2.175,0.284,-0.011,-0.032,,465786.0,20,0.468,True,False,False,False,False,False
35377,-21389.675,-1.292,-1.557,-1.106,-0.384,5.841,-0.216,1.955,-2.145,-1.405,0.043,-0.015,357.07,224837.0,20,0.978,False,False,False,False,True,True
35388,11361.747,-0.075,-1.339,0.0,0.0,0.098,0.474,0.0,-0.838,10.523,-0.191,-0.431,,230635.0,20,,False,False,False,False,False,False
35393,23514.027,-0.22,-0.372,-0.039,-0.077,-0.609,-0.378,9.113,1.196,0.604,0.043,0.03,389.035,172224.0,20,0.841,False,False,False,False,False,True
35394,-119.086,0.089,0.128,0.0,0.0,-0.449,0.684,0.0,-0.779,1.898,0.03,0.007,642.32,92381.0,20,,False,False,False,False,False,False
35406,47834.947,-0.128,-0.082,0.337,0.347,4.506,-0.394,2.609,0.246,0.833,0.064,0.019,177.257,646727.0,20,0.301,False,True,False,False,True,False
35407,40308.998,0.208,0.248,-0.028,-0.015,-0.078,0.008,4.362,0.952,0.546,0.102,0.085,110.29,684997.0,20,0.41,False,False,True,False,False,False
35412,59697.988,0.13,0.084,0.006,0.002,1.071,-0.002,3.512,0.795,0.202,0.131,0.187,69.74,1173282.0,20,0.165,False,False,True,False,False,False
35413,590.605,-1.207,-1.416,0.0,0.0,14.78,-2.685,0.0,-5.818,-22.366,-0.083,-0.151,,14961.0,20,,False,False,False,False,True,False
35417,25828.102,0.08,0.335,0.079,0.095,0.015,-0.011,4.928,0.146,0.121,0.098,0.006,123.519,555155.0,20,0.01,False,False,False,False,False,False
35420,20567.299,0.188,0.205,0.075,0.055,-1.469,0.112,4.313,0.283,0.567,0.088,0.033,151.319,409956.0,20,0.163,False,False,False,False,False,False
35422,,,,,,,,,,,,,,345360.0,4,,False,False,False,False,False,False
35427,5851.829,0.62,0.612,-0.277,0.059,0.269,0.047,1.944,-0.577,-0.826,0.064,0.011,221.455,316638.0,20,0.123,False,False,False,False,False,False
35430,194756.009,0.07,-0.078,0.128,0.111,-2.212,0.16,2.527,1.143,0.417,0.298,0.259,31.654,1268490.0,20,1.275,False,False,True,False,False,True
35439,6864.647,0.36,0.485,0.003,-0.022,0.01,0.017,2.755,0.799,0.171,0.041,-0.029,361.863,266481.0,20,-0.018,False,False,False,False,False,False
35441,31937.841,-0.217,-0.179,0.185,-0.004,-0.638,0.001,0.838,0.105,0.75,0.127,0.02,92.364,632322.0,20,0.853,False,True,False,False,False,True
35442,2377.122,-0.046,-0.144,-0.18,-0.111,-1.314,0.133,1.552,0.103,-0.101,0.009,-0.044,2046.943,94787.0,20,0.111,False,False,False,False,False,False
35444,610292.283,-0.048,-0.068,0.162,0.244,-2.132,0.288,-0.027,-2.609,-0.273,0.055,-0.13,0.756,9899655.0,20,0.131,False,True,False,True,False,False
35450,9969.937,-0.267,-0.203,-0.274,-0.198,0.511,-0.02,-1.809,1.289,0.891,0.044,-0.032,359.742,204272.0,20,0.274,False,False,False,False,False,False
35455,10410.65,-0.218,0.005,0.102,0.063,2.553,-0.092,1.478,1.353,0.577,0.004,-0.045,3373.196,298031.0,20,0.25,False,False,False,False,False,False
35456,44233.368,0.206,0.283,-0.059,-0.048,0.834,-0.045,-0.512,,,,,,881807.0,19,,False,False,False,False,False,False
35465,,,,,,,,,,,,,,1820159.0,2,,False,False,False,False,False,False
35477,17150.265,-0.317,-0.189,0.424,0.091,2.491,-0.197,5.34,1.431,0.4,0.096,0.065,145.748,359325.0,20,0.465,False,True,False,False,False,False
35479,,,,,,,,,,,,,,435327.0,2,,False,False,False,False,False,False
35480,31726.391,-0.094,-0.103,0.491,0.386,5.305,-0.182,1.617,-0.038,-2.939,0.02,-0.046,640.173,438242.0,20,0.157,False,True,False,False,True,False
35492,17717.455,0.099,0.674,0.003,0.002,-5.386,0.363,-3.682,,,,,,326906.0,11,,False,False,False,False,False,False
35497,16009.75,0.908,0.899,0.3,0.265,4.786,-0.257,-3.013,1.634,-0.333,-0.012,0.146,,643632.0,20,-0.417,True,True,False,False,True,False
35498,497066.618,-0.079,-0.062,0.046,0.026,-3.107,0.006,3.984,,,,,,9238916.0,10,,False,False,False,False,False,False
35506,30615.389,-2.297,-5.805,0.0,0.0,-8.65,0.679,15.693,3.219,1.162,0.193,0.203,86.378,221102.0,19,1.395,False,False,True,False,False,True
35510,614.953,1.032,0.42,0.0,0.0,1.019,-0.345,0.0,-3.908,-4.909,0.092,-0.033,305.004,12234.0,20,,False,False,False,False,False,False
35513,25340.74,0.816,0.787,0.428,0.284,-2.41,0.242,4.987,1.226,0.042,0.075,-0.001,152.162,639338.0,20,0.392,True,True,False,False,False,False
35518,102959.176,-1.679,-1.599,0.45,0.434,1.995,-0.929,5.771,2.753,0.877,-0.097,-0.104,,1069980.0,20,2.565,False,True,False,False,False,True
35519,13896.683,0.34,0.342,-0.037,-0.022,2.983,-0.155,6.441,0.708,0.061,0.016,0.018,491.156,1457821.0,20,0.149,False,False,False,False,True,False
35521,79258.43,-0.028,0.051,0.065,0.058,3.242,-0.12,-0.52,-1.758,-0.167,0.153,0.02,62.628,1077643.0,20,0.255,False,False,False,False,True,False
35525,,,,,,,,,,,,,,3818842.0,3,,False,False,False,False,False,False
35530,505457.447,-0.788,-1.486,0.226,0.199,10.007,-0.201,-2.873,0.578,-0.104,0.059,-0.058,75.264,3418297.0,20,0.336,False,True,False,False,True,False
35533,106061.275,0.841,-0.095,0.0,0.0,-4.261,-1.475,-2.637,19.034,-7.941,-0.123,-0.522,,429317.0,20,,True,False,False,False,False,False
35541,91170.391,0.147,0.093,0.566,0.527,3.861,-0.336,2.514,1.472,0.023,-0.059,0.039,,3268333.0,20,-0.16,False,True,False,False,True,False
35543,24607.702,0.007,0.049,-0.011,-0.092,1.763,-0.087,5.089,1.074,0.412,-0.014,-0.056,,416446.0,20,0.099,False,False,False,False,False,False
35546,,,,,,,,,,,,,,16002714.0,3,,False,False,False,False,False,False
35547,38035.067,0.781,0.366,0.0,0.0,15.798,-0.645,-11.336,,,,,,203962.0,9,,False,False,False,False,True,False
35558,-747.693,0.413,0.555,-0.121,-0.066,0.244,0.022,0.088,1.744,-0.109,-0.016,-0.022,,103622.0,20,0.074,True,False,False,False,False,False
35568,73805.323,-0.134,-0.108,0.025,0.04,-1.901,0.058,6.098,1.268,0.383,0.0,-0.11,34354.915,892157.0,20,0.451,False,False,False,False,False,False
35585,14465.759,-0.095,-0.051,0.269,0.288,-0.971,-0.007,0.781,0.281,0.225,0.041,-0.045,326.952,366993.0,20,0.106,False,True,False,False,False,False
35597,10388.289,-0.159,0.002,-0.006,-0.081,4.831,-0.223,1.227,-0.674,0.351,0.053,-0.113,308.43,180258.0,20,-0.081,False,False,False,False,True,False
35599,77305.6,-1.752,-0.03,-0.548,-0.305,-2.35,0.036,14.183,,,,,,1029825.0,6,,False,False,False,False,False,False
35602,1838.015,-1.352,-6.037,0.0,0.0,-0.442,-0.131,0.0,-0.64,9.246,0.015,-0.11,1448.773,40310.0,20,,False,False,False,False,False,False
35604,5149.3,-0.45,0.429,-0.044,-0.026,-3.025,0.123,-0.239,,,,,,188816.0,15,,False,False,False,False,False,False
55130,260517.405,1.059,1.005,-0.065,-0.025,-8.489,0.699,5.821,-5.232,-5.328,0.883,0.673,11.134,1717890.0,20,115.044,False,False,True,False,False,True
57022,38172.914,-0.051,0.119,-0.05,-0.025,0.008,-0.011,-1.612,1.074,0.637,0.207,0.007,65.299,465870.0,20,-0.242,False,False,False,False,False,False
57025,4877.29,0.255,0.547,0.054,0.024,-3.187,0.186,2.963,0.924,-0.349,0.093,0.027,188.769,148982.0,20,0.237,False,False,False,False,False,False
57031,-9801.251,4.52,4.769,0.134,0.009,5.529,-0.238,6.418,4.855,-1.115,-0.141,-0.168,,41751.0,20,-0.342,True,False,False,False,True,False
57033,17236.562,-0.499,-0.461,-0.016,-0.018,3.868,-1.083,-0.151,-1.26,-0.258,-0.04,-0.209,,445855.0,20,0.113,False,False,False,False,True,False
57034,11206.549,-0.003,-0.151,0.048,0.037,1.816,-0.623,5.474,,,,,,231550.0,13,,False,False,False,False,False,False
57038,609219.418,0.195,0.053,-0.057,-0.044,-0.904,0.119,4.082,,,,,,9170369.0,19,,False,False,False,False,False,False
57044,537462.662,0.917,0.536,0.189,0.169,-5.439,0.202,1.585,1.586,0.53,0.016,-0.723,223.142,4046537.0,20,0.478,True,True,False,False,False,False
57047,54892.229,0.047,0.235,0.0,0.0,-8.721,1.507,0.0,0.308,-1.072,0.076,-0.009,129.534,929662.0,20,,False,False,False,False,False,False
57056,555598.49,0.399,-1.119,0.52,0.423,-1.991,0.224,-25.725,-0.839,-1.638,0.24,-0.046,13.019,4965251.0,20,0.328,False,True,False,False,False,False
57058,23748.496,-0.295,-0.232,-0.004,-0.002,0.863,0.034,1.637,-0.423,0.141,0.095,-0.114,153.68,303722.0,20,1.43,False,False,False,False,False,True
57061,3822.55,0.451,0.494,-0.072,-0.052,1.082,-0.004,2.765,0.712,0.014,0.022,0.007,411.744,1020137.0,20,0.427,False,False,False,False,False,False
57069,61544.611,0.189,0.192,-0.01,-0.009,-1.31,0.054,2.11,0.128,0.327,0.076,0.04,127.902,957007.0,20,0.106,False,False,False,False,False,False
57071,400292.8,-0.341,-0.543,0.074,0.071,-9.929,0.374,3.321,0.826,0.772,0.082,-0.359,67.113,2675774.0,20,0.849,False,False,False,False,False,True
57073,2469.952,0.576,0.626,-0.152,-0.08,-0.271,0.048,4.755,0.702,0.088,0.008,-0.032,1618.204,405124.0,20,0.454,False,False,False,False,False,False
57074,-2779.308,0.829,0.787,0.273,0.173,2.556,-0.024,7.368,2.767,0.037,0.006,0.045,2537.284,232818.0,20,1.2,True,True,False,False,False,True
57077,26686.609,0.336,0.472,-0.04,-0.027,2.141,-0.096,0.267,,,,,,2062403.0,18,,False,False,False,False,False,False
57081,337.308,-3.12,-6.303,0.0,0.0,0.153,0.745,0.0,-2.003,12.978,0.05,0.017,584.259,7947.0,20,,False,False,False,False,False,False
57082,499591.468,0.091,0.274,0.03,0.042,-2.064,0.079,2.341,-0.677,0.076,0.259,0.184,6.679,6810323.0,20,0.272,False,False,True,True,False,False
57083,1760656.259,0.775,0.492,0.539,0.486,-8.363,0.344,4.358,-2.394,-0.227,-0.017,0.029,,5853462.0,20,234.582,False,True,False,False,False,True
57092,29410.656,0.511,0.581,-0.0,0.0,-0.404,-0.004,7.772,1.492,0.427,0.052,-0.053,269.336,339382.0,20,0.211,True,False,False,False,False,False
57093,46478.605,-0.509,-0.974,0.0,0.0,0.48,0.148,0.0,-2.917,0.981,0.054,-0.039,223.868,521260.0,20,,False,False,False,False,False,False
57095,395662.189,-0.866,-0.971,0.149,0.126,-1.857,0.012,2.887,,,,,,2368823.0,19,,False,False,False,False,False,False
57097,52942.418,0.121,0.228,0.186,0.234,-1.107,0.046,5.746,0.194,-0.02,0.106,0.061,86.532,1134884.0,20,0.18,False,True,True,False,False,False
57098,,,,,,,,,,,,,,1319210.0,5,,False,False,False,False,False,False
57101,66704.18,0.001,0.007,0.481,0.377,1.796,-0.078,5.756,1.51,-0.667,0.094,0.042,113.878,772560.0,20,0.47,False,True,False,False,False,False
57102,1588.235,-4.213,-0.054,-0.077,0.006,68.677,-0.914,1.624,,,,,,576926.0,17,,False,False,False,False,True,False
57103,201014.863,0.095,0.227,0.006,0.004,-4.971,0.168,1.095,-0.027,0.513,0.095,0.046,62.887,2394258.0,20,0.295,False,False,False,False,False,False
57109,567.774,0.379,-0.626,0.0,0.0,-0.047,0.412,0.0,9.721,12.894,0.382,0.476,78.438,17443.0,20,,False,False,True,False,False,False
57112,,,,,,,,,,,,,,354614.0,1,,False,False,False,False,False,False
57119,,,,,,,,,,,,,,320780.0,4,,False,False,False,False,False,False
57123,91619.45,-0.527,-0.436,-0.255,-0.267,2.812,0.088,2.84,-0.909,-1.904,0.221,-0.195,49.061,862361.0,20,1.479,False,False,False,False,False,True
57124,36187.26,0.007,0.12,0.02,0.031,-1.93,0.174,5.076,1.495,0.306,0.055,-0.025,198.839,697822.0,20,0.589,False,False,False,False,False,True
57127,17810.929,-0.132,0.173,-0.011,-0.002,0.598,-0.022,0.829,2.383,0.724,0.018,-0.036,645.717,601137.0,20,0.147,False,False,False,False,False,False
57129,62490.974,1.176,0.288,-0.09,-0.032,2.743,-0.142,-10.636,2.852,-4.415,0.065,0.135,157.349,848607.0,20,1.035,True,False,False,False,True,True
57131,,,,,,,,,,,,,,619248.0,5,,False,False,False,False,False,False
57134,493573.29,-0.365,-0.407,0.006,0.005,4.668,-0.348,2.765,0.235,0.351,0.035,-0.035,78.061,5078040.0,20,0.152,False,False,False,False,True,False
57137,-2827.88,0.549,0.786,-0.052,-0.019,-0.273,-0.022,2.92,2.749,0.313,-0.062,-0.083,,182236.0,20,0.021,True,False,False,False,False,False
57141,2875.158,0.61,0.619,0.308,0.201,-1.052,0.095,3.366,-0.454,0.104,0.065,-0.071,293.814,95464.0,20,0.503,False,True,False,False,False,True
57144,,,,,,,,,,,,,,788452.0,2,,False,False,False,False,False,False
57150,55.498,0.241,0.278,0.0,0.0,2.466,-0.645,0.0,0.818,-0.595,0.018,0.007,1766.701,4050.0,20,,False,False,False,False,False,False
57160,735.005,-2.877,-3.738,0.0,0.0,-1.963,1.146,0.0,5.387,-9.021,0.105,0.194,248.674,19658.0,20,,False,False,True,False,False,False
57162,11880.825,0.267,0.497,-0.433,-0.292,0.136,0.044,3.48,,,,,,602778.0,12,,False,False,False,False,False,False
57167,-1458.725,1.635,1.61,0.019,0.016,0.698,0.062,8.734,,,,,,93171.0,14,,False,False,False,False,False,False
57176,-507.011,0.613,0.94,0.29,0.184,2.732,-0.051,2.158,-0.021,0.031,0.081,0.035,106.788,1243344.0,20,0.182,False,True,False,False,False,False
57179,32.138,1.383,2.079,0.0,0.0,3.426,-1.018,0.0,0.373,-2.568,0.013,0.011,2122.018,13490.0,20,,False,False,False,False,True,False
57184,52082.093,-0.18,-0.163,0.387,0.297,2.721,-0.199,-0.819,1.004,-0.003,-0.027,-0.017,,1051579.0,20,-0.16,False,True,False,False,True,False
57192,-3308.449,-0.109,0.286,-0.245,-0.09,8.549,-0.236,0.359,,,,,,142512.0,19,,False,False,False,False,True,False
57197,1772.361,-0.103,0.207,0.197,0.149,-1.281,-0.174,2.604,-0.491,0.158,0.1,0.058,94.386,1061418.0,20,0.005,False,True,False,False,False,False
57228,49750.343,0.022,0.342,0.002,0.002,3.257,-0.097,0.109,0.496,0.215,0.05,-0.011,138.017,1843103.0,20,0.075,False,False,False,False,False,False
57230,19785.817,-0.011,0.027,-0.098,-0.049,-1.568,0.171,3.092,1.044,0.775,0.015,-0.14,912.54,331550.0,20,0.203,False,False,False,False,False,False
57244,211961.405,1.024,1.19,0.11,0.067,-0.881,-0.025,0.365,2.336,-0.405,0.093,0.079,56.009,2866781.0,20,0.386,True,False,False,False,False,False
57250,34907.747,0.035,0.033,-0.13,-0.301,5.283,-0.088,5.695,0.343,1.022,0.041,-0.036,302.27,477432.0,20,0.307,False,False,False,False,False,False
57252,5104.165,1.494,1.77,0.223,0.031,-1.925,0.155,4.411,,,,,,604491.0,16,,False,True,False,False,False,False
57265,3386.054,0.152,0.357,0.062,0.057,2.497,-0.083,-0.678,-0.317,-0.068,0.024,0.046,289.5,1820156.0,20,-0.006,False,False,False,False,False,False
57269,1196.262,0.597,0.526,0.174,0.135,0.735,0.112,3.945,1.594,0.586,0.011,-0.022,750.637,1282436.0,20,0.254,True,True,False,False,False,False
57273,1021.059,0.58,0.651,-0.117,-0.04,0.453,0.026,6.208,2.887,0.553,0.026,0.117,671.937,140168.0,20,-0.237,True,False,False,False,False,False
57279,33729.673,-0.295,0.654,-0.078,-0.074,0.203,0.033,9.341,,,,,,433758.0,11,,False,False,False,False,False,False
57280,16739.086,-0.306,0.071,0.06,0.045,3.57,-0.166,-1.459,1.027,0.834,0.038,-0.041,359.865,358938.0,20,-0.059,False,False,False,False,True,False
57288,7778.154,9.538,2.093,0.0,0.0,-665.312,17.041,0.0,-5.477,26.319,0.175,0.206,127.279,59055.0,13,,False,False,True,False,False,False
57293,,,,,,,,,,,,,,3134746.0,2,,False,False,False,False,False,False
57295,38241.398,0.466,0.632,0.012,0.005,0.756,-0.054,1.0,1.413,0.489,0.082,0.055,128.391,792499.0,20,0.723,True,False,False,False,False,True
57298,7255.818,0.661,0.925,0.02,0.028,-1.507,0.182,1.723,,,,,,553397.0,18,,False,False,False,False,False,False
57301,30692.009,-0.382,0.101,-0.023,-0.01,0.916,-0.053,2.363,0.305,0.523,0.072,-0.019,168.313,529027.0,20,0.725,False,False,False,False,False,True
57304,20196.532,-4.635,-3.914,0.0,0.0,-0.418,0.566,0.0,-9.08,0.065,0.145,-0.093,109.607,247226.0,20,,False,False,False,False,False,False
57312,-15571.669,1.025,1.297,-0.037,0.047,-2.602,0.292,10.058,-1.276,-0.018,0.142,0.081,114.172,226529.0,20,0.665,False,False,True,False,False,True
57335,-2414.15,-0.649,0.305,0.951,0.597,0.403,0.072,-0.324,1.301,-0.298,-0.012,-0.009,,291021.0,20,-0.116,False,True,False,False,False,False
57336,20723.958,-0.246,-0.412,0.583,0.672,-2.533,-0.272,1.637,-1.346,-3.468,-0.055,-0.206,,259829.0,20,0.262,False,True,False,False,False,False
57337,7694.511,-1.074,-2.161,0.0,0.0,0.96,-0.17,0.0,-3.586,0.811,0.137,0.017,127.879,165400.0,20,,False,False,False,False,False,False
57348,307228.337,-0.081,-0.05,-0.349,-0.314,1.679,-0.07,-0.421,-0.19,-0.246,0.086,-0.065,49.726,3578112.0,20,0.68,False,False,False,False,False,True
57358,2664216.63,-0.649,0.051,-0.001,-0.0,-0.661,-0.29,9.73,,,,,,9853398.0,10,,False,False,False,False,False,False
57359,33502.836,-0.07,-0.049,0.004,0.003,5.08,-0.16,6.491,-0.319,0.083,0.009,-0.104,1290.936,490530.0,20,0.785,False,False,False,False,True,True
57363,-4270.884,1.55,1.461,1.158,0.68,9.264,-0.351,0.372,,,,,,28550.0,19,,False,True,False,False,True,False
57368,219409.976,0.291,0.173,0.005,0.026,1.562,-0.103,1.04,0.096,0.8,0.059,0.05,76.57,3364622.0,20,-0.121,False,False,False,False,False,False
57369,242855.657,-0.393,0.112,0.031,0.025,-2.232,0.037,3.293,1.274,0.756,0.062,-0.013,83.25,2842514.0,20,0.281,False,False,False,False,False,False
57373,12873.931,0.132,0.228,0.11,0.148,5.603,-0.186,5.574,2.753,0.629,-0.046,-0.093,,447347.0,20,0.381,False,False,False,False,True,False
57377,47937.986,-0.375,-0.105,0.07,0.072,2.155,-0.203,4.813,,,,,,870088.0,15,,False,False,False,False,False,False
57379,-12848.186,17.715,17.304,-0.379,-0.245,19.778,-1.912,-19.733,5.323,7.619,-0.107,0.169,,13651.0,20,,True,False,False,False,True,False
57380,1649.149,-1.022,-1.235,0.0,0.0,-1.002,0.554,0.0,1.079,4.148,0.107,0.126,218.857,37878.0,20,,False,False,True,False,False,False
57391,-921.05,0.317,0.36,-0.277,-0.112,-0.631,0.054,2.36,1.659,0.559,-0.038,-0.054,,119556.0,20,-0.246,False,False,False,False,False,False
57396,9712.502,0.114,0.251,0.004,0.004,-1.344,0.101,4.14,1.06,0.228,0.055,-0.007,280.071,232200.0,20,0.396,False,False,False,False,False,False
57402,,,,,,,,,,,,,,16489.0,2,,False,False,False,False,False,False
57405,643.519,1.101,1.023,0.0,0.0,-1.572,0.106,0.0,10.643,-1.458,0.033,0.119,776.177,18007.0,20,,True,False,False,False,False,False
57411,-21067.429,-1.602,0.576,-0.161,-0.115,27.674,-0.884,-2.478,,,,,,510006.0,6,,False,False,False,False,True,False
57414,40846.493,0.193,0.144,0.008,0.01,-2.157,0.06,5.721,1.33,0.84,0.023,-0.064,487.937,651207.0,20,0.326,False,False,False,False,False,False
57415,23865.474,-0.391,-0.076,-0.019,-0.006,2.351,-0.084,3.538,0.284,0.197,0.073,0.079,101.858,1652652.0,20,0.033,False,False,False,False,False,False
57416,-10580.418,0.12,0.314,0.13,0.079,5.097,-0.24,0.575,1.622,0.128,-0.026,0.035,,430166.0,20,-0.063,False,False,False,False,True,False
57417,488840.899,0.15,0.123,0.098,0.086,-2.272,0.06,3.681,1.889,0.47,0.075,-0.411,51.758,3899410.0,20,0.856,False,False,False,False,False,True
57418,1475.959,-0.324,-0.08,0.0,0.0,0.435,1.335,0.0,-4.126,5.306,0.078,-0.039,329.495,21255.0,18,,False,False,False,False,False,False
57420,361.871,-0.052,0.199,-0.083,-0.088,6.122,-0.205,-1.728,2.459,0.431,-0.011,0.041,,189654.0,20,0.073,False,False,False,False,True,False
57425,71865.543,0.745,0.79,0.28,0.36,-1.952,0.133,8.948,0.769,-0.413,0.05,-0.066,184.681,1039540.0,20,0.202,True,True,False,False,False,False
57429,4035.91,-0.142,0.304,0.405,0.259,-1.061,0.044,5.239,2.197,0.32,0.053,0.095,310.221,179329.0,20,-0.263,False,True,False,False,False,False
57444,10209.29,0.854,0.917,0.611,0.483,2.846,-0.103,2.919,0.742,0.667,0.045,-0.023,296.533,379100.0,20,0.127,False,True,False,False,True,False
57449,273936.917,-0.005,-0.054,-0.224,-0.202,-0.263,-0.631,1.062,1.209,-0.557,0.046,-0.052,119.212,2651012.0,20,,False,False,False,False,False,False
57451,38330.638,-0.037,-0.03,0.072,0.055,3.02,-0.113,2.344,0.202,0.282,0.04,0.056,224.892,1111947.0,20,0.06,False,False,False,False,True,False
57463,300528.989,-0.256,-0.273,0.043,0.037,1.881,-0.216,1.169,-0.633,0.61,0.067,-0.048,66.873,3395119.0,20,0.372,False,False,False,False,False,False
57465,89658.43,0.397,0.329,0.005,0.004,-2.061,0.124,1.863,1.237,0.151,0.086,-0.243,115.394,937413.0,20,0.817,False,False,False,False,False,True
57468,4869.071,-0.231,-0.171,0.059,0.045,0.596,-0.042,2.8,1.021,0.642,0.06,0.035,315.884,100432.0,20,-0.015,False,False,False,False,False,False
57470,-1297.134,-2.132,-1.423,0.0,0.0,3.124,-2.205,0.0,2.208,7.121,-0.048,0.03,,34619.0,20,,False,False,False,False,True,False
57483,45858.205,-0.308,0.014,-0.015,-0.0,3.015,-0.087,2.007,1.732,-0.078,0.056,0.056,158.111,1166670.0,20,0.037,False,False,False,False,False,False
57488,358.449,-1.677,-1.37,1.359,0.99,7.688,-1.205,3.077,,,,,,235465.0,19,,False,True,False,False,True,False
57491,-372.394,-0.069,0.006,-0.548,-0.32,4.984,0.156,-0.817,1.399,-0.529,-0.057,-0.095,,340690.0,20,-0.031,False,False,False,False,False,False
57495,35756.556,-1.561,-1.546,0.0,0.0,-7.944,0.38,10.158,-2.844,0.806,0.227,0.013,70.235,275404.0,20,0.721,False,False,False,False,False,True
57497,40603.074,0.176,0.101,0.415,0.263,2.277,-0.164,-0.819,0.112,0.215,-0.049,-0.078,,1414854.0,20,0.13,False,True,False,False,False,False
57505,24475.889,1.266,0.048,-0.007,-0.005,1.792,-0.044,4.788,-0.024,0.375,0.029,-0.009,394.687,605208.0,20,0.298,False,False,False,False,False,False
57510,137318.436,0.787,0.719,0.024,0.036,-1.41,-0.157,7.77,3.481,0.501,0.112,0.084,51.233,2572193.0,20,0.19,True,False,True,False,False,False
57511,94556.902,0.271,0.486,0.196,0.162,-3.006,0.122,1.636,-0.191,-0.105,0.129,-0.019,77.008,965289.0,20,0.58,False,True,False,False,False,True
57522,15112.758,0.228,0.189,-0.025,-0.02,4.992,-0.184,1.536,1.912,0.353,-0.041,0.048,,915999.0,20,-0.392,False,False,False,False,True,False
57540,31804.081,-0.409,-0.485,0.271,0.204,2.001,-0.137,3.483,1.549,-0.262,0.03,0.022,369.822,655520.0,20,0.294,False,True,False,False,False,False
57542,1087618.859,-3.942,-3.963,-0.029,-0.015,0.154,-0.039,0.011,,,,,,9170743.0,16,,False,False,False,False,False,False
57543,33090.358,0.4,0.446,0.001,0.0,1.063,0.058,0.488,1.441,-0.005,0.065,-0.003,182.208,563285.0,20,0.264,True,False,False,False,False,False
57548,42781.856,0.082,0.124,-0.001,-0.049,-4.525,0.149,5.196,0.355,0.404,1.246,1.003,16.78,335781.0,20,1.138,False,False,True,False,False,True
57552,,,,,,,,,,,,,,376173.0,2,,False,False,False,False,False,False
57554,77738.568,0.231,0.25,0.113,0.09,0.959,-0.019,0.198,1.199,-0.548,0.061,-0.024,163.979,875139.0,20,0.325,False,False,False,False,False,False
57569,15471.402,-0.099,-0.022,0.052,0.064,-0.872,-0.007,-0.239,1.368,0.106,0.025,-0.029,629.708,197894.0,20,0.108,False,False,False,False,False,False
57570,,,,,,,,,,,,,,9469582.0,2,,False,False,False,False,False,False
57571,-10625.038,0.058,0.149,0.356,0.292,8.365,-0.596,2.885,0.522,1.149,-0.039,-0.12,,180667.0,20,0.519,False,True,False,False,True,True
57576,42503.549,0.013,0.157,0.335,0.263,-1.619,-0.025,1.362,1.091,0.269,0.119,-0.066,112.802,420558.0,20,0.985,False,True,False,False,False,True
57579,18951.194,0.405,0.445,-0.234,-0.11,-1.634,0.153,2.503,0.783,-0.076,0.083,-0.116,184.82,248727.0,20,0.563,True,False,False,False,False,True
57581,,,,,,,,,,,,,,82389.0,5,,False,False,False,False,False,False
57585,100754.358,0.274,0.335,0.097,0.033,-0.135,0.038,3.089,1.076,0.056,0.098,-0.059,99.693,974262.0,20,0.584,False,False,False,False,False,True
57587,29154.812,0.177,0.131,0.172,0.107,0.563,-0.064,6.266,0.27,-0.254,0.138,-0.017,95.751,452902.0,20,0.159,False,True,False,False,False,False
57591,272794.683,0.807,0.609,0.083,0.078,-0.475,0.136,2.486,-0.246,0.021,0.089,-0.463,58.079,2895001.0,20,0.658,False,False,False,False,False,True
57598,36563.705,0.09,0.085,0.38,0.3,1.158,-0.054,4.081,1.365,0.217,0.097,0.0,102.224,947978.0,20,0.438,False,True,False,False,False,False
57603,32590.935,0.256,0.338,0.283,0.247,2.049,-0.081,-0.339,1.234,0.749,-0.041,-0.083,,885725.0,20,0.202,False,True,False,False,False,False
57607,192752.511,0.149,0.113,0.141,0.206,1.435,-0.136,0.36,0.2,0.415,0.116,0.125,41.017,3238793.0,20,0.2,False,True,True,False,False,False
57610,-9116.833,0.542,0.645,0.024,0.029,2.044,-0.004,3.717,-0.741,-0.087,0.04,0.055,299.33,543402.0,20,0.025,False,False,False,False,False,False
57614,869135.904,-0.554,-1.144,0.162,0.112,3.767,-0.129,-4.913,0.093,-0.409,0.132,0.071,6.191,8250749.0,20,0.396,False,True,True,True,True,False
57620,232888.914,-3.709,0.104,0.509,0.225,-7.728,-0.029,-2.876,,,,,,1977640.0,6,,False,True,False,False,False,False
57624,13518.388,-0.612,-0.358,0.004,0.014,4.701,-0.128,1.584,-0.524,0.416,0.063,-0.011,239.952,259706.0,20,0.419,False,False,False,False,True,False
57626,2023.143,1.009,0.925,-0.237,-0.118,-0.232,0.058,3.231,2.354,0.228,0.078,0.13,161.16,484231.0,20,0.289,True,False,False,False,False,False
57632,2135.017,0.035,0.33,-0.236,-0.133,-2.578,0.063,3.114,2.359,0.165,-0.04,-0.14,,236574.0,20,0.133,False,False,False,False,False,False
57633,225036.388,-0.136,-0.205,0.083,0.071,0.756,-0.129,1.349,0.356,-0.117,0.045,0.012,103.862,3203414.0,20,0.123,False,False,False,False,False,False
57640,1680.111,0.318,0.374,-0.045,-0.179,-2.909,0.18,7.466,1.751,0.26,-0.004,-0.013,,95134.0,20,0.348,False,False,False,False,False,False
57644,5316.445,0.587,0.611,0.002,0.002,3.99,-0.071,4.826,-1.664,-0.715,0.073,-0.042,197.547,313092.0,20,0.393,False,False,False,False,False,False
57656,10913.522,0.022,0.029,-0.011,-0.008,-0.229,0.015,2.443,0.468,-0.073,0.018,-0.074,913.342,180818.0,20,0.156,False,False,False,False,False,False
57665,768442.58,-0.393,-0.021,-0.025,0.017,3.79,-0.171,-3.694,,,,,,12714902.0,18,,False,False,False,False,True,False
57672,29258.878,-0.01,-0.028,0.162,0.146,4.54,-0.157,1.553,0.412,0.792,0.019,0.015,573.866,643885.0,20,0.039,False,True,False,False,True,False
57684,28304.014,-0.466,-0.298,0.025,0.007,3.429,-0.126,3.659,,,,,,369248.0,19,,False,False,False,False,True,False
57686,17248.49,0.985,0.947,0.713,0.636,0.033,-0.001,1.978,3.334,0.536,-0.047,-0.083,,487606.0,20,-0.032,True,True,False,False,False,False
57694,18522.833,-0.395,-0.293,-0.101,-0.021,4.827,-0.126,4.28,0.037,0.643,0.097,0.063,145.421,349174.0,20,0.05,False,False,False,False,True,False
57695,16162.2,-1.498,-0.628,0.0,0.0,-2.135,-0.022,22.278,,,,,,120570.0,9,,False,False,False,False,False,False
57701,191784.319,-0.055,0.027,0.076,0.072,-1.116,0.126,-0.406,0.15,0.163,0.075,0.022,73.487,2658605.0,20,0.003,False,False,False,False,False,False
57703,114168.156,-0.64,-0.558,0.739,0.617,2.004,-0.288,-1.701,-1.988,0.023,0.162,-0.01,60.146,1047405.0,20,1.352,False,True,False,False,False,True
57704,-16537.6,-0.017,0.26,0.0,0.0,19.107,-0.396,-2.649,,,,,,397068.0,6,,False,False,False,False,True,False
57706,106651.465,0.388,0.392,0.071,0.062,1.02,-0.053,4.567,0.86,0.488,0.053,-0.066,155.476,1350574.0,20,0.586,False,False,False,False,False,True
57710,81199.838,0.33,0.318,0.0,0.0,-0.195,-0.002,0.0,1.037,0.749,0.024,-0.072,325.507,1411198.0,20,,False,False,False,False,False,False
57716,37681.835,0.09,0.265,0.028,0.026,0.061,-0.0,1.211,-1.63,0.312,0.033,0.032,162.587,2632362.0,20,0.169,False,False,False,False,False,False
57733,14336.747,0.675,0.735,-0.168,-0.094,-8.552,0.315,7.293,,,,,,269035.0,13,,False,False,False,False,False,False
57734,-6942.606,-1.528,-0.839,-0.597,-0.475,47.122,-0.786,3.454,,,,,,301700.0,16,,False,False,False,False,True,False
57740,35313.534,0.582,0.703,0.013,0.013,2.098,-0.06,2.588,-0.806,-0.194,0.113,0.035,103.227,627944.0,20,0.178,False,False,True,False,False,False
57741,47842.211,1.135,1.495,-0.004,-0.018,1.168,-0.02,2.741,-2.467,-0.022,0.081,-0.036,140.836,646677.0,20,0.643,False,False,False,False,False,True
57742,123876.836,-0.028,-0.046,0.462,0.385,6.105,-0.253,1.275,-1.58,0.074,0.002,-0.071,3982.104,2220487.0,20,0.002,False,True,False,False,True,False
57754,47567.82,0.258,0.196,0.012,0.053,0.014,-0.212,3.152,3.013,0.721,-0.021,-0.023,,1562101.0,20,0.095,False,False,False,False,False,False
57756,196756.202,0.602,0.698,0.13,0.105,-0.027,-0.008,3.712,1.483,0.55,0.072,0.005,83.111,2346155.0,20,0.043,True,False,False,False,False,False
57757,9074.747,1.547,0.137,0.0,0.0,-1.958,-2.989,0.0,,,,,,64406.0,13,,False,False,False,False,False,False
57776,,,,,,,,,,,,,,2476127.0,3,,False,False,False,False,False,False
57777,198320.433,-0.405,-0.468,0.382,0.35,-1.22,-0.303,0.121,0.415,-0.159,0.02,-0.082,276.178,2575135.0,20,0.465,False,True,False,False,False,False
57784,11306.737,0.481,0.462,-0.119,-0.481,-1.957,0.032,4.107,2.127,0.986,0.082,0.15,179.781,285744.0,20,-0.032,True,False,False,False,False,False
57785,10114.262,0.15,0.239,0.1,0.083,1.033,-0.039,1.994,0.273,0.257,0.21,0.178,81.216,208551.0,20,1.087,False,False,True,False,False,True
57793,2764.156,1.009,1.16,0.0,0.0,-0.148,1.274,0.0,-2.274,5.367,-0.031,-0.205,,53889.0,20,,False,False,False,False,False,False
57799,2992.28,-0.005,-0.469,-0.187,-0.124,9.018,-0.339,3.167,,,,,,154808.0,12,,False,False,False,False,True,False
57807,-50852.223,0.277,-0.428,0.221,0.167,-34.491,0.065,-13.034,-1.649,0.608,0.072,-0.095,142.387,852770.0,20,-0.616,False,True,False,False,False,False
57813,29799.329,0.016,0.156,0.162,0.111,2.946,-0.066,-2.58,-0.879,0.226,0.103,0.075,75.306,1571899.0,20,-0.123,False,True,True,False,False,False
57815,798324.283,0.237,0.212,-0.026,-0.027,-3.394,0.083,-3.25,-1.191,0.485,0.216,0.013,11.212,5775714.0,20,0.365,False,False,False,True,False,False
57816,,,,,,,,,,,,,,423942.0,2,,False,False,False,False,False,False
57825,112122.186,-0.037,0.014,-0.023,-0.013,-0.012,0.016,0.062,-0.597,0.12,0.15,-0.047,56.891,1370609.0,20,0.344,False,False,False,False,False,False
57833,,,,,,,,,,,,,,9168938.0,4,,False,False,False,False,False,False
57834,30.547,0.043,0.092,0.0,0.0,-24.284,0.386,0.0,0.346,-2.319,0.003,-0.005,12331.597,3490.0,20,,False,False,False,False,False,False
57841,55581.453,0.117,0.145,-0.013,0.005,-0.177,0.119,2.321,0.793,0.64,0.159,0.035,66.954,840668.0,20,0.519,False,False,True,False,False,True
57849,27718.242,1.04,1.075,0.0,0.0,-5.905,0.384,0.0,,,,,,624570.0,14,,False,False,False,False,False,False
57857,39709.585,0.151,0.207,0.021,0.016,0.785,-0.027,3.244,1.474,2.519,0.092,0.07,112.7,828620.0,20,0.023,False,False,False,False,False,False
57867,18103.347,-0.184,-0.175,0.035,0.035,-0.162,-0.043,1.773,0.746,0.441,0.038,-0.078,386.177,277569.0,20,-0.129,False,False,False,False,False,False
57869,17429.251,-0.153,-0.071,-0.186,-0.124,0.13,0.003,3.551,-0.283,0.417,0.083,-0.043,167.971,345912.0,20,0.766,False,False,False,False,False,True
57872,25376.445,-0.805,-0.688,0.609,0.436,6.039,-0.144,0.36,-1.851,0.472,0.177,0.088,78.914,403359.0,20,0.25,False,True,True,False,True,False
57873,31041.272,0.981,0.996,0.401,0.35,2.115,-0.172,0.609,-0.661,-0.194,0.097,0.013,69.41,1990854.0,20,-0.002,False,True,False,False,False,False
57874,93735.558,-0.256,-0.248,-0.057,-0.04,-0.258,0.036,3.147,0.791,0.501,0.022,-0.105,450.672,892335.0,20,0.764,False,False,False,False,False,True
57882,12143.726,0.449,0.414,0.006,-0.155,2.732,-0.193,1.585,0.6,0.056,0.131,0.061,125.887,205888.0,20,0.537,False,False,True,False,True,True
57884,-17729.08,-0.283,0.094,-0.004,0.04,0.747,-0.165,5.008,1.889,3.706,0.099,0.229,200.74,88989.0,20,-0.346,False,False,False,False,False,False
57892,8182.46,0.965,0.054,-0.313,-0.177,-3.138,-0.215,4.841,,,,,,302604.0,18,,False,False,False,False,False,False
57897,15382.608,0.073,-0.126,0.207,0.199,2.027,-0.179,-1.73,1.223,0.605,0.025,0.005,569.864,282688.0,20,-0.058,False,True,False,False,False,False
57899,17075.771,-0.123,-0.061,0.172,-0.047,-1.514,-0.096,0.026,-1.269,0.084,0.13,-0.039,126.954,206068.0,20,0.453,False,True,False,False,False,False
57901,38510.415,-0.346,-0.228,-0.005,0.01,-0.798,-0.2,-1.932,-2.362,-3.442,0.035,-0.194,413.71,285730.0,20,0.948,False,False,False,False,False,True
57903,837863.94,0.192,-0.104,0.085,0.124,3.801,-0.232,3.701,-0.098,0.476,0.148,0.003,7.216,7796215.0,20,0.737,False,False,False,True,True,True
57910,2956.689,-0.034,-0.01,-0.08,-0.074,0.856,-0.108,2.555,0.139,0.367,0.068,0.023,297.817,72225.0,20,1.376,False,False,False,False,False,True
57915,1468.244,0.814,0.785,0.024,0.004,-3.16,0.207,2.297,2.584,0.12,-0.053,-0.075,,239560.0,20,-0.344,True,False,False,False,False,False
57919,1202191.155,-0.234,-0.011,-0.152,-0.128,5.128,-0.268,-0.725,-0.528,0.45,0.456,0.466,,14200455.0,20,0.326,False,False,True,False,True,False
57920,120184.021,-0.565,-0.541,-0.318,-0.307,-1.009,0.014,-2.646,0.525,0.417,0.195,-0.028,50.441,1059474.0,20,-0.213,False,False,False,False,False,False
57922,140336.677,1.364,0.094,0.065,0.059,2.423,-0.19,-1.695,1.505,0.564,-0.007,-0.113,,816643.0,20,0.983,True,False,False,False,False,True
57923,59932.027,0.282,0.274,-0.005,-0.003,-2.436,0.114,2.451,1.505,0.456,0.114,0.181,93.863,789280.0,20,0.135,False,False,True,False,False,False
57931,85124.677,-0.035,-0.136,-0.078,-0.056,-7.902,0.152,-0.554,-1.252,0.646,0.213,-0.212,58.092,606938.0,20,1.215,False,False,False,False,False,True
57933,4209.332,0.797,1.042,0.236,0.035,-6.632,0.183,2.737,0.127,-0.182,0.056,-0.092,271.989,250405.0,20,0.33,False,True,False,False,False,False
57944,216810.442,-0.036,-0.036,0.373,0.318,3.288,-0.212,1.402,0.882,0.175,0.074,-0.05,73.145,2699382.0,20,0.379,False,True,False,False,True,False
57952,-1384.818,0.444,0.519,-0.078,-0.047,0.515,0.01,3.574,2.31,0.678,0.096,0.182,196.792,110709.0,20,-0.102,True,False,False,False,False,False
57953,68934.232,-0.004,0.025,-0.152,-0.115,1.209,-0.017,0.93,0.07,0.885,0.064,-0.07,136.336,1221577.0,20,0.388,False,False,False,False,False,False
57954,14237.988,0.049,0.353,-0.01,-0.007,-4.597,0.289,7.303,,,,,,238334.0,10,,False,False,False,False,False,False
57966,,,,,,,,,,,,,,2445028.0,1,,False,False,False,False,False,False
57967,74281.789,0.113,0.18,0.021,0.018,-0.991,0.025,0.891,0.495,0.403,0.201,0.096,54.864,810963.0,20,0.586,False,False,True,False,False,True
57968,155606.935,-0.758,-0.504,0.293,0.269,2.095,-0.114,3.373,-0.229,0.487,0.156,0.211,23.713,4238557.0,20,-0.03,False,True,True,False,False,False
57971,28039.571,-0.977,-0.628,-0.767,-0.607,3.282,-0.46,-3.367,,,,,,317922.0,7,,False,False,False,False,True,False
57974,256.872,0.297,0.552,0.0,0.0,-7.878,0.397,5.171,-7.043,1.26,0.52,0.37,44.466,95231.0,20,1.317,False,False,True,False,False,True
57978,51310.167,-0.008,0.125,-0.026,-0.04,3.614,-0.211,5.565,,,,,,639480.0,17,,False,False,False,False,True,False
57990,7629.447,0.646,0.694,0.3,0.244,-0.103,0.08,6.559,-0.121,-0.164,0.158,0.127,96.621,286693.0,20,1.065,False,True,True,False,False,True
57997,60222.235,0.455,0.471,-0.109,0.046,-4.542,0.254,2.902,-0.461,-0.498,0.077,-0.024,66.729,2915023.0,20,0.342,False,False,False,False,False,False
58000,,,,,,,,,,,,,,226955.0,4,,False,False,False,False,False,False
58010,395.805,1.02,0.983,-0.087,-0.031,-1.48,0.191,7.074,-0.126,-0.089,0.052,-0.069,334.688,147028.0,20,0.057,False,False,False,False,False,False
58011,3566.923,-1.597,-1.447,0.0,0.0,0.501,-5.377,0.0,1.611,0.48,0.039,-0.071,575.679,38599.0,20,,False,False,False,False,False,False
58013,59324.322,0.591,0.341,-0.073,-0.003,-1.84,-0.022,3.666,0.4,-0.203,0.005,0.003,1734.074,1197423.0,20,0.178,False,False,False,False,False,False
58018,103323.191,0.17,0.181,0.251,0.244,-3.728,0.083,0.593,0.075,0.002,0.096,0.001,93.449,1177177.0,20,0.515,False,True,False,False,False,True
58020,23785.029,0.811,0.61,-0.241,-0.412,5.887,0.166,11.753,,,,,,846691.0,6,,False,False,False,False,False,False
58025,-16021.435,1.17,1.26,0.029,0.025,4.201,-0.137,9.248,0.121,-0.113,0.086,0.165,188.568,207082.0,20,0.181,False,False,False,False,True,False
58029,56089.362,-0.014,0.039,-0.011,-0.002,-1.234,0.088,4.108,1.223,0.416,-0.002,-0.155,,599794.0,20,0.101,False,False,False,False,False,False
58030,15122.971,-0.503,-0.184,0.013,0.012,0.03,0.006,2.022,-0.943,-0.918,-0.005,-0.221,,444871.0,20,-0.03,False,False,False,False,False,False
58037,938.574,0.838,0.974,0.454,0.346,0.849,0.002,1.81,-2.143,0.706,0.112,-0.013,165.454,122227.0,20,-0.211,False,True,False,False,False,False
58039,112322.818,-0.202,-0.159,0.07,0.059,0.143,-0.038,0.664,0.064,-0.035,0.257,0.027,42.704,866895.0,20,0.579,False,False,False,False,False,True
58049,48680.583,-0.162,-0.221,0.059,0.06,3.232,-0.103,5.173,0.677,-0.078,0.033,0.092,366.904,495100.0,20,0.152,False,False,False,False,True,False
58054,149728.045,-1.31,-1.253,0.077,0.014,6.608,-0.274,2.46,-1.573,0.623,0.151,0.062,48.53,1820457.0,20,0.362,False,False,True,False,True,False
58057,257884.496,0.044,-0.045,0.047,0.048,1.746,-0.07,4.563,1.05,0.503,0.036,0.013,148.732,2675658.0,20,0.005,False,False,False,False,False,False
58060,-23038.683,2.868,2.856,0.384,0.381,1.551,0.071,0.543,3.269,-1.141,-0.002,-0.034,,1141218.0,20,-0.2,True,True,False,False,False,False
58063,19908.202,0.4,0.208,0.719,0.673,0.697,-0.109,3.121,1.091,-0.363,-0.068,-0.159,,252544.0,20,0.26,False,True,False,False,False,False
58069,21079.035,0.721,0.656,-0.168,-0.139,4.437,-0.092,0.461,-0.319,0.118,0.201,0.159,55.993,767510.0,20,0.606,False,False,True,False,False,True
58074,9547.892,0.233,0.243,0.099,0.078,-0.859,0.1,0.46,0.432,0.555,0.046,-0.025,294.885,351829.0,20,-0.015,False,False,False,False,False,False
58076,11954.933,-1.275,-1.557,0.008,0.01,4.746,-0.607,13.786,,,,,,116174.0,10,,False,False,False,False,True,False
58079,3405.964,0.056,0.391,-0.092,-0.128,0.032,0.008,4.021,1.043,0.744,0.137,0.106,125.524,176704.0,20,0.313,False,False,True,False,False,False
58082,19010.686,0.352,0.316,0.01,0.01,0.191,-0.092,4.876,0.014,2.372,-0.086,-0.576,,422410.0,20,-0.892,False,False,False,False,False,False
58088,207012.767,-0.422,-0.642,0.757,0.628,-1.712,-0.355,-3.404,-0.262,-1.391,-0.194,-0.253,,1444006.0,20,-0.112,False,True,False,False,False,False
58090,126284.707,0.657,0.787,0.241,0.219,5.83,-0.12,2.869,-0.796,-1.12,0.009,-0.109,844.264,1571464.0,20,0.15,False,True,False,False,True,False
58095,165540.343,0.467,0.313,-0.017,-0.016,0.14,-0.021,-9.065,-0.32,-0.354,0.426,-0.041,22.374,1371673.0,20,0.233,False,False,False,False,False,False
58103,17175.67,0.806,1.023,-0.083,-0.558,0.927,-0.091,8.332,,,,,,274019.0,19,,False,False,False,False,False,False
58106,9109.943,0.236,0.173,0.127,0.133,1.294,-0.068,1.749,-0.053,1.075,0.026,-0.052,594.014,225971.0,20,0.125,False,False,False,False,False,False
58107,,,,,,,,,,,,,,260509.0,3,,False,False,False,False,False,False
58111,14080.292,0.007,0.474,-0.01,-0.023,-2.059,0.064,0.537,2.134,0.61,0.035,-0.006,360.514,439752.0,20,0.295,False,False,False,False,False,False
58113,72732.74,0.313,0.461,-0.003,-0.002,-3.737,0.146,2.829,0.313,0.288,0.099,0.036,108.686,761702.0,20,0.36,False,False,False,False,False,False
58114,44277.675,-0.133,-0.081,0.321,0.224,-0.207,-0.037,-0.47,0.625,0.511,0.156,0.133,80.155,549049.0,20,-0.003,False,True,True,False,False,False
58115,323913.155,0.225,0.15,0.112,0.107,-0.998,-0.041,4.411,1.096,0.994,0.089,-0.128,54.592,3135122.0,20,0.556,False,False,False,False,False,True
58119,,,,,,,,,,,,,,9772988.0,3,,False,False,False,False,False,False
58121,80732.743,0.346,0.311,0.07,0.059,-0.976,0.079,-0.184,0.36,-0.191,0.094,-0.025,102.293,1002435.0,20,0.646,False,False,False,False,False,True
58133,,,,,,,,,,,,,,200390.0,5,,False,False,False,False,False,False
58140,268943.762,0.287,0.16,0.117,0.089,-1.318,0.168,2.342,0.258,-0.34,0.244,0.061,26.117,2405103.0,20,0.366,False,False,True,False,False,False
58148,55277.411,-0.994,-1.625,0.439,0.382,-3.496,-0.247,-5.767,2.691,0.09,-0.021,-0.024,,360510.0,20,53.215,False,True,False,False,False,True
58158,5569.119,1.017,0.123,-0.219,-0.233,16.302,-1.278,4.204,0.365,-0.826,0.245,0.152,70.906,204957.0,20,0.676,False,False,True,False,True,True
58164,27877.868,-0.126,-0.091,0.002,0.002,-2.278,0.094,1.56,-0.585,0.449,-0.126,-0.494,,399363.0,20,0.402,False,False,False,False,False,False
58165,32967.305,0.341,0.451,0.088,0.068,3.493,-0.037,4.233,-0.582,0.182,0.052,-0.026,180.592,1028368.0,20,-0.068,False,False,False,False,False,False
58172,,,,,,,,,,,,,,48531.0,1,,False,False,False,False,False,False
58180,,,,,,,,,,,,,,717168.0,5,,False,False,False,False,False,False
58181,290285.795,0.464,0.378,0.029,-0.004,1.351,-0.155,1.172,-0.097,0.259,0.271,0.263,12.819,4633553.0,20,5.756,False,False,True,False,False,True
58184,23436.647,-0.381,0.659,0.443,0.196,1.646,-0.025,4.215,2.227,-0.475,0.07,0.032,173.516,526107.0,20,0.358,False,True,False,False,False,False
58188,437.362,-0.352,-0.52,0.0,0.0,-6.685,0.853,0.0,0.325,-0.374,0.0,0.019,106565.725,56652.0,20,,False,False,False,False,False,False
58196,-68036.048,3.944,3.941,0.102,0.275,13.401,0.354,11.562,,,,,,241562.0,8,,False,True,False,False,False,False
58201,20518.62,0.503,0.445,0.349,0.438,1.857,-0.134,0.289,2.977,0.001,-0.091,-0.045,,423716.0,20,-0.403,True,True,False,False,False,False
58203,21692.195,0.825,0.758,0.64,0.424,1.929,-0.211,3.759,3.048,-0.866,-0.011,0.048,,614270.0,20,0.352,True,True,False,False,False,False
58208,44679.555,0.349,0.392,-0.005,0.004,0.391,-0.014,1.683,1.432,1.115,0.015,-0.113,691.293,781115.0,20,0.37,False,False,False,False,False,False
58210,453642.568,0.028,-0.037,0.068,0.055,3.351,-0.137,0.449,0.821,0.644,0.038,-0.049,67.134,5323177.0,20,0.126,False,False,False,False,True,False
58214,5505.444,0.283,0.465,0.062,0.06,-3.19,0.104,5.114,-0.378,-0.236,0.037,-0.146,449.77,174687.0,20,0.45,False,False,False,False,False,False
58216,46.292,0.016,0.136,0.0,0.0,54.74,-0.064,0.0,0.051,0.29,0.006,0.001,5059.713,8213.0,20,,False,False,False,False,False,False
58218,50442.833,0.349,0.382,0.099,0.065,-3.449,0.098,8.328,0.865,0.253,0.074,0.04,169.122,489849.0,20,0.177,False,False,False,False,False,False
58220,43059.323,-0.16,-0.104,0.087,0.13,0.962,-0.018,2.103,0.725,0.928,0.037,-0.044,348.256,417914.0,20,0.411,False,False,False,False,False,False
58224,166215.047,0.011,-0.558,-0.115,-0.086,-14.772,1.831,-7.68,2.779,7.822,0.768,0.161,13.86,1388684.0,20,-0.145,False,False,True,False,False,False
58227,,,,,,,,,,,,,,855344.0,2,,False,False,False,False,False,False
58228,859102.346,0.236,0.237,0.14,0.133,0.369,-0.019,2.24,0.943,0.268,0.143,-0.02,3.471,8903421.0,20,0.296,False,False,False,True,False,False
58230,12958.084,0.004,0.092,0.004,0.004,-0.683,-0.051,0.415,,,,,,235475.0,19,,False,False,False,False,False,False
58231,,,,,,,,,,,,,,226186.0,1,,False,False,False,False,False,False
58234,18874.586,0.204,0.296,0.112,0.083,3.303,-0.092,0.405,-0.675,1.689,0.057,-0.06,223.213,450670.0,20,0.349,False,False,False,False,False,False
58239,192598.719,0.245,0.131,0.015,-0.0,1.156,-0.019,0.682,0.781,0.275,0.077,-0.256,103.143,1459963.0,20,0.491,False,False,False,False,False,False
58243,29419.305,0.495,0.464,0.02,0.017,2.228,-0.116,3.92,0.936,0.304,0.035,0.026,167.638,2348668.0,20,0.167,True,False,False,False,False,False
58247,,,,,,,,,,,,,,581982.0,1,,False,False,False,False,False,False
58255,371192.183,0.061,0.189,0.057,0.05,-0.299,-0.027,4.962,1.655,0.761,0.078,-0.0,50.053,3915224.0,20,0.194,False,False,False,False,False,False
58257,94277.278,-0.163,-0.127,0.015,0.013,-6.035,0.285,-0.908,0.768,2.416,0.209,0.057,51.607,860651.0,20,0.203,False,False,True,False,False,False
58259,26054.361,0.373,0.302,0.116,0.097,0.957,-0.011,6.639,1.927,0.363,0.024,0.075,394.213,982437.0,20,0.371,False,False,False,False,False,False
58263,10169.943,0.087,0.081,0.976,0.818,4.738,-0.267,0.823,-1.634,-0.02,0.077,-0.031,192.895,279566.0,20,-0.142,False,True,False,False,True,False
58264,131922.71,0.7,0.867,0.755,0.506,-0.424,0.077,0.894,4.215,-0.089,0.013,0.011,506.077,1950418.0,20,0.293,True,True,False,False,False,False
58267,,,,,,,,,,,,,,836756.0,3,,False,False,False,False,False,False
58271,18052.559,0.101,0.156,0.044,0.035,-0.28,0.159,8.765,,,,,,284250.0,16,,False,False,False,False,False,False
58274,,,,,,,,,,,,,,192853.0,2,,False,False,False,False,False,False
58276,32167.089,0.174,0.456,-0.009,-0.004,3.79,-0.092,3.549,0.152,-0.11,0.203,0.141,55.625,764212.0,20,0.516,False,False,True,False,False,True
58278,26849.844,0.137,0.275,0.004,0.002,3.16,-0.084,-1.182,0.359,0.294,0.005,-0.176,2091.365,577734.0,20,0.23,False,False,False,False,False,False
58281,20743.603,0.716,0.885,0.067,0.067,1.897,-0.033,4.814,0.725,0.433,0.105,0.095,78.458,1422849.0,20,0.209,False,False,True,False,False,False
58282,20464.235,0.125,0.166,-0.014,-0.009,-4.734,0.287,-4.031,2.269,-0.225,0.084,-0.088,199.026,177918.0,20,-0.105,False,False,False,False,False,False
58289,44042.989,-0.215,-0.187,-0.067,-0.044,-4.238,0.195,2.513,0.88,0.642,0.128,-0.1,105.602,416865.0,20,0.618,False,False,False,False,False,True
58291,278284.102,0.366,0.365,0.3,0.31,-1.814,0.049,-0.326,1.152,0.404,0.085,-0.05,64.34,2693463.0,20,0.166,False,True,False,False,False,False
58292,-11612.914,0.956,0.103,0.0,0.0,4.69,-0.186,-2.182,,,,,,201980.0,6,,False,False,False,False,True,False
58296,,,,,,,,,,,,,,756880.0,2,,False,False,False,False,False,False
58297,43720.803,0.761,0.764,0.686,0.471,0.365,-0.061,1.626,0.457,-0.614,0.06,-0.012,162.777,945774.0,20,0.136,False,True,False,False,False,False
58300,88766.605,-0.12,0.119,0.035,0.035,-0.096,0.042,7.075,-2.07,0.097,0.255,-1.325,51.305,541895.0,20,2.564,False,False,False,False,False,True
58303,,,,,,,,,,,,,,9652482.0,1,,False,False,False,False,False,False
58307,62620.46,0.156,0.156,0.035,0.035,3.246,-0.122,1.866,0.403,0.44,-0.013,-0.114,,806830.0,20,0.445,False,False,False,False,True,False
58309,7075.609,1.696,1.92,0.356,0.055,-1.493,0.154,4.165,2.262,-0.523,0.001,-0.099,4356.984,2826945.0,20,-0.034,True,True,False,False,False,False
58310,139723.107,-0.184,-0.189,0.282,0.272,5.924,-0.264,2.277,0.859,0.448,0.103,0.009,75.745,1563129.0,20,0.298,False,True,False,False,True,False
58311,35554.641,-0.245,-0.198,0.011,0.011,4.372,-0.146,3.571,0.078,0.143,0.059,-0.045,222.998,419580.0,20,0.073,False,False,False,False,True,False
58314,272302.421,0.008,0.164,0.053,0.045,-3.977,0.076,2.092,0.651,0.197,0.097,0.012,47.763,3321035.0,20,0.762,False,False,False,False,False,True
58316,102964.229,0.012,0.212,-0.222,-0.133,2.56,0.001,0.856,1.443,0.837,0.418,0.439,10.885,3865992.0,20,0.162,False,False,True,False,False,False
58319,,,,,,,,,,,,,,545846.0,3,,False,False,False,False,False,False
58322,21018.668,0.473,0.314,0.098,0.088,-3.947,0.112,3.785,1.221,1.056,0.069,-0.051,212.315,283745.0,20,0.206,True,False,False,False,False,False
58324,9032.271,0.009,0.145,-0.068,-0.111,0.787,-0.076,2.562,-0.756,0.695,0.195,0.186,87.898,200266.0,20,0.28,False,False,True,False,False,False
58339,435357.65,0.0,0.0,1.578,0.0,0.0,0.0,6.538,0.0,0.0,,,,3138633.0,16,,False,True,False,False,False,False
58341,70376.391,0.393,0.435,-0.328,-0.254,-0.307,0.09,4.072,0.285,0.654,0.074,-0.13,136.666,871507.0,20,0.625,False,False,False,False,False,True
58348,135212.072,-0.73,-0.803,0.344,0.433,4.921,-0.6,4.947,-5.58,-1.652,0.135,-0.363,78.185,835398.0,20,1.311,False,True,False,False,True,True
58357,19636.839,0.439,0.739,-0.025,-0.009,2.198,-0.09,0.994,1.088,0.325,0.071,0.024,186.789,402890.0,20,0.807,True,False,False,False,False,True
58359,12995.017,-0.57,-0.475,0.821,1.521,11.946,-0.442,0.857,0.246,-0.433,-0.106,-0.137,,191973.0,20,0.064,False,True,False,False,True,False
58366,,,,,,,,,,,,,,2996642.0,3,,False,False,False,False,False,False
58371,60261.994,-0.746,-0.764,-0.032,-0.002,1.496,-0.094,0.671,-0.934,-0.248,0.191,0.105,66.259,553030.0,20,0.295,False,False,True,False,False,False
58372,,,,,,,,,,,,,,426592.0,3,,False,False,False,False,False,False
58374,174894.314,0.026,0.296,-0.053,-0.062,0.654,0.042,6.75,,,,,,2401362.0,15,,False,False,False,False,False,False
58377,26819.071,-0.149,-0.173,0.031,0.027,3.55,-0.149,1.374,-0.789,0.303,0.106,-0.02,129.073,389728.0,20,0.672,False,False,False,False,True,True
58395,,,,,,,,,,,,,,535347.0,3,,False,False,False,False,False,False
58396,8833.732,0.063,0.154,-0.009,-0.003,-0.57,0.02,2.588,0.474,0.649,0.075,0.04,158.651,568499.0,20,0.186,False,False,False,False,False,False
58401,20506.586,0.627,0.567,0.17,0.191,1.392,-0.077,1.271,2.462,-0.054,0.01,0.061,1157.678,515129.0,20,0.338,True,True,False,False,False,False
58402,,,,,,,,,,,,,,399030.0,5,,False,False,False,False,False,False
58405,32903.402,0.01,-0.01,0.535,0.509,-5.032,-0.071,0.736,-1.076,-0.497,0.123,0.059,101.847,525083.0,20,0.309,False,True,True,False,False,False
58407,-12025.362,-2.008,-2.234,0.48,0.365,16.759,-0.931,-1.373,-3.473,-0.996,-0.09,0.167,,401831.0,20,-0.359,False,True,False,False,True,False
58410,-166951.934,0.765,-0.675,-2.18,-1.807,8.637,-0.487,-21.091,0.662,0.446,0.019,0.06,28.906,8708837.0,18,-0.438,False,False,False,False,True,False
58411,31718.255,0.083,0.264,0.02,0.015,11.645,-0.4,2.813,,,,,,658098.0,17,,False,False,False,False,True,False
58413,24173.558,-1.399,-1.273,0.0,0.0,-2.973,0.013,2.13,-2.277,0.201,0.254,0.07,66.41,232778.0,20,1.474,False,False,True,False,False,True
58415,,,,,,,,,,,,,,518208.0,3,,False,False,False,False,False,False
58423,7474.49,-0.357,0.047,0.006,0.002,-0.481,0.012,2.784,3.476,0.255,-0.011,-0.053,,136830.0,20,0.403,False,False,False,False,False,False
58424,55968.144,-0.022,0.015,-0.074,-0.113,2.553,-0.019,2.396,-0.061,0.497,0.032,-0.03,237.237,1548229.0,20,0.056,False,False,False,False,False,False
58426,-9675.531,0.419,0.527,0.318,0.263,16.081,-0.812,9.353,-5.108,-0.665,0.072,0.065,279.485,76471.0,20,0.22,False,True,False,False,True,False
58428,-17948.231,0.164,0.168,-0.304,-0.152,11.816,-0.291,2.083,,,,,,353377.0,18,,False,False,False,False,True,False
58433,54505.167,0.374,0.489,0.075,0.061,0.298,-0.032,4.223,2.166,0.525,-0.028,-0.044,,1717591.0,20,0.032,False,False,False,False,False,False
58434,15034.857,-0.443,0.234,0.002,0.001,5.85,-0.292,-6.688,,,,,,262861.0,7,,False,False,False,False,True,False
58443,-8156.866,2.408,2.534,0.932,0.633,-0.863,0.116,7.7,0.085,0.5,0.087,0.007,166.978,305817.0,20,0.378,False,True,False,False,False,False
58446,32944.611,-0.198,0.016,-0.208,-0.138,2.548,0.031,2.536,0.44,0.454,0.083,-0.008,133.602,697257.0,20,0.055,False,False,False,False,False,False
58450,3213.242,0.705,0.718,0.468,0.239,3.601,-0.086,-1.297,1.534,-0.2,0.001,-0.008,29580.052,190494.0,20,-0.47,True,True,False,False,False,False
58457,,,,,,,,,,,,,,11461329.0,1,,False,False,False,False,False,False
58458,3507541.143,-4.023,-0.635,-0.182,-0.223,1.219,-0.065,2.671,,,,,,9178296.0,7,,False,False,False,False,False,False
58463,329620.003,0.098,0.219,0.025,0.011,0.414,-0.017,3.551,0.705,0.197,0.091,-0.001,24.196,5900269.0,20,0.385,False,False,False,False,False,False
58469,69163.696,-0.164,-0.142,0.005,0.096,1.134,-0.109,0.617,-1.656,-0.166,0.137,-0.011,75.358,890687.0,20,0.449,False,False,False,False,False,False
58470,34145.747,0.118,0.042,0.072,0.061,-2.188,0.063,1.49,1.244,0.767,0.137,0.186,96.349,452917.0,20,0.823,False,False,True,False,False,True
58479,70836.58,0.107,0.167,0.012,0.008,-2.3,0.127,5.119,1.251,0.239,0.045,-0.056,187.619,1251302.0,20,0.243,False,False,False,False,False,False
58481,405104.761,0.097,-0.126,-0.031,-0.017,2.03,-0.109,0.678,0.674,-0.619,0.023,-0.057,161.142,3970761.0,20,0.235,False,False,False,False,False,False
58482,30754.22,0.338,0.195,0.0,0.0,-1.924,0.034,-6.04,-0.61,-1.453,0.07,0.006,199.475,349305.0,20,-0.272,False,False,False,False,False,False
58483,81396.848,0.96,1.02,0.023,0.015,-3.779,0.174,0.894,1.024,0.69,0.031,-0.125,245.812,1495075.0,20,0.022,True,False,False,False,False,False
58484,40612.385,0.221,0.272,-0.025,-0.018,-1.709,0.178,0.424,-0.086,0.883,0.223,0.114,59.121,510715.0,20,0.232,False,False,True,False,False,False
58485,5989.187,0.193,0.742,0.004,0.004,5.919,-0.235,3.055,,,,,,984277.0,14,,False,False,False,False,True,False
58486,216514.351,0.294,0.209,-0.007,-0.004,6.013,-0.153,2.94,,,,,,3929653.0,19,,False,False,False,False,True,False
58490,106810.761,0.552,0.704,0.152,0.151,2.002,-0.194,4.039,0.157,-0.473,0.052,0.013,127.538,1973803.0,20,0.361,False,True,False,False,False,False
58500,12544.294,0.123,0.208,-0.153,-0.131,6.446,-0.214,2.792,,,,,,324699.0,17,,False,False,False,False,True,False
58504,178807.675,0.048,-0.043,0.191,0.161,0.524,-0.03,2.526,0.111,0.674,0.125,-0.039,61.929,1620643.0,20,0.3,False,True,False,False,False,False
58508,11830.755,0.681,0.732,0.051,0.043,-0.239,0.037,3.687,1.573,0.274,0.046,0.044,287.931,382764.0,20,0.07,True,False,False,False,False,False
58509,108051.453,-0.044,-0.079,0.022,0.049,0.015,-0.029,2.96,0.135,0.425,0.119,-0.039,80.088,1054639.0,20,0.855,False,False,False,False,False,True
58511,62009.765,0.028,-0.016,0.238,0.257,2.307,-0.159,7.014,0.369,-0.06,0.112,-0.028,99.907,708018.0,20,0.951,False,True,False,False,False,True
58513,178734.247,-0.414,-0.42,0.213,0.165,3.69,-0.173,-1.57,-0.233,0.21,-0.028,-0.197,,2253363.0,20,0.054,False,True,False,False,True,False
58517,7989.841,0.432,0.686,0.093,0.056,-1.576,0.104,1.442,1.963,-0.161,0.122,0.138,135.952,200090.0,20,0.477,True,False,True,False,False,False
58523,22862.714,-0.215,0.318,0.646,0.477,6.642,-0.209,1.985,,,,,,337795.0,15,,False,True,False,False,True,False
58532,,,,,,,,,,,,,,2389982.0,2,,False,False,False,False,False,False
58533,-112474.4,-3.898,-1.54,-0.55,-0.235,7.911,-3.875,-0.679,,,,,,523404.0,6,,False,False,False,False,True,False
58534,177787.642,-0.151,0.132,-0.212,-0.164,3.435,-0.114,-0.383,0.376,0.726,0.45,0.566,19.646,1611204.0,20,0.165,False,False,True,False,True,False
58536,-11173.486,0.501,0.629,0.022,0.012,2.75,-0.061,0.837,0.853,0.177,0.061,0.026,100.259,2272510.0,20,0.086,True,False,False,False,False,False
58537,39514.722,-0.071,-0.133,-0.041,-0.028,-1.698,0.068,3.048,2.217,0.947,0.093,0.007,140.143,438806.0,20,0.808,False,False,False,False,False,True
58556,1649.838,0.754,0.73,-0.028,-0.097,-1.408,0.052,-0.242,2.495,-0.256,0.026,0.032,481.689,463108.0,20,-0.141,True,False,False,False,False,False
58558,358479.108,0.427,0.344,0.029,-0.1,-1.188,-0.041,2.615,,,,,,2874540.0,17,,False,False,False,False,False,False
58560,-5045.143,1.146,1.136,-0.093,-0.043,-0.965,0.09,9.096,,,,,,193464.0,6,,False,False,False,False,False,False
58562,,,,,,,,,,,,,,549110.0,5,,False,False,False,False,False,False
58563,28956.752,0.037,0.174,0.084,0.084,-1.974,0.044,2.543,0.951,0.576,0.012,-0.06,1008.644,500384.0,20,0.301,False,False,False,False,False,False
58564,198131.26,-0.026,-0.061,0.095,0.099,4.371,-0.231,-4.352,1.228,0.246,-0.016,-0.04,,8860980.0,20,-0.044,False,False,False,False,True,False
58574,-66431.333,1.951,2.01,-0.042,-0.019,-7.693,0.754,8.599,,,,,,461071.0,9,,False,False,False,False,False,False
58577,,,,,,,,,,,,,,1524286.0,4,,False,False,False,False,False,False
58581,137995.846,0.037,0.166,0.07,0.055,1.914,-0.119,2.514,,,,,,2425763.0,19,,False,False,False,False,False,False
58583,26.462,1.343,1.262,0.201,0.159,-2.121,0.011,4.719,,,,,,1913149.0,13,,False,True,False,False,False,False
58584,111738.496,-0.105,0.078,0.016,0.008,0.844,-0.214,-3.523,3.254,-0.416,0.651,0.285,20.056,810680.0,20,1.647,False,False,True,False,False,True
58586,-25674.923,2.383,1.141,-0.108,-0.033,-3.272,0.524,6.693,5.268,-1.3,-0.174,-0.122,,111431.0,20,,True,False,False,False,False,False
58588,71123.179,-0.163,-0.275,-0.024,-0.019,-3.58,0.037,-6.462,-0.104,-0.091,-0.055,-0.42,,614543.0,20,0.27,False,False,False,False,False,False
58590,-61560.202,-0.722,-0.569,2.866,1.618,18.695,-0.825,-6.891,-7.062,-0.381,-0.137,-0.167,,859584.0,20,-0.178,False,True,False,False,True,False
58595,134301.278,0.767,0.86,0.0,0.0,-7.685,0.327,-2.283,1.306,0.387,0.111,-0.289,62.708,1918524.0,20,-0.3,True,False,False,False,False,False
58596,177087.958,-0.092,-0.188,1.558,1.157,-0.482,0.285,2.966,2.278,6.562,0.018,-0.013,164.741,4778484.0,20,0.195,False,True,False,False,False,False
58597,11258.379,0.326,0.238,0.096,0.064,1.236,-0.081,-0.601,1.932,0.031,-0.004,0.029,,244442.0,20,0.226,False,False,False,False,False,False
58602,27958.192,-0.279,-0.22,0.194,0.155,4.965,-0.244,1.729,-0.22,0.348,0.103,-0.007,138.45,331168.0,20,0.72,False,True,False,False,True,True
58604,,,,,,,,,,,,,,2387692.0,4,,False,False,False,False,False,False
58615,6907.191,0.521,0.525,-0.008,-0.004,8.209,-0.273,5.437,1.072,-2.811,-0.023,-0.06,,456211.0,20,0.284,True,False,False,False,True,False
58619,51909.838,0.643,0.611,1.223,1.232,1.628,-0.324,-2.519,-0.196,-0.161,0.033,-0.017,317.163,787128.0,20,-0.186,False,True,False,False,False,False
58626,189557.612,-0.283,-0.208,0.63,0.55,-0.16,-0.079,6.574,0.324,-1.172,0.172,-0.06,49.84,1389768.0,20,1.977,False,True,False,False,False,True
58629,979932.752,0.981,0.672,0.012,0.022,0.901,-0.031,1.835,0.447,0.136,0.044,0.07,,10888501.0,20,-0.154,False,False,False,False,False,False
58630,,,,,,,,,,,,,,195159.0,1,,False,False,False,False,False,False
58636,3909.047,0.353,0.59,0.002,-0.03,-3.36,0.277,5.101,1.781,0.161,-0.01,-0.127,,199440.0,20,0.252,False,False,False,False,False,False
58644,3028.382,0.049,0.235,0.033,0.022,0.369,0.04,1.707,1.124,0.489,0.041,0.126,342.789,307036.0,20,0.216,False,False,False,False,False,False
58647,,,,,,,,,,,,,,7709843.0,2,,False,False,False,False,False,False
58648,730870.882,-0.463,-0.468,-0.161,-0.108,5.325,-0.301,-0.156,,,,,,7447108.0,16,,False,False,False,False,True,False
58651,39915.467,-0.195,-0.134,0.051,0.043,11.294,-0.198,1.928,,,,,,411491.0,9,,False,False,False,False,True,False
58652,,,,,,,,,,,,,,1280654.0,2,,False,False,False,False,False,False
58657,59761.314,-0.69,-0.472,-0.088,-0.048,4.044,-0.344,-0.454,-0.174,-0.096,0.056,-0.045,183.235,840411.0,20,0.381,False,False,False,False,True,False
58658,28663.278,1.224,1.2,-0.19,-0.125,-2.537,0.059,5.272,0.244,0.422,0.031,-0.016,443.295,345170.0,20,0.104,False,False,False,False,False,False
58665,1143984.286,-0.593,-0.173,-0.035,-0.036,16.181,-0.876,-8.379,,,,,,9738922.0,7,,False,False,False,False,True,False
58668,59874.012,1.594,1.358,-0.322,-0.236,-3.514,0.092,-3.719,-4.188,-0.319,0.294,0.126,42.55,646922.0,20,1.839,False,False,True,False,False,True
58671,,,,,,,,,,,,,,455358.0,3,,False,False,False,False,False,False
58675,213529.35,-0.21,-0.384,0.038,0.033,3.627,-0.218,-2.31,0.48,-0.338,0.035,0.042,169.576,2369373.0,20,-0.13,False,False,False,False,True,False
58678,4671.347,0.426,0.621,0.133,0.085,1.98,-0.084,5.286,0.051,0.747,0.151,0.072,105.396,246642.0,20,0.721,False,False,True,False,False,True
58680,12297.994,-1.199,-1.106,-0.108,-0.069,-4.499,0.125,1.254,-0.35,0.329,-0.01,-0.216,,114037.0,20,0.271,False,False,False,False,False,False
58687,13566.923,-0.471,-0.469,0.93,1.171,6.54,-0.329,-0.161,2.312,-0.983,-0.05,0.095,,410939.0,20,-0.081,False,True,False,False,True,False
58689,176144.397,0.057,0.189,-0.001,-0.0,-0.917,-0.042,5.854,0.981,0.454,0.034,-0.085,194.965,1929221.0,20,0.494,False,False,False,False,False,False
58691,43079.254,0.361,0.516,-0.009,-0.025,-2.176,0.136,4.993,-0.613,0.956,0.193,0.042,62.772,623330.0,20,0.566,False,False,True,False,False,True
58692,11926.268,0.15,0.452,0.316,0.303,1.605,-0.094,6.476,2.213,0.307,-0.02,-0.095,,565225.0,20,0.391,False,True,False,False,False,False
58694,42828.337,0.329,0.4,0.189,0.145,3.09,-0.103,4.055,,,,,,956408.0,19,,False,True,False,False,True,False
58696,40664.896,0.274,0.354,0.09,0.06,1.76,-0.072,2.822,1.0,0.913,0.043,0.016,139.058,2330933.0,20,-0.14,False,False,False,False,False,False
58712,51347.191,-0.068,-0.115,-0.034,-0.025,5.106,-0.193,0.909,-0.423,0.433,0.105,0.063,98.6,856060.0,20,0.397,False,False,True,False,True,False
58716,740328.773,0.31,0.237,0.038,0.055,-4.167,0.181,0.394,0.31,0.138,0.344,0.291,5.679,6575390.0,20,0.608,False,False,True,True,False,True
58719,73096.714,-0.489,0.228,0.021,0.023,0.603,-0.085,14.6,,,,,,1757159.0,7,,False,False,False,False,False,False
58722,24348.815,0.692,0.828,-0.133,-0.062,1.686,-0.007,7.088,0.076,-0.138,0.074,-0.014,108.36,1452569.0,20,0.198,False,False,False,False,False,False
58723,16274.247,-0.349,0.126,-0.113,-0.081,1.422,-0.163,0.288,0.871,0.901,-0.031,-0.054,,495893.0,20,0.035,False,False,False,False,False,False
58724,17149.786,-0.184,-0.233,0.035,0.032,-2.314,-0.011,0.008,-1.109,0.34,0.185,0.105,87.924,238697.0,20,0.366,False,False,True,False,False,False
58727,19394.656,0.285,0.428,-0.019,-0.002,0.443,-0.043,6.877,1.087,0.246,0.037,0.076,251.745,1002243.0,20,0.28,False,False,False,False,False,False
58728,,,,,,,,,,,,,,1396213.0,3,,False,False,False,False,False,False
58732,11668.668,0.101,0.051,0.188,0.157,-3.301,0.14,3.835,-0.761,-0.485,0.096,-0.062,168.851,212212.0,20,0.326,False,True,False,False,False,False
58739,63485.14,0.226,0.318,0.003,0.002,2.893,-0.115,1.926,0.831,0.313,0.177,0.188,48.818,1370351.0,20,0.661,False,False,True,False,True,True
58741,-85677.723,-0.669,-0.721,0.353,0.153,225.524,-0.496,2.616,-0.138,0.739,-0.156,-0.056,,943648.0,20,-0.587,False,True,False,False,True,False
58743,4850.084,-0.242,0.041,-0.022,-0.017,10.004,-0.162,3.912,,,,,,153432.0,12,,False,False,False,False,True,False
58745,-262.577,0.539,0.588,0.262,0.146,-1.597,0.148,5.249,0.116,0.27,0.101,0.103,168.304,174651.0,20,0.429,False,True,True,False,False,False
58752,109181.098,1.082,1.096,0.209,0.133,-1.161,0.088,2.462,3.115,-0.331,-0.023,-0.098,,1461121.0,20,0.742,True,True,False,False,False,True
58764,18565.51,0.886,0.868,0.6,0.798,0.864,-0.1,0.402,3.942,0.028,-0.082,-0.072,,392831.0,20,0.141,True,True,False,False,False,False
58768,-4462.794,0.419,0.389,-0.051,-0.032,-1.277,0.14,2.942,1.032,-0.406,0.046,0.085,325.805,253426.0,20,0.057,True,False,False,False,False,False
58772,7811.895,0.58,0.611,-0.524,-0.458,2.281,-0.143,1.909,,,,,,179353.0,14,,False,False,False,False,False,False
58778,4409.146,0.048,0.109,-0.093,-0.066,0.923,-0.095,2.872,-0.4,0.029,-0.02,-0.111,,199807.0,20,0.271,False,False,False,False,False,False
58780,11774.83,0.074,0.134,0.6,0.523,2.555,-0.047,4.663,-0.59,0.52,0.109,0.055,120.589,441881.0,20,0.376,False,True,True,False,False,False
58783,225504.992,0.107,0.119,0.071,0.124,-0.783,0.033,3.675,0.491,-0.02,0.123,-0.013,54.633,2041261.0,20,0.476,False,False,False,False,False,False
58789,7372.105,0.158,0.094,0.041,0.036,0.914,-0.021,3.367,1.134,0.631,-0.011,0.043,,510506.0,20,-0.069,False,False,False,False,False,False
58796,75062.917,0.758,0.683,0.014,0.011,0.065,0.016,3.21,3.364,0.511,-0.052,-0.181,,1046703.0,20,0.763,True,False,False,False,False,True
58806,15072.493,-0.25,0.205,0.056,0.041,-4.04,0.257,10.679,-5.232,0.836,0.201,-0.02,81.256,241691.0,20,0.652,False,False,False,False,False,True
58811,194435.398,0.14,0.086,-0.001,0.001,-3.202,0.104,4.211,0.873,0.507,0.116,-0.002,56.615,2119347.0,20,0.438,False,False,False,False,False,False
58816,39248.62,0.046,0.144,0.323,0.286,4.795,-0.232,-0.064,-0.735,0.241,0.046,0.013,77.223,4186507.0,20,0.014,False,True,False,False,True,False
58818,,,,,,,,,,,,,,850913.0,5,,False,False,False,False,False,False
58823,-2785.091,-0.181,0.422,0.188,0.146,13.615,-0.509,4.955,,,,,,3040033.0,12,,False,True,False,False,True,False
58824,12006.57,-0.295,0.42,-0.078,-0.053,0.081,0.129,10.154,,,,,,637183.0,10,,False,False,False,False,False,False
58826,14307.901,-0.235,0.204,0.239,0.153,2.433,-0.086,0.531,-0.546,0.187,0.274,0.333,57.577,304737.0,20,0.359,False,True,True,False,False,False
58827,124327.78,-0.149,-0.22,0.0,-0.0,-4.078,0.079,-8.02,0.729,0.025,0.264,0.092,40.629,924538.0,20,-0.011,False,False,True,False,False,False
58828,,,,,,,,,,,,,,1378618.0,3,,False,False,False,False,False,False
58852,42696.081,0.601,0.497,0.006,0.005,-0.002,0.084,6.887,-0.663,0.113,0.761,0.682,18.403,739518.0,20,1.727,False,False,True,False,False,True
58857,27621.441,-0.226,0.157,0.005,-0.004,9.487,-0.359,-0.172,0.104,0.522,0.304,-0.218,54.032,278633.0,20,2.007,False,False,False,False,True,True
58859,8906.929,0.242,0.225,0.165,0.135,-0.112,-0.034,2.521,0.36,0.601,0.026,-0.015,589.497,227727.0,20,0.012,False,True,False,False,False,False
58862,-39907.143,1.24,1.781,-0.069,-0.035,0.868,-0.04,16.867,,,,,,2586119.0,7,,False,False,False,False,False,False
58864,123409.05,0.011,0.147,-0.02,-0.013,-0.891,0.011,2.554,0.592,0.332,0.154,0.012,57.329,1277396.0,20,0.277,False,False,False,False,False,False
58892,319239.152,0.197,0.433,0.181,0.143,4.691,-0.11,-3.759,0.825,0.36,0.039,0.038,148.309,2423392.0,20,0.338,False,True,False,False,True,False
58899,17766.769,-0.472,-0.034,-0.018,-0.012,-7.527,0.329,5.133,,,,,,223020.0,12,,False,False,False,False,False,False
58927,1118.211,-2.22,0.754,0.0,0.0,0.186,0.056,0.0,-1.26,-2.138,0.067,0.011,398.346,15726.0,20,,False,False,False,False,False,False
58935,35983.762,0.017,0.035,0.547,0.442,3.746,-0.105,0.245,0.669,0.359,0.039,0.079,233.88,1045680.0,20,-0.142,False,True,False,False,True,False
58952,8969.429,-1.014,-0.623,0.065,0.056,11.274,-0.339,2.196,-2.039,0.631,0.002,-0.027,9768.35,198218.0,20,0.226,False,False,False,False,True,False
58961,7263.332,0.356,0.419,0.169,0.123,-0.797,-0.013,6.741,-0.06,0.087,0.039,-0.018,344.812,375691.0,20,0.191,False,True,False,False,False,False
58999,564.812,-4.363,-3.827,0.0,0.0,-6.066,2.093,0.0,-18.898,4.502,-0.042,-0.453,,6244.0,20,,False,False,False,False,False,False
59025,1141.895,-2.854,-3.368,0.0,0.0,0.664,-1.703,0.0,-6.386,-4.572,0.043,-0.056,608.191,17050.0,20,,False,False,False,False,False,False
59043,-11706.171,0.053,0.824,0.0,0.0,-4.498,0.383,0.0,2.707,0.007,0.134,0.181,107.421,342841.0,20,,False,False,True,False,False,False
59046,634.647,4.003,5.199,0.0,0.0,-0.19,0.165,0.0,0.08,-1.681,0.104,0.059,234.538,30868.0,20,,False,False,True,False,False,False
59047,196.827,2.064,2.762,0.0,0.0,-0.149,0.282,0.0,0.113,-0.873,0.033,-0.029,870.777,8915.0,20,,False,False,False,False,False,False
59052,797627.875,0.607,0.222,0.081,0.055,-1.385,-0.025,4.517,,,,,,9836878.0,17,,False,False,False,False,False,False
59069,883.197,0.286,0.396,0.0,0.0,0.932,-0.218,0.0,0.459,-1.388,0.091,-0.065,319.244,9552.0,20,,False,False,False,False,False,False
59070,328429.515,-0.958,-0.731,-0.038,-0.019,3.201,-0.263,2.902,,,,,,5627193.0,18,,False,False,False,False,True,False
59074,246867.519,-0.774,-0.899,0.029,0.026,1.88,-0.007,-1.965,-0.69,0.629,0.136,-0.015,53.085,1835013.0,20,0.711,False,False,False,False,False,True
59086,14830.189,1.484,1.506,0.308,0.293,0.47,0.049,4.737,2.68,-0.198,0.063,0.061,168.988,743436.0,20,0.218,True,True,False,False,False,False
59093,-64602.217,0.483,0.676,0.218,-0.015,-3.625,0.186,3.251,1.362,-0.651,-0.02,-0.081,,1610821.0,20,0.299,True,True,False,False,False,False
59098,18250.68,0.439,0.562,-0.107,-0.022,-3.657,0.143,3.657,0.358,0.149,0.16,0.109,87.183,392898.0,20,-0.151,False,False,True,False,False,False
59099,85114.355,0.637,0.16,0.064,0.055,1.128,-0.055,-3.778,-0.64,0.46,0.143,-0.102,75.227,805315.0,20,0.412,False,False,False,False,False,False
59101,62889.582,-0.098,-0.01,0.028,0.026,4.525,-0.247,-0.443,,,,,,516516.0,13,,False,False,False,False,True,False
59105,38966.584,-0.253,-0.138,0.11,0.063,0.187,0.05,4.019,,,,,,827314.0,18,,False,False,False,False,False,False
59106,143082.577,-0.423,-0.549,0.004,0.003,3.379,-0.182,3.773,0.665,0.455,0.161,-0.075,62.362,971723.0,20,0.544,False,False,False,False,True,True
59108,,,,,,,,,,,,,,9669559.0,5,,False,False,False,False,False,False
59112,155762.451,-0.208,-0.333,0.156,0.175,-1.903,-0.002,2.493,0.048,-0.135,0.292,0.232,31.168,1356213.0,20,0.509,False,True,True,False,False,True
59113,261235.152,-2.272,-2.758,0.276,0.207,-80.076,2.105,7.187,2.555,1.301,0.632,0.486,15.322,1532263.0,20,1.384,False,True,True,False,False,True
59114,96234.211,-0.44,-0.42,0.004,0.003,-1.369,-0.096,-0.313,-1.644,-3.737,0.144,-0.117,72.068,891744.0,20,0.114,False,False,False,False,False,False
59117,39942.568,0.009,-0.551,0.171,0.077,-2.161,0.11,-7.79,-0.679,0.647,0.146,-0.349,90.368,460017.0,20,0.564,False,True,False,False,False,True
59138,25692.532,-0.607,-0.989,0.278,0.227,-4.497,-0.044,1.901,-0.309,0.241,-0.016,-0.158,,256937.0,20,-0.096,False,True,False,False,False,False
59140,25870.866,0.084,0.216,0.011,0.008,-6.362,0.255,6.409,1.457,0.263,0.131,0.037,107.817,362338.0,20,0.533,False,False,True,False,False,True
59143,24262.253,-0.469,-0.565,0.776,0.583,5.761,-0.23,3.749,-0.645,1.89,0.118,0.106,116.899,381062.0,20,0.068,False,True,True,False,True,False
59144,44699.624,-1.057,-1.17,0.048,0.043,1.889,-0.011,0.163,0.427,1.041,0.056,0.043,221.15,481125.0,20,0.333,False,False,False,False,False,False
59148,44484.677,-0.949,-0.908,0.017,0.014,0.328,-0.033,-0.952,-1.234,0.614,0.157,-0.007,86.107,429561.0,20,1.597,False,False,False,False,False,True
59149,-299.872,2.852,4.768,0.0,0.0,-3.114,0.073,0.0,,,,,,9461.0,18,,False,False,False,False,False,False
59154,36544.126,-0.24,-0.526,0.646,0.385,4.129,-0.058,5.929,0.975,-2.442,-0.029,0.151,,474367.0,20,-0.207,False,True,False,False,False,False
59157,25869.838,-1.172,-1.262,0.0,0.0,-13.631,0.548,2.973,-1.043,-0.688,0.261,0.145,64.133,242589.0,20,0.169,False,False,True,False,False,False
59176,40961.335,-1.185,-1.494,0.016,0.013,-3.38,0.098,0.512,-2.456,0.695,0.232,0.089,66.536,312425.0,20,1.045,False,False,True,False,False,True
59177,312375.997,4.029,3.053,0.349,0.185,-7.26,1.348,18.733,3.07,16.152,0.775,0.396,11.941,1804237.0,20,,True,True,True,False,False,False
59178,39938.165,-0.522,-0.606,0.036,0.028,-7.114,0.308,3.889,2.353,0.367,0.268,0.21,58.289,315715.0,20,0.482,False,False,True,False,False,False
59181,35258.072,-0.973,-1.214,0.025,0.02,-24.639,0.835,8.461,0.95,0.664,0.377,0.192,46.415,245177.0,20,1.266,False,False,True,False,False,True
59182,29976.737,-2.541,-2.542,0.076,0.114,0.674,-0.159,4.096,-0.809,0.469,0.111,0.06,143.142,233656.0,20,-0.183,False,False,True,False,False,False
59183,156065.868,-0.164,-0.187,0.081,0.063,-3.379,0.124,-0.467,0.39,0.346,0.169,-0.06,55.182,1165512.0,20,0.865,False,False,False,False,False,True
59185,62858.568,-3.184,-3.649,0.208,0.09,-4.42,0.205,-3.719,0.486,1.216,0.058,-0.006,198.952,601870.0,20,2.308,False,True,False,False,False,True
59188,44104.021,-1.22,-1.533,0.182,0.136,-2.593,0.181,6.306,2.422,0.38,0.03,0.041,394.545,536890.0,20,0.379,False,True,False,False,False,False
59190,-55469.48,-5.367,-7.138,0.142,0.041,-71.991,7.472,9.944,5.578,-11.897,0.053,0.387,252.634,374270.0,20,,False,False,False,False,False,False
59193,59076.866,-0.904,-1.32,0.0,0.0,-24.565,0.678,3.892,-1.875,-1.83,0.049,-0.133,273.293,382363.0,20,0.864,False,False,False,False,False,True
59194,1349.516,-0.002,-0.897,0.0,0.0,-0.607,3.067,0.0,-1.357,4.891,0.027,-0.047,817.855,41988.0,20,,False,False,False,False,False,False
59195,38967.446,-7.512,-11.34,0.351,0.248,-2621.138,2.844,16.534,0.527,2.846,0.114,-0.098,144.757,202318.0,19,3.605,False,True,False,False,False,True
59199,47212.093,-6.579,-7.319,0.03,0.027,-48.62,0.732,-1.186,-4.006,0.254,0.145,-0.222,106.423,269412.0,20,0.754,False,False,False,False,False,True
59203,23545.157,-15.286,-20.229,0.0,0.0,-232.907,2.629,18.649,-12.327,2.592,0.422,-0.002,50.535,117207.0,17,6.919,False,False,False,False,False,True
59204,22267.824,-19.734,-21.158,0.455,0.334,-518.556,1.823,7.247,-12.785,4.121,0.476,0.288,46.165,111488.0,16,2.498,False,True,True,False,False,True
59205,369564.833,-1.844,-1.946,0.297,0.141,-17.07,0.163,-1.933,1.22,1.421,0.489,-0.013,13.871,2515559.0,20,64.762,False,True,False,False,False,True
59206,60901.955,-3.586,-4.643,0.013,0.011,-236.599,1.417,6.387,-1.837,0.663,0.095,-0.141,147.262,349312.0,20,0.635,False,False,False,False,False,True
59209,51953.45,-3.512,-4.414,0.289,0.459,-16.384,0.952,2.581,0.901,-0.391,0.236,0.094,64.762,322386.0,20,0.462,False,True,True,False,False,False
59219,27454.075,-0.099,-0.613,0.0,0.0,-14.789,0.714,3.332,0.463,0.208,0.205,0.034,74.979,302028.0,20,0.015,False,False,True,False,False,False
59239,28086.771,-18.144,-19.466,0.113,0.086,-2270.134,5.102,-1.421,-23.014,3.675,0.139,-0.448,130.451,143972.0,16,2.386,False,False,False,False,False,True
59245,76741.439,-12.46,-13.277,0.024,0.016,-2649.408,3.92,-10.982,-13.742,3.576,0.679,0.43,24.752,405513.0,19,0.629,False,False,True,False,False,True
59249,40193.26,-7.442,-10.074,0.07,0.056,-91.708,0.681,2.788,-6.296,-0.537,0.188,-0.227,86.197,246117.0,20,0.948,False,False,False,False,False,True
59255,1035.874,-4.157,-4.81,0.0,0.0,1.503,-1.297,0.0,-2.572,0.176,-0.004,0.202,,22132.0,20,,False,False,False,False,False,False
59257,336000.857,-8.444,-10.755,0.0,0.0,-975.968,1.372,3.975,0.14,0.993,0.698,0.014,13.171,1751079.0,20,2.241,False,False,False,False,False,True
59262,9200.511,-5.7,-9.007,0.0,0.0,-801.51,1.133,9.273,1.881,0.485,-0.051,-0.034,,86933.0,20,0.232,False,False,False,False,False,False
59265,82343.726,-10.833,-54.851,0.011,0.01,-3919.868,0.716,14.549,-7.452,-0.249,0.34,-0.189,43.261,421942.0,19,3.346,False,False,False,False,False,True
59273,20465.988,-16.503,-20.186,0.076,0.066,-233.849,1.396,22.053,-15.787,4.628,0.874,0.702,29.158,102807.0,16,41.093,False,False,True,False,False,True
59276,118174.307,-6.53,-2.03,0.0,0.0,-5.48,-2.616,0.0,-74.144,-57.259,15.628,15.072,3.089,1140558.0,20,,False,False,True,False,False,False
59278,81548.824,-10.796,-13.931,0.411,0.318,-476.388,3.364,-2.304,-2.258,0.929,0.181,-0.313,80.205,357989.0,17,2.27,False,True,False,False,False,True
59281,40874.129,-13.495,-15.791,0.204,0.169,-681.309,2.512,16.267,-7.097,4.42,0.475,-0.03,40.694,192219.0,16,3.596,False,True,False,False,False,True
59283,43818.565,-20.005,-21.133,1.174,0.856,-722.637,9.18,27.886,-17.504,7.163,0.577,-0.325,34.846,188612.0,16,,False,True,False,False,False,False
59285,35545.694,-10.571,-12.184,0.014,0.004,-433.457,2.39,1.178,-7.457,1.746,0.202,-0.238,90.337,157564.0,16,1.67,False,False,False,False,False,True
59286,,,,,,,,,,,,,,967069.0,4,,False,False,False,False,False,False
59287,120550.588,-13.665,-82.219,0.0,0.0,-477.087,2.071,-13.701,-5.845,1.408,0.292,-0.382,46.651,502314.0,17,0.824,False,False,False,False,False,True
59289,48234.11,-18.159,-21.37,2.723,2.026,-152.062,3.02,-85.118,-11.979,1.663,0.396,0.01,48.043,181850.0,14,,False,True,False,False,False,False
59290,61174.713,-18.876,-23.004,0.0,0.0,-480.089,4.606,23.441,-20.724,9.23,0.186,-1.296,93.843,182473.0,12,,False,False,False,False,False,False
59292,30215.429,-22.137,-22.942,0.0,0.0,-75.766,9.689,-26.421,-25.617,3.439,0.505,-0.075,43.548,116980.0,13,173.086,False,False,False,False,False,True
59296,70091.789,-6.837,-8.802,0.0,0.0,-101.984,1.633,0.967,5.299,-0.019,0.258,-0.18,60.66,306521.0,14,5.042,False,False,False,False,False,True
59298,74116.729,-11.351,-14.59,0.0,0.0,-67.554,0.886,1.745,-3.238,1.124,0.048,-0.563,302.696,286733.0,15,4.51,False,False,False,False,False,True
59304,119218.586,-13.186,-16.068,0.0,0.0,-264.663,1.567,5.535,-7.354,-0.097,0.89,0.653,18.354,538742.0,15,4.484,False,False,True,False,False,True
59305,27081.846,-27.849,-28.93,0.0,0.0,-54.21,1.619,19.769,-42.778,3.821,0.42,-0.369,53.132,95218.0,12,,False,False,False,False,False,False
59306,86709.644,-13.115,-14.672,0.0,0.0,-203.33,2.133,12.129,-7.359,1.39,0.461,-0.254,36.497,314438.0,14,8.788,False,False,False,False,False,True
59312,1034.414,1.224,0.755,0.0,0.0,1.824,0.177,0.0,6.417,-0.659,-0.043,-0.03,,37054.0,15,,True,False,False,False,False,False
59314,60745.418,-25.09,-26.801,0.067,0.055,-409.047,4.748,1.489,-33.938,12.481,0.293,-1.415,64.636,156656.0,11,,False,False,False,False,False,False
59318,34329.624,-12.4,-18.992,0.0,0.0,-15.249,0.116,18.253,-15.251,0.203,0.048,-0.709,372.596,122620.0,10,,False,False,False,False,False,False
59321,-526.912,2.168,3.139,0.0,0.0,-3.223,0.963,0.0,10.29,-5.845,-0.077,-0.034,,17384.0,16,,True,False,False,False,False,False
59322,-73.6,-8.925,-9.929,0.0,0.0,-2164.927,-6.997,0.0,,,,,,7253.0,6,,False,False,False,False,False,False
59324,136506.727,-28.919,-31.119,0.0,0.0,-1610.257,5.39,8.633,-36.074,7.871,1.011,0.616,17.551,466614.0,11,,False,False,True,False,False,False
59326,36923.867,-35.819,-39.203,0.147,0.114,-37.101,2.128,-71.223,-65.777,3.718,0.08,-1.882,245.462,87339.0,9,,False,False,False,False,False,False
59330,17265.371,-33.524,-35.688,0.0,0.0,-545.787,-0.956,59.695,,,0.328,,74.815,49577.0,6,,False,False,False,False,False,False
59337,3802.35,2.992,2.46,0.0,0.0,-2.358,-1.163,0.0,5.284,-5.457,0.203,-0.051,131.329,23299.0,12,,True,False,False,False,False,False
59339,26440.8,-48.548,-45.437,0.0,0.0,-1690.035,3.979,63.964,,,1.012,,29.528,57456.0,6,,False,False,False,False,False,False
59342,231667.2,-51.398,-74.146,0.0,0.0,-123.366,2.505,-54.575,,,2.8,,10.387,312230.0,6,,False,False,False,False,False,False
59344,34134.255,0.397,-1.977,0.0,0.0,0.334,3.988,0.0,8.292,-36.087,-0.043,-0.139,,238591.0,11,,False,False,False,False,False,False
59345,,,,,,,,,,,,,,37929.0,4,,False,False,False,False,False,False
59346,-2539.564,-5.949,-6.232,0.0,0.0,-311.33,-5.363,0.0,-8.948,-16.627,-0.25,-0.031,,7243.0,11,,False,False,False,False,False,False
59349,3052.764,-2.369,-32.381,0.0,0.0,-1738.015,32.73,0.0,-5.033,66.948,0.496,0.273,63.929,16052.0,11,,False,False,True,False,False,False
59352,54203.571,-38.264,-44.808,0.0,0.0,-459.381,3.387,-107.928,,,0.884,,28.126,116478.0,7,,False,False,False,False,False,False
59354,,,,,,,,,,,5.901,,7.409,279318.0,5,,False,False,False,False,False,False
59357,1003.0,-4.558,-3.28,0.0,0.0,-23.027,7.805,0.0,-6.065,24.621,0.418,0.495,78.42,10613.0,9,,False,False,True,False,False,False
59358,18409.486,-49.857,-62.394,0.0,0.0,55.165,6.934,47.99,,,0.786,,39.16,34121.0,6,,False,False,False,False,False,False
59362,,,,,,,,,,,,,,34143.0,2,,False,False,False,False,False,False
59363,6366.286,1.722,1.154,0.0,0.0,-5.499,18.616,0.0,,,0.515,,60.476,18799.0,7,,False,False,False,False,False,False
59365,,,,,,,,,,,,,,26061.0,1,,False,False,False,False,False,False
59366,952.8,-5.175,-17.324,0.0,0.0,-143.499,-5.142,0.0,,,-0.057,,,26865.0,6,,False,False,False,False,False,False
59369,,,,,,,,,,,,,,70598.0,1,,False,False,False,False,False,False
59378,,,,,,,,,,,,,,1703431.0,1,,False,False,False,False,False,False
59395,,,,,,,,,,,,,,9900.0,1,,False,False,False,False,False,False
90040,3534.932,0.19,0.419,0.605,0.253,1.511,-0.014,1.219,0.566,0.098,0.195,0.174,84.73,230497.0,20,0.25,False,True,True,False,False,False
90140,41067.089,0.445,0.422,0.015,0.009,1.737,-0.033,5.487,1.455,0.377,-0.02,-0.056,,1025162.0,20,-0.203,True,False,False,False,False,False
90141,-38407.401,0.498,0.456,0.593,0.504,6.925,-0.03,1.25,,,,,,1491604.0,18,,False,True,False,False,False,False
90146,35466.975,-0.335,-0.149,-0.064,-0.038,5.913,0.028,2.494,,,,,,677842.0,19,,False,False,False,False,False,False
90169,73808.06,-0.406,-0.157,-0.018,-0.007,2.844,-0.109,5.449,0.832,-0.236,0.02,-0.023,367.832,1627182.0,20,0.298,False,False,False,False,True,False
90173,74213.88,-0.078,-0.182,0.03,0.022,4.372,-0.122,2.003,0.526,0.103,0.028,0.011,256.522,1668521.0,20,-0.172,False,False,False,False,True,False
90175,-28963.621,1.349,1.116,-0.057,-0.026,-1.343,0.007,4.784,1.227,-0.62,0.067,0.098,157.18,792830.0,20,-0.074,True,False,False,False,False,False
90181,24986.809,-0.595,-0.366,0.525,0.433,5.448,-0.194,3.282,-0.42,0.066,-0.028,-0.068,,728890.0,20,-0.071,False,True,False,False,True,False
90183,16145.994,0.42,0.269,-0.222,-0.114,1.08,0.016,2.079,2.621,0.434,0.002,0.037,809.945,6153688.0,20,0.027,True,False,False,False,False,False
90188,92113.212,0.118,0.1,0.358,0.302,2.951,-0.147,2.1,0.313,0.062,-0.011,-0.042,,2009091.0,20,-0.086,False,True,False,False,True,False
90190,22371.215,0.242,0.192,0.021,0.019,5.99,-0.156,2.445,1.304,0.355,0.005,0.032,1724.603,1297467.0,20,-0.201,False,False,False,False,True,False
90191,29904.373,-0.139,-0.265,-0.053,-0.033,4.117,-0.137,4.011,0.639,0.158,0.069,0.062,161.426,680250.0,20,0.56,False,False,False,False,True,True
90196,146084.767,0.103,-0.175,0.086,0.07,-0.141,-0.03,1.545,0.658,-0.288,-0.025,-0.035,,2885657.0,20,-0.054,False,False,False,False,False,False
90203,50025.305,-0.155,-0.349,-0.025,-0.008,-0.593,0.139,2.338,0.531,-1.063,0.077,0.069,121.594,1054606.0,20,-0.023,False,False,False,False,False,False
90206,80765.191,-0.273,-0.157,-0.04,-0.017,2.601,-0.094,4.729,-1.131,0.312,0.153,0.033,53.492,1493176.0,20,1.046,False,False,True,False,False,True
90208,43358.713,-0.245,-0.052,0.124,0.105,4.332,-0.048,3.865,0.482,-0.082,0.03,-0.017,301.287,1112104.0,20,0.514,False,False,False,False,False,True
90211,285532.466,-0.019,-0.1,0.165,0.145,7.064,-0.294,7.742,1.464,-0.359,0.005,0.007,586.394,4547851.0,20,0.13,False,True,False,False,True,False
90213,242403.465,-0.174,-0.045,-0.032,-0.003,0.423,-0.072,3.935,0.459,0.13,0.074,0.046,43.457,4625654.0,20,0.076,False,False,False,False,False,False
90215,124329.047,0.456,0.533,0.065,0.062,-0.138,-0.17,5.925,4.026,0.3,0.034,0.011,150.522,2802372.0,20,0.154,True,False,False,False,False,False
90227,39588.968,0.597,0.546,-0.181,-0.091,-0.291,-0.009,4.158,0.531,0.04,0.084,0.028,82.8,1878566.0,20,0.33,False,False,False,False,False,False
90229,7220.809,0.101,0.003,-0.064,-0.052,4.932,-0.121,2.399,0.301,0.132,0.019,-0.01,762.248,298712.0,20,-0.024,False,False,False,False,True,False
90234,-7474.68,0.864,0.692,0.041,0.035,-2.215,0.066,5.496,0.881,0.077,-0.025,-0.076,,263046.0,20,-0.549,True,False,False,False,False,False
90235,78911.979,-0.028,0.133,0.096,0.073,2.867,-0.027,3.996,2.429,0.372,-0.01,0.013,,1612083.0,20,-0.079,False,False,False,False,False,False
90245,45554.767,0.187,0.264,-0.013,-0.008,1.211,-0.046,1.953,-0.037,0.268,0.098,-0.003,107.551,813958.0,20,0.242,False,False,False,False,False,False
90250,239565.42,0.131,0.12,-0.005,-0.003,7.661,-0.049,9.895,0.79,-1.39,0.015,-0.032,163.041,5406916.0,20,0.675,False,False,False,False,False,True
90251,73064.583,-0.356,-0.305,0.516,0.447,4.511,-0.151,1.541,0.118,-0.097,-0.022,-0.03,,1576539.0,20,0.149,False,True,False,False,True,False
90253,40550.773,0.364,0.197,-0.045,-0.028,0.823,-0.088,3.185,1.398,0.26,0.071,0.087,130.736,1068191.0,20,0.344,False,False,False,False,False,False
90258,21495.645,-0.404,-0.283,0.029,0.024,-0.941,-0.004,1.059,1.169,0.355,0.026,-0.013,488.681,439941.0,20,0.596,False,False,False,False,False,True
90259,102938.132,0.132,0.263,0.126,0.096,0.644,-0.001,1.557,2.646,0.173,0.06,-0.013,115.792,1834444.0,20,0.28,False,False,False,False,False,False
90268,-19588.484,1.004,0.943,-0.443,-0.173,-0.185,0.059,9.333,0.679,0.205,-0.007,-0.079,,469291.0,20,0.27,False,False,False,False,False,False
90270,54249.943,-2.167,-1.715,-0.364,-0.248,27.418,-1.54,3.067,,,,,,831747.0,6,,False,False,False,False,True,False
90282,123219.365,0.172,0.196,-0.079,-0.072,4.347,-0.049,0.987,1.88,0.629,0.405,0.338,16.821,2396023.0,20,0.548,False,False,True,False,False,True
90290,85967.531,0.192,0.327,0.055,0.033,-1.43,0.083,4.318,0.987,0.263,0.067,0.015,76.255,2916156.0,20,-0.059,False,False,False,False,False,False
90291,38510.457,-0.461,-0.428,0.228,0.29,4.329,-0.113,1.766,0.219,0.03,0.037,0.016,269.931,864036.0,20,0.093,False,True,False,False,True,False
90297,71152.403,-0.086,-0.003,0.147,0.105,-0.067,-0.017,4.973,1.297,0.35,0.008,-0.033,998.578,1312790.0,20,0.187,False,False,False,False,False,False
90300,52875.188,0.106,0.099,-0.005,-0.002,3.47,-0.114,1.749,-0.273,0.248,0.02,-0.04,261.745,2761354.0,20,0.08,False,False,False,False,True,False
90303,96684.659,0.219,0.418,-0.027,-0.016,3.578,-0.1,0.588,0.075,0.233,0.117,0.077,49.456,2556320.0,20,0.316,False,False,True,False,False,False
90308,96515.811,-0.47,-0.686,-0.031,-0.019,1.238,-0.048,6.021,-0.122,0.324,0.133,0.006,72.122,1046911.0,20,1.064,False,False,False,False,False,True
90311,19681.847,-0.036,-0.111,-0.058,-0.047,1.401,-0.056,-0.442,0.456,0.226,0.07,0.051,167.967,585390.0,20,0.196,False,False,False,False,False,False
90384,14389.871,0.052,0.039,0.07,0.028,-1.328,0.069,-0.775,1.156,0.634,0.046,0.01,282.018,418517.0,20,-0.066,False,False,False,False,False,False
90544,169722.042,0.711,0.705,0.0,0.0,-1.089,0.163,0.0,-9.041,0.458,0.9,0.784,1.42,7962269.0,20,,False,False,True,True,False,False
91005,-1069.895,1.135,1.153,0.15,0.359,0.424,-0.01,2.743,2.326,1.258,0.043,0.048,309.549,388729.0,20,-0.098,True,True,False,False,False,False
91280,420.49,-0.205,-0.155,-0.017,-0.017,-2.346,-0.207,3.883,1.281,0.832,-0.134,-0.142,,265300.0,20,0.27,False,False,False,False,False,False
91325,20398.773,-0.632,-0.918,0.0,0.0,1.533,-0.209,0.0,-3.44,0.102,0.056,-0.039,237.53,398477.0,20,,False,False,False,False,False,False
